{"type":"FeatureCollection","crs":{"type":"name","properties":{"name":"urn:ogc:def:crs:OGC:1.3:CRS84"}},"features":[{"type":"Feature","geometry":{"type":"Point","coordinates":[121.523185205424,25.088648211718]},"properties":{"name":"7-11OPEN門市","address":"111台北市士林區基河路128號","number":"A000204","phone":"(02)27478711#3961","type":"連鎖型綠色商店","city":"台北市"}},{"type":"Feature","geometry":{"type":"Point","coordinates":[121.468518852009,25.128137662601]},"properties":{"name":"7-11一德門市","address":"112台北市北投區中央北路4段513號","number":"A000208","phone":"(02)27478711#3961","type":"連鎖型綠色商店","city":"台北市"}},{"type":"Feature","geometry":{"type":"Point","coordinates":[121.51857323084,25.065181816493]},"properties":{"name":"7-11三德門市","address":"103台北市大同區承德路3段53號","number":"A000808","phone":"(02)27478711#3961","type":"連鎖型綠色商店","city":"台北市"}},{"type":"Feature","geometry":{"type":"Point","coordinates":[121.522926456073,25.084206347859]},"properties":{"name":"7-11三樂門市","address":"111台北市士林區劍潭路15號","number":"A000291","phone":"(02)27478711#3961","type":"連鎖型綠色商店","city":"台北市"}},{"type":"Feature","geometry":{"type":"Point","coordinates":[121.560965879616,25.028783276225]},"properties":{"name":"7-11三興門市","address":"110台北市信義區吳興街156巷16弄1號","number":"A000357","phone":"(02)27478711#3961","type":"連鎖型綠色商店","city":"台北市"}},{"type":"Feature","geometry":{"type":"Point","coordinates":[121.548241899138,25.056303537011]},"properties":{"name":"7-11上弘門市","address":"105台北市松山區敦化北路168號B2","number":"A000746","phone":"(02)27478711#3961","type":"連鎖型綠色商店","city":"台北市"}},{"type":"Feature","geometry":{"type":"Point","coordinates":[121.523013376409,25.04410019845]},"properties":{"name":"7-11千成門市","address":"100台北市中正區林森南路4號之3","number":"A000432","phone":"(02)27478711#3961","type":"連鎖型綠色商店","city":"台北市"}},{"type":"Feature","geometry":{"type":"Point","coordinates":[121.51707647439,25.045229282717]},"properties":{"name":"7-11千翔門市","address":"100台北市中正區公園路18號","number":"A000787","phone":"(02)27478711#3961","type":"連鎖型綠色商店","city":"台北市"}},{"type":"Feature","geometry":{"type":"Point","coordinates":[121.52783682641,25.111873920593]},"properties":{"name":"7-11士東門市","address":"111台北市士林區士東路48號","number":"A000529","phone":"(02)27478711#3961","type":"連鎖型綠色商店","city":"台北市"}},{"type":"Feature","geometry":{"type":"Point","coordinates":[121.518001249767,25.09172726194]},"properties":{"name":"7-11士陽門市","address":"111台北市士林區中正路503號","number":"A000597","phone":"(02)27478711#3961","type":"連鎖型綠色商店","city":"台北市"}},{"type":"Feature","geometry":{"type":"Point","coordinates":[121.526315762441,25.087899540126]},"properties":{"name":"7-11士鑽門市","address":"111台北市士林區文林路102號B1","number":"A000512","phone":"(02)27478711#3961","type":"連鎖型綠色商店","city":"台北市"}},{"type":"Feature","geometry":{"type":"Point","coordinates":[121.501042731805,25.130515901898]},"properties":{"name":"7-11大中門市","address":"112台北市北投區中央南路一段114號","number":"A000805","phone":"(02)27478711#3961","type":"連鎖型綠色商店","city":"台北市"}},{"type":"Feature","geometry":{"type":"Point","coordinates":[121.53299974349,25.017448051375]},"properties":{"name":"7-11大台門市","address":"106台北市大安區新生南路3段94巷3號","number":"A000589","phone":"(02)27478711#3961","type":"連鎖型綠色商店","city":"台北市"}},{"type":"Feature","geometry":{"type":"Point","coordinates":[121.511606109101,25.043031841071]},"properties":{"name":"7-11大永博門市","address":"100台北市中正區博愛路97號1樓","number":"A000836","phone":"(02)27478711#3961","type":"連鎖型綠色商店","city":"台北市"}},{"type":"Feature","geometry":{"type":"Point","coordinates":[121.530283923042,25.056187782928]},"properties":{"name":"7-11大吉門市","address":"104台北市中山區吉林路101號","number":"A000880","phone":"(02)27478711#3961","type":"連鎖型綠色商店","city":"台北市"}},{"type":"Feature","geometry":{"type":"Point","coordinates":[121.547329696616,25.041864870601]},"properties":{"name":"7-11大安門市","address":"106台北市大安區忠孝東路四段77號(捷運地下街5號店鋪)","number":"A000401","phone":"(02)27478711#3961","type":"連鎖型綠色商店","city":"台北市"}},{"type":"Feature","geometry":{"type":"Point","coordinates":[121.56189006826,25.051251219144]},"properties":{"name":"7-11大昇門市","address":"105台北市松山區南京東路5段104號","number":"A000198","phone":"(02)27478711#3961","type":"連鎖型綠色商店","city":"台北市"}},{"type":"Feature","geometry":{"type":"Point","coordinates":[121.534623653411,25.033765018468]},"properties":{"name":"7-11大信門市","address":"106台北市大安區信義路三段33號","number":"A000344","phone":"(02)27478711#3961","type":"連鎖型綠色商店","city":"台北市"}},{"type":"Feature","geometry":{"type":"Point","coordinates":[121.504859850511,25.033038642739]},"properties":{"name":"7-11大埔門市","address":"108台北市萬華區中華路2段34號","number":"A000209","phone":"(02)27478711#3961","type":"連鎖型綠色商店","city":"台北市"}},{"type":"Feature","geometry":{"type":"Point","coordinates":[121.574644810322,25.072641500771]},"properties":{"name":"7-11大眾門市","address":"114台北市內湖區陽光街298號","number":"A000313","phone":"(02)27478711#3961","type":"連鎖型綠色商店","city":"台北市"}},{"type":"Feature","geometry":{"type":"Point","coordinates":[121.550384229771,25.030864963788]},"properties":{"name":"7-11大敦門市","address":"106台北市大安區敦化南路2段63巷24號","number":"A000462","phone":"(02)27478711#3961","type":"連鎖型綠色商店","city":"台北市"}},{"type":"Feature","geometry":{"type":"Point","coordinates":[121.497845957753,25.020014715856]},"properties":{"name":"7-11大華門市","address":"108台北市萬華區萬大路495.497號","number":"A000230","phone":"(02)27478711#3961","type":"連鎖型綠色商店","city":"台北市"}},{"type":"Feature","geometry":{"type":"Point","coordinates":[121.528550881635,25.110203152406]},"properties":{"name":"7-11大葉門市","address":"111台北市士林區德行東路109巷81號","number":"A000280","phone":"(02)27478711#3961","type":"連鎖型綠色商店","city":"台北市"}},{"type":"Feature","geometry":{"type":"Point","coordinates":[121.546523860445,25.080818256867]},"properties":{"name":"7-11大運門市","address":"105台北市中山區大直街11號","number":"A000613","phone":"(02)27478711#3961","type":"連鎖型綠色商店","city":"台北市"}},{"type":"Feature","geometry":{"type":"Point","coordinates":[121.5786291,25.0734541]},"properties":{"name":"7-11大潤發門市","address":"114台北市內湖區舊宗路128號","number":"A000800","phone":"(02)27478711#3961","type":"連鎖型綠色商店","city":"台北市"}},{"type":"Feature","geometry":{"type":"Point","coordinates":[121.515856991297,25.065803963256]},"properties":{"name":"7-11大龍門市","address":"103台北市大同區昌吉街72.74.76號","number":"A000570","phone":"(02)27478711#3961","type":"連鎖型綠色商店","city":"台北市"}},{"type":"Feature","geometry":{"type":"Point","coordinates":[121.549953902862,25.051355573838]},"properties":{"name":"7-11小巨蛋門市","address":"105台北市松山區南京東路4段2號1樓第10櫃位","number":"A000429","phone":"(02)27478711#3961","type":"連鎖型綠色商店","city":"台北市"}},{"type":"Feature","geometry":{"type":"Point","coordinates":[121.533700638234,25.01698105364]},"properties":{"name":"7-11小福樓門市","address":"106台北市大安區羅斯福路4段1號2樓(台灣大學小福樓)","number":"A000470","phone":"(02)27478711#3961","type":"連鎖型綠色商店","city":"台北市"}},{"type":"Feature","geometry":{"type":"Point","coordinates":[121.582965441785,25.043453408891]},"properties":{"name":"7-11中坡門市","address":"115台北市南港區中坡南路15號","number":"A000308","phone":"(02)27478711#3961","type":"連鎖型綠色商店","city":"台北市"}},{"type":"Feature","geometry":{"type":"Point","coordinates":[121.522593694517,25.042659014018]},"properties":{"name":"7-11中航門市","address":"100台北市中正區林森南路12號","number":"A000262","phone":"(02)27478711#3961","type":"連鎖型綠色商店","city":"台北市"}},{"type":"Feature","geometry":{"type":"Point","coordinates":[121.552756811284,25.048312733438]},"properties":{"name":"7-11中崙門市","address":"105台北市松山區八德路3段27號","number":"A000582","phone":"(02)27478711#3961","type":"連鎖型綠色商店","city":"台北市"}},{"type":"Feature","geometry":{"type":"Point","coordinates":[121.486689979903,25.138414336899]},"properties":{"name":"7-11中陽門市","address":"112台北市北投區中央北路3段2號","number":"A000258","phone":"(02)27478711#3961","type":"連鎖型綠色商店","city":"台北市"}},{"type":"Feature","geometry":{"type":"Point","coordinates":[121.520572536888,25.033122057842]},"properties":{"name":"7-11中愛門市","address":"100台北市中正區愛國東路102號","number":"A000535","phone":"(02)27478711#3961","type":"連鎖型綠色商店","city":"台北市"}},{"type":"Feature","geometry":{"type":"Point","coordinates":[121.505512130216,25.034024145004]},"properties":{"name":"7-11中寧門市","address":"108台北市萬華區中華路2段6(02)1-2號一樓","number":"A000615","phone":"(02)27478711#3961","type":"連鎖型綠色商店","city":"台北市"}},{"type":"Feature","geometry":{"type":"Point","coordinates":[121.531556212125,25.058106316746]},"properties":{"name":"7-11中福門市","address":"104台北市中山區民生東路2段113號.","number":"A000214","phone":"(02)27478711#3961","type":"連鎖型綠色商店","city":"台北市"}},{"type":"Feature","geometry":{"type":"Point","coordinates":[121.53436666426,25.038583732694]},"properties":{"name":"7-11中廣門市","address":"106台北市大安區仁愛路三段25-1.27號","number":"A000755","phone":"(02)27478711#3961","type":"連鎖型綠色商店","city":"台北市"}},{"type":"Feature","geometry":{"type":"Point","coordinates":[121.544781765689,25.097113053825]},"properties":{"name":"7-11中影門市","address":"111台北市士林區至善路二段34號","number":"A000446","phone":"(02)27478711#3961","type":"連鎖型綠色商店","city":"台北市"}},{"type":"Feature","geometry":{"type":"Point","coordinates":[121.510509337071,25.044977406526]},"properties":{"name":"7-11中樂門市","address":"100台北市中正區延平南路47號","number":"A000195","phone":"(02)27478711#3961","type":"連鎖型綠色商店","city":"台北市"}},{"type":"Feature","geometry":{"type":"Point","coordinates":[121.558728246744,25.031936296742]},"properties":{"name":"7-11中興門市","address":"110台北市信義區基隆路2段22號","number":"A000847","phone":"(02)27478711#3961","type":"連鎖型綠色商店","city":"台北市"}},{"type":"Feature","geometry":{"type":"Point","coordinates":[121.508887354987,25.050692439569]},"properties":{"name":"7-11中興醫門市","address":"103台北市大同區鄭州路145號B1","number":"A000645","phone":"(02)27478711#3961","type":"連鎖型綠色商店","city":"台北市"}},{"type":"Feature","geometry":{"type":"Point","coordinates":[121.522706934029,25.059882651577]},"properties":{"name":"7-11中錦門市","address":"104台北市中山區中山北路二段98號","number":"A000483","phone":"(02)27478711#3961","type":"連鎖型綠色商店","city":"台北市"}},{"type":"Feature","geometry":{"type":"Point","coordinates":[121.525527612085,25.039080360457]},"properties":{"name":"7-11丹陽門市","address":"100台北市中正區杭州南路一段83號","number":"A000890","phone":"(02)27478711#3961","type":"連鎖型綠色商店","city":"台北市"}},{"type":"Feature","geometry":{"type":"Point","coordinates":[121.524101850355,25.097267113206]},"properties":{"name":"7-11丹樺門市","address":"111台北市士林區文林路530號","number":"A000320","phone":"(02)27478711#3961","type":"連鎖型綠色商店","city":"台北市"}},{"type":"Feature","geometry":{"type":"Point","coordinates":[121.545277806719,25.038765913359]},"properties":{"name":"7-11仁安門市","address":"106台北市大安區仁愛路四段27巷1號","number":"A000789","phone":"(02)27478711#3961","type":"連鎖型綠色商店","city":"台北市"}},{"type":"Feature","geometry":{"type":"Point","coordinates":[121.558480058591,25.036588085367]},"properties":{"name":"7-11仁和門市","address":"110台北市信義區正和里光復南路419巷41號","number":"A000525","phone":"(02)27478711#3961","type":"連鎖型綠色商店","city":"台北市"}},{"type":"Feature","geometry":{"type":"Point","coordinates":[121.528626736965,25.038442455716]},"properties":{"name":"7-11仁金門市","address":"100台北市中正區仁愛路二段39.39-1號","number":"A000855","phone":"(02)27478711#3961","type":"連鎖型綠色商店","city":"台北市"}},{"type":"Feature","geometry":{"type":"Point","coordinates":[121.543851485272,25.052170695346]},"properties":{"name":"7-11元大門市","address":"104台北市中山區復興北路148號","number":"A000788","phone":"(02)27478711#3961","type":"連鎖型綠色商店","city":"台北市"}},{"type":"Feature","geometry":{"type":"Point","coordinates":[121.505474244014,25.045905367027]},"properties":{"name":"7-11六福門市","address":"108台北市萬華區漢口街二段56號","number":"A000279","phone":"(02)27478711#3961","type":"連鎖型綠色商店","city":"台北市"}},{"type":"Feature","geometry":{"type":"Point","coordinates":[121.503135776847,25.13306861051]},"properties":{"name":"7-11公館門市","address":"112台北市北投區公館路31號","number":"A000436","phone":"(02)27478711#3961","type":"連鎖型綠色商店","city":"台北市"}},{"type":"Feature","geometry":{"type":"Point","coordinates":[121.508465409981,25.091192035513]},"properties":{"name":"7-11友成門市","address":"111台北市士林區社中街214號","number":"A000619","phone":"(02)27478711#3961","type":"連鎖型綠色商店","city":"台北市"}},{"type":"Feature","geometry":{"type":"Point","coordinates":[121.526235966723,25.11943163123]},"properties":{"name":"7-11天北門市","address":"111台北市士林區天母北路12號","number":"A000865","phone":"(02)27478711#3961","type":"連鎖型綠色商店","city":"台北市"}},{"type":"Feature","geometry":{"type":"Point","coordinates":[121.533157239451,25.115675826145]},"properties":{"name":"7-11天成門市","address":"111台北市士林區忠誠路二段168號1樓","number":"A000840","phone":"(02)27478711#3961","type":"連鎖型綠色商店","city":"台北市"}},{"type":"Feature","geometry":{"type":"Point","coordinates":[121.531067295713,25.118563685156]},"properties":{"name":"7-11天東門市","address":"111台北市士林區中山北路7段14巷2-1號","number":"A000196","phone":"(02)27478711#3961","type":"連鎖型綠色商店","city":"台北市"}},{"type":"Feature","geometry":{"type":"Point","coordinates":[121.523547722736,25.051710295981]},"properties":{"name":"7-11天津門市","address":"104台北市中山區天津街65號","number":"A000687","phone":"(02)27478711#3961","type":"連鎖型綠色商店","city":"台北市"}},{"type":"Feature","geometry":{"type":"Point","coordinates":[121.530090034544,25.114246839558]},"properties":{"name":"7-11天美門市","address":"111台北市士林區天母東路8巷98號","number":"A000797","phone":"(02)27478711#3961","type":"連鎖型綠色商店","city":"台北市"}},{"type":"Feature","geometry":{"type":"Point","coordinates":[121.532056947021,25.122473214344]},"properties":{"name":"7-11天真門市","address":"111台北市士林區中山北路7段126號","number":"A000637","phone":"(02)27478711#3961","type":"連鎖型綠色商店","city":"台北市"}},{"type":"Feature","geometry":{"type":"Point","coordinates":[121.528934399293,25.119065314944]},"properties":{"name":"7-11天麥門市","address":"111台北市士林區天母西路5巷6號","number":"A000518","phone":"(02)27478711#3961","type":"連鎖型綠色商店","city":"台北市"}},{"type":"Feature","geometry":{"type":"Point","coordinates":[121.523798090184,25.113715634269]},"properties":{"name":"7-11天富門市","address":"112台北市北投區富貴一路3號1樓","number":"A000828","phone":"(02)27478711#3961","type":"連鎖型綠色商店","city":"台北市"}},{"type":"Feature","geometry":{"type":"Point","coordinates":[121.531822756646,25.118185451775]},"properties":{"name":"7-11天越門市","address":"111台北市士林區天母東路50巷25號","number":"A000793","phone":"(02)27478711#3961","type":"連鎖型綠色商店","city":"台北市"}},{"type":"Feature","geometry":{"type":"Point","coordinates":[121.532642003862,25.123965905571]},"properties":{"name":"7-11天裕門市","address":"111台北市士林區中山北路七段156號1樓","number":"A000815","phone":"(02)27478711#3961","type":"連鎖型綠色商店","city":"台北市"}},{"type":"Feature","geometry":{"type":"Point","coordinates":[121.531934830047,25.116787997747]},"properties":{"name":"7-11天福門市","address":"111台北市士林區天母東路8巷31弄2號","number":"A000750","phone":"(02)27478711#3961","type":"連鎖型綠色商店","city":"台北市"}},{"type":"Feature","geometry":{"type":"Point","coordinates":[121.536878050089,25.118385695442]},"properties":{"name":"7-11天樂門市","address":"111台北市士林區天利里天母東路109號一樓","number":"A000677","phone":"(02)27478711#3961","type":"連鎖型綠色商店","city":"台北市"}},{"type":"Feature","geometry":{"type":"Point","coordinates":[121.526926803182,25.119758735001]},"properties":{"name":"7-11天鑫門市","address":"111台北市士林區天玉街8號","number":"A000627","phone":"(02)27478711#3961","type":"連鎖型綠色商店","city":"台北市"}},{"type":"Feature","geometry":{"type":"Point","coordinates":[121.54174399634,25.137750783534]},"properties":{"name":"7-11太學門市","address":"111台北市士林區華岡路47巷1號","number":"A000704","phone":"(02)27478711#3961","type":"連鎖型綠色商店","city":"台北市"}},{"type":"Feature","geometry":{"type":"Point","coordinates":[121.556316773201,24.980485618571]},"properties":{"name":"7-11文一門市","address":"116台北市文山區木新路三段327號","number":"A000711","phone":"(02)27478711#3961","type":"連鎖型綠色商店","city":"台北市"}},{"type":"Feature","geometry":{"type":"Point","coordinates":[121.546263434713,25.137890174583]},"properties":{"name":"7-11文大門市","address":"111台北市士林區格致路57號","number":"A000420","phone":"(02)27478711#3961","type":"連鎖型綠色商店","city":"台北市"}},{"type":"Feature","geometry":{"type":"Point","coordinates":[121.570547484593,24.986440583592]},"properties":{"name":"7-11文山門市","address":"116台北市文山區木新路二段42號","number":"A000316","phone":"(02)27478711#3961","type":"連鎖型綠色商店","city":"台北市"}},{"type":"Feature","geometry":{"type":"Point","coordinates":[121.562603032944,24.984552601811]},"properties":{"name":"7-11文忠門市","address":"116台北市文山區忠順街二段16號","number":"A000688","phone":"(02)27478711#3961","type":"連鎖型綠色商店","city":"台北市"}},{"type":"Feature","geometry":{"type":"Point","coordinates":[121.526767211746,25.089460753412]},"properties":{"name":"7-11文林門市","address":"111台北市士林區文林路169號","number":"A000240","phone":"(02)27478711#3961","type":"連鎖型綠色商店","city":"台北市"}},{"type":"Feature","geometry":{"type":"Point","coordinates":[121.558121313135,24.981213503043]},"properties":{"name":"7-11文新門市","address":"116台北市文山區樟新里木新路三段276號","number":"A000622","phone":"(02)27478711#3961","type":"連鎖型綠色商店","city":"台北市"}},{"type":"Feature","geometry":{"type":"Point","coordinates":[121.564079924284,24.982579837079]},"properties":{"name":"7-11文儀門市","address":"116台北市文山區木新路三段54.56號","number":"A000601","phone":"(02)27478711#3961","type":"連鎖型綠色商店","city":"台北市"}},{"type":"Feature","geometry":{"type":"Point","coordinates":[121.580304355165,25.070148722767]},"properties":{"name":"7-11日內瓦門市","address":"114台北市內湖區瑞光路76巷59號1樓","number":"A000864","phone":"(02)27478711#3961","type":"連鎖型綠色商店","city":"台北市"}},{"type":"Feature","geometry":{"type":"Point","coordinates":[121.562917521951,24.989107327996]},"properties":{"name":"7-11木柵門市","address":"116台北市文山區木柵路2段157號","number":"A000257","phone":"(02)27478711#3961","type":"連鎖型綠色商店","city":"台北市"}},{"type":"Feature","geometry":{"type":"Point","coordinates":[121.566977967307,24.988535807928]},"properties":{"name":"7-11木盛門市","address":"116台北市文山區木柵路三段88號","number":"A000263","phone":"(02)27478711#3961","type":"連鎖型綠色商店","city":"台北市"}},{"type":"Feature","geometry":{"type":"Point","coordinates":[121.566656772777,24.983141676049]},"properties":{"name":"7-11木新門市","address":"116台北市文山區木新路2段255號","number":"A000235","phone":"(02)27478711#3961","type":"連鎖型綠色商店","city":"台北市"}},{"type":"Feature","geometry":{"type":"Point","coordinates":[121.544098808218,24.988624195097]},"properties":{"name":"7-11世新大門市","address":"116台北市文山區木柵路1段17巷1號","number":"A000636","phone":"(02)27478711#3961","type":"連鎖型綠色商店","city":"台北市"}},{"type":"Feature","geometry":{"type":"Point","coordinates":[121.504856581569,25.042785748394]},"properties":{"name":"7-11世運門市","address":"108台北市萬華區昆明街81.83號","number":"A000769","phone":"(02)27478711#3961","type":"連鎖型綠色商店","city":"台北市"}},{"type":"Feature","geometry":{"type":"Point","coordinates":[121.553110024684,25.043542843798]},"properties":{"name":"7-11仕吉門市","address":"106台北市大安區忠孝東路4段223巷42號","number":"A000819","phone":"(02)27478711#3961","type":"連鎖型綠色商店","city":"台北市"}},{"type":"Feature","geometry":{"type":"Point","coordinates":[121.548521100333,24.998562114778]},"properties":{"name":"7-11仙岩門市","address":"116台北市文山區仙岩路18號","number":"A000632","phone":"(02)27478711#3961","type":"連鎖型綠色商店","city":"台北市"}},{"type":"Feature","geometry":{"type":"Point","coordinates":[121.519717276804,25.097098636952]},"properties":{"name":"7-11冬樂門市","address":"111台北市士林區美崙街112號一樓","number":"A000625","phone":"(02)27478711#3961","type":"連鎖型綠色商店","city":"台北市"}},{"type":"Feature","geometry":{"type":"Point","coordinates":[121.50184655632,25.13909373206]},"properties":{"name":"7-11北投門市","address":"112台北市北投區中和街222號","number":"A000427","phone":"(02)27478711#3961","type":"連鎖型綠色商店","city":"台北市"}},{"type":"Feature","geometry":{"type":"Point","coordinates":[121.568210190892,25.02843911528]},"properties":{"name":"7-11北府門市","address":"110台北市信義區松仁路160號","number":"A000550","phone":"(02)27478711#3961","type":"連鎖型綠色商店","city":"台北市"}},{"type":"Feature","geometry":{"type":"Point","coordinates":[121.5355145659,25.042213893049]},"properties":{"name":"7-11北科大門市","address":"106台北市大安區忠孝東路3段1號(台北科技大學大川堂)","number":"A000477","phone":"(02)27478711#3961","type":"連鎖型綠色商店","city":"台北市"}},{"type":"Feature","geometry":{"type":"Point","coordinates":[121.517057698926,25.04717593782]},"properties":{"name":"7-11北高鐵門市","address":"100台北市中正區北平西路3號B1","number":"A000888","phone":"(02)27478711#3961","type":"連鎖型綠色商店","city":"台北市"}},{"type":"Feature","geometry":{"type":"Point","coordinates":[121.519165831394,25.11918226961]},"properties":{"name":"7-11北榮門市","address":"112台北市北投區石牌路二段201號(榮民總醫院生活廣場)","number":"A000741","phone":"(02)27478711#3961","type":"連鎖型綠色商店","city":"台北市"}},{"type":"Feature","geometry":{"type":"Point","coordinates":[121.551357871644,25.002843381373]},"properties":{"name":"7-11北福興門市","address":"116台北市文山區興旺里福興路20號","number":"A000448","phone":"(02)27478711#3961","type":"連鎖型綠色商店","city":"台北市"}},{"type":"Feature","geometry":{"type":"Point","coordinates":[121.562710824219,25.026619613649]},"properties":{"name":"7-11北醫大門市","address":"110台北市信義區吳興街250號1樓","number":"A000846","phone":"(02)27478711#3961","type":"連鎖型綠色商店","city":"台北市"}},{"type":"Feature","geometry":{"type":"Point","coordinates":[121.563637778891,25.026638011926]},"properties":{"name":"7-11北醫門市","address":"110台北市信義區吳興街252號","number":"A000823","phone":"(02)27478711#3961","type":"連鎖型綠色商店","city":"台北市"}},{"type":"Feature","geometry":{"type":"Point","coordinates":[121.552830236756,25.050879817014]},"properties":{"name":"7-11北體門市","address":"105台北市松山區北寧路66號","number":"A000747","phone":"(02)27478711#3961","type":"連鎖型綠色商店","city":"台北市"}},{"type":"Feature","geometry":{"type":"Point","coordinates":[121.519261888005,25.057605456122]},"properties":{"name":"7-11仟發門市","address":"103台北市大同區民生西路95.97號","number":"A000438","phone":"(02)27478711#3961","type":"連鎖型綠色商店","city":"台北市"}},{"type":"Feature","geometry":{"type":"Point","coordinates":[121.523808148468,25.022284535236]},"properties":{"name":"7-11古亭門市","address":"106台北市中正區汀州路2段216號","number":"A000233","phone":"(02)27478711#3961","type":"連鎖型綠色商店","city":"台北市"}},{"type":"Feature","geometry":{"type":"Point","coordinates":[121.522119697892,25.04018903479]},"properties":{"name":"7-11台大門市","address":"100台北市中正區林森南路53.55號","number":"A000774","phone":"(02)27478711#3961","type":"連鎖型綠色商店","city":"台北市"}},{"type":"Feature","geometry":{"type":"Point","coordinates":[121.517171525172,25.04140013598]},"properties":{"name":"7-11台大醫門市","address":"100台北市中正區常德街1號","number":"A000583","phone":"(02)27478711#3961","type":"連鎖型綠色商店","city":"台北市"}},{"type":"Feature","geometry":{"type":"Point","coordinates":[121.517057698926,25.04717593782]},"properties":{"name":"7-11台北1門市","address":"100台北市中正區北平西路3號(東南站)","number":"A000604","phone":"(02)27478711#3961","type":"連鎖型綠色商店","city":"台北市"}},{"type":"Feature","geometry":{"type":"Point","coordinates":[121.517057698926,25.04717593782]},"properties":{"name":"7-11台北2門市","address":"100台北市中正區北平西路3號(西南站)","number":"A000874","phone":"(02)27478711#3961","type":"連鎖型綠色商店","city":"台北市"}},{"type":"Feature","geometry":{"type":"Point","coordinates":[121.517057698926,25.04717593782]},"properties":{"name":"7-11台北3門市","address":"100台北市中正區北平西路3號(西北站)","number":"A000663","phone":"(02)27478711#3961","type":"連鎖型綠色商店","city":"台北市"}},{"type":"Feature","geometry":{"type":"Point","coordinates":[121.517057698926,25.04717593782]},"properties":{"name":"7-11台北4門市","address":"100台北市中正區北平西路3號(東北站)","number":"A000576","phone":"(02)27478711#3961","type":"連鎖型綠色商店","city":"台北市"}},{"type":"Feature","geometry":{"type":"Point","coordinates":[121.517057698926,25.04717593782]},"properties":{"name":"7-11台北五門市","address":"100台北市中正區北平西路3號","number":"A000772","phone":"(02)27478711#3961","type":"連鎖型綠色商店","city":"台北市"}},{"type":"Feature","geometry":{"type":"Point","coordinates":[121.517057698926,25.04717593782]},"properties":{"name":"7-11台北六門市","address":"100台北市中正區北平西路3號","number":"A000639","phone":"(02)27478711#3961","type":"連鎖型綠色商店","city":"台北市"}},{"type":"Feature","geometry":{"type":"Point","coordinates":[121.565271659336,25.034478203122]},"properties":{"name":"7-11台金門市","address":"110台北市信義區松智路8號","number":"A000358","phone":"(02)27478711#3961","type":"連鎖型綠色商店","city":"台北市"}},{"type":"Feature","geometry":{"type":"Point","coordinates":[121.540623838799,25.013742998714]},"properties":{"name":"7-11台科三門市","address":"106台北市大安區基隆路四段43號第三餐廳","number":"A000681","phone":"(02)27478711#3961","type":"連鎖型綠色商店","city":"台北市"}},{"type":"Feature","geometry":{"type":"Point","coordinates":[121.582976086802,25.039964693151]},"properties":{"name":"7-11市大門市","address":"105台北市松山區市民大道路四段105號","number":"A000499","phone":"(02)27478711#3961","type":"連鎖型綠色商店","city":"台北市"}},{"type":"Feature","geometry":{"type":"Point","coordinates":[121.547407983591,25.058544187368]},"properties":{"name":"7-11民北門市","address":"105台北市松山區民生東路3段127巷6號","number":"A000402","phone":"(02)27478711#3961","type":"連鎖型綠色商店","city":"台北市"}},{"type":"Feature","geometry":{"type":"Point","coordinates":[121.545044286896,25.061884082417]},"properties":{"name":"7-11民有門市","address":"105台北市松山區民權東路3段108號","number":"A000612","phone":"(02)27478711#3961","type":"連鎖型綠色商店","city":"台北市"}},{"type":"Feature","geometry":{"type":"Point","coordinates":[121.585839512565,25.068773126727]},"properties":{"name":"7-11民東門市","address":"114台北市內湖區民權東路6段88號","number":"A000379","phone":"(02)27478711#3961","type":"連鎖型綠色商店","city":"台北市"}},{"type":"Feature","geometry":{"type":"Point","coordinates":[121.523064003104,25.068279893635]},"properties":{"name":"7-11民美門市","address":"104台北市中山區圓山里中山北路3段57號","number":"A000643","phone":"(02)27478711#3961","type":"連鎖型綠色商店","city":"台北市"}},{"type":"Feature","geometry":{"type":"Point","coordinates":[121.555081699768,25.058120188796]},"properties":{"name":"7-11民復門市","address":"105台北市松山區民生東路四段130號","number":"A000667","phone":"(02)27478711#3961","type":"連鎖型綠色商店","city":"台北市"}},{"type":"Feature","geometry":{"type":"Point","coordinates":[121.568876384557,25.043478051686]},"properties":{"name":"7-11永信門市","address":"110台北市信義區永吉路30巷103號","number":"A000752","phone":"(02)27478711#3961","type":"連鎖型綠色商店","city":"台北市"}},{"type":"Feature","geometry":{"type":"Point","coordinates":[121.529586129603,25.030408862527]},"properties":{"name":"7-11永康門市","address":"106台北市大安區永康街43號","number":"A000202","phone":"(02)27478711#3961","type":"連鎖型綠色商店","city":"台北市"}},{"type":"Feature","geometry":{"type":"Point","coordinates":[121.509561427641,25.028010967666]},"properties":{"name":"7-11汀州門市","address":"100台北市中正區汀州路一段129號","number":"A000250","phone":"(02)27478711#3961","type":"連鎖型綠色商店","city":"台北市"}},{"type":"Feature","geometry":{"type":"Point","coordinates":[121.592161563035,25.054043566368]},"properties":{"name":"7-11玉成門市","address":"115台北市南港區南港路3段3號","number":"A000498","phone":"(02)27478711#3961","type":"連鎖型綠色商店","city":"台北市"}},{"type":"Feature","geometry":{"type":"Point","coordinates":[121.583807739235,25.045038175324]},"properties":{"name":"7-11玉德門市","address":"115台北市南港區玉成街154號","number":"A000190","phone":"(02)27478711#3961","type":"連鎖型綠色商店","city":"台北市"}},{"type":"Feature","geometry":{"type":"Point","coordinates":[121.515503191164,25.11535601463]},"properties":{"name":"7-11石捷門市","address":"112台北市北投區石牌路二段8號","number":"A000467","phone":"(02)27478711#3961","type":"連鎖型綠色商店","city":"台北市"}},{"type":"Feature","geometry":{"type":"Point","coordinates":[121.538535655261,25.025734149397]},"properties":{"name":"7-11禾光門市","address":"106台北市大安區和平東路2段63號1樓","number":"A000743","phone":"(02)27478711#3961","type":"連鎖型綠色商店","city":"台北市"}},{"type":"Feature","geometry":{"type":"Point","coordinates":[121.551634222992,25.030228442061]},"properties":{"name":"7-11立仁門市","address":"106台北市大安區安和路二段74巷1號","number":"A000287","phone":"(02)27478711#3961","type":"連鎖型綠色商店","city":"台北市"}},{"type":"Feature","geometry":{"type":"Point","coordinates":[121.502831513762,25.11872520443]},"properties":{"name":"7-11立農門市","address":"112台北市北投區承德路7段378號","number":"A000353","phone":"(02)27478711#3961","type":"連鎖型綠色商店","city":"台北市"}},{"type":"Feature","geometry":{"type":"Point","coordinates":[121.534683751657,25.051343503898]},"properties":{"name":"7-11伊東門市","address":"104台北市中山區伊通街50號","number":"A000618","phone":"(02)27478711#3961","type":"連鎖型綠色商店","city":"台北市"}},{"type":"Feature","geometry":{"type":"Point","coordinates":[121.501838342055,25.133295969634]},"properties":{"name":"7-11光中門市","address":"112台北市北投區光明路122號","number":"A000442","phone":"(02)27478711#3961","type":"連鎖型綠色商店","city":"台北市"}},{"type":"Feature","geometry":{"type":"Point","coordinates":[121.502605118557,25.13491774217]},"properties":{"name":"7-11光明門市","address":"112台北市北投區光明路162.164號","number":"A000189","phone":"(02)27478711#3961","type":"連鎖型綠色商店","city":"台北市"}},{"type":"Feature","geometry":{"type":"Point","coordinates":[121.579516707724,25.041217117124]},"properties":{"name":"7-11光東門市","address":"110台北市信義區忠孝東路五段524巷1弄1號","number":"A000192","phone":"(02)27478711#3961","type":"連鎖型綠色商店","city":"台北市"}},{"type":"Feature","geometry":{"type":"Point","coordinates":[121.557668606545,25.033721851666]},"properties":{"name":"7-11光復門市","address":"110台北市信義區光復南路471號","number":"A000729","phone":"(02)27478711#3961","type":"連鎖型綠色商店","city":"台北市"}},{"type":"Feature","geometry":{"type":"Point","coordinates":[121.553479415157,25.046289886835]},"properties":{"name":"7-11吉仁門市","address":"105台北市松山區延吉街28號","number":"A000330","phone":"(02)27478711#3961","type":"連鎖型綠色商店","city":"台北市"}},{"type":"Feature","geometry":{"type":"Point","coordinates":[121.53048408289,25.064959193144]},"properties":{"name":"7-11吉安門市","address":"104台北市中山區吉林路365.367號","number":"A000417","phone":"(02)27478711#3961","type":"連鎖型綠色商店","city":"台北市"}},{"type":"Feature","geometry":{"type":"Point","coordinates":[121.554110656285,25.04253332738]},"properties":{"name":"7-11吉忠門市","address":"106台北市大安區延吉街72號","number":"A000504","phone":"(02)27478711#3961","type":"連鎖型綠色商店","city":"台北市"}},{"type":"Feature","geometry":{"type":"Point","coordinates":[121.530368244988,25.060305309044]},"properties":{"name":"7-11吉林門市","address":"104台北市中山區吉林路211號","number":"A000780","phone":"(02)27478711#3961","type":"連鎖型綠色商店","city":"台北市"}},{"type":"Feature","geometry":{"type":"Point","coordinates":[121.560953809675,25.050953074848]},"properties":{"name":"7-11吉盛門市","address":"105台北市松山區南京東路5段66巷3弄1號1樓","number":"A000839","phone":"(02)27478711#3961","type":"連鎖型綠色商店","city":"台北市"}},{"type":"Feature","geometry":{"type":"Point","coordinates":[121.522752105013,25.025533334897]},"properties":{"name":"7-11同昌門市","address":"106台北市中正區南昌路2段173號","number":"A000502","phone":"(02)27478711#3961","type":"連鎖型綠色商店","city":"台北市"}},{"type":"Feature","geometry":{"type":"Point","coordinates":[121.539038066538,25.055852716349]},"properties":{"name":"7-11合江門市","address":"104台北市中山區合江街60號","number":"A000400","phone":"(02)27478711#3961","type":"連鎖型綠色商店","city":"台北市"}},{"type":"Feature","geometry":{"type":"Point","coordinates":[121.54534603541,25.028456214363]},"properties":{"name":"7-11合旺門市","address":"106台北市大安區復興南路2段151巷41號","number":"A000563","phone":"(02)27478711#3961","type":"連鎖型綠色商店","city":"台北市"}},{"type":"Feature","geometry":{"type":"Point","coordinates":[121.512927180861,25.117477013319]},"properties":{"name":"7-11安遠門市","address":"112台北市北投區致遠二路149號","number":"A000567","phone":"(02)27478711#3961","type":"連鎖型綠色商店","city":"台北市"}},{"type":"Feature","geometry":{"type":"Point","coordinates":[121.590353335063,25.066158978765]},"properties":{"name":"7-11成功門市","address":"114台北市內湖區成功路二段252號","number":"A000179","phone":"(02)27478711#3961","type":"連鎖型綠色商店","city":"台北市"}},{"type":"Feature","geometry":{"type":"Point","coordinates":[121.58464961759,25.056874596075]},"properties":{"name":"7-11成美門市","address":"114台北市內湖區新明路317號","number":"A000339","phone":"(02)27478711#3961","type":"連鎖型綠色商店","city":"台北市"}},{"type":"Feature","geometry":{"type":"Point","coordinates":[121.504464057043,25.043021112235]},"properties":{"name":"7-11成都門市","address":"108台北市萬華區成都路94號","number":"A000283","phone":"(02)27478711#3961","type":"連鎖型綠色商店","city":"台北市"}},{"type":"Feature","geometry":{"type":"Point","coordinates":[121.599664456025,25.08509700889]},"properties":{"name":"7-11成湖門市","address":"114台北市內湖區成功路四段346號","number":"A000614","phone":"(02)27478711#3961","type":"連鎖型綠色商店","city":"台北市"}},{"type":"Feature","geometry":{"type":"Point","coordinates":[121.531563252924,25.048581918258]},"properties":{"name":"7-11江東門市","address":"104台北市中山區長安東路2段35-1號","number":"A000303","phone":"(02)27478711#3961","type":"連鎖型綠色商店","city":"台北市"}},{"type":"Feature","geometry":{"type":"Point","coordinates":[121.531414977057,25.052680040269]},"properties":{"name":"7-11江陵門市","address":"104台北市中山區一江街22號","number":"A000479","phone":"(02)27478711#3961","type":"連鎖型綠色商店","city":"台北市"}},{"type":"Feature","geometry":{"type":"Point","coordinates":[121.510127709019,25.113145329577]},"properties":{"name":"7-11百齡門市","address":"111台北市北投區石牌路一段35號","number":"A000296","phone":"(02)27478711#3961","type":"連鎖型綠色商店","city":"台北市"}},{"type":"Feature","geometry":{"type":"Point","coordinates":[121.550962748728,25.100394317461]},"properties":{"name":"7-11至善天下門市","address":"111台北市士林區至善路二段264號","number":"A000588","phone":"(02)27478711#3961","type":"連鎖型綠色商店","city":"台北市"}},{"type":"Feature","geometry":{"type":"Point","coordinates":[121.529354453799,25.10177003923]},"properties":{"name":"7-11至誠門市","address":"112台北市士林區至誠路二段31號","number":"A000449","phone":"(02)27478711#3961","type":"連鎖型綠色商店","city":"台北市"}},{"type":"Feature","geometry":{"type":"Point","coordinates":[121.534818281203,25.064565117967]},"properties":{"name":"7-11行天門市","address":"104台北市中山區農安街178號","number":"A000383","phone":"(02)27478711#3961","type":"連鎖型綠色商店","city":"台北市"}},{"type":"Feature","geometry":{"type":"Point","coordinates":[121.526910709928,25.125356840494]},"properties":{"name":"7-11行義門市","address":"112台北市北投區行義路33號","number":"A000444","phone":"(02)27478711#3961","type":"連鎖型綠色商店","city":"台北市"}},{"type":"Feature","geometry":{"type":"Point","coordinates":[121.580050132042,25.063839831885]},"properties":{"name":"7-11行龍門市","address":"114台北市內湖區行愛路128號","number":"A000340","phone":"(02)27478711#3961","type":"連鎖型綠色商店","city":"台北市"}},{"type":"Feature","geometry":{"type":"Point","coordinates":[121.499485122738,25.130107284118]},"properties":{"name":"7-11西安門市","address":"112台北市北投區大興街48號","number":"A000454","phone":"(02)27478711#3961","type":"連鎖型綠色商店","city":"台北市"}},{"type":"Feature","geometry":{"type":"Point","coordinates":[121.567023313403,25.084599417208]},"properties":{"name":"7-11西武門市","address":"114台北市內湖區內湖路一段285巷65弄2號","number":"A000458","phone":"(02)27478711#3961","type":"連鎖型綠色商店","city":"台北市"}},{"type":"Feature","geometry":{"type":"Point","coordinates":[121.567906430721,25.082319707182]},"properties":{"name":"7-11西湖門市","address":"114台北市內湖區內湖路一段321號","number":"A000655","phone":"(02)27478711#3961","type":"連鎖型綠色商店","city":"台北市"}},{"type":"Feature","geometry":{"type":"Point","coordinates":[121.616870491587,25.038366096578]},"properties":{"name":"7-11庄研門市","address":"115台北市南港區研究院路二段152號","number":"A000606","phone":"(02)27478711#3961","type":"連鎖型綠色商店","city":"台北市"}},{"type":"Feature","geometry":{"type":"Point","coordinates":[121.539599989326,25.04240256969]},"properties":{"name":"7-11佑安門市","address":"106台北市大安區忠孝東路三段217巷1弄2號","number":"A000676","phone":"(02)27478711#3961","type":"連鎖型綠色商店","city":"台北市"}},{"type":"Feature","geometry":{"type":"Point","coordinates":[121.61371227429,25.067570784626]},"properties":{"name":"7-11克里斯門市","address":"114台北市內湖區五分街41號1F","number":"A000300","phone":"(02)27478711#3961","type":"連鎖型綠色商店","city":"台北市"}},{"type":"Feature","geometry":{"type":"Point","coordinates":[121.501468783944,25.023519021936]},"properties":{"name":"7-11克難門市","address":"108台北市萬華區萬青街168號","number":"A000539","phone":"(02)27478711#3961","type":"連鎖型綠色商店","city":"台北市"}},{"type":"Feature","geometry":{"type":"Point","coordinates":[121.563507859392,25.024637880281]},"properties":{"name":"7-11吳興門市","address":"110台北市信義區吳興街284巷18弄2號","number":"A000234","phone":"(02)27478711#3961","type":"連鎖型綠色商店","city":"台北市"}},{"type":"Feature","geometry":{"type":"Point","coordinates":[121.498702672077,25.034617835206]},"properties":{"name":"7-11宏旭門市","address":"108台北市萬華區西園路一段246號","number":"A000337","phone":"(02)27478711#3961","type":"連鎖型綠色商店","city":"台北市"}},{"type":"Feature","geometry":{"type":"Point","coordinates":[121.568896165848,25.036904544121]},"properties":{"name":"7-11宏泰門市","address":"110台北市信義區松仁路91-1號1樓","number":"A000775","phone":"(02)27478711#3961","type":"連鎖型綠色商店","city":"台北市"}},{"type":"Feature","geometry":{"type":"Point","coordinates":[121.550778849773,25.024612944119]},"properties":{"name":"7-11技安門市","address":"106台北市大安區和平東路3段97號","number":"A000501","phone":"(02)27478711#3961","type":"連鎖型綠色商店","city":"台北市"}},{"type":"Feature","geometry":{"type":"Point","coordinates":[121.495171208631,25.145283893284]},"properties":{"name":"7-11秀山門市","address":"112台北市北投區中和街476.478號","number":"A000895","phone":"(02)27478711#3961","type":"連鎖型綠色商店","city":"台北市"}},{"type":"Feature","geometry":{"type":"Point","coordinates":[121.55514992846,25.04840778422]},"properties":{"name":"7-11育商門市","address":"105台北市松山區八德路三段155巷2號","number":"A000569","phone":"(02)27478711#3961","type":"連鎖型綠色商店","city":"台北市"}},{"type":"Feature","geometry":{"type":"Point","coordinates":[121.577066593607,25.074871841387]},"properties":{"name":"7-11見晴門市","address":"114台北市內湖區瑞光路196號","number":"A000266","phone":"(02)27478711#3961","type":"連鎖型綠色商店","city":"台北市"}},{"type":"Feature","geometry":{"type":"Point","coordinates":[121.53708055687,25.023068159364]},"properties":{"name":"7-11辛亥門市","address":"106台北市大安區辛亥路2段57號","number":"A000268","phone":"(02)27478711#3961","type":"連鎖型綠色商店","city":"台北市"}},{"type":"Feature","geometry":{"type":"Point","coordinates":[121.55413705928,25.051432729257]},"properties":{"name":"7-11京育門市","address":"105台北市松山區南京東路四段70號","number":"A000325","phone":"(02)27478711#3961","type":"連鎖型綠色商店","city":"台北市"}},{"type":"Feature","geometry":{"type":"Point","coordinates":[121.525685275684,25.05969799825]},"properties":{"name":"7-11京都門市","address":"104台北市中山區林森北路411號","number":"A000481","phone":"(02)27478711#3961","type":"連鎖型綠色商店","city":"台北市"}},{"type":"Feature","geometry":{"type":"Point","coordinates":[121.535932319954,25.058115830206]},"properties":{"name":"7-11佳佳門市","address":"104台北市中山區民生東路二段157號","number":"A000813","phone":"(02)27478711#3961","type":"連鎖型綠色商店","city":"台北市"}},{"type":"Feature","geometry":{"type":"Point","coordinates":[121.607696163285,25.054425613514]},"properties":{"name":"7-11佳樂門市","address":"115台北市南港區南港路一段305號","number":"A000298","phone":"(02)27478711#3961","type":"連鎖型綠色商店","city":"台北市"}},{"type":"Feature","geometry":{"type":"Point","coordinates":[121.554645086431,25.022137265197]},"properties":{"name":"7-11和安門市","address":"106台北市大安區和平東路三段230號","number":"A000319","phone":"(02)27478711#3961","type":"連鎖型綠色商店","city":"台北市"}},{"type":"Feature","geometry":{"type":"Point","coordinates":[121.525709247927,25.027012641089]},"properties":{"name":"7-11和金門市","address":"106台北市大安區和平東路1段91號","number":"A000289","phone":"(02)27478711#3961","type":"連鎖型綠色商店","city":"台北市"}},{"type":"Feature","geometry":{"type":"Point","coordinates":[121.531789312852,25.02653118457]},"properties":{"name":"7-11和泰門市","address":"106台北市大安區和平東路一段169號","number":"A000430","phone":"(02)27478711#3961","type":"連鎖型綠色商店","city":"台北市"}},{"type":"Feature","geometry":{"type":"Point","coordinates":[121.503444649979,25.137561729708]},"properties":{"name":"7-11和業門市","address":"112台北市北投區中和街10號","number":"A000666","phone":"(02)27478711#3961","type":"連鎖型綠色商店","city":"台北市"}},{"type":"Feature","geometry":{"type":"Point","coordinates":[121.501473058714,25.126223026368]},"properties":{"name":"7-11奇岩門市","address":"112台北市北投區崇仁路一段76號","number":"A000231","phone":"(02)27478711#3961","type":"連鎖型綠色商店","city":"台北市"}},{"type":"Feature","geometry":{"type":"Point","coordinates":[121.52855624516,25.095668851908]},"properties":{"name":"7-11官邸門市","address":"111台北市士林區中正路115號","number":"A000200","phone":"(02)27478711#3961","type":"連鎖型綠色商店","city":"台北市"}},{"type":"Feature","geometry":{"type":"Point","coordinates":[121.555692069957,25.036603969073]},"properties":{"name":"7-11延吉門市","address":"106台北市大安區延吉街237號","number":"A000760","phone":"(02)27478711#3961","type":"連鎖型綠色商店","city":"台北市"}},{"type":"Feature","geometry":{"type":"Point","coordinates":[121.511137979809,25.065824834195]},"properties":{"name":"7-11延年門市","address":"103台北市大同區延平北路3段61-5號","number":"A000187","phone":"(02)27478711#3961","type":"連鎖型綠色商店","city":"台北市"}},{"type":"Feature","geometry":{"type":"Point","coordinates":[121.51159579936,25.058262387783]},"properties":{"name":"7-11延埕門市","address":"103台北市大同區延平北路2段159.161號.","number":"A000527","phone":"(02)27478711#3961","type":"連鎖型綠色商店","city":"台北市"}},{"type":"Feature","geometry":{"type":"Point","coordinates":[121.511786571477,25.051819554089]},"properties":{"name":"7-11延華門市","address":"103台北市大同區延平北路一段78.80號","number":"A000781","phone":"(02)27478711#3961","type":"連鎖型綠色商店","city":"台北市"}},{"type":"Feature","geometry":{"type":"Point","coordinates":[121.556446441243,25.056222567827]},"properties":{"name":"7-11延壽門市","address":"105台北市松山區延壽街422號","number":"A000443","phone":"(02)27478711#3961","type":"連鎖型綠色商店","city":"台北市"}},{"type":"Feature","geometry":{"type":"Point","coordinates":[121.510775881592,25.068849276318]},"properties":{"name":"7-11延龍門市","address":"103台北市大同區延平北路4段6.8號","number":"A000423","phone":"(02)27478711#3961","type":"連鎖型綠色商店","city":"台北市"}},{"type":"Feature","geometry":{"type":"Point","coordinates":[121.565859318509,25.058521723868]},"properties":{"name":"7-11征東門市","address":"105台北市松山區新東街15巷1號","number":"A000566","phone":"(02)27478711#3961","type":"連鎖型綠色商店","city":"台北市"}},{"type":"Feature","geometry":{"type":"Point","coordinates":[121.566091581046,25.059219517307]},"properties":{"name":"7-11征唐門市","address":"105台北市松山區民生東路五段197號","number":"A000447","phone":"(02)27478711#3961","type":"連鎖型綠色商店","city":"台北市"}},{"type":"Feature","geometry":{"type":"Point","coordinates":[121.559150024112,24.984169297379]},"properties":{"name":"7-11忠順門市","address":"116台北市文山區忠順街一段101號","number":"A000494","phone":"(02)27478711#3961","type":"連鎖型綠色商店","city":"台北市"}},{"type":"Feature","geometry":{"type":"Point","coordinates":[121.530580977691,25.042734618784]},"properties":{"name":"7-11忠聯門市","address":"100台北市中正區忠孝東路二段102號","number":"A000224","phone":"(02)27478711#3961","type":"連鎖型綠色商店","city":"台北市"}},{"type":"Feature","geometry":{"type":"Point","coordinates":[121.506059831468,25.115142419445]},"properties":{"name":"7-11承啟門市","address":"112台北市北投區福興里承德路七段76號","number":"A000349","phone":"(02)27478711#3961","type":"連鎖型綠色商店","city":"台北市"}},{"type":"Feature","geometry":{"type":"Point","coordinates":[121.522891335899,25.081098128614]},"properties":{"name":"7-11承富門市","address":"111台北市士林區承德路四段39號","number":"A000568","phone":"(02)27478711#3961","type":"連鎖型綠色商店","city":"台北市"}},{"type":"Feature","geometry":{"type":"Point","coordinates":[121.516689314282,25.050437587803]},"properties":{"name":"7-11承華門市","address":"103台北市大同區承德路一段22號","number":"A000651","phone":"(02)27478711#3961","type":"連鎖型綠色商店","city":"台北市"}},{"type":"Feature","geometry":{"type":"Point","coordinates":[121.520331837945,25.052504816583]},"properties":{"name":"7-11承運門市","address":"104台北市中山區南京西路16號捷運中山站B1區","number":"A000404","phone":"(02)27478711#3961","type":"連鎖型綠色商店","city":"台北市"}},{"type":"Feature","geometry":{"type":"Point","coordinates":[121.518125469572,25.065949724552]},"properties":{"name":"7-11昌吉門市","address":"103台北市大同區承德路3段74號.","number":"A000628","phone":"(02)27478711#3961","type":"連鎖型綠色商店","city":"台北市"}},{"type":"Feature","geometry":{"type":"Point","coordinates":[121.556748692671,25.028024923535]},"properties":{"name":"7-11昌隆門市","address":"110台北市信義區基隆路二段131-4號","number":"A000238","phone":"(02)27478711#3961","type":"連鎖型綠色商店","city":"台北市"}},{"type":"Feature","geometry":{"type":"Point","coordinates":[121.593985297528,25.050262196479]},"properties":{"name":"7-11昆陽門市","address":"115台北市南港區忠孝東路6段448號","number":"A000274","phone":"(02)27478711#3961","type":"連鎖型綠色商店","city":"台北市"}},{"type":"Feature","geometry":{"type":"Point","coordinates":[121.505898452134,25.044393229785]},"properties":{"name":"7-11昆寧門市","address":"108台北市萬華區西寧南路50巷3號.5號","number":"A000773","phone":"(02)27478711#3961","type":"連鎖型綠色商店","city":"台北市"}},{"type":"Feature","geometry":{"type":"Point","coordinates":[121.505716481016,25.046433343108]},"properties":{"name":"7-11昆福門市","address":"108台北市萬華區昆明街46號","number":"A000288","phone":"(02)27478711#3961","type":"連鎖型綠色商店","city":"台北市"}},{"type":"Feature","geometry":{"type":"Point","coordinates":[121.614115360013,25.068903046227]},"properties":{"name":"7-11明湖門市","address":"114台北市內湖區東湖路45號","number":"A000318","phone":"(02)27478711#3961","type":"連鎖型綠色商店","city":"台北市"}},{"type":"Feature","geometry":{"type":"Point","coordinates":[121.519407984577,25.109498363505]},"properties":{"name":"7-11明華門市","address":"112台北市北投區明德路99號","number":"A000648","phone":"(02)27478711#3961","type":"連鎖型綠色商店","city":"台北市"}},{"type":"Feature","geometry":{"type":"Point","coordinates":[121.520199739151,25.109856564137]},"properties":{"name":"7-11明德門市","address":"112台北市北投區明德路114號","number":"A000514","phone":"(02)27478711#3961","type":"連鎖型綠色商店","city":"台北市"}},{"type":"Feature","geometry":{"type":"Point","coordinates":[121.526012253727,25.05191204839]},"properties":{"name":"7-11東王門市","address":"104台北市中山區南京東路一段92號","number":"A000857","phone":"(02)27478711#3961","type":"連鎖型綠色商店","city":"台北市"}},{"type":"Feature","geometry":{"type":"Point","coordinates":[121.55791830344,25.051742105303]},"properties":{"name":"7-11東光門市","address":"105台北市松山區南京東路5段17號","number":"A000776","phone":"(02)27478711#3961","type":"連鎖型綠色商店","city":"台北市"}},{"type":"Feature","geometry":{"type":"Point","coordinates":[121.560381577146,25.058793884264]},"properties":{"name":"7-11東吉門市","address":"105台北市松山區民生東路5段117號","number":"A000232","phone":"(02)27478711#3961","type":"連鎖型綠色商店","city":"台北市"}},{"type":"Feature","geometry":{"type":"Point","coordinates":[121.53233572912,25.11883949168]},"properties":{"name":"7-11東洋門市","address":"111台北市士林區中山北路7段14巷19號Ｂ1","number":"A000506","phone":"(02)27478711#3961","type":"連鎖型綠色商店","city":"台北市"}},{"type":"Feature","geometry":{"type":"Point","coordinates":[121.541697476777,25.046904154609]},"properties":{"name":"7-11東崙門市","address":"104台北市中山區八德路二段282號","number":"A000256","phone":"(02)27478711#3961","type":"連鎖型綠色商店","city":"台北市"}},{"type":"Feature","geometry":{"type":"Point","coordinates":[121.509908103156,25.038900778181]},"properties":{"name":"7-11東祥門市","address":"100台北市中正區貴陽街一段56號B1","number":"A000253","phone":"(02)27478711#3961","type":"連鎖型綠色商店","city":"台北市"}},{"type":"Feature","geometry":{"type":"Point","coordinates":[121.517958921156,25.116440381443]},"properties":{"name":"7-11東華門市","address":"112台北市北投區裕民一路40巷1號","number":"A000212","phone":"(02)27478711#3961","type":"連鎖型綠色商店","city":"台北市"}},{"type":"Feature","geometry":{"type":"Point","coordinates":[121.555021098608,25.051812890476]},"properties":{"name":"7-11東勢門市","address":"105台北市松山區南京東路4段131號","number":"A000394","phone":"(02)27478711#3961","type":"連鎖型綠色商店","city":"台北市"}},{"type":"Feature","geometry":{"type":"Point","coordinates":[121.562411003542,25.04102093868]},"properties":{"name":"7-11東暉門市","address":"110台北市信義區忠孝東路4段514號","number":"A000495","phone":"(02)27478711#3961","type":"連鎖型綠色商店","city":"台北市"}},{"type":"Feature","geometry":{"type":"Point","coordinates":[121.558138412218,25.058625030824]},"properties":{"name":"7-11東榮門市","address":"105台北市松山區民生東路5段65號","number":"A000272","phone":"(02)27478711#3961","type":"連鎖型綠色商店","city":"台北市"}},{"type":"Feature","geometry":{"type":"Point","coordinates":[121.550369309983,25.058356642285]},"properties":{"name":"7-11東鑫門市","address":"105台北市松山區民生東路4段55巷10號","number":"A000795","phone":"(02)27478711#3961","type":"連鎖型綠色商店","city":"台北市"}},{"type":"Feature","geometry":{"type":"Point","coordinates":[121.525295601005,25.057360327364]},"properties":{"name":"7-11林北門市","address":"104台北市中山區林森北路362號","number":"A000616","phone":"(02)27478711#3961","type":"連鎖型綠色商店","city":"台北市"}},{"type":"Feature","geometry":{"type":"Point","coordinates":[121.525551919604,25.065004036326]},"properties":{"name":"7-11林安門市","address":"104台北市中山區林森北路572號","number":"A000811","phone":"(02)27478711#3961","type":"連鎖型綠色商店","city":"台北市"}},{"type":"Feature","geometry":{"type":"Point","coordinates":[121.58708908669,25.046254221837]},"properties":{"name":"7-11林坊門市","address":"115台北市南港區東新街80巷1號","number":"A000812","phone":"(02)27478711#3961","type":"連鎖型綠色商店","city":"台北市"}},{"type":"Feature","geometry":{"type":"Point","coordinates":[121.525475141371,25.06179288731]},"properties":{"name":"7-11林森門市","address":"104台北市中山區林森北路500號","number":"A000228","phone":"(02)27478711#3961","type":"連鎖型綠色商店","city":"台北市"}},{"type":"Feature","geometry":{"type":"Point","coordinates":[121.574120689916,25.040744503513]},"properties":{"name":"7-11松山門市","address":"110台北市信義區忠孝東路5段386號","number":"A000630","phone":"(02)27478711#3961","type":"連鎖型綠色商店","city":"台北市"}},{"type":"Feature","geometry":{"type":"Point","coordinates":[121.568511352673,25.02683678876]},"properties":{"name":"7-11松仁門市","address":"110台北市信義區松仁路213號","number":"A000360","phone":"(02)27478711#3961","type":"連鎖型綠色商店","city":"台北市"}},{"type":"Feature","geometry":{"type":"Point","coordinates":[121.563978167979,25.052387386119]},"properties":{"name":"7-11松民門市","address":"105台北市松山區三民路10號","number":"A000871","phone":"(02)27478711#3961","type":"連鎖型綠色商店","city":"台北市"}},{"type":"Feature","geometry":{"type":"Point","coordinates":[121.571616093429,25.050692146202]},"properties":{"name":"7-11松禾門市","address":"105台北市松山區塔悠路31.33號","number":"A000900","phone":"(02)27478711#3961","type":"連鎖型綠色商店","city":"台北市"}},{"type":"Feature","geometry":{"type":"Point","coordinates":[121.571824886637,25.043549130225]},"properties":{"name":"7-11松信門市","address":"110台北市信義區文藝里永吉路180巷67弄5號","number":"A000492","phone":"(02)27478711#3961","type":"連鎖型綠色商店","city":"台北市"}},{"type":"Feature","geometry":{"type":"Point","coordinates":[121.578422534083,25.035946450679]},"properties":{"name":"7-11松家門市","address":"110台北市信義區松山路604號","number":"A000276","phone":"(02)27478711#3961","type":"連鎖型綠色商店","city":"台北市"}},{"type":"Feature","geometry":{"type":"Point","coordinates":[121.566438172742,25.044013445752]},"properties":{"name":"7-11松高門市","address":"110台北市信義區基隆路一段135-2號","number":"A000686","phone":"(02)27478711#3961","type":"連鎖型綠色商店","city":"台北市"}},{"type":"Feature","geometry":{"type":"Point","coordinates":[121.564857932536,25.041338151806]},"properties":{"name":"7-11松捷門市","address":"110台北市信義區忠孝東路五段1之6號","number":"A000596","phone":"(02)27478711#3961","type":"連鎖型綠色商店","city":"台北市"}},{"type":"Feature","geometry":{"type":"Point","coordinates":[121.533682365685,25.05267991454]},"properties":{"name":"7-11松盛門市","address":"104台北市中山區南京東路二段115巷1號","number":"A000374","phone":"(02)27478711#3961","type":"連鎖型綠色商店","city":"台北市"}},{"type":"Feature","geometry":{"type":"Point","coordinates":[121.564742010815,25.029090766343]},"properties":{"name":"7-11松智門市","address":"110台北市信義區莊敬路325巷43號","number":"A000493","phone":"(02)27478711#3961","type":"連鎖型綠色商店","city":"台北市"}},{"type":"Feature","geometry":{"type":"Point","coordinates":[121.575888684753,25.048288174462]},"properties":{"name":"7-11松隆門市","address":"110台北市信義區松隆路286號","number":"A000593","phone":"(02)27478711#3961","type":"連鎖型綠色商店","city":"台北市"}},{"type":"Feature","geometry":{"type":"Point","coordinates":[121.574764168623,25.032878757935]},"properties":{"name":"7-11松義門市","address":"110台北市信義區松德路271號","number":"A000807","phone":"(02)27478711#3961","type":"連鎖型綠色商店","city":"台北市"}},{"type":"Feature","geometry":{"type":"Point","coordinates":[121.53322312121,25.051155078714]},"properties":{"name":"7-11松運門市","address":"104台北市中山區松江路101號","number":"A000733","phone":"(02)27478711#3961","type":"連鎖型綠色商店","city":"台北市"}},{"type":"Feature","geometry":{"type":"Point","coordinates":[121.572589064749,25.047351035777]},"properties":{"name":"7-11松錢門市","address":"110台北市信義區松隆路159巷1號","number":"A000277","phone":"(02)27478711#3961","type":"連鎖型綠色商店","city":"台北市"}},{"type":"Feature","geometry":{"type":"Point","coordinates":[121.533404254137,25.061421485181]},"properties":{"name":"7-11松錦門市","address":"104台北市中山區松江路305號.","number":"A000586","phone":"(02)27478711#3961","type":"連鎖型綠色商店","city":"台北市"}},{"type":"Feature","geometry":{"type":"Point","coordinates":[121.577972844978,25.051204448124]},"properties":{"name":"7-11松饒門市","address":"105台北市松山區慈祐里八德路4段767.769號.","number":"A000248","phone":"(02)27478711#3961","type":"連鎖型綠色商店","city":"台北市"}},{"type":"Feature","geometry":{"type":"Point","coordinates":[121.53290796165,25.057644096696]},"properties":{"name":"7-11松鑫門市","address":"104台北市中山區松江路208號","number":"A000881","phone":"(02)27478711#3961","type":"連鎖型綠色商店","city":"台北市"}},{"type":"Feature","geometry":{"type":"Point","coordinates":[121.576666860644,25.049875874561]},"properties":{"name":"7-11松鑽門市","address":"105台北市松山區八德路四段686號","number":"A000814","phone":"(02)27478711#3961","type":"連鎖型綠色商店","city":"台北市"}},{"type":"Feature","geometry":{"type":"Point","coordinates":[121.551146563865,25.0386004965]},"properties":{"name":"7-11欣安和門市","address":"106台北市大安區安和路一段47號","number":"A000862","phone":"(02)27478711#3961","type":"連鎖型綠色商店","city":"台北市"}},{"type":"Feature","geometry":{"type":"Point","coordinates":[121.548930472484,25.081959243436]},"properties":{"name":"7-11欣旺門市","address":"104台北市中山區北安路604.606號","number":"A000416","phone":"(02)27478711#3961","type":"連鎖型綠色商店","city":"台北市"}},{"type":"Feature","geometry":{"type":"Point","coordinates":[121.509477021876,25.044864711838]},"properties":{"name":"7-11欣漢華門市","address":"100台北市中正區中華路一段41號1樓","number":"A000875","phone":"(02)27478711#3961","type":"連鎖型綠色商店","city":"台北市"}},{"type":"Feature","geometry":{"type":"Point","coordinates":[121.587591833243,25.06770988231]},"properties":{"name":"7-11欣福門市","address":"114台北市內湖區民權東路6段120巷7弄8號","number":"A000372","phone":"(02)27478711#3961","type":"連鎖型綠色商店","city":"台北市"}},{"type":"Feature","geometry":{"type":"Point","coordinates":[121.549118143296,25.084062262943]},"properties":{"name":"7-11直安門市","address":"104台北市中山區北安路649號","number":"A000227","phone":"(02)27478711#3961","type":"連鎖型綠色商店","city":"台北市"}},{"type":"Feature","geometry":{"type":"Point","coordinates":[121.466256241066,25.119254647344]},"properties":{"name":"7-11知心門市","address":"112台北市北投區知行路201巷1號","number":"A000328","phone":"(02)27478711#3961","type":"連鎖型綠色商店","city":"台北市"}},{"type":"Feature","geometry":{"type":"Point","coordinates":[121.505260421664,25.092146734284]},"properties":{"name":"7-11社中門市","address":"111台北市士林區社中街311-313號","number":"A000879","phone":"(02)27478711#3961","type":"連鎖型綠色商店","city":"台北市"}},{"type":"Feature","geometry":{"type":"Point","coordinates":[121.508239350053,25.086163899436]},"properties":{"name":"7-11社鑽門市","address":"111台北市士林區中正路637號","number":"A000424","phone":"(02)27478711#3961","type":"連鎖型綠色商店","city":"台北市"}},{"type":"Feature","geometry":{"type":"Point","coordinates":[121.522876667568,25.10284170746]},"properties":{"name":"7-11芝山門市","address":"112台北市士林區福華路128巷2號","number":"A000335","phone":"(02)27478711#3961","type":"連鎖型綠色商店","city":"台北市"}},{"type":"Feature","geometry":{"type":"Point","coordinates":[121.532811653583,25.107674000369]},"properties":{"name":"7-11芝玉門市","address":"112台北市士林區忠義街121號","number":"A000649","phone":"(02)27478711#3961","type":"連鎖型綠色商店","city":"台北市"}},{"type":"Feature","geometry":{"type":"Point","coordinates":[121.539222971322,25.0375928241]},"properties":{"name":"7-11芙蓉門市","address":"106台北市大安區仁愛路三段94號","number":"A000761","phone":"(02)27478711#3961","type":"連鎖型綠色商店","city":"台北市"}},{"type":"Feature","geometry":{"type":"Point","coordinates":[121.537342491344,25.036389224714]},"properties":{"name":"7-11花市門市","address":"106台北市大安區建國南路一段274號","number":"A000646","phone":"(02)27478711#3961","type":"連鎖型綠色商店","city":"台北市"}},{"type":"Feature","geometry":{"type":"Point","coordinates":[121.577013117064,25.04066776719]},"properties":{"name":"7-11虎林門市","address":"110台北市信義區忠孝東路5段472號","number":"A000292","phone":"(02)27478711#3961","type":"連鎖型綠色商店","city":"台北市"}},{"type":"Feature","geometry":{"type":"Point","coordinates":[121.52732955363,25.035471615864]},"properties":{"name":"7-11金山門市","address":"100台北市中正區金山南路1段108號","number":"A000368","phone":"(02)27478711#3961","type":"連鎖型綠色商店","city":"台北市"}},{"type":"Feature","geometry":{"type":"Point","coordinates":[121.499866834609,25.141046254496]},"properties":{"name":"7-11金和門市","address":"112台北市北投區中和街318號","number":"A000247","phone":"(02)27478711#3961","type":"連鎖型綠色商店","city":"台北市"}},{"type":"Feature","geometry":{"type":"Point","coordinates":[121.52694432136,25.033200958293]},"properties":{"name":"7-11金信門市","address":"106台北市大安區金山南路2段18號1樓","number":"A000833","phone":"(02)27478711#3961","type":"連鎖型綠色商店","city":"台北市"}},{"type":"Feature","geometry":{"type":"Point","coordinates":[121.538030980871,25.061726334999]},"properties":{"name":"7-11金宴門市","address":"104台北市中山區建國北路二段151巷8號1樓","number":"A000902","phone":"(02)27478711#3961","type":"連鎖型綠色商店","city":"台北市"}},{"type":"Feature","geometry":{"type":"Point","coordinates":[121.577300616343,24.987445280416]},"properties":{"name":"7-11金恩門市","address":"116台北市文山區指南路二段149號","number":"A000241","phone":"(02)27478711#3961","type":"連鎖型綠色商店","city":"台北市"}},{"type":"Feature","geometry":{"type":"Point","coordinates":[121.564213699458,25.086571218021]},"properties":{"name":"7-11金湖門市","address":"114台北市內湖區文湖街83號1樓","number":"A000260","phone":"(02)27478711#3961","type":"連鎖型綠色商店","city":"台北市"}},{"type":"Feature","geometry":{"type":"Point","coordinates":[121.528381147202,25.029833319145]},"properties":{"name":"7-11金華門市","address":"106台北市大安區金華街140之1號","number":"A000482","phone":"(02)27478711#3961","type":"連鎖型綠色商店","city":"台北市"}},{"type":"Feature","geometry":{"type":"Point","coordinates":[121.595023228598,25.0798353949]},"properties":{"name":"7-11金雲門市","address":"114台北市內湖區星雲街136號","number":"A000465","phone":"(02)27478711#3961","type":"連鎖型綠色商店","city":"台北市"}},{"type":"Feature","geometry":{"type":"Point","coordinates":[121.586715840542,25.088260464877]},"properties":{"name":"7-11金碧門市","address":"114台北市內湖區金龍路224號","number":"A000441","phone":"(02)27478711#3961","type":"連鎖型綠色商店","city":"台北市"}},{"type":"Feature","geometry":{"type":"Point","coordinates":[121.595140156148,25.084415602071]},"properties":{"name":"7-11金德門市","address":"114台北市內湖區金龍路5號1F","number":"A000641","phone":"(02)27478711#3961","type":"連鎖型綠色商店","city":"台北市"}},{"type":"Feature","geometry":{"type":"Point","coordinates":[121.592865139988,25.084816759957]},"properties":{"name":"7-11金龍門市","address":"114台北市內湖區金龍路64號","number":"A000376","phone":"(02)27478711#3961","type":"連鎖型綠色商店","city":"台北市"}},{"type":"Feature","geometry":{"type":"Point","coordinates":[121.58928883336,25.086409153923]},"properties":{"name":"7-11金聯發門市","address":"114台北市內湖區內湖路三段141巷7號","number":"A000299","phone":"(02)27478711#3961","type":"連鎖型綠色商店","city":"台北市"}},{"type":"Feature","geometry":{"type":"Point","coordinates":[121.520025227927,25.062652325752]},"properties":{"name":"7-11金鑽門市","address":"104台北市中山區民權西路66號","number":"A000180","phone":"(02)27478711#3961","type":"連鎖型綠色商店","city":"台北市"}},{"type":"Feature","geometry":{"type":"Point","coordinates":[121.522471486368,25.054539104483]},"properties":{"name":"7-11長中門市","address":"104台北市中山區中山北路2段40-1號","number":"A000323","phone":"(02)27478711#3961","type":"連鎖型綠色商店","city":"台北市"}},{"type":"Feature","geometry":{"type":"Point","coordinates":[121.523665572295,25.055064691722]},"properties":{"name":"7-11長北門市","address":"104台北市中山區長春路11號","number":"A000216","phone":"(02)27478711#3961","type":"連鎖型綠色商店","city":"台北市"}},{"type":"Feature","geometry":{"type":"Point","coordinates":[121.533183223351,25.049083700892]},"properties":{"name":"7-11長松門市","address":"104台北市中山區松江路65號","number":"A000341","phone":"(02)27478711#3961","type":"連鎖型綠色商店","city":"台北市"}},{"type":"Feature","geometry":{"type":"Point","coordinates":[121.544947224457,25.017413937029]},"properties":{"name":"7-11長星門市","address":"106台北市大安區基隆路3段85號","number":"A000727","phone":"(02)27478711#3961","type":"連鎖型綠色商店","city":"台北市"}},{"type":"Feature","geometry":{"type":"Point","coordinates":[121.522901980916,25.04942585018]},"properties":{"name":"7-11長津門市","address":"104台北市中山區長安東路1段12號","number":"A000551","phone":"(02)27478711#3961","type":"連鎖型綠色商店","city":"台北市"}},{"type":"Feature","geometry":{"type":"Point","coordinates":[121.51896913172,25.050539119889]},"properties":{"name":"7-11長峰門市","address":"103台北市大同區長安西路45號之1","number":"A000877","phone":"(02)27478711#3961","type":"連鎖型綠色商店","city":"台北市"}},{"type":"Feature","geometry":{"type":"Point","coordinates":[121.535076276183,25.048522783932]},"properties":{"name":"7-11長通門市","address":"104台北市中山區長安東路二段101號","number":"A000595","phone":"(02)27478711#3961","type":"連鎖型綠色商店","city":"台北市"}},{"type":"Feature","geometry":{"type":"Point","coordinates":[121.550039230636,25.055737004176]},"properties":{"name":"7-11長塑門市","address":"105台北市松山區敦化北路199巷2弄1號","number":"A000348","phone":"(02)27478711#3961","type":"連鎖型綠色商店","city":"台北市"}},{"type":"Feature","geometry":{"type":"Point","coordinates":[121.52781000432,25.048510713991]},"properties":{"name":"7-11長新門市","address":"104台北市中山區長安東路1段73號","number":"A000724","phone":"(02)27478711#3961","type":"連鎖型綠色商店","city":"台北市"}},{"type":"Feature","geometry":{"type":"Point","coordinates":[121.599667138234,25.08857621117]},"properties":{"name":"7-11長鴻門市","address":"114台北市內湖區大湖山莊街219巷1號1樓","number":"A000487","phone":"(02)27478711#3961","type":"連鎖型綠色商店","city":"台北市"}},{"type":"Feature","geometry":{"type":"Point","coordinates":[121.528403778341,25.103216671899]},"properties":{"name":"7-11雨聲門市","address":"111台北市士林區雨聲街63號","number":"A000431","phone":"(02)27478711#3961","type":"連鎖型綠色商店","city":"台北市"}},{"type":"Feature","geometry":{"type":"Point","coordinates":[121.521382509508,25.043912695276]},"properties":{"name":"7-11青島門市","address":"100台北市中正區青島東路4號","number":"A000249","phone":"(02)27478711#3961","type":"連鎖型綠色商店","city":"台北市"}},{"type":"Feature","geometry":{"type":"Point","coordinates":[121.505899541781,25.026037909568]},"properties":{"name":"7-11青園門市","address":"108台北市萬華區青年路12號","number":"A000559","phone":"(02)27478711#3961","type":"連鎖型綠色商店","city":"台北市"}},{"type":"Feature","geometry":{"type":"Point","coordinates":[121.538742436813,25.033689790887]},"properties":{"name":"7-11信中門市","address":"106台北市大安區信義路三段101號","number":"A000564","phone":"(02)27478711#3961","type":"連鎖型綠色商店","city":"台北市"}},{"type":"Feature","geometry":{"type":"Point","coordinates":[121.574045755702,25.043519961202]},"properties":{"name":"7-11信吉門市","address":"110台北市信義區永吉路278巷58弄2號","number":"A000669","phone":"(02)27478711#3961","type":"連鎖型綠色商店","city":"台北市"}},{"type":"Feature","geometry":{"type":"Point","coordinates":[121.545896894087,25.034413065312]},"properties":{"name":"7-11信安門市","address":"106台北市大安區大安路一段218號","number":"A000398","phone":"(02)27478711#3961","type":"連鎖型綠色商店","city":"台北市"}},{"type":"Feature","geometry":{"type":"Point","coordinates":[121.576912701864,25.037204490526]},"properties":{"name":"7-11信林門市","address":"110台北市信義區虎林街222巷8號","number":"A000792","phone":"(02)27478711#3961","type":"連鎖型綠色商店","city":"台北市"}},{"type":"Feature","geometry":{"type":"Point","coordinates":[121.554355575496,25.034302298461]},"properties":{"name":"7-11信義門市","address":"106台北市大安區信義路4段265巷12弄1號","number":"A000311","phone":"(02)27478711#3961","type":"連鎖型綠色商店","city":"台北市"}},{"type":"Feature","geometry":{"type":"Point","coordinates":[121.566755846872,25.031804575134]},"properties":{"name":"7-11信運門市","address":"110台北市信義區松勤街100號1樓","number":"A000837","phone":"(02)27478711#3961","type":"連鎖型綠色商店","city":"台北市"}},{"type":"Feature","geometry":{"type":"Point","coordinates":[121.557400385643,25.026291881235]},"properties":{"name":"7-11信嘉門市","address":"110台北市信義區嘉興街181巷21號","number":"A000671","phone":"(02)27478711#3961","type":"連鎖型綠色商店","city":"台北市"}},{"type":"Feature","geometry":{"type":"Point","coordinates":[121.57378365359,25.034852654224]},"properties":{"name":"7-11信德門市","address":"110台北市信義區松德路200巷10號","number":"A000765","phone":"(02)27478711#3961","type":"連鎖型綠色商店","city":"台北市"}},{"type":"Feature","geometry":{"type":"Point","coordinates":[121.544710770969,25.033159384054]},"properties":{"name":"7-11信興門市","address":"106台北市大安區信義路四段32號","number":"A000605","phone":"(02)27478711#3961","type":"連鎖型綠色商店","city":"台北市"}},{"type":"Feature","geometry":{"type":"Point","coordinates":[121.566339517742,25.025831672841]},"properties":{"name":"7-11信醫門市","address":"110台北市信義區吳興街346.348號","number":"A000680","phone":"(02)27478711#3961","type":"連鎖型綠色商店","city":"台北市"}},{"type":"Feature","geometry":{"type":"Point","coordinates":[121.515698070412,25.071898486964]},"properties":{"name":"7-11保聖門市","address":"103台北市大同區酒泉街58.60號","number":"A000278","phone":"(02)27478711#3961","type":"連鎖型綠色商店","city":"台北市"}},{"type":"Feature","geometry":{"type":"Point","coordinates":[121.512946207781,25.053866163387]},"properties":{"name":"7-11南西門市","address":"103台北市大同區南京西路316號","number":"A000540","phone":"(02)27478711#3961","type":"連鎖型綠色商店","city":"台北市"}},{"type":"Feature","geometry":{"type":"Point","coordinates":[121.546621258159,25.052565166286]},"properties":{"name":"7-11南京門市","address":"105台北市松山區南京東路3段303巷5號","number":"A000451","phone":"(02)27478711#3961","type":"連鎖型綠色商店","city":"台北市"}},{"type":"Feature","geometry":{"type":"Point","coordinates":[121.517185355312,25.031118013445]},"properties":{"name":"7-11南昌門市","address":"100台北市中正區南昌路一段72號","number":"A000373","phone":"(02)27478711#3961","type":"連鎖型綠色商店","city":"台北市"}},{"type":"Feature","geometry":{"type":"Point","coordinates":[121.515313089599,25.032054523487]},"properties":{"name":"7-11南海門市","address":"100台北市中正區南海路50號","number":"A000799","phone":"(02)27478711#3961","type":"連鎖型綠色商店","city":"台北市"}},{"type":"Feature","geometry":{"type":"Point","coordinates":[121.504846607104,25.028984190444]},"properties":{"name":"7-11南機場門市","address":"108台北市萬華區中華路二段366號","number":"A000425","phone":"(02)27478711#3961","type":"連鎖型綠色商店","city":"台北市"}},{"type":"Feature","geometry":{"type":"Point","coordinates":[121.514051277895,25.073903396294]},"properties":{"name":"7-11哈蜜門市","address":"103台北市大同區重慶北路3段309號.","number":"A000389","phone":"(02)27478711#3961","type":"連鎖型綠色商店","city":"台北市"}},{"type":"Feature","geometry":{"type":"Point","coordinates":[121.54380778854,25.051313454775]},"properties":{"name":"7-11威克門市","address":"104台北市中山區復興北路90號","number":"A000753","phone":"(02)27478711#3961","type":"連鎖型綠色商店","city":"台北市"}},{"type":"Feature","geometry":{"type":"Point","coordinates":[121.562551819516,25.048795195785]},"properties":{"name":"7-11威京門市","address":"105台北市松山區八德路四段151號","number":"A000779","phone":"(02)27478711#3961","type":"連鎖型綠色商店","city":"台北市"}},{"type":"Feature","geometry":{"type":"Point","coordinates":[121.550673237793,25.04266743783]},"properties":{"name":"7-11建安門市","address":"106台北市大安區敦化南路一段187巷29號","number":"A000517","phone":"(02)27478711#3961","type":"連鎖型綠色商店","city":"台北市"}},{"type":"Feature","geometry":{"type":"Point","coordinates":[121.541434536474,25.041843957753]},"properties":{"name":"7-11建忠門市","address":"106台北市大安區忠孝東路三段249號","number":"A000767","phone":"(02)27478711#3961","type":"連鎖型綠色商店","city":"台北市"}},{"type":"Feature","geometry":{"type":"Point","coordinates":[121.537258337036,25.055900157921]},"properties":{"name":"7-11建欣門市","address":"104台北市中山區建國北路二段65號","number":"A000201","phone":"(02)27478711#3961","type":"連鎖型綠色商店","city":"台北市"}},{"type":"Feature","geometry":{"type":"Point","coordinates":[121.538266596169,25.028691284838]},"properties":{"name":"7-11建南門市","address":"106台北市大安區建國南路二段151巷6之8號","number":"A000273","phone":"(02)27478711#3961","type":"連鎖型綠色商店","city":"台北市"}},{"type":"Feature","geometry":{"type":"Point","coordinates":[121.551855840512,25.039611773118]},"properties":{"name":"7-11建綸門市","address":"106台北市大安區仁愛路4段151巷27號","number":"A000722","phone":"(02)27478711#3961","type":"連鎖型綠色商店","city":"台北市"}},{"type":"Feature","geometry":{"type":"Point","coordinates":[121.537445924029,25.060193368727]},"properties":{"name":"7-11建錦門市","address":"104台北市中山區錦州街308號","number":"A000346","phone":"(02)27478711#3961","type":"連鎖型綠色商店","city":"台北市"}},{"type":"Feature","geometry":{"type":"Point","coordinates":[121.54059525651,25.058529770495]},"properties":{"name":"7-11建龍門市","address":"104台北市中山區龍江路238號","number":"A000821","phone":"(02)27478711#3961","type":"連鎖型綠色商店","city":"台北市"}},{"type":"Feature","geometry":{"type":"Point","coordinates":[121.529924926129,25.033116762076]},"properties":{"name":"7-11恆安門市","address":"106台北市大安區永康街7-1號","number":"A000191","phone":"(02)27478711#3961","type":"連鎖型綠色商店","city":"台北市"}},{"type":"Feature","geometry":{"type":"Point","coordinates":[121.569432272375,24.98755571199]},"properties":{"name":"7-11指南門市","address":"116台北市文山區指南路一段26號","number":"A000508","phone":"(02)27478711#3961","type":"連鎖型綠色商店","city":"台北市"}},{"type":"Feature","geometry":{"type":"Point","coordinates":[121.575537315372,24.98779291985]},"properties":{"name":"7-11政大門市","address":"116台北市文山區指南路2段99.101號","number":"A000207","phone":"(02)27478711#3961","type":"連鎖型綠色商店","city":"台北市"}},{"type":"Feature","geometry":{"type":"Point","coordinates":[121.576504251722,24.987419212697]},"properties":{"name":"7-11政揚門市","address":"116台北市文山區指南路二段64號(商學大樓)","number":"A000718","phone":"(02)27478711#3961","type":"連鎖型綠色商店","city":"台北市"}},{"type":"Feature","geometry":{"type":"Point","coordinates":[121.496028258231,25.13645686914]},"properties":{"name":"7-11政戰門市","address":"112台北市北投區中央北路二段15.17號","number":"A000610","phone":"(02)27478711#3961","type":"連鎖型綠色商店","city":"台北市"}},{"type":"Feature","geometry":{"type":"Point","coordinates":[121.504342687085,25.137092468858]},"properties":{"name":"7-11春天門市","address":"112台北市北投區泉源路12號","number":"A000594","phone":"(02)27478711#3961","type":"連鎖型綠色商店","city":"台北市"}},{"type":"Feature","geometry":{"type":"Point","coordinates":[121.531377761407,25.054952458038]},"properties":{"name":"7-11春城門市","address":"104台北市中山區長春路135.135之1號","number":"A000309","phone":"(02)27478711#3961","type":"連鎖型綠色商店","city":"台北市"}},{"type":"Feature","geometry":{"type":"Point","coordinates":[121.526492955874,25.055022572659]},"properties":{"name":"7-11春森門市","address":"104台北市中山區長春路67號","number":"A000522","phone":"(02)27478711#3961","type":"連鎖型綠色商店","city":"台北市"}},{"type":"Feature","geometry":{"type":"Point","coordinates":[121.54066532922,25.054771115563]},"properties":{"name":"7-11春龍門市","address":"104台北市中山區長春路257號","number":"A000754","phone":"(02)27478711#3961","type":"連鎖型綠色商店","city":"台北市"}},{"type":"Feature","geometry":{"type":"Point","coordinates":[121.590538072209,25.078123726453]},"properties":{"name":"7-11星成門市","address":"114台北市內湖區星雲街17號","number":"A000893","phone":"(02)27478711#3961","type":"連鎖型綠色商店","city":"台北市"}},{"type":"Feature","geometry":{"type":"Point","coordinates":[121.504844008714,25.135144388832]},"properties":{"name":"7-11泉北門市","address":"112台北市北投區溫泉路70號","number":"A000657","phone":"(02)27478711#3961","type":"連鎖型綠色商店","city":"台北市"}},{"type":"Feature","geometry":{"type":"Point","coordinates":[121.506674197273,25.139856149973]},"properties":{"name":"7-11泉源門市","address":"112台北市北投區泉源路30號地下一樓","number":"A000284","phone":"(02)27478711#3961","type":"連鎖型綠色商店","city":"台北市"}},{"type":"Feature","geometry":{"type":"Point","coordinates":[121.569108227999,25.07923893867]},"properties":{"name":"7-11洲子門市","address":"114台北市內湖區瑞光路517號1樓","number":"A000861","phone":"(02)27478711#3961","type":"連鎖型綠色商店","city":"台北市"}},{"type":"Feature","geometry":{"type":"Point","coordinates":[121.498259939951,25.093133200469]},"properties":{"name":"7-11洲美門市","address":"111台北市士林區延平北路六段505號","number":"A000714","phone":"(02)27478711#3961","type":"連鎖型綠色商店","city":"台北市"}},{"type":"Feature","geometry":{"type":"Point","coordinates":[121.519125598259,25.023474555939]},"properties":{"name":"7-11牯嶺門市","address":"106台北市中正區廈門街113巷17號","number":"A000516","phone":"(02)27478711#3961","type":"連鎖型綠色商店","city":"台北市"}},{"type":"Feature","geometry":{"type":"Point","coordinates":[121.61548772902,25.047552620549]},"properties":{"name":"7-11研究門市","address":"115台北市南港區研究院路2段14號","number":"A000302","phone":"(02)27478711#3961","type":"連鎖型綠色商店","city":"台北市"}},{"type":"Feature","geometry":{"type":"Point","coordinates":[121.543668313671,25.026283457422]},"properties":{"name":"7-11科技站門市","address":"106台北市大安區復興南路2段203號","number":"A000749","phone":"(02)27478711#3961","type":"連鎖型綠色商店","city":"台北市"}},{"type":"Feature","geometry":{"type":"Point","coordinates":[121.536229877517,25.044279738816]},"properties":{"name":"7-11科建門市","address":"106台北市大安區建國南路一段28.30號","number":"A000338","phone":"(02)27478711#3961","type":"連鎖型綠色商店","city":"台北市"}},{"type":"Feature","geometry":{"type":"Point","coordinates":[121.557465010117,25.084694845176]},"properties":{"name":"7-11美麗華門市","address":"104台北市中山區北安路839-1號","number":"A000513","phone":"(02)27478711#3961","type":"連鎖型綠色商店","city":"台北市"}},{"type":"Feature","geometry":{"type":"Point","coordinates":[121.512440276105,25.114031003376]},"properties":{"name":"7-11致遠門市","address":"112台北市北投區石牌路一段126號","number":"A000223","phone":"(02)27478711#3961","type":"連鎖型綠色商店","city":"台北市"}},{"type":"Feature","geometry":{"type":"Point","coordinates":[121.53131598678,25.015839270789]},"properties":{"name":"7-11軍總門市","address":"106台北市中正區汀州路三段153.155號","number":"A000314","phone":"(02)27478711#3961","type":"連鎖型綠色商店","city":"台北市"}},{"type":"Feature","geometry":{"type":"Point","coordinates":[121.511172261793,25.057029703193]},"properties":{"name":"7-11迪化門市","address":"103台北市大同區民生西路343.345號","number":"A000445","phone":"(02)27478711#3961","type":"連鎖型綠色商店","city":"台北市"}},{"type":"Feature","geometry":{"type":"Point","coordinates":[121.513334625174,25.044152166249]},"properties":{"name":"7-11重南門市","address":"100台北市中正區重慶南路1段75號","number":"A000468","phone":"(02)27478711#3961","type":"連鎖型綠色商店","city":"台北市"}},{"type":"Feature","geometry":{"type":"Point","coordinates":[121.568953917161,25.045527175556]},"properties":{"name":"7-11革新門市","address":"110台北市信義區永吉路32號","number":"A000626","phone":"(02)27478711#3961","type":"連鎖型綠色商店","city":"台北市"}},{"type":"Feature","geometry":{"type":"Point","coordinates":[121.544088163201,25.04564800069]},"properties":{"name":"7-11風復門市","address":"105台北市松山區復興南路1段43號","number":"A000294","phone":"(02)27478711#3961","type":"連鎖型綠色商店","city":"台北市"}},{"type":"Feature","geometry":{"type":"Point","coordinates":[121.550949924416,25.051894027298]},"properties":{"name":"7-11首都門市","address":"105台北市松山區南京東路4段51號之2","number":"A000831","phone":"(02)27478711#3961","type":"連鎖型綠色商店","city":"台北市"}},{"type":"Feature","geometry":{"type":"Point","coordinates":[121.613317989564,25.055154168538]},"properties":{"name":"7-11香城門市","address":"115台北市南港區南港路一段167號1樓","number":"A000896","phone":"(02)27478711#3961","type":"連鎖型綠色商店","city":"台北市"}},{"type":"Feature","geometry":{"type":"Point","coordinates":[121.529086568174,25.063283189695]},"properties":{"name":"7-11原中門市","address":"104台北市中山區中原街121號","number":"A000377","phone":"(02)27478711#3961","type":"連鎖型綠色商店","city":"台北市"}},{"type":"Feature","geometry":{"type":"Point","coordinates":[121.528556412798,25.023209813527]},"properties":{"name":"7-11師大門市","address":"106台北市大安區師大路87號","number":"A000367","phone":"(02)27478711#3961","type":"連鎖型綠色商店","city":"台北市"}},{"type":"Feature","geometry":{"type":"Point","coordinates":[121.612061877554,25.067778069092]},"properties":{"name":"7-11悅來門市","address":"114台北市內湖區五分街1號","number":"A000463","phone":"(02)27478711#3961","type":"連鎖型綠色商店","city":"台北市"}},{"type":"Feature","geometry":{"type":"Point","coordinates":[121.516330668172,25.116772616647]},"properties":{"name":"7-11振華門市","address":"112台北市北投區石牌路2段80.82號","number":"A000393","phone":"(02)27478711#3961","type":"連鎖型綠色商店","city":"台北市"}},{"type":"Feature","geometry":{"type":"Point","coordinates":[121.520730565079,25.026609848731]},"properties":{"name":"7-11晉江門市","address":"106台北市中正區和平西路一段26號","number":"A000236","phone":"(02)27478711#3961","type":"連鎖型綠色商店","city":"台北市"}},{"type":"Feature","geometry":{"type":"Point","coordinates":[121.610764358943,25.07270830454]},"properties":{"name":"7-11晏揚門市","address":"114台北市內湖區康寧路三段99巷14號","number":"A000252","phone":"(02)27478711#3961","type":"連鎖型綠色商店","city":"台北市"}},{"type":"Feature","geometry":{"type":"Point","coordinates":[121.503082216486,25.038278757147]},"properties":{"name":"7-11桂明門市","address":"108台北市萬華區桂林路55號","number":"A000410","phone":"(02)27478711#3961","type":"連鎖型綠色商店","city":"台北市"}},{"type":"Feature","geometry":{"type":"Point","coordinates":[121.497761300531,25.038408550917]},"properties":{"name":"7-11桂林門市","address":"108台北市萬華區桂林路160號","number":"A000387","phone":"(02)27478711#3961","type":"連鎖型綠色商店","city":"台北市"}},{"type":"Feature","geometry":{"type":"Point","coordinates":[121.554219034293,25.036536871938]},"properties":{"name":"7-11泰利門市","address":"106台北市大安區仁愛路四段266巷15弄22號","number":"A000883","phone":"(02)27478711#3961","type":"連鎖型綠色商店","city":"台北市"}},{"type":"Feature","geometry":{"type":"Point","coordinates":[121.585946884745,25.038765368536]},"properties":{"name":"7-11留公門市","address":"110台北市信義區福德街249號","number":"A000304","phone":"(02)27478711#3961","type":"連鎖型綠色商店","city":"台北市"}},{"type":"Feature","geometry":{"type":"Point","coordinates":[121.546486309518,25.136869677872]},"properties":{"name":"7-11草山門市","address":"111台北市士林區格致路28號","number":"A000565","phone":"(02)27478711#3961","type":"連鎖型綠色商店","city":"台北市"}},{"type":"Feature","geometry":{"type":"Point","coordinates":[121.513510980417,25.071965709828]},"properties":{"name":"7-11酒泉門市","address":"103台北市大同區酒泉街110號","number":"A000638","phone":"(02)27478711#3961","type":"連鎖型綠色商店","city":"台北市"}},{"type":"Feature","geometry":{"type":"Point","coordinates":[121.554839881861,25.026177426347]},"properties":{"name":"7-11挹翠門市","address":"110台北市信義區基隆路二段151號","number":"A000306","phone":"(02)27478711#3961","type":"連鎖型綠色商店","city":"台北市"}},{"type":"Feature","geometry":{"type":"Point","coordinates":[121.55270174218,25.052371963417]},"properties":{"name":"7-11健一門市","address":"105台北市松山區健康路10號","number":"A000403","phone":"(02)27478711#3961","type":"連鎖型綠色商店","city":"台北市"}},{"type":"Feature","geometry":{"type":"Point","coordinates":[121.566020921602,25.035668087674]},"properties":{"name":"7-11曼哈頓門市","address":"110台北市信義區松壽路12號之B1","number":"A000887","phone":"(02)27478711#3961","type":"連鎖型綠色商店","city":"台北市"}},{"type":"Feature","geometry":{"type":"Point","coordinates":[121.527032247524,25.051332314057]},"properties":{"name":"7-11國旺門市","address":"104台北市中山區南京東路一段132巷8號","number":"A000491","phone":"(02)27478711#3961","type":"連鎖型綠色商店","city":"台北市"}},{"type":"Feature","geometry":{"type":"Point","coordinates":[121.561111640912,25.034253976789]},"properties":{"name":"7-11國貿門市","address":"110台北市信義區基隆路一段333號B3","number":"A000600","phone":"(02)27478711#3961","type":"連鎖型綠色商店","city":"台北市"}},{"type":"Feature","geometry":{"type":"Point","coordinates":[121.523055872658,25.057455294327]},"properties":{"name":"7-11國賓門市","address":"104台北市中山區中山北路二段75-1號","number":"A000472","phone":"(02)27478711#3961","type":"連鎖型綠色商店","city":"台北市"}},{"type":"Feature","geometry":{"type":"Point","coordinates":[121.534545450255,25.054677992619]},"properties":{"name":"7-11國學門市","address":"104台北市中山區長春路182號","number":"A000585","phone":"(02)27478711#3961","type":"連鎖型綠色商店","city":"台北市"}},{"type":"Feature","geometry":{"type":"Point","coordinates":[121.505404674218,25.027433622176]},"properties":{"name":"7-11國興門市","address":"108台北市萬華區國興路104號","number":"A000503","phone":"(02)27478711#3961","type":"連鎖型綠色商店","city":"台北市"}},{"type":"Feature","geometry":{"type":"Point","coordinates":[121.591982106488,25.071800418697]},"properties":{"name":"7-11國醫門市","address":"114台北市內湖區成功路二段325號","number":"A000251","phone":"(02)27478711#3961","type":"連鎖型綠色商店","city":"台北市"}},{"type":"Feature","geometry":{"type":"Point","coordinates":[121.502496489092,25.028074376764]},"properties":{"name":"7-11國雙門市","address":"108台北市萬華區新忠里西藏路125巷17號","number":"A000858","phone":"(02)27478711#3961","type":"連鎖型綠色商店","city":"台北市"}},{"type":"Feature","geometry":{"type":"Point","coordinates":[121.559800962713,25.079601916987]},"properties":{"name":"7-11基河門市","address":"104台北市中山區敬業3路162巷212號","number":"A000388","phone":"(02)27478711#3961","type":"連鎖型綠色商店","city":"台北市"}},{"type":"Feature","geometry":{"type":"Point","coordinates":[121.560969651472,25.053854973546]},"properties":{"name":"7-11婦聯門市","address":"105台北市松山區健康路220號1樓","number":"A000548","phone":"(02)27478711#3961","type":"連鎖型綠色商店","city":"台北市"}},{"type":"Feature","geometry":{"type":"Point","coordinates":[121.544642207001,25.04273935456]},"properties":{"name":"7-11崇光門市","address":"106台北市大安區復興南路一段135巷5號","number":"A000485","phone":"(02)27478711#3961","type":"連鎖型綠色商店","city":"台北市"}},{"type":"Feature","geometry":{"type":"Point","coordinates":[121.555636749396,25.024167362146]},"properties":{"name":"7-11崇德門市","address":"110台北市信義區崇德街95號","number":"A000878","phone":"(02)27478711#3961","type":"連鎖型綠色商店","city":"台北市"}},{"type":"Feature","geometry":{"type":"Point","coordinates":[121.523308419401,25.050795075973]},"properties":{"name":"7-11崑崙門市","address":"104台北市中山區中山北路一段105巷13號","number":"A000510","phone":"(02)27478711#3961","type":"連鎖型綠色商店","city":"台北市"}},{"type":"Feature","geometry":{"type":"Point","coordinates":[121.612179727113,25.071443433441]},"properties":{"name":"7-11康明門市","address":"114台北市內湖區康寧路三段165巷23弄1號","number":"A000728","phone":"(02)27478711#3961","type":"連鎖型綠色商店","city":"台北市"}},{"type":"Feature","geometry":{"type":"Point","coordinates":[121.555548823232,25.000320009422]},"properties":{"name":"7-11康喜門市","address":"116台北市文山區興隆路三段42號","number":"A000315","phone":"(02)27478711#3961","type":"連鎖型綠色商店","city":"台北市"}},{"type":"Feature","geometry":{"type":"Point","coordinates":[121.594376816225,25.078993181269]},"properties":{"name":"7-11康雲門市","address":"114台北市內湖區康寧路一段160號","number":"A000452","phone":"(02)27478711#3961","type":"連鎖型綠色商店","city":"台北市"}},{"type":"Feature","geometry":{"type":"Point","coordinates":[121.607979555432,25.072150907978]},"properties":{"name":"7-11康寧門市","address":"114台北市內湖區康寧路三段26巷1號","number":"A000203","phone":"(02)27478711#3961","type":"連鎖型綠色商店","city":"台北市"}},{"type":"Feature","geometry":{"type":"Point","coordinates":[121.60878564306,25.075468758622]},"properties":{"name":"7-11康醫門市","address":"114台北市內湖區成功路5段420巷30號","number":"A000285","phone":"(02)27478711#3961","type":"連鎖型綠色商店","city":"台北市"}},{"type":"Feature","geometry":{"type":"Point","coordinates":[121.576424958918,25.056831932187]},"properties":{"name":"7-11彩龍門市","address":"114台北市內湖區行善路35號1F","number":"A000255","phone":"(02)27478711#3961","type":"連鎖型綠色商店","city":"台北市"}},{"type":"Feature","geometry":{"type":"Point","coordinates":[121.578970710551,25.041617353001]},"properties":{"name":"7-11捷忠門市","address":"110台北市信義區忠孝東路5段617號","number":"A000764","phone":"(02)27478711#3961","type":"連鎖型綠色商店","city":"台北市"}},{"type":"Feature","geometry":{"type":"Point","coordinates":[121.507481290729,25.044113944771]},"properties":{"name":"7-11捷盟門市","address":"108台北市萬華區漢中街51號","number":"A000362","phone":"(02)27478711#3961","type":"連鎖型綠色商店","city":"台北市"}},{"type":"Feature","geometry":{"type":"Point","coordinates":[121.515792534461,25.046433301199]},"properties":{"name":"7-11捷戰門市","address":"100台北市中正區忠孝西路一段50-1號(捷運地下街)","number":"A000577","phone":"(02)27478711#3961","type":"連鎖型綠色商店","city":"台北市"}},{"type":"Feature","geometry":{"type":"Point","coordinates":[121.508193752499,25.025970644795]},"properties":{"name":"7-11掬華門市","address":"100台北市萬華區中華路2段407號","number":"A000351","phone":"(02)27478711#3961","type":"連鎖型綠色商店","city":"台北市"}},{"type":"Feature","geometry":{"type":"Point","coordinates":[121.513580214937,25.035559164842]},"properties":{"name":"7-11教育大門市","address":"100台北市中正區愛國西路1號教育大學內","number":"A000715","phone":"(02)27478711#3961","type":"連鎖型綠色商店","city":"台北市"}},{"type":"Feature","geometry":{"type":"Point","coordinates":[121.546554370572,25.023403016396]},"properties":{"name":"7-11教育大學門市","address":"106台北市大安區敦南街38號","number":"A000603","phone":"(02)27478711#3961","type":"連鎖型綠色商店","city":"台北市"}},{"type":"Feature","geometry":{"type":"Point","coordinates":[121.511258595395,25.060504127788]},"properties":{"name":"7-11涼州門市","address":"103台北市大同區延平北路二段260號之1.2","number":"A000380","phone":"(02)27478711#3961","type":"連鎖型綠色商店","city":"台北市"}},{"type":"Feature","geometry":{"type":"Point","coordinates":[121.579958350202,24.985130869311]},"properties":{"name":"7-11添恩門市","address":"116台北市文山區指南路3段8.10號","number":"A000270","phone":"(02)27478711#3961","type":"連鎖型綠色商店","city":"台北市"}},{"type":"Feature","geometry":{"type":"Point","coordinates":[121.615699372075,25.071910598814]},"properties":{"name":"7-11清圳門市","address":"114台北市內湖區東湖路113巷88號","number":"A000891","phone":"(02)27478711#3961","type":"連鎖型綠色商店","city":"台北市"}},{"type":"Feature","geometry":{"type":"Point","coordinates":[121.546955863734,25.048309590224]},"properties":{"name":"7-11清愿門市","address":"105台北市松山區八德路2段439號","number":"A000392","phone":"(02)27478711#3961","type":"連鎖型綠色商店","city":"台北市"}},{"type":"Feature","geometry":{"type":"Point","coordinates":[121.534307907119,25.01374509419]},"properties":{"name":"7-11統全門市","address":"106台北市中正區汀州路三段249號","number":"A000354","phone":"(02)27478711#3961","type":"連鎖型綠色商店","city":"台北市"}},{"type":"Feature","geometry":{"type":"Point","coordinates":[121.565535525589,25.050305866194]},"properties":{"name":"7-11統威門市","address":"105台北市松山區東興路13之1號","number":"A000336","phone":"(02)27478711#3961","type":"連鎖型綠色商店","city":"台北市"}},{"type":"Feature","geometry":{"type":"Point","coordinates":[121.553063086026,25.040254078359]},"properties":{"name":"7-11統家門市","address":"106台北市大安區忠孝東路4段216巷21號","number":"A000538","phone":"(02)27478711#3961","type":"連鎖型綠色商店","city":"台北市"}},{"type":"Feature","geometry":{"type":"Point","coordinates":[121.51460926119,25.11055062763]},"properties":{"name":"7-11統勝門市","address":"112台北市北投區自強街82號","number":"A000356","phone":"(02)27478711#3961","type":"連鎖型綠色商店","city":"台北市"}},{"type":"Feature","geometry":{"type":"Point","coordinates":[121.565242326616,25.039515129775]},"properties":{"name":"7-11統誠門市","address":"110台北市信義區松高路11號B2第57櫃","number":"A000844","phone":"(02)27478711#3961","type":"連鎖型綠色商店","city":"台北市"}},{"type":"Feature","geometry":{"type":"Point","coordinates":[121.552021886013,25.042182838098]},"properties":{"name":"7-11統領門市","address":"106台北市大安區忠孝東路4段205巷7弄1號","number":"A000581","phone":"(02)27478711#3961","type":"連鎖型綠色商店","city":"台北市"}},{"type":"Feature","geometry":{"type":"Point","coordinates":[121.531804148821,25.042399049291]},"properties":{"name":"7-11統聯門市","address":"100台北市中正區忠孝東路二段130-2.130-3","number":"A000271","phone":"(02)27478711#3961","type":"連鎖型綠色商店","city":"台北市"}},{"type":"Feature","geometry":{"type":"Point","coordinates":[121.533392265595,25.054730206681]},"properties":{"name":"7-11莊福門市","address":"104台北市中山區長春路168號","number":"A000194","phone":"(02)27478711#3961","type":"連鎖型綠色商店","city":"台北市"}},{"type":"Feature","geometry":{"type":"Point","coordinates":[121.554178495216,25.031733523682]},"properties":{"name":"7-11通化門市","address":"106台北市大安區通化街26之8號","number":"A000770","phone":"(02)27478711#3961","type":"連鎖型綠色商店","city":"台北市"}},{"type":"Feature","geometry":{"type":"Point","coordinates":[121.546868608122,25.038194225653]},"properties":{"name":"7-11頂好門市","address":"106台北市大安區仁愛路4段65號","number":"A000796","phone":"(02)27478711#3961","type":"連鎖型綠色商店","city":"台北市"}},{"type":"Feature","geometry":{"type":"Point","coordinates":[121.546294447755,25.043477129677]},"properties":{"name":"7-11頂東門市","address":"106台北市大安區大安路一段43號","number":"A000437","phone":"(02)27478711#3961","type":"連鎖型綠色商店","city":"台北市"}},{"type":"Feature","geometry":{"type":"Point","coordinates":[121.533700638234,25.01698105364]},"properties":{"name":"7-11鹿鳴門市","address":"106台北市大安區羅斯福路4段1號","number":"A000434","phone":"(02)27478711#3961","type":"連鎖型綠色商店","city":"台北市"}},{"type":"Feature","geometry":{"type":"Point","coordinates":[121.522595622354,25.066532979285]},"properties":{"name":"7-11麥田門市","address":"104台北市中山區晴光里中山北路3段47號","number":"A000384","phone":"(02)27478711#3961","type":"連鎖型綠色商店","city":"台北市"}},{"type":"Feature","geometry":{"type":"Point","coordinates":[121.531306682868,25.10588199138]},"properties":{"name":"7-11凱立門市","address":"112台北市士林區忠義街68號","number":"A000838","phone":"(02)27478711#3961","type":"連鎖型綠色商店","city":"台北市"}},{"type":"Feature","geometry":{"type":"Point","coordinates":[121.58135142251,25.050888073189]},"properties":{"name":"7-11凱松門市","address":"115台北市南港區八德路4段808-1.810號1樓.","number":"A000532","phone":"(02)27478711#3961","type":"連鎖型綠色商店","city":"台北市"}},{"type":"Feature","geometry":{"type":"Point","coordinates":[121.560732359793,25.035345342492]},"properties":{"name":"7-11凱悅門市","address":"110台北市信義區基隆路一段366號","number":"A000822","phone":"(02)27478711#3961","type":"連鎖型綠色商店","city":"台北市"}},{"type":"Feature","geometry":{"type":"Point","coordinates":[121.528862771359,25.062408621918]},"properties":{"name":"7-11勝權門市","address":"104台北市中山區民權東路二段26號","number":"A000533","phone":"(02)27478711#3961","type":"連鎖型綠色商店","city":"台北市"}},{"type":"Feature","geometry":{"type":"Point","coordinates":[121.511398992274,25.044017510975]},"properties":{"name":"7-11博美門市","address":"100台北市中正區博愛路98號","number":"A000359","phone":"(02)27478711#3961","type":"連鎖型綠色商店","city":"台北市"}},{"type":"Feature","geometry":{"type":"Point","coordinates":[121.530574020711,25.014307897079]},"properties":{"name":"7-11博源門市","address":"100台北市中正區思源街16號","number":"A000849","phone":"(02)27478711#3961","type":"連鎖型綠色商店","city":"台北市"}},{"type":"Feature","geometry":{"type":"Point","coordinates":[121.543328092221,25.031006659861]},"properties":{"name":"7-11喜悅門市","address":"106台北市大安區復興南路2段80號","number":"A000827","phone":"(02)27478711#3961","type":"連鎖型綠色商店","city":"台北市"}},{"type":"Feature","geometry":{"type":"Point","coordinates":[121.497598440152,25.02014073777]},"properties":{"name":"7-11富帆門市","address":"100台北市萬華區華中里萬大路464號一樓","number":"A000672","phone":"(02)27478711#3961","type":"連鎖型綠色商店","city":"台北市"}},{"type":"Feature","geometry":{"type":"Point","coordinates":[121.508121919589,25.114927028825]},"properties":{"name":"7-11富邦門市","address":"112台北市北投區實踐街22.24號","number":"A000575","phone":"(02)27478711#3961","type":"連鎖型綠色商店","city":"台北市"}},{"type":"Feature","geometry":{"type":"Point","coordinates":[121.57835614941,25.082952792329]},"properties":{"name":"7-11富港門市","address":"114台北市內湖區港富里港墘路15號1樓","number":"A000652","phone":"(02)27478711#3961","type":"連鎖型綠色商店","city":"台北市"}},{"type":"Feature","geometry":{"type":"Point","coordinates":[121.556551466489,25.020280212639]},"properties":{"name":"7-11富陽門市","address":"106台北市大安區和平東路3段310號","number":"A000206","phone":"(02)27478711#3961","type":"連鎖型綠色商店","city":"台北市"}},{"type":"Feature","geometry":{"type":"Point","coordinates":[121.543860091615,25.053471962481]},"properties":{"name":"7-11復北門市","address":"104台北市中山區復興北路164號","number":"A000229","phone":"(02)27478711#3961","type":"連鎖型綠色商店","city":"台北市"}},{"type":"Feature","geometry":{"type":"Point","coordinates":[121.549283266789,25.04707032584]},"properties":{"name":"7-11復旦門市","address":"105台北市松山區敦化南路1段5號","number":"A000347","phone":"(02)27478711#3961","type":"連鎖型綠色商店","city":"台北市"}},{"type":"Feature","geometry":{"type":"Point","coordinates":[121.544897184495,25.057001833365]},"properties":{"name":"7-11復安門市","address":"105台北市松山區復興北路231巷6號","number":"A000460","phone":"(02)27478711#3961","type":"連鎖型綠色商店","city":"台北市"}},{"type":"Feature","geometry":{"type":"Point","coordinates":[121.557291169445,25.032250408564]},"properties":{"name":"7-11復昌門市","address":"106台北市大安區通化里光復南路616號","number":"A000486","phone":"(02)27478711#3961","type":"連鎖型綠色商店","city":"台北市"}},{"type":"Feature","geometry":{"type":"Point","coordinates":[121.544306930874,25.054335759512]},"properties":{"name":"7-11復春門市","address":"105台北市松山區復興北路179號","number":"A000624","phone":"(02)27478711#3961","type":"連鎖型綠色商店","city":"台北市"}},{"type":"Feature","geometry":{"type":"Point","coordinates":[121.543787588153,25.032341394123]},"properties":{"name":"7-11復維門市","address":"106台北市大安區復興南路二段17號","number":"A000343","phone":"(02)27478711#3961","type":"連鎖型綠色商店","city":"台北市"}},{"type":"Feature","geometry":{"type":"Point","coordinates":[121.543932259802,25.06009789885]},"properties":{"name":"7-11復錦門市","address":"104台北市中山區復興北路352號","number":"A000745","phone":"(02)27478711#3961","type":"連鎖型綠色商店","city":"台北市"}},{"type":"Feature","geometry":{"type":"Point","coordinates":[121.568857106179,25.022105958789]},"properties":{"name":"7-11惠安門市","address":"110台北市信義區惠安里吳興街520號","number":"A000592","phone":"(02)27478711#3961","type":"連鎖型綠色商店","city":"台北市"}},{"type":"Feature","geometry":{"type":"Point","coordinates":[121.546948487659,25.06006931656]},"properties":{"name":"7-11敦化門市","address":"105台北市松山區敦化北路222巷50號","number":"A000631","phone":"(02)27478711#3961","type":"連鎖型綠色商店","city":"台北市"}},{"type":"Feature","geometry":{"type":"Point","coordinates":[121.549341688654,25.053730250827]},"properties":{"name":"7-11敦北門市","address":"105台北市松山區敦化北路143號","number":"A000617","phone":"(02)27478711#3961","type":"連鎖型綠色商店","city":"台北市"}},{"type":"Feature","geometry":{"type":"Point","coordinates":[121.552346517123,25.034781366137]},"properties":{"name":"7-11敦安門市","address":"106台北市大安區安和路一段86號","number":"A000334","phone":"(02)27478711#3961","type":"連鎖型綠色商店","city":"台北市"}},{"type":"Feature","geometry":{"type":"Point","coordinates":[121.550094132102,25.03424349941]},"properties":{"name":"7-11敦信門市","address":"106台北市大安區敦化南路1段329巷17號","number":"A000366","phone":"(02)27478711#3961","type":"連鎖型綠色商店","city":"台北市"}},{"type":"Feature","geometry":{"type":"Point","coordinates":[121.547352914488,25.040675729998]},"properties":{"name":"7-11敦南門市","address":"106台北市大安區敦化南路一段236巷13號","number":"A000742","phone":"(02)27478711#3961","type":"連鎖型綠色商店","city":"台北市"}},{"type":"Feature","geometry":{"type":"Point","coordinates":[121.568606738732,25.04164941378]},"properties":{"name":"7-11敦厚門市","address":"110台北市信義區永吉路30巷178弄1號","number":"A000375","phone":"(02)27478711#3961","type":"連鎖型綠色商店","city":"台北市"}},{"type":"Feature","geometry":{"type":"Point","coordinates":[121.548140310472,25.042103335747]},"properties":{"name":"7-11敦頂門市","address":"106台北市大安區忠孝東路4段101巷7號","number":"A000184","phone":"(02)27478711#3961","type":"連鎖型綠色商店","city":"台北市"}},{"type":"Feature","geometry":{"type":"Point","coordinates":[121.547595151489,25.02278107918]},"properties":{"name":"7-11敦隆門市","address":"106台北市大安區敦化南路2段200巷16號","number":"A000739","phone":"(02)27478711#3961","type":"連鎖型綠色商店","city":"台北市"}},{"type":"Feature","geometry":{"type":"Point","coordinates":[121.548184986016,25.035850435978]},"properties":{"name":"7-11敦維門市","address":"106台北市大安區四維路21號","number":"A000421","phone":"(02)27478711#3961","type":"連鎖型綠色商店","city":"台北市"}},{"type":"Feature","geometry":{"type":"Point","coordinates":[121.540992307263,25.022097367338]},"properties":{"name":"7-11敦親門市","address":"106台北市大安區辛亥路二段171巷8號","number":"A000740","phone":"(02)27478711#3961","type":"連鎖型綠色商店","city":"台北市"}},{"type":"Feature","geometry":{"type":"Point","coordinates":[121.525327033142,25.054624893262]},"properties":{"name":"7-11晶華門市","address":"104台北市中山區林森北路262號","number":"A000225","phone":"(02)27478711#3961","type":"連鎖型綠色商店","city":"台北市"}},{"type":"Feature","geometry":{"type":"Point","coordinates":[121.540973615619,24.99031205894]},"properties":{"name":"7-11景中門市","address":"116台北市文山區景文里景文街96.98號","number":"A000265","phone":"(02)27478711#3961","type":"連鎖型綠色商店","city":"台北市"}},{"type":"Feature","geometry":{"type":"Point","coordinates":[121.544548832599,24.99787291279]},"properties":{"name":"7-11景高門市","address":"116台北市文山區景華里景興路14號","number":"A000845","phone":"(02)27478711#3961","type":"連鎖型綠色商店","city":"台北市"}},{"type":"Feature","geometry":{"type":"Point","coordinates":[121.540151937651,24.993374093898]},"properties":{"name":"7-11景捷門市","address":"116台北市文山區景福街252號","number":"A000873","phone":"(02)27478711#3961","type":"連鎖型綠色商店","city":"台北市"}},{"type":"Feature","geometry":{"type":"Point","coordinates":[121.54711553899,24.995786321813]},"properties":{"name":"7-11景華門市","address":"116台北市文山區興東里景華街130號","number":"A000820","phone":"(02)27478711#3961","type":"連鎖型綠色商店","city":"台北市"}},{"type":"Feature","geometry":{"type":"Point","coordinates":[121.544774715455,24.994850357648]},"properties":{"name":"7-11景興門市","address":"116台北市文山區景興路113.115號.","number":"A000768","phone":"(02)27478711#3961","type":"連鎖型綠色商店","city":"台北市"}},{"type":"Feature","geometry":{"type":"Point","coordinates":[121.525038695673,25.060401617112]},"properties":{"name":"7-11曾德門市","address":"104台北市中山區錦州街21-2號","number":"A000222","phone":"(02)27478711#3961","type":"連鎖型綠色商店","city":"台北市"}},{"type":"Feature","geometry":{"type":"Point","coordinates":[121.563213486952,25.05813804225]},"properties":{"name":"7-11朝福門市","address":"105台北市松山區三民路115號","number":"A000584","phone":"(02)27478711#3961","type":"連鎖型綠色商店","city":"台北市"}},{"type":"Feature","geometry":{"type":"Point","coordinates":[121.524974741752,25.051005587471]},"properties":{"name":"7-11森北門市","address":"104台北市中山區林森北路110.112號","number":"A000882","phone":"(02)27478711#3961","type":"連鎖型綠色商店","city":"台北市"}},{"type":"Feature","geometry":{"type":"Point","coordinates":[121.575447209913,25.082999353801]},"properties":{"name":"7-11港華門市","address":"114台北市內湖區港華街53號","number":"A000350","phone":"(02)27478711#3961","type":"連鎖型綠色商店","city":"台北市"}},{"type":"Feature","geometry":{"type":"Point","coordinates":[121.605659444633,25.056116369113]},"properties":{"name":"7-11港福門市","address":"115台北市南港區興華路90號","number":"A000293","phone":"(02)27478711#3961","type":"連鎖型綠色商店","city":"台北市"}},{"type":"Feature","geometry":{"type":"Point","coordinates":[121.591759650778,25.039351640753]},"properties":{"name":"7-11港德門市","address":"115台北市南港區福德街373巷25號","number":"A000751","phone":"(02)27478711#3961","type":"連鎖型綠色商店","city":"台北市"}},{"type":"Feature","geometry":{"type":"Point","coordinates":[121.605681572857,25.056904812836]},"properties":{"name":"7-11港興門市","address":"115台北市南港區興華路119.121.123.125號","number":"A000496","phone":"(02)27478711#3961","type":"連鎖型綠色商店","city":"台北市"}},{"type":"Feature","geometry":{"type":"Point","coordinates":[121.578792762746,25.07979905935]},"properties":{"name":"7-11港鑫門市","address":"114台北市內湖區內湖路1段737巷35號","number":"A000578","phone":"(02)27478711#3961","type":"連鎖型綠色商店","city":"台北市"}},{"type":"Feature","geometry":{"type":"Point","coordinates":[121.511393963132,25.07310388846]},"properties":{"name":"7-11湧久門市","address":"103台北市大同區延平北路4段157.159號","number":"A000523","phone":"(02)27478711#3961","type":"連鎖型綠色商店","city":"台北市"}},{"type":"Feature","geometry":{"type":"Point","coordinates":[121.585313967236,25.074941914098]},"properties":{"name":"7-11紫陽門市","address":"114台北市內湖區紫陽里陽光街159號","number":"A000785","phone":"(02)27478711#3961","type":"連鎖型綠色商店","city":"台北市"}},{"type":"Feature","geometry":{"type":"Point","coordinates":[121.591025731336,25.080613906067]},"properties":{"name":"7-11紫新門市","address":"114台北市內湖區成功路三段201號1樓","number":"A000640","phone":"(02)27478711#3961","type":"連鎖型綠色商店","city":"台北市"}},{"type":"Feature","geometry":{"type":"Point","coordinates":[121.525468268211,25.04408800278]},"properties":{"name":"7-11華山門市","address":"100台北市中正區忠孝東路1段138號","number":"A000221","phone":"(02)27478711#3961","type":"連鎖型綠色商店","city":"台北市"}},{"type":"Feature","geometry":{"type":"Point","coordinates":[121.493030638198,25.034114376192]},"properties":{"name":"7-11華江門市","address":"108台北市萬華區華江里20鄰環河南路2段200號","number":"A000181","phone":"(02)27478711#3961","type":"連鎖型綠色商店","city":"台北市"}},{"type":"Feature","geometry":{"type":"Point","coordinates":[121.614281154058,25.034710371417]},"properties":{"name":"7-11華技門市","address":"115台北市南港區研究院路三段70號","number":"A000307","phone":"(02)27478711#3961","type":"連鎖型綠色商店","city":"台北市"}},{"type":"Feature","geometry":{"type":"Point","coordinates":[121.541507375213,25.136962800816]},"properties":{"name":"7-11華岡門市","address":"111台北市士林區光華路26巷7-1號","number":"A000220","phone":"(02)27478711#3961","type":"連鎖型綠色商店","city":"台北市"}},{"type":"Feature","geometry":{"type":"Point","coordinates":[121.610476775845,25.033964507763]},"properties":{"name":"7-11華院門市","address":"115台北市南港區研究院路三段234號","number":"A000331","phone":"(02)27478711#3961","type":"連鎖型綠色商店","city":"台北市"}},{"type":"Feature","geometry":{"type":"Point","coordinates":[121.577616530274,25.065235502583]},"properties":{"name":"7-11華經門市","address":"114台北市內湖區行忠路30號","number":"A000534","phone":"(02)27478711#3961","type":"連鎖型綠色商店","city":"台北市"}},{"type":"Feature","geometry":{"type":"Point","coordinates":[121.553581590556,25.027452104272]},"properties":{"name":"7-11華電門市","address":"106台北市大安區通化街177號","number":"A000684","phone":"(02)27478711#3961","type":"連鎖型綠色商店","city":"台北市"}},{"type":"Feature","geometry":{"type":"Point","coordinates":[121.508530369731,25.041334799044]},"properties":{"name":"7-11華慶門市","address":"100台北市中正區中華路一段59之16號","number":"A000608","phone":"(02)27478711#3961","type":"連鎖型綠色商店","city":"台北市"}},{"type":"Feature","geometry":{"type":"Point","coordinates":[121.552169407509,24.987672052806]},"properties":{"name":"7-11華興門市","address":"116台北市文山區木柵路一段168.170號","number":"A000364","phone":"(02)27478711#3961","type":"連鎖型綠色商店","city":"台北市"}},{"type":"Feature","geometry":{"type":"Point","coordinates":[121.491700011069,25.033163491186]},"properties":{"name":"7-11華雙門市","address":"108台北市萬華區環河南路二段252號","number":"A000786","phone":"(02)27478711#3961","type":"連鎖型綠色商店","city":"台北市"}},{"type":"Feature","geometry":{"type":"Point","coordinates":[121.519537484981,25.083097966892]},"properties":{"name":"7-11華齡門市","address":"111台北市士林區華齡街20號","number":"A000312","phone":"(02)27478711#3961","type":"連鎖型綠色商店","city":"台北市"}},{"type":"Feature","geometry":{"type":"Point","coordinates":[121.579467086857,25.038258724398]},"properties":{"name":"7-11萊福門市","address":"110台北市信義區林口街48號","number":"A000217","phone":"(02)27478711#3961","type":"連鎖型綠色商店","city":"台北市"}},{"type":"Feature","geometry":{"type":"Point","coordinates":[121.509788577217,25.054522340677]},"properties":{"name":"7-11詠樂門市","address":"103台北市大同區永樂里迪化街一段32巷2號","number":"A000798","phone":"(02)27478711#3961","type":"連鎖型綠色商店","city":"台北市"}},{"type":"Feature","geometry":{"type":"Point","coordinates":[121.577608735104,25.047276897844]},"properties":{"name":"7-11開源門市","address":"110台北市信義區松山路136.138號","number":"A000342","phone":"(02)27478711#3961","type":"連鎖型綠色商店","city":"台北市"}},{"type":"Feature","geometry":{"type":"Point","coordinates":[121.506901514487,25.046511713903]},"properties":{"name":"7-11開寧門市","address":"108台北市萬華區西寧南路16號","number":"A000345","phone":"(02)27478711#3961","type":"連鎖型綠色商店","city":"台北市"}},{"type":"Feature","geometry":{"type":"Point","coordinates":[121.513644755591,25.046062318164]},"properties":{"name":"7-11開懷門市","address":"100台北市中正區開封街一段25號","number":"A000528","phone":"(02)27478711#3961","type":"連鎖型綠色商店","city":"台北市"}},{"type":"Feature","geometry":{"type":"Point","coordinates":[121.556454739327,25.028171313474]},"properties":{"name":"7-11隆昌門市","address":"106台北市大安區基隆路二段142-2號","number":"A000399","phone":"(02)27478711#3961","type":"連鎖型綠色商店","city":"台北市"}},{"type":"Feature","geometry":{"type":"Point","coordinates":[121.589035113151,25.049094765004]},"properties":{"name":"7-11雄強門市","address":"115台北市南港區忠孝東路六段276號","number":"A000226","phone":"(02)27478711#3961","type":"連鎖型綠色商店","city":"台北市"}},{"type":"Feature","geometry":{"type":"Point","coordinates":[121.505163526863,25.089580111713]},"properties":{"name":"7-11集鑫門市","address":"111台北市士林區延平北路6段202.204號","number":"A000720","phone":"(02)27478711#3961","type":"連鎖型綠色商店","city":"台北市"}},{"type":"Feature","geometry":{"type":"Point","coordinates":[121.576280371089,25.072737934567]},"properties":{"name":"7-11匯陽門市","address":"114台北市內湖區陽光街383號","number":"A000897","phone":"(02)27478711#3961","type":"連鎖型綠色商店","city":"台北市"}},{"type":"Feature","geometry":{"type":"Point","coordinates":[121.494937018256,25.031507310938]},"properties":{"name":"7-11園舺門市","address":"108台北市萬華區西園路二段140巷52號","number":"A000406","phone":"(02)27478711#3961","type":"連鎖型綠色商店","city":"台北市"}},{"type":"Feature","geometry":{"type":"Point","coordinates":[121.529847561163,25.051495048707]},"properties":{"name":"7-11圓武門市","address":"104台北市中山區吉林路28號","number":"A000428","phone":"(02)27478711#3961","type":"連鎖型綠色商店","city":"台北市"}},{"type":"Feature","geometry":{"type":"Point","coordinates":[121.514666258131,25.054301896623]},"properties":{"name":"7-11圓慶門市","address":"103台北市大同區南京西路127號","number":"A000824","phone":"(02)27478711#3961","type":"連鎖型綠色商店","city":"台北市"}},{"type":"Feature","geometry":{"type":"Point","coordinates":[121.510240026522,25.051940002037]},"properties":{"name":"7-11塔城門市","address":"103台北市大同區長安西路342號","number":"A000332","phone":"(02)27478711#3961","type":"連鎖型綠色商店","city":"台北市"}},{"type":"Feature","geometry":{"type":"Point","coordinates":[121.567804255322,25.059706841158]},"properties":{"name":"7-11塔優門市","address":"105台北市松山區新東街30巷44號","number":"A000439","phone":"(02)27478711#3961","type":"連鎖型綠色商店","city":"台北市"}},{"type":"Feature","geometry":{"type":"Point","coordinates":[121.600830211118,25.057136069544]},"properties":{"name":"7-11慈愛門市","address":"115台北市南港區重陽路164號","number":"A000193","phone":"(02)27478711#3961","type":"連鎖型綠色商店","city":"台北市"}},{"type":"Feature","geometry":{"type":"Point","coordinates":[121.568005588636,25.026633946703]},"properties":{"name":"7-11敬仁門市","address":"110台北市信義區莊敬路470號","number":"A000899","phone":"(02)27478711#3961","type":"連鎖型綠色商店","city":"台北市"}},{"type":"Feature","geometry":{"type":"Point","coordinates":[121.556862854192,25.07973414151]},"properties":{"name":"7-11敬群門市","address":"104台北市中山區樂群2路142號","number":"A000579","phone":"(02)27478711#3961","type":"連鎖型綠色商店","city":"台北市"}},{"type":"Feature","geometry":{"type":"Point","coordinates":[121.563212564943,25.04043487601]},"properties":{"name":"7-11新三連門市","address":"110台北市信義區逸仙路42巷27號","number":"A000885","phone":"(02)27478711#3961","type":"連鎖型綠色商店","city":"台北市"}},{"type":"Feature","geometry":{"type":"Point","coordinates":[121.525814943726,25.090835553171]},"properties":{"name":"7-11新士林門市","address":"111台北市士林區大東路82號","number":"A000554","phone":"(02)27478711#3961","type":"連鎖型綠色商店","city":"台北市"}},{"type":"Feature","geometry":{"type":"Point","coordinates":[121.546483627309,25.082833140661]},"properties":{"name":"7-11新大直門市","address":"104台北市中山區北安路621巷48號","number":"A000574","phone":"(02)27478711#3961","type":"連鎖型綠色商店","city":"台北市"}},{"type":"Feature","geometry":{"type":"Point","coordinates":[121.540405406403,25.137521287025]},"properties":{"name":"7-11新大學門市","address":"111台北市士林區華岡路55號2樓","number":"A000598","phone":"(02)27478711#3961","type":"連鎖型綠色商店","city":"台北市"}},{"type":"Feature","geometry":{"type":"Point","coordinates":[121.571781887473,25.040193812475]},"properties":{"name":"7-11新工農門市","address":"110台北市信義區忠孝東路5段236巷6-3.8號1樓","number":"A000898","phone":"(02)27478711#3961","type":"連鎖型綠色商店","city":"台北市"}},{"type":"Feature","geometry":{"type":"Point","coordinates":[121.524281306902,25.108760295021]},"properties":{"name":"7-11新天強門市","address":"111台北市士林區克強路13之1號","number":"A000361","phone":"(02)27478711#3961","type":"連鎖型綠色商店","city":"台北市"}},{"type":"Feature","geometry":{"type":"Point","coordinates":[121.521372618862,25.096123528246]},"properties":{"name":"7-11新文門市","address":"112台北市士林區文昌路64號","number":"A000553","phone":"(02)27478711#3961","type":"連鎖型綠色商店","city":"台北市"}},{"type":"Feature","geometry":{"type":"Point","coordinates":[121.559923757594,24.988616399927]},"properties":{"name":"7-11新安康門市","address":"116台北市文山區木柵路二段88.90號1樓","number":"A000866","phone":"(02)27478711#3961","type":"連鎖型綠色商店","city":"台北市"}},{"type":"Feature","geometry":{"type":"Point","coordinates":[121.539085927205,25.058047685334]},"properties":{"name":"7-11新西華門市","address":"104台北市中山區民生東路3段31號","number":"A000590","phone":"(02)27478711#3961","type":"連鎖型綠色商店","city":"台北市"}},{"type":"Feature","geometry":{"type":"Point","coordinates":[121.574053886148,24.991557986937]},"properties":{"name":"7-11新秀門市","address":"116台北市文山區秀明路二段6號","number":"A000426","phone":"(02)27478711#3961","type":"連鎖型綠色商店","city":"台北市"}},{"type":"Feature","geometry":{"type":"Point","coordinates":[121.526921522583,25.104066806428]},"properties":{"name":"7-11新忠誠門市","address":"111台北市士林區忠誠路一段23號","number":"A000461","phone":"(02)27478711#3961","type":"連鎖型綠色商店","city":"台北市"}},{"type":"Feature","geometry":{"type":"Point","coordinates":[121.522034118661,25.080464833919]},"properties":{"name":"7-11新承德門市","address":"111台北市士林區承德路4段30號","number":"A000806","phone":"(02)27478711#3961","type":"連鎖型綠色商店","city":"台北市"}},{"type":"Feature","geometry":{"type":"Point","coordinates":[121.545751551886,25.094446141782]},"properties":{"name":"7-11新東吳門市","address":"111台北市士林區臨溪路70號","number":"A000674","phone":"(02)27478711#3961","type":"連鎖型綠色商店","city":"台北市"}},{"type":"Feature","geometry":{"type":"Point","coordinates":[121.549184695608,25.028912525172]},"properties":{"name":"7-11新東帝門市","address":"106台北市大安區敦化南路2段97號","number":"A000519","phone":"(02)27478711#3961","type":"連鎖型綠色商店","city":"台北市"}},{"type":"Feature","geometry":{"type":"Point","coordinates":[121.578006121133,25.039806652367]},"properties":{"name":"7-11新東宮門市","address":"110台北市信義區松山路455號","number":"A000759","phone":"(02)27478711#3961","type":"連鎖型綠色商店","city":"台北市"}},{"type":"Feature","geometry":{"type":"Point","coordinates":[121.532500182061,25.036911333463]},"properties":{"name":"7-11新南門市","address":"100台北市中正區新生南路1段130號","number":"A000860","phone":"(02)27478711#3961","type":"連鎖型綠色商店","city":"台北市"}},{"type":"Feature","geometry":{"type":"Point","coordinates":[121.4997012,25.035103]},"properties":{"name":"7-11新峨嵋門市","address":"108台北市萬華區峨嵋街111之2號之3號","number":"A000557","phone":"(02)27478711#3961","type":"連鎖型綠色商店","city":"台北市"}},{"type":"Feature","geometry":{"type":"Point","coordinates":[121.512726015184,25.042390080654]},"properties":{"name":"7-11新格蘭門市","address":"100台北市中正區衡陽路27號","number":"A000500","phone":"(02)27478711#3961","type":"連鎖型綠色商店","city":"台北市"}},{"type":"Feature","geometry":{"type":"Point","coordinates":[121.531539783595,25.025137064525]},"properties":{"name":"7-11新泰順門市","address":"106台北市大安區泰順街13號","number":"A000609","phone":"(02)27478711#3961","type":"連鎖型綠色商店","city":"台北市"}},{"type":"Feature","geometry":{"type":"Point","coordinates":[121.504477132812,25.040322223231]},"properties":{"name":"7-11新起門市","address":"100台北市萬華區新起里長沙街二段104號","number":"A000758","phone":"(02)27478711#3961","type":"連鎖型綠色商店","city":"台北市"}},{"type":"Feature","geometry":{"type":"Point","coordinates":[121.556897219995,25.042623558567]},"properties":{"name":"7-11新國聯門市","address":"106台北市大安區光復南路180巷12號","number":"A000623","phone":"(02)27478711#3961","type":"連鎖型綠色商店","city":"台北市"}},{"type":"Feature","geometry":{"type":"Point","coordinates":[121.522608279028,25.036566921061]},"properties":{"name":"7-11新紹南門市","address":"100台北市中正區信義路一段13-1號","number":"A000509","phone":"(02)27478711#3961","type":"連鎖型綠色商店","city":"台北市"}},{"type":"Feature","geometry":{"type":"Point","coordinates":[121.556423726285,25.047938984375]},"properties":{"name":"7-11新復勢門市","address":"105台北市松山區八德路三段200.202號1樓","number":"A000876","phone":"(02)27478711#3961","type":"連鎖型綠色商店","city":"台北市"}},{"type":"Feature","geometry":{"type":"Point","coordinates":[121.524191536719,25.065042844538]},"properties":{"name":"7-11新晴光門市","address":"104台北市中山區農安街21號","number":"A000450","phone":"(02)27478711#3961","type":"連鎖型綠色商店","city":"台北市"}},{"type":"Feature","geometry":{"type":"Point","coordinates":[121.560437316802,24.981532685916]},"properties":{"name":"7-11新景美門市","address":"116台北市文山區木新路三段179.181號","number":"A000894","phone":"(02)27478711#3961","type":"連鎖型綠色商店","city":"台北市"}},{"type":"Feature","geometry":{"type":"Point","coordinates":[121.530178143424,25.034316924882]},"properties":{"name":"7-11新雲門市","address":"100台北市中正區三愛里連雲街81號","number":"A000869","phone":"(02)27478711#3961","type":"連鎖型綠色商店","city":"台北市"}},{"type":"Feature","geometry":{"type":"Point","coordinates":[121.517429939246,25.025596853823]},"properties":{"name":"7-11新廈門門市","address":"106台北市中正區廈門街42.46號","number":"A000369","phone":"(02)27478711#3961","type":"連鎖型綠色商店","city":"台北市"}},{"type":"Feature","geometry":{"type":"Point","coordinates":[121.507618502484,25.034471151901]},"properties":{"name":"7-11新愛國門市","address":"100台北市中正區延平南路177號","number":"A000678","phone":"(02)27478711#3961","type":"連鎖型綠色商店","city":"台北市"}},{"type":"Feature","geometry":{"type":"Point","coordinates":[121.539181229444,25.00659109792]},"properties":{"name":"7-11新萬盛門市","address":"116台北市文山區萬盛里羅斯福路5段59號","number":"A000455","phone":"(02)27478711#3961","type":"連鎖型綠色商店","city":"台北市"}},{"type":"Feature","geometry":{"type":"Point","coordinates":[121.539489851119,25.000028947834]},"properties":{"name":"7-11新萬隆門市","address":"116台北市文山區羅斯福路六段20.22號","number":"A000850","phone":"(02)27478711#3961","type":"連鎖型綠色商店","city":"台北市"}},{"type":"Feature","geometry":{"type":"Point","coordinates":[121.505846903429,25.042474234962]},"properties":{"name":"7-11新寧南門市","address":"108台北市萬華區西寧南路80號","number":"A000573","phone":"(02)27478711#3961","type":"連鎖型綠色商店","city":"台北市"}},{"type":"Feature","geometry":{"type":"Point","coordinates":[121.587861395249,25.041539736577]},"properties":{"name":"7-11新福玉門市","address":"115台北市南港區成福路145.147號","number":"A000659","phone":"(02)27478711#3961","type":"連鎖型綠色商店","city":"台北市"}},{"type":"Feature","geometry":{"type":"Point","coordinates":[121.532655917822,25.097019805152]},"properties":{"name":"7-11新福林門市","address":"112台北市士林區福林路191號","number":"A000453","phone":"(02)27478711#3961","type":"連鎖型綠色商店","city":"台北市"}},{"type":"Feature","geometry":{"type":"Point","coordinates":[121.524747089262,25.086792081169]},"properties":{"name":"7-11新福慶門市","address":"111台北市士林區基河路1號1樓(部份)","number":"A000653","phone":"(02)27478711#3961","type":"連鎖型綠色商店","city":"台北市"}},{"type":"Feature","geometry":{"type":"Point","coordinates":[121.500292216195,25.025273102813]},"properties":{"name":"7-11新艋舺門市","address":"108台北市萬華區萬大路292號","number":"A000809","phone":"(02)27478711#3961","type":"連鎖型綠色商店","city":"台北市"}},{"type":"Feature","geometry":{"type":"Point","coordinates":[121.517654909528,25.105629402728]},"properties":{"name":"7-11新豪美門市","address":"112台北市北投區文林北路98.100號","number":"A000466","phone":"(02)27478711#3961","type":"連鎖型綠色商店","city":"台北市"}},{"type":"Feature","geometry":{"type":"Point","coordinates":[121.517471429667,25.084276085293]},"properties":{"name":"7-11新劍潭門市","address":"111台北市士林區福港街246號","number":"A000456","phone":"(02)27478711#3961","type":"連鎖型綠色商店","city":"台北市"}},{"type":"Feature","geometry":{"type":"Point","coordinates":[121.51381976973,25.055789600618]},"properties":{"name":"7-11新慶陽門市","address":"103台北市大同區重慶北路2段60號","number":"A000675","phone":"(02)27478711#3961","type":"連鎖型綠色商店","city":"台北市"}},{"type":"Feature","geometry":{"type":"Point","coordinates":[121.581053194395,25.054881630957]},"properties":{"name":"7-11新潭美門市","address":"114台北市內湖區新明路425.427號","number":"A000489","phone":"(02)27478711#3961","type":"連鎖型綠色商店","city":"台北市"}},{"type":"Feature","geometry":{"type":"Point","coordinates":[121.521257283874,25.060251036221]},"properties":{"name":"7-11新錦祥門市","address":"104台北市中山區錦西街16號","number":"A000731","phone":"(02)27478711#3961","type":"連鎖型綠色商店","city":"台北市"}},{"type":"Feature","geometry":{"type":"Point","coordinates":[121.526414668898,25.021945948257]},"properties":{"name":"7-11新羅福門市","address":"106台北市中正區羅斯福路3段82號","number":"A000457","phone":"(02)27478711#3961","type":"連鎖型綠色商店","city":"台北市"}},{"type":"Feature","geometry":{"type":"Point","coordinates":[121.536391732067,25.050927468134]},"properties":{"name":"7-11新寶門市","address":"104台北市中山區建國北路一段136號","number":"A000254","phone":"(02)27478711#3961","type":"連鎖型綠色商店","city":"台北市"}},{"type":"Feature","geometry":{"type":"Point","coordinates":[121.566536576285,25.051148415101]},"properties":{"name":"7-11新寶清門市","address":"105台北市松山區南京東路5段260號","number":"A000511","phone":"(02)27478711#3961","type":"連鎖型綠色商店","city":"台北市"}},{"type":"Feature","geometry":{"type":"Point","coordinates":[121.576343570639,25.050196733815]},"properties":{"name":"7-11新饒河門市","address":"105台北市松山區八德路四段687.687-1號1樓","number":"A000818","phone":"(02)27478711#3961","type":"連鎖型綠色商店","city":"台北市"}},{"type":"Feature","geometry":{"type":"Point","coordinates":[121.530499002678,25.018780061518]},"properties":{"name":"7-11溫州門市","address":"106台北市大安區羅斯福路三段267號","number":"A000484","phone":"(02)27478711#3961","type":"連鎖型綠色商店","city":"台北市"}},{"type":"Feature","geometry":{"type":"Point","coordinates":[121.533677504181,25.025984307297]},"properties":{"name":"7-11溫東門市","address":"106台北市大安區和平東路一段266號","number":"A000239","phone":"(02)27478711#3961","type":"連鎖型綠色商店","city":"台北市"}},{"type":"Feature","geometry":{"type":"Point","coordinates":[121.522054905781,25.028612453038]},"properties":{"name":"7-11瑞升門市","address":"106台北市大安區杭州南路二段91號","number":"A000826","phone":"(02)27478711#3961","type":"連鎖型綠色商店","city":"台北市"}},{"type":"Feature","geometry":{"type":"Point","coordinates":[121.541016028049,25.028551809969]},"properties":{"name":"7-11瑞安門市","address":"106台北市大安區瑞安街182號","number":"A000381","phone":"(02)27478711#3961","type":"連鎖型綠色商店","city":"台北市"}},{"type":"Feature","geometry":{"type":"Point","coordinates":[121.578944139918,25.07626017792]},"properties":{"name":"7-11瑞江門市","address":"114台北市內湖區瑞陽里江南街71巷16弄76號","number":"A000490","phone":"(02)27478711#3961","type":"連鎖型綠色商店","city":"台北市"}},{"type":"Feature","geometry":{"type":"Point","coordinates":[121.573109664755,25.077081478702]},"properties":{"name":"7-11瑞泰門市","address":"114台北市內湖區瑞光路356號","number":"A000418","phone":"(02)27478711#3961","type":"連鎖型綠色商店","city":"台北市"}},{"type":"Feature","geometry":{"type":"Point","coordinates":[121.57617635167,25.073825654142]},"properties":{"name":"7-11瑞富門市","address":"114台北市內湖區瑞光路188巷51號1樓","number":"A000670","phone":"(02)27478711#3961","type":"連鎖型綠色商店","city":"台北市"}},{"type":"Feature","geometry":{"type":"Point","coordinates":[121.575539997581,25.076234319748]},"properties":{"name":"7-11瑞湖門市","address":"114台北市內湖區江南街128號","number":"A000832","phone":"(02)27478711#3961","type":"連鎖型綠色商店","city":"台北市"}},{"type":"Feature","geometry":{"type":"Point","coordinates":[121.567917243376,25.080738880244]},"properties":{"name":"7-11瑞寶門市","address":"114台北市內湖區瑞光路583巷27號1樓","number":"A000295","phone":"(02)27478711#3961","type":"連鎖型綠色商店","city":"台北市"}},{"type":"Feature","geometry":{"type":"Point","coordinates":[121.566464491918,25.080059443172]},"properties":{"name":"7-11瑞鑫門市","address":"114台北市內湖區瑞光路580號","number":"A000856","phone":"(02)27478711#3961","type":"連鎖型綠色商店","city":"台北市"}},{"type":"Feature","geometry":{"type":"Point","coordinates":[121.500575189246,25.025462533825]},"properties":{"name":"7-11萬大門市","address":"108台北市萬華區萬大路275號","number":"A000210","phone":"(02)27478711#3961","type":"連鎖型綠色商店","city":"台北市"}},{"type":"Feature","geometry":{"type":"Point","coordinates":[121.504249983236,25.03108729377]},"properties":{"name":"7-11萬光門市","address":"100台北市中正區中華路二段157號","number":"A000405","phone":"(02)27478711#3961","type":"連鎖型綠色商店","city":"台北市"}},{"type":"Feature","geometry":{"type":"Point","coordinates":[121.50035323645,25.027903218301]},"properties":{"name":"7-11萬和門市","address":"108台北市萬華區萬大路184號","number":"A000205","phone":"(02)27478711#3961","type":"連鎖型綠色商店","city":"台北市"}},{"type":"Feature","geometry":{"type":"Point","coordinates":[121.494417424078,25.026175247052]},"properties":{"name":"7-11萬忠門市","address":"108台北市萬華區東園街28巷58號","number":"A000476","phone":"(02)27478711#3961","type":"連鎖型綠色商店","city":"台北市"}},{"type":"Feature","geometry":{"type":"Point","coordinates":[121.495873695936,25.020394583708]},"properties":{"name":"7-11萬東門市","address":"108台北市萬華區萬大路486巷59弄1號","number":"A000629","phone":"(02)27478711#3961","type":"連鎖型綠色商店","city":"台北市"}},{"type":"Feature","geometry":{"type":"Point","coordinates":[121.57070875241,25.000969187823]},"properties":{"name":"7-11萬芳門市","address":"116台北市文山區萬安街23.25號","number":"A000242","phone":"(02)27478711#3961","type":"連鎖型綠色商店","city":"台北市"}},{"type":"Feature","geometry":{"type":"Point","coordinates":[121.558330273981,25.0003062631]},"properties":{"name":"7-11萬芳醫門市","address":"116台北市文山區興隆路三段111號","number":"A000352","phone":"(02)27478711#3961","type":"連鎖型綠色商店","city":"台北市"}},{"type":"Feature","geometry":{"type":"Point","coordinates":[121.498023821739,25.022402091428]},"properties":{"name":"7-11萬長門市","address":"108台北市萬華區東園街172.174號","number":"A000804","phone":"(02)27478711#3961","type":"連鎖型綠色商店","city":"台北市"}},{"type":"Feature","geometry":{"type":"Point","coordinates":[121.567363283395,25.001933274326]},"properties":{"name":"7-11萬美門市","address":"116台北市文山區萬和街6號2樓之1","number":"A000654","phone":"(02)27478711#3961","type":"連鎖型綠色商店","city":"台北市"}},{"type":"Feature","geometry":{"type":"Point","coordinates":[121.517403452432,25.04548954081]},"properties":{"name":"7-11萬翔門市","address":"100台北市中正區公園路13號","number":"A000282","phone":"(02)27478711#3961","type":"連鎖型綠色商店","city":"台北市"}},{"type":"Feature","geometry":{"type":"Point","coordinates":[121.500357259764,25.031020657639]},"properties":{"name":"7-11萬華門市","address":"108台北市萬華區萬大路64號莒光路251號","number":"A000726","phone":"(02)27478711#3961","type":"連鎖型綠色商店","city":"台北市"}},{"type":"Feature","geometry":{"type":"Point","coordinates":[121.50032557617,25.033382887502]},"properties":{"name":"7-11萬華站門市","address":"108台北市萬華區康定路382號","number":"A000317","phone":"(02)27478711#3961","type":"連鎖型綠色商店","city":"台北市"}},{"type":"Feature","geometry":{"type":"Point","coordinates":[121.540009361478,24.999886078294]},"properties":{"name":"7-11萬瑞門市","address":"116台北市文山區羅斯福路6段29.31號","number":"A000507","phone":"(02)27478711#3961","type":"連鎖型綠色商店","city":"台北市"}},{"type":"Feature","geometry":{"type":"Point","coordinates":[121.499460144667,25.035852908639]},"properties":{"name":"7-11萬運門市","address":"108台北市萬華區西園路一段153號B1(捷運龍山寺站B1)","number":"A000526","phone":"(02)27478711#3961","type":"連鎖型綠色商店","city":"台北市"}},{"type":"Feature","geometry":{"type":"Point","coordinates":[121.536652744532,25.004626547454]},"properties":{"name":"7-11萬福門市","address":"116台北市文山區萬年里羅斯福路5段170巷33及35號","number":"A000721","phone":"(02)27478711#3961","type":"連鎖型綠色商店","city":"台北市"}},{"type":"Feature","geometry":{"type":"Point","coordinates":[121.613834650076,25.055598870411]},"properties":{"name":"7-11經貿門市","address":"115台北市南港區三重路一段19號1樓","number":"A000903","phone":"(02)27478711#3961","type":"連鎖型綠色商店","city":"台北市"}},{"type":"Feature","geometry":{"type":"Point","coordinates":[121.541755982461,25.033214536977]},"properties":{"name":"7-11義安門市","address":"106台北市大安區信義路三段166號","number":"A000385","phone":"(02)27478711#3961","type":"連鎖型綠色商店","city":"台北市"}},{"type":"Feature","geometry":{"type":"Point","coordinates":[121.538345888973,25.04146593392]},"properties":{"name":"7-11義村門市","address":"106台北市大安區忠孝東路三段160號","number":"A000635","phone":"(02)27478711#3961","type":"連鎖型綠色商店","city":"台北市"}},{"type":"Feature","geometry":{"type":"Point","coordinates":[121.510074986848,25.084064148871]},"properties":{"name":"7-11葫東門市","address":"111台北市士林區延平北路五段222號","number":"A000259","phone":"(02)27478711#3961","type":"連鎖型綠色商店","city":"台北市"}},{"type":"Feature","geometry":{"type":"Point","coordinates":[121.550282724924,24.987620755559]},"properties":{"name":"7-11試院門市","address":"116台北市文山區木柵路1段139號.","number":"A000884","phone":"(02)27478711#3961","type":"連鎖型綠色商店","city":"台北市"}},{"type":"Feature","geometry":{"type":"Point","coordinates":[121.550282724924,24.987620755559]},"properties":{"name":"7-11試院門市","address":"116台北市文山區木柵路1段139號.","number":"A000771","phone":"(02)27478711#3961","type":"連鎖型綠色商店","city":"台北市"}},{"type":"Feature","geometry":{"type":"Point","coordinates":[121.528776437756,25.105788826526]},"properties":{"name":"7-11誠義門市","address":"111台北市士林區忠誠路一段126號","number":"A000471","phone":"(02)27478711#3961","type":"連鎖型綠色商店","city":"台北市"}},{"type":"Feature","geometry":{"type":"Point","coordinates":[121.526415926184,25.064815569234]},"properties":{"name":"7-11農安門市","address":"104台北市中山區農安街28-2號","number":"A000355","phone":"(02)27478711#3961","type":"連鎖型綠色商店","city":"台北市"}},{"type":"Feature","geometry":{"type":"Point","coordinates":[121.517243441901,25.046481413323]},"properties":{"name":"7-11運通門市","address":"100台北市中正區忠孝西路1段49號U1","number":"A000488","phone":"(02)27478711#3961","type":"連鎖型綠色商店","city":"台北市"}},{"type":"Feature","geometry":{"type":"Point","coordinates":[121.566640092789,25.047457024943]},"properties":{"name":"7-11道生門市","address":"110台北市信義區新仁里東興路57號","number":"A000218","phone":"(02)27478711#3961","type":"連鎖型綠色商店","city":"台北市"}},{"type":"Feature","geometry":{"type":"Point","coordinates":[121.589699378977,25.081969595087]},"properties":{"name":"7-11達人門市","address":"114台北市內湖區內湖路2段249.251號","number":"A000524","phone":"(02)27478711#3961","type":"連鎖型綠色商店","city":"台北市"}},{"type":"Feature","geometry":{"type":"Point","coordinates":[121.551438337914,25.033412936625]},"properties":{"name":"7-11僑信門市","address":"106台北市大安區信義路四段197號","number":"A000571","phone":"(02)27478711#3961","type":"連鎖型綠色商店","city":"台北市"}},{"type":"Feature","geometry":{"type":"Point","coordinates":[121.575154597673,25.034185203274]},"properties":{"name":"7-11嘉馥門市","address":"110台北市信義區信義路6段11號","number":"A000889","phone":"(02)27478711#3961","type":"連鎖型綠色商店","city":"台北市"}},{"type":"Feature","geometry":{"type":"Point","coordinates":[121.5187047429,25.031491259593]},"properties":{"name":"7-11寧波門市","address":"100台北市中正區寧波西街3號","number":"A000537","phone":"(02)27478711#3961","type":"連鎖型綠色商店","city":"台北市"}},{"type":"Feature","geometry":{"type":"Point","coordinates":[121.546234181871,25.083586548028]},"properties":{"name":"7-11實踐大學門市","address":"105台北市中山區大直街70號1樓","number":"A000505","phone":"(02)27478711#3961","type":"連鎖型綠色商店","city":"台北市"}},{"type":"Feature","geometry":{"type":"Point","coordinates":[121.540872446048,25.066877810781]},"properties":{"name":"7-11榮金門市","address":"104台北市中山區龍江路384巷1號","number":"A000531","phone":"(02)27478711#3961","type":"連鎖型綠色商店","city":"台北市"}},{"type":"Feature","geometry":{"type":"Point","coordinates":[121.540828860151,25.064848384384]},"properties":{"name":"7-11榮星門市","address":"104台北市中山區龍江路322號","number":"A000560","phone":"(02)27478711#3961","type":"連鎖型綠色商店","city":"台北市"}},{"type":"Feature","geometry":{"type":"Point","coordinates":[121.522798212954,25.121376358495]},"properties":{"name":"7-11榮總門市","address":"111台北市士林區石牌路2段301號","number":"A000370","phone":"(02)27478711#3961","type":"連鎖型綠色商店","city":"台北市"}},{"type":"Feature","geometry":{"type":"Point","coordinates":[121.536772773385,25.06570669127]},"properties":{"name":"7-11榮鑫門市","address":"104台北市中山區建國北路三段91號","number":"A000478","phone":"(02)27478711#3961","type":"連鎖型綠色商店","city":"台北市"}},{"type":"Feature","geometry":{"type":"Point","coordinates":[121.512384315845,25.045119353068]},"properties":{"name":"7-11漢竹門市","address":"100台北市中正區漢口街一段70號","number":"A000409","phone":"(02)27478711#3961","type":"連鎖型綠色商店","city":"台北市"}},{"type":"Feature","geometry":{"type":"Point","coordinates":[121.544055138502,24.992757688739]},"properties":{"name":"7-11漢神門市","address":"116台北市文山區景中街45號1樓","number":"A000237","phone":"(02)27478711#3961","type":"連鎖型綠色商店","city":"台北市"}},{"type":"Feature","geometry":{"type":"Point","coordinates":[121.504320475042,25.039876766987]},"properties":{"name":"7-11漢陽門市","address":"108台北市萬華區昆明街173號1F","number":"A000264","phone":"(02)27478711#3961","type":"連鎖型綠色商店","city":"台北市"}},{"type":"Feature","geometry":{"type":"Point","coordinates":[121.506845355736,25.045543939362]},"properties":{"name":"7-11漢寧門市","address":"108台北市萬華區西寧南路85號","number":"A000414","phone":"(02)27478711#3961","type":"連鎖型綠色商店","city":"台北市"}},{"type":"Feature","geometry":{"type":"Point","coordinates":[121.541246743888,24.994014034696]},"properties":{"name":"7-11滬江門市","address":"116台北市文山區羅斯福路六段308.310號","number":"A000558","phone":"(02)27478711#3961","type":"連鎖型綠色商店","city":"台北市"}},{"type":"Feature","geometry":{"type":"Point","coordinates":[121.592398854714,25.086228356271]},"properties":{"name":"7-11碧綠門市","address":"114台北市內湖區內湖路三段60巷1弄2-1號1F","number":"A000363","phone":"(02)27478711#3961","type":"連鎖型綠色商店","city":"台北市"}},{"type":"Feature","geometry":{"type":"Point","coordinates":[121.584168663986,25.038214928954]},"properties":{"name":"7-11福中門市","address":"110台北市信義區福德街189號","number":"A000841","phone":"(02)27478711#3961","type":"連鎖型綠色商店","city":"台北市"}},{"type":"Feature","geometry":{"type":"Point","coordinates":[121.518491339646,25.029664842891]},"properties":{"name":"7-11福州門市","address":"100台北市中正區南昌路1段135號","number":"A000322","phone":"(02)27478711#3961","type":"連鎖型綠色商店","city":"台北市"}},{"type":"Feature","geometry":{"type":"Point","coordinates":[121.532228943674,25.098570666787]},"properties":{"name":"7-11福志門市","address":"112台北市士林區雨農路25號","number":"A000244","phone":"(02)27478711#3961","type":"連鎖型綠色商店","city":"台北市"}},{"type":"Feature","geometry":{"type":"Point","coordinates":[121.522302171924,25.102117469116]},"properties":{"name":"7-11福芝門市","address":"112台北市士林區福國路94號","number":"A000267","phone":"(02)27478711#3961","type":"連鎖型綠色商店","city":"台北市"}},{"type":"Feature","geometry":{"type":"Point","coordinates":[121.513504274894,25.11214432079]},"properties":{"name":"7-11福致門市","address":"112台北市北投區致遠一路二段55號","number":"A000329","phone":"(02)27478711#3961","type":"連鎖型綠色商店","city":"台北市"}},{"type":"Feature","geometry":{"type":"Point","coordinates":[121.507034032376,25.089675497771]},"properties":{"name":"7-11福氣門市","address":"111台北市士林區延平北路6段148號","number":"A000549","phone":"(02)27478711#3961","type":"連鎖型綠色商店","city":"台北市"}},{"type":"Feature","geometry":{"type":"Point","coordinates":[121.526058102737,25.094770437616]},"properties":{"name":"7-11福捷門市","address":"111台北市士林區中正路235巷14號","number":"A000521","phone":"(02)27478711#3961","type":"連鎖型綠色商店","city":"台北市"}},{"type":"Feature","geometry":{"type":"Point","coordinates":[121.515727826169,25.089446923271]},"properties":{"name":"7-11福通門市","address":"111台北市士林區大南路396號","number":"A000762","phone":"(02)27478711#3961","type":"連鎖型綠色商店","city":"台北市"}},{"type":"Feature","geometry":{"type":"Point","coordinates":[121.57136488779,25.082547778768]},"properties":{"name":"7-11福湖門市","address":"114台北市內湖區內湖路一段411巷19弄1號","number":"A000647","phone":"(02)27478711#3961","type":"連鎖型綠色商店","city":"台北市"}},{"type":"Feature","geometry":{"type":"Point","coordinates":[121.509636194217,25.08501654262]},"properties":{"name":"7-11福陽門市","address":"111台北市士林區延平北路五段259號","number":"A000281","phone":"(02)27478711#3961","type":"連鎖型綠色商店","city":"台北市"}},{"type":"Feature","geometry":{"type":"Point","coordinates":[121.512202732969,25.082433575337]},"properties":{"name":"7-11福順門市","address":"111台北市士林區福順里重慶北路四段117號","number":"A000215","phone":"(02)27478711#3961","type":"連鎖型綠色商店","city":"台北市"}},{"type":"Feature","geometry":{"type":"Point","coordinates":[121.521233563088,25.104108087301]},"properties":{"name":"7-11福溢門市","address":"111台北市士林區德行西路96號","number":"A000185","phone":"(02)27478711#3961","type":"連鎖型綠色商店","city":"台北市"}},{"type":"Feature","geometry":{"type":"Point","coordinates":[121.566220494717,25.06175655176]},"properties":{"name":"7-11福源門市","address":"105台北市松山區撫遠街306號","number":"A000186","phone":"(02)27478711#3961","type":"連鎖型綠色商店","city":"台北市"}},{"type":"Feature","geometry":{"type":"Point","coordinates":[121.526078889857,25.095519570213]},"properties":{"name":"7-11福榮門市","address":"112台北市士林區中正路220.222號","number":"A000607","phone":"(02)27478711#3961","type":"連鎖型綠色商店","city":"台北市"}},{"type":"Feature","geometry":{"type":"Point","coordinates":[121.52253803868,25.094713985498]},"properties":{"name":"7-11福鑫門市","address":"112台北市士林區中正路324號","number":"A000408","phone":"(02)27478711#3961","type":"連鎖型綠色商店","city":"台北市"}},{"type":"Feature","geometry":{"type":"Point","coordinates":[121.526190033893,25.095223982397]},"properties":{"name":"7-11福讚門市","address":"111台北市士林區中正路227號","number":"A000411","phone":"(02)27478711#3961","type":"連鎖型綠色商店","city":"台北市"}},{"type":"Feature","geometry":{"type":"Point","coordinates":[121.501307683765,25.090676213191]},"properties":{"name":"7-11聚鑫門市","address":"111台北市士林區延平北路六段350號","number":"A000886","phone":"(02)27478711#3961","type":"連鎖型綠色商店","city":"台北市"}},{"type":"Feature","geometry":{"type":"Point","coordinates":[121.552844485991,25.038291707187]},"properties":{"name":"7-11鳳翔門市","address":"106台北市大安區忠孝東路4段216巷68號","number":"A000901","phone":"(02)27478711#3961","type":"連鎖型綠色商店","city":"台北市"}},{"type":"Feature","geometry":{"type":"Point","coordinates":[121.575936377782,25.079981784839]},"properties":{"name":"7-11墘都門市","address":"114台北市內湖區內湖路一段669號","number":"A000843","phone":"(02)27478711#3961","type":"連鎖型綠色商店","city":"台北市"}},{"type":"Feature","geometry":{"type":"Point","coordinates":[121.517210743769,25.046131431057]},"properties":{"name":"7-11億翔門市","address":"100台北市中正區忠孝西路1段32號","number":"A000572","phone":"(02)27478711#3961","type":"連鎖型綠色商店","city":"台北市"}},{"type":"Feature","geometry":{"type":"Point","coordinates":[121.525189821387,25.085050112142]},"properties":{"name":"7-11劍潭站門市","address":"111台北市士林區中山北路五段65號1樓","number":"A000867","phone":"(02)27478711#3961","type":"連鎖型綠色商店","city":"台北市"}},{"type":"Feature","geometry":{"type":"Point","coordinates":[121.503421851203,25.036431511415]},"properties":{"name":"7-11廣明門市","address":"108台北市萬華區福音里昆明街304號","number":"A000480","phone":"(02)27478711#3961","type":"連鎖型綠色商店","city":"台北市"}},{"type":"Feature","geometry":{"type":"Point","coordinates":[121.564371195419,25.050568680768]},"properties":{"name":"7-11影城門市","address":"105台北市松山區八德路四段245巷35號","number":"A000211","phone":"(02)27478711#3961","type":"連鎖型綠色商店","city":"台北市"}},{"type":"Feature","geometry":{"type":"Point","coordinates":[121.523426939511,25.104647462771]},"properties":{"name":"7-11德天門市","address":"111台北市士林區德行西路52號1樓","number":"A000853","phone":"(02)27478711#3961","type":"連鎖型綠色商店","city":"台北市"}},{"type":"Feature","geometry":{"type":"Point","coordinates":[121.590935542058,25.082346696911]},"properties":{"name":"7-11德成門市","address":"114台北市內湖區內湖路2段366號","number":"A000183","phone":"(02)27478711#3961","type":"連鎖型綠色商店","city":"台北市"}},{"type":"Feature","geometry":{"type":"Point","coordinates":[121.530611990732,25.108785566459]},"properties":{"name":"7-11德行門市","address":"112台北市士林區忠誠路二段5號","number":"A000413","phone":"(02)27478711#3961","type":"連鎖型綠色商店","city":"台北市"}},{"type":"Feature","geometry":{"type":"Point","coordinates":[121.535787564486,25.109929444785]},"properties":{"name":"7-11德東門市","address":"112台北市士林區德行東路282號","number":"A000497","phone":"(02)27478711#3961","type":"連鎖型綠色商店","city":"台北市"}},{"type":"Feature","geometry":{"type":"Point","coordinates":[121.537519517139,25.110220674011]},"properties":{"name":"7-11德芝門市","address":"112台北市士林區德行東路330號","number":"A000419","phone":"(02)27478711#3961","type":"連鎖型綠色商店","city":"台北市"}},{"type":"Feature","geometry":{"type":"Point","coordinates":[121.517756414375,25.10736747417]},"properties":{"name":"7-11德致門市","address":"112台北市北投區明德路33.35號","number":"A000407","phone":"(02)27478711#3961","type":"連鎖型綠色商店","city":"台北市"}},{"type":"Feature","geometry":{"type":"Point","coordinates":[121.518290006331,25.071811608538]},"properties":{"name":"7-11德倫門市","address":"103台北市大同區庫倫街48-4.5號","number":"A000290","phone":"(02)27478711#3961","type":"連鎖型綠色商店","city":"台北市"}},{"type":"Feature","geometry":{"type":"Point","coordinates":[121.522371071168,25.100742501719]},"properties":{"name":"7-11德華門市","address":"111台北市士林區文林路663號","number":"A000633","phone":"(02)27478711#3961","type":"連鎖型綠色商店","city":"台北市"}},{"type":"Feature","geometry":{"type":"Point","coordinates":[121.591943549734,25.082356797104]},"properties":{"name":"7-11德福門市","address":"114台北市內湖區成功路4段30巷27.29.31號","number":"A000286","phone":"(02)27478711#3961","type":"連鎖型綠色商店","city":"台北市"}},{"type":"Feature","geometry":{"type":"Point","coordinates":[121.57519726156,25.037450247927]},"properties":{"name":"7-11德鄰門市","address":"110台北市信義區安康里松德路129.131號","number":"A000327","phone":"(02)27478711#3961","type":"連鎖型綠色商店","city":"台北市"}},{"type":"Feature","geometry":{"type":"Point","coordinates":[121.573211756336,25.078814898189]},"properties":{"name":"7-11德馨門市","address":"114台北市內湖區洲子街46號","number":"A000297","phone":"(02)27478711#3961","type":"連鎖型綠色商店","city":"台北市"}},{"type":"Feature","geometry":{"type":"Point","coordinates":[121.513905013685,25.065827935499]},"properties":{"name":"7-11慶吉門市","address":"103台北市大同區蓬萊里重慶北路三段53-1號","number":"A000794","phone":"(02)27478711#3961","type":"連鎖型綠色商店","city":"台北市"}},{"type":"Feature","geometry":{"type":"Point","coordinates":[121.522608027571,25.064853874531]},"properties":{"name":"7-11撫順門市","address":"104台北市中山區中山北路三段23-6號","number":"A000412","phone":"(02)27478711#3961","type":"連鎖型綠色商店","city":"台北市"}},{"type":"Feature","geometry":{"type":"Point","coordinates":[121.550910948567,25.021963508344]},"properties":{"name":"7-11樂安門市","address":"106台北市大安區樂業街71.73號","number":"A000679","phone":"(02)27478711#3961","type":"連鎖型綠色商店","city":"台北市"}},{"type":"Feature","geometry":{"type":"Point","coordinates":[121.551906718664,25.025758456916]},"properties":{"name":"7-11樂利門市","address":"106台北市大安區樂利路74號","number":"A000763","phone":"(02)27478711#3961","type":"連鎖型綠色商店","city":"台北市"}},{"type":"Feature","geometry":{"type":"Point","coordinates":[121.551550152503,25.027396071249]},"properties":{"name":"7-11樂和門市","address":"106台北市大安區樂利路29.29-1號","number":"A000475","phone":"(02)27478711#3961","type":"連鎖型綠色商店","city":"台北市"}},{"type":"Feature","geometry":{"type":"Point","coordinates":[121.544219088528,25.050083242846]},"properties":{"name":"7-11樂得門市","address":"105台北市松山區復興北路35號","number":"A000371","phone":"(02)27478711#3961","type":"連鎖型綠色商店","city":"台北市"}},{"type":"Feature","geometry":{"type":"Point","coordinates":[121.55004325395,25.02270920436]},"properties":{"name":"7-11樂隆門市","address":"106台北市大安區虎嘯里樂業街43號","number":"A000561","phone":"(02)27478711#3961","type":"連鎖型綠色商店","city":"台北市"}},{"type":"Feature","geometry":{"type":"Point","coordinates":[121.542835739228,25.047179835405]},"properties":{"name":"7-11潤泰門市","address":"104台北市中山區八德路二段314號","number":"A000199","phone":"(02)27478711#3961","type":"連鎖型綠色商店","city":"台北市"}},{"type":"Feature","geometry":{"type":"Point","coordinates":[121.528027933802,25.06501409461]},"properties":{"name":"7-11稻江門市","address":"104台北市中山區新生北路3段35號","number":"A000324","phone":"(02)27478711#3961","type":"連鎖型綠色商店","city":"台北市"}},{"type":"Feature","geometry":{"type":"Point","coordinates":[121.508812588411,25.053280435993]},"properties":{"name":"7-11稻埕門市","address":"103台北市大同區南京西路436號1F","number":"A000305","phone":"(02)27478711#3961","type":"連鎖型綠色商店","city":"台北市"}},{"type":"Feature","geometry":{"type":"Point","coordinates":[121.515791612452,25.049106667307]},"properties":{"name":"7-11鄭州門市","address":"103台北市大同區鄭州路3-2號","number":"A000188","phone":"(02)27478711#3961","type":"連鎖型綠色商店","city":"台北市"}},{"type":"Feature","geometry":{"type":"Point","coordinates":[121.550848000474,25.018008633059]},"properties":{"name":"7-11黎元門市","address":"106台北市大安區臥龍街188巷1號","number":"A000391","phone":"(02)27478711#3961","type":"連鎖型綠色商店","city":"台北市"}},{"type":"Feature","geometry":{"type":"Point","coordinates":[121.576504251722,24.987419212697]},"properties":{"name":"7-11憩賢門市","address":"116台北市文山區指南路二段64號(憩賢樓A8櫃)","number":"A000719","phone":"(02)27478711#3961","type":"連鎖型綠色商店","city":"台北市"}},{"type":"Feature","geometry":{"type":"Point","coordinates":[121.557317237164,24.999283670913]},"properties":{"name":"7-11興北門市","address":"116台北市文山區興隆路三段108號","number":"A000757","phone":"(02)27478711#3961","type":"連鎖型綠色商店","city":"台北市"}},{"type":"Feature","geometry":{"type":"Point","coordinates":[121.553188395478,25.000117083546]},"properties":{"name":"7-11興岩門市","address":"116台北市文山區興隆路2段244巷20號1樓","number":"A000435","phone":"(02)27478711#3961","type":"連鎖型綠色商店","city":"台北市"}},{"type":"Feature","geometry":{"type":"Point","coordinates":[121.545007909436,25.016500728678]},"properties":{"name":"7-11興舍門市","address":"106台北市大安區長興街50號","number":"A000440","phone":"(02)27478711#3961","type":"連鎖型綠色商店","city":"台北市"}},{"type":"Feature","geometry":{"type":"Point","coordinates":[121.560143112,24.996429255696]},"properties":{"name":"7-11興芳門市","address":"116台北市文山區興光里興隆路3段173-175號","number":"A000744","phone":"(02)27478711#3961","type":"連鎖型綠色商店","city":"台北市"}},{"type":"Feature","geometry":{"type":"Point","coordinates":[121.515819105094,25.044599801788]},"properties":{"name":"7-11興信鑫門市","address":"100台北市中正區信陽街12.14號1樓","number":"A000835","phone":"(02)27478711#3961","type":"連鎖型綠色商店","city":"台北市"}},{"type":"Feature","geometry":{"type":"Point","coordinates":[121.543566473547,25.056154297225]},"properties":{"name":"7-11興復門市","address":"104台北市中山區興安街99號一樓","number":"A000668","phone":"(02)27478711#3961","type":"連鎖型綠色商店","city":"台北市"}},{"type":"Feature","geometry":{"type":"Point","coordinates":[121.561032431927,25.031238293755]},"properties":{"name":"7-11興貿門市","address":"110台北市信義區景新里莊敬路178巷2號","number":"A000650","phone":"(02)27478711#3961","type":"連鎖型綠色商店","city":"台北市"}},{"type":"Feature","geometry":{"type":"Point","coordinates":[121.550973477564,25.001419379842]},"properties":{"name":"7-11興隆門市","address":"116台北市文山區興隆路2段150號","number":"A000872","phone":"(02)27478711#3961","type":"連鎖型綠色商店","city":"台北市"}},{"type":"Feature","geometry":{"type":"Point","coordinates":[121.545956489419,25.030796609368]},"properties":{"name":"7-11豫銘門市","address":"106台北市大安區大安路2段102號","number":"A000182","phone":"(02)27478711#3961","type":"連鎖型綠色商店","city":"台北市"}},{"type":"Feature","geometry":{"type":"Point","coordinates":[121.518314230031,25.089051339351]},"properties":{"name":"7-11豫鋒門市","address":"111台北市士林區大南路322號","number":"A000892","phone":"(02)27478711#3961","type":"連鎖型綠色商店","city":"台北市"}},{"type":"Feature","geometry":{"type":"Point","coordinates":[121.547494903927,25.052490693076]},"properties":{"name":"7-11錢京門市","address":"105台北市松山區南京東路三段335巷5號之3.4.9.10.11.12","number":"A000473","phone":"(02)27478711#3961","type":"連鎖型綠色商店","city":"台北市"}},{"type":"Feature","geometry":{"type":"Point","coordinates":[121.54452025031,25.041230821536]},"properties":{"name":"7-11錢忠門市","address":"106台北市大安區忠孝東路四段26巷5號","number":"A000433","phone":"(02)27478711#3961","type":"連鎖型綠色商店","city":"台北市"}},{"type":"Feature","geometry":{"type":"Point","coordinates":[121.523697255889,25.060265243547]},"properties":{"name":"7-11錦北門市","address":"104台北市中山區錦州街8號","number":"A000536","phone":"(02)27478711#3961","type":"連鎖型綠色商店","city":"台北市"}},{"type":"Feature","geometry":{"type":"Point","coordinates":[121.539318441199,25.060349314036]},"properties":{"name":"7-11錦合門市","address":"104台北市中山區合江街117號","number":"A000219","phone":"(02)27478711#3961","type":"連鎖型綠色商店","city":"台北市"}},{"type":"Feature","geometry":{"type":"Point","coordinates":[121.540845540138,25.060144586051]},"properties":{"name":"7-11錦龍門市","address":"104台北市中山區龍江路281-1號","number":"A000321","phone":"(02)27478711#3961","type":"連鎖型綠色商店","city":"台北市"}},{"type":"Feature","geometry":{"type":"Point","coordinates":[121.515191384365,25.058503241771]},"properties":{"name":"7-11靜中門市","address":"103台北市大同區寧夏路71號","number":"A000261","phone":"(02)27478711#3961","type":"連鎖型綠色商店","city":"台北市"}},{"type":"Feature","geometry":{"type":"Point","coordinates":[121.5574006371,25.040184257105]},"properties":{"name":"7-11靜安門市","address":"106台北市大安區光復南路262號","number":"A000422","phone":"(02)27478711#3961","type":"連鎖型綠色商店","city":"台北市"}},{"type":"Feature","geometry":{"type":"Point","coordinates":[121.501369290753,25.035428826248]},"properties":{"name":"7-11龍山門市","address":"108台北市萬華區康定路229號","number":"A000275","phone":"(02)27478711#3961","type":"連鎖型綠色商店","city":"台北市"}},{"type":"Feature","geometry":{"type":"Point","coordinates":[121.529312209007,25.023987067409]},"properties":{"name":"7-11龍延門市","address":"106台北市大安區師大路59巷13號.","number":"A000396","phone":"(02)27478711#3961","type":"連鎖型綠色商店","city":"台北市"}},{"type":"Feature","geometry":{"type":"Point","coordinates":[121.535997028247,25.025693832443]},"properties":{"name":"7-11龍門門市","address":"106台北市大安區和平東路2段18號","number":"A000301","phone":"(02)27478711#3961","type":"連鎖型綠色商店","city":"台北市"}},{"type":"Feature","geometry":{"type":"Point","coordinates":[121.542923078659,25.023519734397]},"properties":{"name":"7-11龍淵門市","address":"106台北市大安區和平東路二段118巷33號","number":"A000552","phone":"(02)27478711#3961","type":"連鎖型綠色商店","city":"台北市"}},{"type":"Feature","geometry":{"type":"Point","coordinates":[121.550569637469,25.040497949831]},"properties":{"name":"7-11龍普門市","address":"106台北市大安區敦化南路一段233巷25號","number":"A000547","phone":"(02)27478711#3961","type":"連鎖型綠色商店","city":"台北市"}},{"type":"Feature","geometry":{"type":"Point","coordinates":[121.500590109034,25.036571153922]},"properties":{"name":"7-11龍廣門市","address":"108台北市萬華區廣州街148號","number":"A000642","phone":"(02)27478711#3961","type":"連鎖型綠色商店","city":"台北市"}},{"type":"Feature","geometry":{"type":"Point","coordinates":[121.547463471791,25.152532982245]},"properties":{"name":"7-11擎天崗門市","address":"112台北市北投區湖山路一段12號","number":"A000664","phone":"(02)27478711#3961","type":"連鎖型綠色商店","city":"台北市"}},{"type":"Feature","geometry":{"type":"Point","coordinates":[121.533531575247,25.04025483273]},"properties":{"name":"7-11濟南門市","address":"106台北市大安區濟南路3段7號","number":"A000269","phone":"(02)27478711#3961","type":"連鎖型綠色商店","city":"台北市"}},{"type":"Feature","geometry":{"type":"Point","coordinates":[121.531242645127,25.040240583494]},"properties":{"name":"7-11濟新門市","address":"100台北市中正區濟南路2段50號","number":"A000756","phone":"(02)27478711#3961","type":"連鎖型綠色商店","city":"台北市"}},{"type":"Feature","geometry":{"type":"Point","coordinates":[121.568017658576,25.086529895238]},"properties":{"name":"7-11環湖門市","address":"114台北市內湖區環山路一段110號","number":"A000580","phone":"(02)27478711#3961","type":"連鎖型綠色商店","city":"台北市"}},{"type":"Feature","geometry":{"type":"Point","coordinates":[121.514490154346,25.060680315392]},"properties":{"name":"7-11篷萊門市","address":"103台北市大同區寧夏路131-1號","number":"A000634","phone":"(02)27478711#3961","type":"連鎖型綠色商店","city":"台北市"}},{"type":"Feature","geometry":{"type":"Point","coordinates":[121.569696218506,25.023525308363]},"properties":{"name":"7-11總站門市","address":"110台北市信義區吳興街487號","number":"A000397","phone":"(02)27478711#3961","type":"連鎖型綠色商店","city":"台北市"}},{"type":"Feature","geometry":{"type":"Point","coordinates":[121.566600446387,25.047010101866]},"properties":{"name":"7-11總部門市","address":"110台北市信義區東興路65號","number":"A000415","phone":"(02)27478711#3961","type":"連鎖型綠色商店","city":"台北市"}},{"type":"Feature","geometry":{"type":"Point","coordinates":[121.568475729585,25.051519817231]},"properties":{"name":"7-11聰明門市","address":"105台北市松山區南京東路5段363號","number":"A000310","phone":"(02)27478711#3961","type":"連鎖型綠色商店","city":"台北市"}},{"type":"Feature","geometry":{"type":"Point","coordinates":[121.563701229898,25.041859673821]},"properties":{"name":"7-11聯合門市","address":"110台北市信義區忠孝東路四段559巷6號","number":"A000801","phone":"(02)27478711#3961","type":"連鎖型綠色商店","city":"台北市"}},{"type":"Feature","geometry":{"type":"Point","coordinates":[121.594189564508,25.049186714482]},"properties":{"name":"7-11聯成門市","address":"115台北市南港區聯成里昆陽街150-1.150-3號","number":"A000515","phone":"(02)27478711#3961","type":"連鎖型綠色商店","city":"台北市"}},{"type":"Feature","geometry":{"type":"Point","coordinates":[121.588378810132,25.046480156037]},"properties":{"name":"7-11聯坊門市","address":"115台北市南港區東新街118巷1號","number":"A000810","phone":"(02)27478711#3961","type":"連鎖型綠色商店","city":"台北市"}},{"type":"Feature","geometry":{"type":"Point","coordinates":[121.552567631729,25.030577757876]},"properties":{"name":"7-11臨江門市","address":"106台北市大安區安和路二段67號","number":"A000644","phone":"(02)27478711#3961","type":"連鎖型綠色商店","city":"台北市"}},{"type":"Feature","geometry":{"type":"Point","coordinates":[121.527802041512,25.03452571809]},"properties":{"name":"7-11臨沂門市","address":"100台北市中正區文祥里臨沂街74.76號","number":"A000656","phone":"(02)27478711#3961","type":"連鎖型綠色商店","city":"台北市"}},{"type":"Feature","geometry":{"type":"Point","coordinates":[121.499525858788,25.134903492934]},"properties":{"name":"7-11薇閣門市","address":"112台北市北投區中央北路一段108號","number":"A000197","phone":"(02)27478711#3961","type":"連鎖型綠色商店","city":"台北市"}},{"type":"Feature","geometry":{"type":"Point","coordinates":[121.544273980789,25.036128448277]},"properties":{"name":"7-11豐安門市","address":"106台北市大安區東豐街9號","number":"A000562","phone":"(02)27478711#3961","type":"連鎖型綠色商店","city":"台北市"}},{"type":"Feature","geometry":{"type":"Point","coordinates":[121.56377641557,25.027101070167]},"properties":{"name":"7-11醫學門市","address":"110台北市信義區吳興街257.259號","number":"A000474","phone":"(02)27478711#3961","type":"連鎖型綠色商店","city":"台北市"}},{"type":"Feature","geometry":{"type":"Point","coordinates":[121.500863275258,25.137234584027]},"properties":{"name":"7-11雙全門市","address":"112台北市北投區中庸里大業路715-717號","number":"A000766","phone":"(02)27478711#3961","type":"連鎖型綠色商店","city":"台北市"}},{"type":"Feature","geometry":{"type":"Point","coordinates":[121.517542759663,25.057138374568]},"properties":{"name":"7-11雙連門市","address":"103台北市大同區民生西路176號","number":"A000803","phone":"(02)27478711#3961","type":"連鎖型綠色商店","city":"台北市"}},{"type":"Feature","geometry":{"type":"Point","coordinates":[121.491564727152,25.032063575942]},"properties":{"name":"7-11雙環門市","address":"108台北市萬華區環河南路二段207號","number":"A000213","phone":"(02)27478711#3961","type":"連鎖型綠色商店","city":"台北市"}},{"type":"Feature","geometry":{"type":"Point","coordinates":[121.541429591152,25.041034433544]},"properties":{"name":"7-11懷生門市","address":"106台北市大安區忠孝東路3段248巷9號","number":"A000365","phone":"(02)27478711#3961","type":"連鎖型綠色商店","city":"台北市"}},{"type":"Feature","geometry":{"type":"Point","coordinates":[121.51967955824,25.11409378383]},"properties":{"name":"7-11懷得門市","address":"112台北市北投區懷德街85號1樓","number":"A000730","phone":"(02)27478711#3961","type":"連鎖型綠色商店","city":"台北市"}},{"type":"Feature","geometry":{"type":"Point","coordinates":[121.521916772016,25.027421845602]},"properties":{"name":"7-11羅亭門市","address":"100台北市中正區羅斯福路二段68號","number":"A000395","phone":"(02)27478711#3961","type":"連鎖型綠色商店","city":"台北市"}},{"type":"Feature","geometry":{"type":"Point","coordinates":[121.540804217356,24.99227539403]},"properties":{"name":"7-11羅捷門市","address":"116台北市文山區景行里羅斯福路6段391號","number":"A000611","phone":"(02)27478711#3961","type":"連鎖型綠色商店","city":"台北市"}},{"type":"Feature","geometry":{"type":"Point","coordinates":[121.538465163456,25.003658982461]},"properties":{"name":"7-11羅斯福門市","address":"116台北市文山區羅斯福路五段190-3號.","number":"A000620","phone":"(02)27478711#3961","type":"連鎖型綠色商店","city":"台北市"}},{"type":"Feature","geometry":{"type":"Point","coordinates":[121.576504251722,24.987419212697]},"properties":{"name":"7-11藝文門市","address":"116台北市文山區指南路二段64號藝文中心4樓","number":"A000708","phone":"(02)27478711#3961","type":"連鎖型綠色商店","city":"台北市"}},{"type":"Feature","geometry":{"type":"Point","coordinates":[121.467462816028,25.121517635473]},"properties":{"name":"7-11關渡門市","address":"112台北市北投區知行路282號","number":"A000326","phone":"(02)27478711#3961","type":"連鎖型綠色商店","city":"台北市"}},{"type":"Feature","geometry":{"type":"Point","coordinates":[121.589896437521,25.053249087675]},"properties":{"name":"7-11鵬馳門市","address":"115台北市南港區南港路三段49-1號","number":"A000245","phone":"(02)27478711#3961","type":"連鎖型綠色商店","city":"台北市"}},{"type":"Feature","geometry":{"type":"Point","coordinates":[121.571974419789,25.081345269029]},"properties":{"name":"7-11麗安門市","address":"114台北市內湖區內湖路一段435號","number":"A000802","phone":"(02)27478711#3961","type":"連鎖型綠色商店","city":"台北市"}},{"type":"Feature","geometry":{"type":"Point","coordinates":[121.495295009341,25.023727144591]},"properties":{"name":"7-11寶昌門市","address":"108台北市萬華區寶興街186號","number":"A000530","phone":"(02)27478711#3961","type":"連鎖型綠色商店","city":"台北市"}},{"type":"Feature","geometry":{"type":"Point","coordinates":[121.567430087164,25.049313867953]},"properties":{"name":"7-11寶德門市","address":"105台北市松山區八德路四段335號1F","number":"A000817","phone":"(02)27478711#3961","type":"連鎖型綠色商店","city":"台北市"}},{"type":"Feature","geometry":{"type":"Point","coordinates":[121.61968278774,25.073428938665]},"properties":{"name":"7-11瓏山林門市","address":"114台北市內湖區康樂街125巷2號","number":"A000333","phone":"(02)27478711#3961","type":"連鎖型綠色商店","city":"台北市"}},{"type":"Feature","geometry":{"type":"Point","coordinates":[121.622087052847,25.075771219598]},"properties":{"name":"7-11瓏馬門市","address":"114台北市內湖區康樂街213號","number":"A000520","phone":"(02)27478711#3961","type":"連鎖型綠色商店","city":"台北市"}},{"type":"Feature","geometry":{"type":"Point","coordinates":[121.61637160071,25.052304908192]},"properties":{"name":"7-11耀港門市","address":"115台北市南港區研究院路一段99號1樓之14","number":"A000386","phone":"(02)27478711#3961","type":"連鎖型綠色商店","city":"台北市"}},{"type":"Feature","geometry":{"type":"Point","coordinates":[121.507773148598,25.035286333894]},"properties":{"name":"7-11警廣門市","address":"100台北市中正區延平南路159號","number":"A000390","phone":"(02)27478711#3961","type":"連鎖型綠色商店","city":"台北市"}},{"type":"Feature","geometry":{"type":"Point","coordinates":[121.561427722481,25.084631477988]},"properties":{"name":"7-11馨瑩門市","address":"114台北市內湖區內湖路一段91巷2號","number":"A000378","phone":"(02)27478711#3961","type":"連鎖型綠色商店","city":"台北市"}},{"type":"Feature","geometry":{"type":"Point","coordinates":[121.506908387647,25.117397678605]},"properties":{"name":"7-11鐏賢門市","address":"112台北市北投區尊賢街247號","number":"A000705","phone":"(02)27478711#3961","type":"連鎖型綠色商店","city":"台北市"}},{"type":"Feature","geometry":{"type":"Point","coordinates":[121.525028218294,25.106393538931]},"properties":{"name":"7-11蘭雅門市","address":"111台北市士林區中山北路6段150號","number":"A000243","phone":"(02)27478711#3961","type":"連鎖型綠色商店","city":"台北市"}},{"type":"Feature","geometry":{"type":"Point","coordinates":[121.522346596011,25.117987387403]},"properties":{"name":"7-11護專門市","address":"112台北市北投區振興街31號","number":"A000816","phone":"(02)27478711#3961","type":"連鎖型綠色商店","city":"台北市"}},{"type":"Feature","geometry":{"type":"Point","coordinates":[121.543572089422,25.062539379607]},"properties":{"name":"7-11權東門市","address":"104台北市中山區民權東路3段73號","number":"A000541","phone":"(02)27478711#3961","type":"連鎖型綠色商店","city":"台北市"}},{"type":"Feature","geometry":{"type":"Point","coordinates":[121.533458317413,25.063826253202]},"properties":{"name":"7-11權松門市","address":"104台北市中山區松江路363號","number":"A000621","phone":"(02)27478711#3961","type":"連鎖型綠色商店","city":"台北市"}},{"type":"Feature","geometry":{"type":"Point","coordinates":[121.519870496252,25.062690283127]},"properties":{"name":"7-11權站門市","address":"104台北市中山區民權西路72號","number":"A000587","phone":"(02)27478711#3961","type":"連鎖型綠色商店","city":"台北市"}},{"type":"Feature","geometry":{"type":"Point","coordinates":[121.51638731431,25.063141032617]},"properties":{"name":"7-11權鑫門市","address":"103台北市大同區民權西路157之1號1樓","number":"A000851","phone":"(02)27478711#3961","type":"連鎖型綠色商店","city":"台北市"}},{"type":"Feature","geometry":{"type":"Point","coordinates":[121.524914392049,25.056320803732]},"properties":{"name":"7-11歡唱門市","address":"104台北市中山區林森北路310巷17號","number":"A000246","phone":"(02)27478711#3961","type":"連鎖型綠色商店","city":"台北市"}},{"type":"Feature","geometry":{"type":"Point","coordinates":[121.557749743367,25.018138845925]},"properties":{"name":"7-11麟光門市","address":"106台北市大安區臥龍街275號","number":"A000382","phone":"(02)27478711#3961","type":"連鎖型綠色商店","city":"台北市"}},{"type":"Feature","geometry":{"type":"Point","coordinates":[121.513383324031,25.046697834063]},"properties":{"name":"7-11鑫大孝門市","address":"100台北市中正區黎明里重慶南路一段1-1號一樓","number":"A000904","phone":"(02)27478711#3961","type":"連鎖型綠色商店","city":"台北市"}},{"type":"Feature","geometry":{"type":"Point","coordinates":[121.51668428514,25.044595066013]},"properties":{"name":"7-11鑫公信門市","address":"100台北市中正區信陽街2-1號","number":"A000699","phone":"(02)27478711#3961","type":"連鎖型綠色商店","city":"台北市"}},{"type":"Feature","geometry":{"type":"Point","coordinates":[121.515113600304,25.050381261413]},"properties":{"name":"7-11鑫太原門市","address":"103台北市大同區太原路40.42.44號","number":"A000706","phone":"(02)27478711#3961","type":"連鎖型綠色商店","city":"台北市"}},{"type":"Feature","geometry":{"type":"Point","coordinates":[121.583364671834,25.078699688929]},"properties":{"name":"7-11鑫文德門市","address":"114台北市內湖區文德路99號1樓","number":"A000748","phone":"(02)27478711#3961","type":"連鎖型綠色商店","city":"台北市"}},{"type":"Feature","geometry":{"type":"Point","coordinates":[121.5355145659,25.042213893049]},"properties":{"name":"7-11鑫北科門市","address":"106台北市大安區忠孝東路3段1號第六教學大樓B4","number":"A000685","phone":"(02)27478711#3961","type":"連鎖型綠色商店","city":"台北市"}},{"type":"Feature","geometry":{"type":"Point","coordinates":[121.518712621889,25.046090481359]},"properties":{"name":"7-11鑫台北門市","address":"100台北市中正區黎明里忠孝西路一段35號一樓","number":"A000673","phone":"(02)27478711#3961","type":"連鎖型綠色商店","city":"台北市"}},{"type":"Feature","geometry":{"type":"Point","coordinates":[121.528854640913,25.052280684492]},"properties":{"name":"7-11鑫生門市","address":"104台北市中山區南京東路二段23號","number":"A000459","phone":"(02)27478711#3961","type":"連鎖型綠色商店","city":"台北市"}},{"type":"Feature","geometry":{"type":"Point","coordinates":[121.552866865673,25.118847496397]},"properties":{"name":"7-11鑫仰德門市","address":"111台北市士林區仰德大道三段68.70號","number":"A000870","phone":"(02)27478711#3961","type":"連鎖型綠色商店","city":"台北市"}},{"type":"Feature","geometry":{"type":"Point","coordinates":[121.577254599695,25.044667401838]},"properties":{"name":"7-11鑫吉門市","address":"110台北市信義區虎林街85號","number":"A000683","phone":"(02)27478711#3961","type":"連鎖型綠色商店","city":"台北市"}},{"type":"Feature","geometry":{"type":"Point","coordinates":[121.54058486295,25.048217473108]},"properties":{"name":"7-11鑫安江門市","address":"104台北市中山區長安東路二段178.178-1號1樓","number":"A000859","phone":"(02)27478711#3961","type":"連鎖型綠色商店","city":"台北市"}},{"type":"Feature","geometry":{"type":"Point","coordinates":[121.578948414688,25.078441945407]},"properties":{"name":"7-11鑫江南門市","address":"114台北市內湖區文德路6號1樓","number":"A000825","phone":"(02)27478711#3961","type":"連鎖型綠色商店","city":"台北市"}},{"type":"Feature","geometry":{"type":"Point","coordinates":[121.52646303248,25.042255593018]},"properties":{"name":"7-11鑫杭門市","address":"100台北市中正區杭州南路1段23號","number":"A000725","phone":"(02)27478711#3961","type":"連鎖型綠色商店","city":"台北市"}},{"type":"Feature","geometry":{"type":"Point","coordinates":[121.531583620949,25.051248830301]},"properties":{"name":"7-11鑫東一門市","address":"104台北市中山區一江街11.13號","number":"A000665","phone":"(02)27478711#3961","type":"連鎖型綠色商店","city":"台北市"}},{"type":"Feature","geometry":{"type":"Point","coordinates":[121.507189432861,25.044902849498]},"properties":{"name":"7-11鑫武昌門市","address":"108台北市萬華區武昌街二段57號1樓","number":"A000854","phone":"(02)27478711#3961","type":"連鎖型綠色商店","city":"台北市"}},{"type":"Feature","geometry":{"type":"Point","coordinates":[121.526661432128,25.048953278479]},"properties":{"name":"7-11鑫長安門市","address":"104台北市中山區長安東路一段53巷1之3號","number":"A000698","phone":"(02)27478711#3961","type":"連鎖型綠色商店","city":"台北市"}},{"type":"Feature","geometry":{"type":"Point","coordinates":[121.502436223208,25.021628902769]},"properties":{"name":"7-11鑫青天門市","address":"108台北市萬華區青年路144號","number":"A000848","phone":"(02)27478711#3961","type":"連鎖型綠色商店","city":"台北市"}},{"type":"Feature","geometry":{"type":"Point","coordinates":[121.513805436675,25.026352608123]},"properties":{"name":"7-11鑫泉州門市","address":"100台北市中正區汀州路一段285號一樓","number":"A000784","phone":"(02)27478711#3961","type":"連鎖型綠色商店","city":"台北市"}},{"type":"Feature","geometry":{"type":"Point","coordinates":[121.515905103421,25.029868062134]},"properties":{"name":"7-11鑫重寧門市","address":"100台北市中正區寧波西街86號1樓","number":"A000834","phone":"(02)27478711#3961","type":"連鎖型綠色商店","city":"台北市"}},{"type":"Feature","geometry":{"type":"Point","coordinates":[121.519379821382,25.029367536786]},"properties":{"name":"7-11鑫國語門市","address":"100台北市中正區福州街11-3.11-4號","number":"A000709","phone":"(02)27478711#3961","type":"連鎖型綠色商店","city":"台北市"}},{"type":"Feature","geometry":{"type":"Point","coordinates":[121.580988905197,25.082743873393]},"properties":{"name":"7-11鑫湖門市","address":"114台北市內湖區內湖路二段103巷64號","number":"A000464","phone":"(02)27478711#3961","type":"連鎖型綠色商店","city":"台北市"}},{"type":"Feature","geometry":{"type":"Point","coordinates":[121.514051864629,25.045419007095]},"properties":{"name":"7-11鑫華福門市","address":"100台北市中正區懷寧街30.32號1樓","number":"A000863","phone":"(02)27478711#3961","type":"連鎖型綠色商店","city":"台北市"}},{"type":"Feature","geometry":{"type":"Point","coordinates":[121.608460928131,25.072297507465]},"properties":{"name":"7-11鑫碁泰門市","address":"114台北市內湖區康寧路三段63.65.67號","number":"A000602","phone":"(02)27478711#3961","type":"連鎖型綠色商店","city":"台北市"}},{"type":"Feature","geometry":{"type":"Point","coordinates":[121.560537312906,25.056799997136]},"properties":{"name":"7-11鑫壽門市","address":"105台北市松山區延壽街323號","number":"A000591","phone":"(02)27478711#3961","type":"連鎖型綠色商店","city":"台北市"}},{"type":"Feature","geometry":{"type":"Point","coordinates":[121.514991224518,25.056903178364]},"properties":{"name":"7-11鑫寧門市","address":"103台北市大同區民生西路214.216號1樓","number":"A000829","phone":"(02)27478711#3961","type":"連鎖型綠色商店","city":"台北市"}},{"type":"Feature","geometry":{"type":"Point","coordinates":[121.52609682713,25.066749651482]},"properties":{"name":"7-11鑫德惠門市","address":"104台北市中山區德惠街15號1樓","number":"A000723","phone":"(02)27478711#3961","type":"連鎖型綠色商店","city":"台北市"}},{"type":"Feature","geometry":{"type":"Point","coordinates":[121.504923552975,25.045102129246]},"properties":{"name":"7-11鑫樂昇門市","address":"108台北市萬華區武昌街二段114之3號","number":"A000707","phone":"(02)27478711#3961","type":"連鎖型綠色商店","city":"台北市"}},{"type":"Feature","geometry":{"type":"Point","coordinates":[121.617113399141,25.069852129123]},"properties":{"name":"7-11鑫輝煌門市","address":"114台北市內湖區東湖路119巷49弄2號1樓","number":"A000852","phone":"(02)27478711#3961","type":"連鎖型綠色商店","city":"台北市"}},{"type":"Feature","geometry":{"type":"Point","coordinates":[121.513770735596,25.04223032158]},"properties":{"name":"7-11鑫衡陽門市","address":"100台北市中正區衡陽路6號1樓","number":"A000842","phone":"(02)27478711#3961","type":"連鎖型綠色商店","city":"台北市"}},{"type":"Feature","geometry":{"type":"Point","coordinates":[121.534969323098,25.060378524969]},"properties":{"name":"7-11鑫錦州門市","address":"104台北市中山區錦州街263號","number":"A000710","phone":"(02)27478711#3961","type":"連鎖型綠色商店","city":"台北市"}},{"type":"Feature","geometry":{"type":"Point","coordinates":[121.533318088173,25.056405251406]},"properties":{"name":"7-11鑫櫃門市","address":"104台北市中山區松江路183.183-1號1樓","number":"A000868","phone":"(02)27478711#3961","type":"連鎖型綠色商店","city":"台北市"}},{"type":"Feature","geometry":{"type":"Point","coordinates":[121.493365830506,25.027464844765]},"properties":{"name":"7-11鑫寶門市","address":"108台北市萬華區寶興街41號1樓","number":"A000830","phone":"(02)27478711#3961","type":"連鎖型綠色商店","city":"台北市"}},{"type":"Feature","geometry":{"type":"Point","coordinates":[121.517243441901,25.046481413323]},"properties":{"name":"7-11鑫鑫運門市","address":"100台北市中正區忠孝西路一段49號B1","number":"A000682","phone":"(02)27478711#3961","type":"連鎖型綠色商店","city":"台北市"}},{"type":"Feature","geometry":{"type":"Point","coordinates":[121.513944492449,25.067912305271]},"properties":{"name":"大同綜合訊電股份有限公司-大同3C_仁愛服務站","address":"103台北市大同區重慶北路三段133號","number":"A001455","phone":"","type":"連鎖型綠色商店","city":"台北市"}},{"type":"Feature","geometry":{"type":"Point","coordinates":[121.522548013144,25.064178125497]},"properties":{"name":"大同綜合訊電股份有限公司-大同3C_台北中山門市","address":"104臺北市中山區台北市中山北路三段13號","number":"A001458","phone":"(02)25911834","type":"連鎖型綠色商店","city":"台北市"}},{"type":"Feature","geometry":{"type":"Point","coordinates":[121.499025123892,25.13524924644]},"properties":{"name":"大同綜合訊電股份有限公司-大同3C_台北中央北門市","address":"112台北市北投區中央北路一段134號","number":"A001456","phone":"(02)28913841","type":"連鎖型綠色商店","city":"台北市"}},{"type":"Feature","geometry":{"type":"Point","coordinates":[121.58999693654,25.082039709707]},"properties":{"name":"大同綜合訊電股份有限公司-大同3C_台北內湖門市","address":"114台北市內湖區內湖路二段259號","number":"A001452","phone":"(02)27902584","type":"連鎖型綠色商店","city":"台北市"}},{"type":"Feature","geometry":{"type":"Point","coordinates":[121.524387002701,25.096263967034]},"properties":{"name":"大同綜合訊電股份有限公司-大同3C_台北文林門市","address":"111臺北市士林區文林路488號","number":"A001466","phone":"(02)28313499","type":"連鎖型綠色商店","city":"台北市"}},{"type":"Feature","geometry":{"type":"Point","coordinates":[121.559196711313,24.981451465274]},"properties":{"name":"大同綜合訊電股份有限公司-大同3C_台北木新門市","address":"116台北市文山區木新路三段228號","number":"A001474","phone":"(02)29394672","type":"連鎖型綠色商店","city":"台北市"}},{"type":"Feature","geometry":{"type":"Point","coordinates":[121.543356339235,25.062543067645]},"properties":{"name":"大同綜合訊電股份有限公司-大同3C_台北民權門市","address":"104台北市中山區民權東路三段65號","number":"A001454","phone":"(02)25029959","type":"連鎖型綠色商店","city":"台北市"}},{"type":"Feature","geometry":{"type":"Point","coordinates":[121.512886444811,25.114162431617]},"properties":{"name":"大同綜合訊電股份有限公司-大同3C_台北石牌門市","address":"112臺北市北投區台北市石牌路一段144號","number":"A001472","phone":"(02)28234977","type":"連鎖型綠色商店","city":"台北市"}},{"type":"Feature","geometry":{"type":"Point","coordinates":[121.582292794055,25.044370137641]},"properties":{"name":"大同綜合訊電股份有限公司-大同3C_台北忠孝門市","address":"台北市忠孝東路五段974號","number":"A001457","phone":"(02)26539716","type":"連鎖型綠色商店","city":"台北市"}},{"type":"Feature","geometry":{"type":"Point","coordinates":[121.510512270737,25.081929655318]},"properties":{"name":"大同綜合訊電股份有限公司-大同3C_台北社子門市","address":"111台北市大同區延平北路五段130、132號","number":"A001464","phone":"(02)28122520","type":"連鎖型綠色商店","city":"台北市"}},{"type":"Feature","geometry":{"type":"Point","coordinates":[121.565468889459,25.051579035377]},"properties":{"name":"大同綜合訊電股份有限公司-大同3C_台北南京東門市","address":"105台北市松山區南京東路五段267號","number":"A001461","phone":"","type":"連鎖型綠色商店","city":"台北市"}},{"type":"Feature","geometry":{"type":"Point","coordinates":[121.513422132243,25.059638402918]},"properties":{"name":"大同綜合訊電股份有限公司-大同3C_台北重慶北門市","address":"103台北市大同區重慶北路二段174-2、3號","number":"A001459","phone":"(02)25534806","type":"連鎖型綠色商店","city":"台北市"}},{"type":"Feature","geometry":{"type":"Point","coordinates":[121.565333102627,25.027427922481]},"properties":{"name":"大同綜合訊電股份有限公司-大同3C_台北莊敬門市","address":"110台北市莊敬路386、388號","number":"A001473","phone":"(02)27588973","type":"連鎖型綠色商店","city":"台北市"}},{"type":"Feature","geometry":{"type":"Point","coordinates":[121.544510095019,25.051990302579]},"properties":{"name":"大同綜合訊電股份有限公司-大同3C_台北復北二門市","address":"105台北市松山區南京東路三段225號","number":"A001468","phone":"","type":"連鎖型綠色商店","city":"台北市"}},{"type":"Feature","geometry":{"type":"Point","coordinates":[121.5433156,25.0302994]},"properties":{"name":"大同綜合訊電股份有限公司-大同3C_台北復南門市","address":"106台北市大安區復興南路ㄧ段154~162號","number":"A001453","phone":"(02)27315405","type":"連鎖型綠色商店","city":"台北市"}},{"type":"Feature","geometry":{"type":"Point","coordinates":[121.501424276038,25.035747883392]},"properties":{"name":"大同綜合訊電股份有限公司-大同3C_台北萬華門市","address":"108臺北市萬華區康定路215號","number":"A001460","phone":"(02)23088048","type":"連鎖型綠色商店","city":"台北市"}},{"type":"Feature","geometry":{"type":"Point","coordinates":[121.558602434377,25.058717608945]},"properties":{"name":"大同綜合訊電股份有限公司-大同3C_民生東門市","address":"105台北市松山區民生東路五段75號","number":"A001469","phone":"","type":"連鎖型綠色商店","city":"台北市"}},{"type":"Feature","geometry":{"type":"Point","coordinates":[121.5786291,25.0734541]},"properties":{"name":"大潤發流通事業股份有限公司內湖分公司","address":"114臺北市內湖區","number":"A000048","phone":"(02)87925777#588","type":"連鎖型綠色商店","city":"台北市"}},{"type":"Feature","geometry":{"type":"Point","coordinates":[121.57598851322,25.062652744848]},"properties":{"name":"大潤發流通事業股份有限公司南湖分公司","address":"114臺北市內湖區舊宗路一段188號","number":"A000078","phone":"(02)27905050#501","type":"連鎖型綠色商店","city":"台北市"}},{"type":"Feature","geometry":{"type":"Point","coordinates":[121.523711924219,25.08097554328]},"properties":{"name":"中華電信股份有限公司（股）台北營運處士林服務中心","address":"111臺北市基河路10號","number":"A001690","phone":"(02)23445862","type":"連鎖型綠色商店","city":"台北市"}},{"type":"Feature","geometry":{"type":"Point","coordinates":[121.526868297498,25.089066929691]},"properties":{"name":"中華電信股份有限公司台北營運處士林夜市服務中心","address":"111臺北市士林區文林路158號","number":"A001692","phone":"(02)23445862","type":"連鎖型綠色商店","city":"台北市"}},{"type":"Feature","geometry":{"type":"Point","coordinates":[121.546609439676,25.033550567475]},"properties":{"name":"中華電信股份有限公司台北營運處大安服務中心","address":"106臺北市信義路四段89之1號","number":"A001702","phone":"(02)23445862","type":"連鎖型綠色商店","city":"台北市"}},{"type":"Feature","geometry":{"type":"Point","coordinates":[121.549390638969,25.083733189424]},"properties":{"name":"中華電信股份有限公司台北營運處大直服務中心","address":"104臺北市中山區北安路662號1樓","number":"A001724","phone":"(02)23445862","type":"連鎖型綠色商店","city":"台北市"}},{"type":"Feature","geometry":{"type":"Point","coordinates":[121.512725428451,25.057075175018]},"properties":{"name":"中華電信股份有限公司台北營運處大稻埕服務中心","address":"103臺北市大同區民生西路305號","number":"A001728","phone":"","type":"連鎖型綠色商店","city":"台北市"}},{"type":"Feature","geometry":{"type":"Point","coordinates":[121.518821502812,25.071312214747]},"properties":{"name":"中華電信股份有限公司台北營運處大龍峒服務中心","address":"103臺北市承德路三段249號","number":"A001711","phone":"(02)23445862","type":"連鎖型綠色商店","city":"台北市"}},{"type":"Feature","geometry":{"type":"Point","coordinates":[121.580319023496,25.04553719193]},"properties":{"name":"中華電信股份有限公司台北營運處五分埔服務中心","address":"110臺北市信義區永吉路525號","number":"A001695","phone":"(02)23445862","type":"連鎖型綠色商店","city":"台北市"}},{"type":"Feature","geometry":{"type":"Point","coordinates":[121.589885792504,25.079376779068]},"properties":{"name":"中華電信股份有限公司台北營運處內湖成功服務中心","address":"114臺北市內湖區成功路三段135 號","number":"A001684","phone":"(02)23445862","type":"連鎖型綠色商店","city":"台北市"}},{"type":"Feature","geometry":{"type":"Point","coordinates":[121.567462776586,24.988795982203]},"properties":{"name":"中華電信股份有限公司台北營運處木柵服務中心","address":"116臺北市木柵路三段79號","number":"A001680","phone":"(02)23445862","type":"連鎖型綠色商店","city":"台北市"}},{"type":"Feature","geometry":{"type":"Point","coordinates":[121.500829663827,25.140039713653]},"properties":{"name":"中華電信股份有限公司台北營運處北投中和服務中心","address":"112臺北市北投區中和街260號","number":"A001687","phone":"(02)23445862","type":"連鎖型綠色商店","city":"台北市"}},{"type":"Feature","geometry":{"type":"Point","coordinates":[121.503160084366,25.13556436409]},"properties":{"name":"中華電信股份有限公司台北營運處北投服務中心","address":"112臺北市北投區光明路176號","number":"A001688","phone":"(02)23445862","type":"連鎖型綠色商店","city":"台北市"}},{"type":"Feature","geometry":{"type":"Point","coordinates":[121.564789620025,25.033416708481]},"properties":{"name":"中華電信股份有限公司台北營運處台北101服務中心","address":"110臺北市信義區信義路五段7號35樓C室","number":"A001698","phone":"(02)23445862","type":"連鎖型綠色商店","city":"台北市"}},{"type":"Feature","geometry":{"type":"Point","coordinates":[121.531021027607,25.045632997083]},"properties":{"name":"中華電信股份有限公司台北營運處台北三創服務中心","address":"100臺北市中正區市民大道三段2號","number":"A001730","phone":"(02)23445862","type":"連鎖型綠色商店","city":"台北市"}},{"type":"Feature","geometry":{"type":"Point","coordinates":[121.51707647439,25.045229282717]},"properties":{"name":"中華電信股份有限公司台北營運處台北公園服務中心","address":"100臺北市中正區公園路18號","number":"A001716","phone":"(02)23445862","type":"連鎖型綠色商店","city":"台北市"}},{"type":"Feature","geometry":{"type":"Point","coordinates":[121.534572942897,25.014231412212]},"properties":{"name":"中華電信股份有限公司台北營運處台北公館服務中心","address":"100臺北市中正區羅斯福路四段76號","number":"A001712","phone":"(02)23445862","type":"連鎖型綠色商店","city":"台北市"}},{"type":"Feature","geometry":{"type":"Point","coordinates":[121.560097346809,24.981665161895]},"properties":{"name":"中華電信股份有限公司台北營運處台北木新服務中心","address":"116臺北市文山區木新路三段200號","number":"A001679","phone":"(02)23445862","type":"連鎖型綠色商店","city":"台北市"}},{"type":"Feature","geometry":{"type":"Point","coordinates":[121.536569763691,25.060605464997]},"properties":{"name":"中華電信股份有限公司台北營運處台北北區服務中心","address":"104臺北市中山區松江里建國北路2段216號1樓","number":"A001722","phone":"(02)23445862","type":"連鎖型綠色商店","city":"台北市"}},{"type":"Feature","geometry":{"type":"Point","coordinates":[121.564760199545,25.058760691927]},"properties":{"name":"中華電信股份有限公司台北營運處台北民生服務中心","address":"105臺北市松山區民生東路五段206號","number":"A001707","phone":"(02)23445862","type":"連鎖型綠色商店","city":"台北市"}},{"type":"Feature","geometry":{"type":"Point","coordinates":[121.557795676197,25.037253608479]},"properties":{"name":"中華電信股份有限公司台北營運處台北光復服務中心","address":"110台北市信義區仁愛路四段420-1號","number":"A001737","phone":"","type":"連鎖型綠色商店","city":"台北市"}},{"type":"Feature","geometry":{"type":"Point","coordinates":[121.54000399706,25.041449044385]},"properties":{"name":"中華電信股份有限公司台北營運處台北忠孝服務中心","address":"106臺北市大安區義村里忠孝東路3段214號1樓","number":"A001726","phone":"(02)23445862","type":"連鎖型綠色商店","city":"台北市"}},{"type":"Feature","geometry":{"type":"Point","coordinates":[121.526304195414,25.031977493796]},"properties":{"name":"中華電信股份有限公司台北營運處台北東門服務中心","address":"106臺北市大安區愛國東路35-1號","number":"A001706","phone":"(02)23445862","type":"連鎖型綠色商店","city":"台北市"}},{"type":"Feature","geometry":{"type":"Point","coordinates":[121.568002068236,25.033642055948]},"properties":{"name":"中華電信股份有限公司台北營運處台北東區服務中心","address":"110臺北市信義區松仁路130號","number":"A001717","phone":"(02)23445862","type":"連鎖型綠色商店","city":"台北市"}},{"type":"Feature","geometry":{"type":"Point","coordinates":[121.61352267564,25.068975884965]},"properties":{"name":"中華電信股份有限公司台北營運處台北東湖服務中心","address":"114臺北市內湖區東湖路33巷1號","number":"A001682","phone":"(02)23445862","type":"連鎖型綠色商店","city":"台北市"}},{"type":"Feature","geometry":{"type":"Point","coordinates":[121.533185151188,25.049235287611]},"properties":{"name":"中華電信股份有限公司台北營運處台北松江服務中心","address":"104臺北市中山區朱園里松江路67之1號1樓　","number":"A001723","phone":"(02)23445862","type":"連鎖型綠色商店","city":"台北市"}},{"type":"Feature","geometry":{"type":"Point","coordinates":[121.523816027457,25.038153070509]},"properties":{"name":"中華電信股份有限公司台北營運處台北南區服務中心","address":"100臺北市仁愛路一段42號","number":"A001713","phone":"(02)23445862","type":"連鎖型綠色商店","city":"台北市"}},{"type":"Feature","geometry":{"type":"Point","coordinates":[121.529751253095,25.026301268966]},"properties":{"name":"中華電信股份有限公司台北營運處台北師大服務中心","address":"106臺北市大安區和平東路1段182之2號","number":"A001705","phone":"(02)23445862","type":"連鎖型綠色商店","city":"台北市"}},{"type":"Feature","geometry":{"type":"Point","coordinates":[121.553581590556,25.027452104272]},"properties":{"name":"中華電信股份有限公司台北營運處台北通化服務中心","address":"106臺北市大安區通化街177號","number":"A001703","phone":"(02)23445862","type":"連鎖型綠色商店","city":"台北市"}},{"type":"Feature","geometry":{"type":"Point","coordinates":[121.511046197969,25.039522924945]},"properties":{"name":"中華電信股份有限公司台北營運處台北博愛服務中心","address":"100臺北市博愛路168號","number":"A001715","phone":"(02)23445862","type":"連鎖型綠色商店","city":"台北市"}},{"type":"Feature","geometry":{"type":"Point","coordinates":[121.551130889706,25.058032639817]},"properties":{"name":"中華電信股份有限公司台北營運處台北敦北服務中心","address":"105臺北市松山區精忠里民生東路4段69號1樓","number":"A001718","phone":"(02)23445862","type":"連鎖型綠色商店","city":"台北市"}},{"type":"Feature","geometry":{"type":"Point","coordinates":[121.511307042796,25.113688351174]},"properties":{"name":"中華電信股份有限公司台北營運處石牌服務中心","address":"112臺北市北投區石牌路一段73號","number":"A001686","phone":"(02)23445862","type":"連鎖型綠色商店","city":"台北市"}},{"type":"Feature","geometry":{"type":"Point","coordinates":[121.520048194341,25.043186780551]},"properties":{"name":"中華電信股份有限公司台北營運處立法院服務中心","address":"100臺北市濟南路一段1號2樓","number":"A001714","phone":"(02)23445862","type":"連鎖型綠色商店","city":"台北市"}},{"type":"Feature","geometry":{"type":"Point","coordinates":[121.50484182942,25.043385264018]},"properties":{"name":"中華電信股份有限公司台北營運處西門町服務中心","address":"108臺北市萬華區昆明街126號","number":"A001701","phone":"(02)23445862","type":"連鎖型綠色商店","city":"台北市"}},{"type":"Feature","geometry":{"type":"Point","coordinates":[121.551904623188,25.063648850221]},"properties":{"name":"中華電信股份有限公司台北營運處松山機場服務中心","address":"105臺北市松山區敦化北路340之9號","number":"A001709","phone":"(02)23445862","type":"連鎖型綠色商店","city":"台北市"}},{"type":"Feature","geometry":{"type":"Point","coordinates":[121.50988178398,25.083833311258]},"properties":{"name":"中華電信股份有限公司台北營運處社子服務中心","address":"111臺北市士林區延平北路五段211號","number":"A001689","phone":"(02)23445862","type":"連鎖型綠色商店","city":"台北市"}},{"type":"Feature","geometry":{"type":"Point","coordinates":[121.522141155564,25.10140123549]},"properties":{"name":"中華電信股份有限公司台北營運處芝山服務中心","address":"111臺北市士林區福國路95號2F","number":"A001693","phone":"(02)23445862","type":"連鎖型綠色商店","city":"台北市"}},{"type":"Feature","geometry":{"type":"Point","coordinates":[121.525170794467,25.055081162162]},"properties":{"name":"中華電信股份有限公司台北營運處長春服務中心","address":"104臺北市中山區中山里長春路27號","number":"A001725","phone":"(02)23445862","type":"連鎖型綠色商店","city":"台北市"}},{"type":"Feature","geometry":{"type":"Point","coordinates":[121.561444821563,25.051690682327]},"properties":{"name":"中華電信股份有限公司台北營運處南京東服務中心","address":"105臺北市松山區南京東路五段135號","number":"A001708","phone":"(02)23445862","type":"連鎖型綠色商店","city":"台北市"}},{"type":"Feature","geometry":{"type":"Point","coordinates":[121.607155530531,25.054576781138]},"properties":{"name":"中華電信股份有限公司台北營運處南港服務中心","address":"115臺北市南港路一段356號","number":"A001681","phone":"(02)23445862","type":"連鎖型綠色商店","city":"台北市"}},{"type":"Feature","geometry":{"type":"Point","coordinates":[121.50291390787,25.027668986017]},"properties":{"name":"中華電信股份有限公司台北營運處南機場服務中心","address":"108臺北市西藏路125巷20號","number":"A001699","phone":"(02)23445862","type":"連鎖型綠色商店","city":"台北市"}},{"type":"Feature","geometry":{"type":"Point","coordinates":[121.609258633856,25.07252645915]},"properties":{"name":"中華電信股份有限公司台北營運處康寧服務中心","address":"114臺北市內湖區康寧路三段75巷22號","number":"A001683","phone":"(02)23445862","type":"連鎖型綠色商店","city":"台北市"}},{"type":"Feature","geometry":{"type":"Point","coordinates":[121.548512550792,25.043631230967]},"properties":{"name":"中華電信股份有限公司台北營運處頂好服務中心","address":"106臺北市大安區光武里敦化南路1段158號1樓","number":"A001727","phone":"(02)23445862","type":"連鎖型綠色商店","city":"台北市"}},{"type":"Feature","geometry":{"type":"Point","coordinates":[121.548347846395,25.0248136907]},"properties":{"name":"中華電信股份有限公司台北營運處敦南服務中心","address":"106臺北市敦化南路二段162號","number":"A001704","phone":"(02)23445862","type":"連鎖型綠色商店","city":"台北市"}},{"type":"Feature","geometry":{"type":"Point","coordinates":[121.541130608665,24.990913837678]},"properties":{"name":"中華電信股份有限公司台北營運處景文服務中心","address":"116臺北市文山區景文街60號","number":"A001678","phone":"(02)23445862","type":"連鎖型綠色商店","city":"台北市"}},{"type":"Feature","geometry":{"type":"Point","coordinates":[121.542296782854,24.99727557646]},"properties":{"name":"中華電信股份有限公司台北營運處景美服務中心","address":"116臺北市羅斯福路六段159巷19號","number":"A001677","phone":"(02)23445862","type":"連鎖型綠色商店","city":"台北市"}},{"type":"Feature","geometry":{"type":"Point","coordinates":[121.546258070295,25.151156212739]},"properties":{"name":"中華電信股份有限公司台北營運處陽明山服務中心","address":"112臺北市北投區紗帽路139號","number":"A001685","phone":"(02)23445862","type":"連鎖型綠色商店","city":"台北市"}},{"type":"Feature","geometry":{"type":"Point","coordinates":[121.53101650138,25.108785817916]},"properties":{"name":"中華電信股份有限公司台北營運處德行東服務中心","address":"111臺北市士林區德行東路177號","number":"A001694","phone":"(02)23445862","type":"連鎖型綠色商店","city":"台北市"}},{"type":"Feature","geometry":{"type":"Point","coordinates":[121.510945363674,25.065523379047]},"properties":{"name":"中華電信股份有限公司高雄營運處橋頭服務中心","address":"103臺北市大同區延平北路三段68號","number":"A001710","phone":"(02)23445862","type":"連鎖型綠色商店","city":"台北市"}},{"type":"Feature","geometry":{"type":"Point","coordinates":[121.577867987369,25.07882168753]},"properties":{"name":"中華電信股份有限司公司台北營運處內湖服務中心","address":"114臺北市內湖區港墘里內湖路1段596號","number":"A001721","phone":"(02)23445862","type":"連鎖型綠色商店","city":"台北市"}},{"type":"Feature","geometry":{"type":"Point","coordinates":[121.589943040903,25.080019293856]},"properties":{"name":"內德傢俱生活館","address":"114台北市內湖區成功路三段152號1樓","number":"A000099","phone":"(02)87928698","type":"連鎖型綠色商店","city":"台北市"}},{"type":"Feature","geometry":{"type":"Point","coordinates":[121.543687759686,25.024702840031]},"properties":{"name":"北都汽車股份有限公司-大安營業所","address":"106台北市大安區和平東路2段128號","number":"A001501","phone":"(02)27367256","type":"連鎖型綠色商店","city":"台北市"}},{"type":"Feature","geometry":{"type":"Point","coordinates":[121.562487865594,25.085649041033]},"properties":{"name":"北都汽車股份有限公司-內湖營業所","address":"114台北市內湖區內湖路1段91巷34號","number":"A001499","phone":"(02)27997840","type":"連鎖型綠色商店","city":"台北市"}},{"type":"Feature","geometry":{"type":"Point","coordinates":[121.540220166342,24.998344562481]},"properties":{"name":"北都汽車股份有限公司-文山營業所","address":"116台北市文山區羅斯福路6段88號1樓","number":"A001500","phone":"(02)29339060","type":"連鎖型綠色商店","city":"台北市"}},{"type":"Feature","geometry":{"type":"Point","coordinates":[121.594267013294,25.054895922102]},"properties":{"name":"北都汽車股份有限公司-南港營業所","address":"115台北市南港區南港路2段312號2樓","number":"A001502","phone":"(02)27837366","type":"連鎖型綠色商店","city":"台北市"}},{"type":"Feature","geometry":{"type":"Point","coordinates":[121.549294582358,25.047860110667]},"properties":{"name":"北都汽車股份有限公司-敦化營業所","address":"105台北市松山區八德路3段2號1樓","number":"A001503","phone":"(02)25796285","type":"連鎖型綠色商店","city":"台北市"}},{"type":"Feature","geometry":{"type":"Point","coordinates":[121.495934632372,25.028981592054]},"properties":{"name":"北都汽車股份有限公司-雙園營業所","address":"108台北市萬華區西園路2段159號161號　","number":"A001504","phone":"(02)23023132","type":"連鎖型綠色商店","city":"台北市"}},{"type":"Feature","geometry":{"type":"Point","coordinates":[121.52427803796,25.105007004507]},"properties":{"name":"台象股份有限公司-象印SOGO天母據點","address":"111臺北市士林區中山北路六段77號6樓","number":"A001582","phone":"(02)25069009#217","type":"連鎖型綠色商店","city":"台北市"}},{"type":"Feature","geometry":{"type":"Point","coordinates":[121.544882767622,25.041902421527]},"properties":{"name":"台象股份有限公司-象印SOGO忠孝據點","address":"106臺北市大安區忠孝東路四段45號?8F","number":"A001570","phone":"(02)25069009#217","type":"連鎖型綠色商店","city":"台北市"}},{"type":"Feature","geometry":{"type":"Point","coordinates":[121.543057105291,25.041211752706]},"properties":{"name":"台象股份有限公司-象印SOGO復興據點","address":"106臺北市大安區忠孝東路三段300號8F","number":"A001571","phone":"(02)25069009#217","type":"連鎖型綠色商店","city":"台北市"}},{"type":"Feature","geometry":{"type":"Point","coordinates":[121.531438194928,25.11181105632]},"properties":{"name":"台象股份有限公司-象印大葉高島屋據點","address":"111臺北市士林區忠誠路二段55號12F","number":"A001564","phone":"(02)25069009#217","type":"連鎖型綠色商店","city":"台北市"}},{"type":"Feature","geometry":{"type":"Point","coordinates":[121.523278915101,25.109095613057]},"properties":{"name":"台象股份有限公司-象印天母服務中心","address":"111臺北市士林區克強路30號1樓","number":"A001561","phone":"(02)25069009#217","type":"連鎖型綠色商店","city":"台北市"}},{"type":"Feature","geometry":{"type":"Point","coordinates":[121.534106825261,25.048334652115]},"properties":{"name":"台象股份有限公司-象印長安服務中心","address":"104臺北市中山區長安東路二段80號1樓","number":"A001562","phone":"(02)25069009#217","type":"連鎖型綠色商店","city":"台北市"}},{"type":"Feature","geometry":{"type":"Point","coordinates":[121.612667805335,25.061322578723]},"properties":{"name":"台象股份有限公司-象印南港服務中心","address":"115臺北市南港區重陽路528號1樓","number":"A001581","phone":"(02)25069009#217","type":"連鎖型綠色商店","city":"台北市"}},{"type":"Feature","geometry":{"type":"Point","coordinates":[121.556711979935,25.08292588642]},"properties":{"name":"台象股份有限公司-象印美麗華據點","address":"104臺北市中山區敬業三路20號3F","number":"A001568","phone":"(02)25069009#217","type":"連鎖型綠色商店","city":"台北市"}},{"type":"Feature","geometry":{"type":"Point","coordinates":[121.565417005478,25.040864616186]},"properties":{"name":"台象股份有限公司-象印統一時代台北據點","address":"110臺北市信義區忠孝東路5段8號6F","number":"A001563","phone":"(02)25069009#217","type":"連鎖型綠色商店","city":"台北市"}},{"type":"Feature","geometry":{"type":"Point","coordinates":[121.4997012,25.035103]},"properties":{"name":"台象股份有限公司-象印新光信義A8據點","address":"108臺北市萬華區松高路12號7F","number":"A001567","phone":"(02)25069009#217","type":"連鎖型綠色商店","city":"台北市"}},{"type":"Feature","geometry":{"type":"Point","coordinates":[121.521244878658,25.052327204054]},"properties":{"name":"台象股份有限公司-象印新光南西據點","address":"104臺北市中山區臺北市中山區南京西路12號7F","number":"A001565","phone":"(02)25069009#217","type":"連鎖型綠色商店","city":"台北市"}},{"type":"Feature","geometry":{"type":"Point","coordinates":[121.515302025487,25.046225807185]},"properties":{"name":"台象股份有限公司-象印新光站前據點","address":"100臺北市中正區忠孝西路一段66號10F","number":"A001566","phone":"(02)25069009#217","type":"連鎖型綠色商店","city":"台北市"}},{"type":"Feature","geometry":{"type":"Point","coordinates":[121.509114001649,25.041688305811]},"properties":{"name":"台象股份有限公司-象印遠東寶慶據點","address":"100臺北市中正區寶慶路32號8F","number":"A001569","phone":"(02)25069009#217","type":"連鎖型綠色商店","city":"台北市"}},{"type":"Feature","geometry":{"type":"Point","coordinates":[121.5571473,25.0538432]},"properties":{"name":"台灣歐德系統傢俱健安店","address":"105臺北市松山區","number":"A000100","phone":"(02)27423998","type":"連鎖型綠色商店","city":"台北市"}},{"type":"Feature","geometry":{"type":"Point","coordinates":[121.564789620025,25.033416708481]},"properties":{"name":"全家便利商店股份有限公司１０１分公司","address":"110臺北市信義區信義路五段７號３５樓","number":"A000082","phone":"(02)25239588#6142","type":"連鎖型綠色商店","city":"台北市"}},{"type":"Feature","geometry":{"type":"Point","coordinates":[121.55662757417,24.979268398592]},"properties":{"name":"全家便利商店股份有限公司-一壽店","address":"116臺北市文山區一壽街４４巷１號","number":"A000954","phone":"(02)25239588#6142","type":"連鎖型綠色商店","city":"台北市"}},{"type":"Feature","geometry":{"type":"Point","coordinates":[121.544829207261,25.051629997348]},"properties":{"name":"全家便利商店股份有限公司-力晶店","address":"105臺北市松山區南京東路三段２５８號","number":"A001081","phone":"(02)25239588#6142","type":"連鎖型綠色商店","city":"台北市"}},{"type":"Feature","geometry":{"type":"Point","coordinates":[121.586093903326,25.068790854453]},"properties":{"name":"全家便利商店股份有限公司-三民店","address":"114臺北市內湖區民權東路六段９０巷１號","number":"A001209","phone":"(02)25239588#6142","type":"連鎖型綠色商店","city":"台北市"}},{"type":"Feature","geometry":{"type":"Point","coordinates":[121.55948957501,25.031725156601]},"properties":{"name":"全家便利商店股份有限公司-三興店","address":"110臺北市信義區吳興街７號","number":"A000783","phone":"(02)25239588#6142","type":"連鎖型綠色商店","city":"台北市"}},{"type":"Feature","geometry":{"type":"Point","coordinates":[121.527160490643,25.097650333819]},"properties":{"name":"全家便利商店股份有限公司-士林店","address":"111臺北市士林區中山北路５段６９７號","number":"A001193","phone":"(02)25239588#6142","type":"連鎖型綠色商店","city":"台北市"}},{"type":"Feature","geometry":{"type":"Point","coordinates":[121.528797895428,25.11197031248]},"properties":{"name":"全家便利商店股份有限公司-士誠店","address":"111臺北市士林區士東路８６號","number":"A001191","phone":"(02)25239588#6142","type":"連鎖型綠色商店","city":"台北市"}},{"type":"Feature","geometry":{"type":"Point","coordinates":[121.56270210704,25.049749391642]},"properties":{"name":"全家便利商店股份有限公司-大吉店","address":"105臺北市松山區八德路四段２４５巷３２弄６７號","number":"A001216","phone":"(02)25239588#6142","type":"連鎖型綠色商店","city":"台北市"}},{"type":"Feature","geometry":{"type":"Point","coordinates":[121.497314377454,25.132091029143]},"properties":{"name":"全家便利商店股份有限公司-大同店","address":"112臺北市北投區大業路４５２巷３１號","number":"A000946","phone":"(02)25239588#6142","type":"連鎖型綠色商店","city":"台北市"}},{"type":"Feature","geometry":{"type":"Point","coordinates":[121.546103005086,25.044122326674]},"properties":{"name":"全家便利商店股份有限公司-大安店","address":"106臺北市大安區大安路一段２０號","number":"A000990","phone":"(02)25239588#6142","type":"連鎖型綠色商店","city":"台北市"}},{"type":"Feature","geometry":{"type":"Point","coordinates":[121.521335487031,25.032659529258]},"properties":{"name":"全家便利商店股份有限公司-大孝店","address":"100臺北市中正區愛國東路１１２號１樓．２樓","number":"A001083","phone":"(02)25239588#6142","type":"連鎖型綠色商店","city":"台北市"}},{"type":"Feature","geometry":{"type":"Point","coordinates":[121.546525872101,25.082201564257]},"properties":{"name":"全家便利商店股份有限公司-大直店","address":"104臺北市中山區大直街３３巷１號","number":"A000930","phone":"(02)25239588#6142","type":"連鎖型綠色商店","city":"台北市"}},{"type":"Feature","geometry":{"type":"Point","coordinates":[121.524882708455,25.089385903016]},"properties":{"name":"全家便利商店股份有限公司-大南店","address":"111臺北市士林區大南路５２號","number":"A001182","phone":"(02)25239588#6142","type":"連鎖型綠色商店","city":"台北市"}},{"type":"Feature","geometry":{"type":"Point","coordinates":[121.559963571634,25.049807939236]},"properties":{"name":"全家便利商店股份有限公司-大理店","address":"105臺北市松山區光復北路１１巷５０號１樓","number":"A001028","phone":"(02)25239588#6142","type":"連鎖型綠色商店","city":"台北市"}},{"type":"Feature","geometry":{"type":"Point","coordinates":[121.560409321245,25.050793315773]},"properties":{"name":"全家便利商店股份有限公司-大盛店","address":"105臺北市松山區南京東路五段６６巷２弄１之１號１樓","number":"A001175","phone":"(02)25239588#6142","type":"連鎖型綠色商店","city":"台北市"}},{"type":"Feature","geometry":{"type":"Point","coordinates":[121.534917271479,25.050691182283]},"properties":{"name":"全家便利商店股份有限公司-大通店","address":"104臺北市中山區伊通街３９號１樓","number":"A000977","phone":"(02)25239588#6142","type":"連鎖型綠色商店","city":"台北市"}},{"type":"Feature","geometry":{"type":"Point","coordinates":[121.521459790655,25.084832392207]},"properties":{"name":"全家便利商店股份有限公司-大港店","address":"111臺北市士林區前港街３９號","number":"A000991","phone":"(02)25239588#6142","type":"連鎖型綠色商店","city":"台北市"}},{"type":"Feature","geometry":{"type":"Point","coordinates":[121.498447610763,25.129856204209]},"properties":{"name":"全家便利商店股份有限公司-大業店","address":"112臺北市北投區大興街２２號","number":"A000918","phone":"(02)25239588#6142","type":"連鎖型綠色商店","city":"台北市"}},{"type":"Feature","geometry":{"type":"Point","coordinates":[121.582613988585,25.040758082196]},"properties":{"name":"全家便利商店股份有限公司-大道店","address":"110臺北市信義區大道路７９號１樓","number":"A001221","phone":"(02)25239588#6142","type":"連鎖型綠色商店","city":"台北市"}},{"type":"Feature","geometry":{"type":"Point","coordinates":[121.516046338489,25.067366978651]},"properties":{"name":"全家便利商店股份有限公司-大龍店","address":"103臺北市大同區大龍街１３３號１樓","number":"A001027","phone":"(02)25239588#6142","type":"連鎖型綠色商店","city":"台北市"}},{"type":"Feature","geometry":{"type":"Point","coordinates":[121.611986608064,25.058478473247]},"properties":{"name":"全家便利商店股份有限公司-工業二店","address":"115臺北市南港區園區街３號２樓之７","number":"A000700","phone":"(02)25239588#6142","type":"連鎖型綠色商店","city":"台北市"}},{"type":"Feature","geometry":{"type":"Point","coordinates":[121.614402021102,25.057258277692]},"properties":{"name":"全家便利商店股份有限公司-工業三店","address":"115臺北市南港區三重路６６之２號１樓","number":"A001205","phone":"(02)25239588#6142","type":"連鎖型綠色商店","city":"台北市"}},{"type":"Feature","geometry":{"type":"Point","coordinates":[121.613865830756,25.056029490687]},"properties":{"name":"全家便利商店股份有限公司-工業店","address":"115臺北市南港區三重路１９之４號","number":"A001067","phone":"(02)25239588#6142","type":"連鎖型綠色商店","city":"台北市"}},{"type":"Feature","geometry":{"type":"Point","coordinates":[121.551993890457,25.058108244584]},"properties":{"name":"全家便利商店股份有限公司-中央店","address":"105臺北市松山區民生東路四段９５號","number":"A001085","phone":"(02)25239588#6142","type":"連鎖型綠色商店","city":"台北市"}},{"type":"Feature","geometry":{"type":"Point","coordinates":[121.500953213079,25.139904136369]},"properties":{"name":"全家便利商店股份有限公司-中永店","address":"112臺北市北投區開明里中和街２５２號一樓","number":"A001055","phone":"(02)25239588#6142","type":"連鎖型綠色商店","city":"台北市"}},{"type":"Feature","geometry":{"type":"Point","coordinates":[121.495099710997,25.145127486971]},"properties":{"name":"全家便利商店股份有限公司-中和店","address":"112臺北市北投區中和街４９１號１Ｆ","number":"A001020","phone":"(02)25239588#6142","type":"連鎖型綠色商店","city":"台北市"}},{"type":"Feature","geometry":{"type":"Point","coordinates":[121.552581042774,25.046273542124]},"properties":{"name":"全家便利商店股份有限公司-中崙店","address":"105臺北市松山區八德路三段７４巷４３號","number":"A000713","phone":"(02)25239588#6142","type":"連鎖型綠色商店","city":"台北市"}},{"type":"Feature","geometry":{"type":"Point","coordinates":[121.601496237145,25.056178898111]},"properties":{"name":"全家便利商店股份有限公司-中視店","address":"115臺北市南港區興南街３９號１樓","number":"A001087","phone":"(02)25239588#6142","type":"連鎖型綠色商店","city":"台北市"}},{"type":"Feature","geometry":{"type":"Point","coordinates":[121.522910209734,25.055946395879]},"properties":{"name":"全家便利商店股份有限公司-中賓店","address":"104臺北市中山區中山里中山北路二段５９之３號１樓","number":"A001061","phone":"(02)25239588#6142","type":"連鎖型綠色商店","city":"台北市"}},{"type":"Feature","geometry":{"type":"Point","coordinates":[121.540613193782,25.056267955832]},"properties":{"name":"全家便利商店股份有限公司-中興店","address":"104臺北市中山區龍江路２０１號１Ｆ","number":"A001185","phone":"(02)25239588#6142","type":"連鎖型綠色商店","city":"台北市"}},{"type":"Feature","geometry":{"type":"Point","coordinates":[121.539713312657,25.065480966617]},"properties":{"name":"全家便利商店股份有限公司-五常店","address":"104臺北市中山區五常街５３巷２３號１號","number":"A001045","phone":"(02)25239588#6142","type":"連鎖型綠色商店","city":"台北市"}},{"type":"Feature","geometry":{"type":"Point","coordinates":[121.547004059677,25.037133453897]},"properties":{"name":"全家便利商店股份有限公司-仁慈店","address":"106臺北市大安區仁愛路四段４８巷６號","number":"A001030","phone":"(02)25239588#6142","type":"連鎖型綠色商店","city":"台北市"}},{"type":"Feature","geometry":{"type":"Point","coordinates":[121.591853444274,25.06862317448]},"properties":{"name":"全家便利商店股份有限公司-內華店","address":"114臺北市內湖區民權東路六段１６２號","number":"A000957","phone":"(02)25239588#6142","type":"連鎖型綠色商店","city":"台北市"}},{"type":"Feature","geometry":{"type":"Point","coordinates":[121.557581099476,25.019871385312]},"properties":{"name":"全家便利商店股份有限公司-六張黎店","address":"110臺北市信義區和平東路三段３８７號","number":"A000694","phone":"(02)25239588#6142","type":"連鎖型綠色商店","city":"台北市"}},{"type":"Feature","geometry":{"type":"Point","coordinates":[121.503890570712,25.025336924736]},"properties":{"name":"全家便利商店股份有限公司-公園店","address":"108臺北市萬華區青年路４８號","number":"A001132","phone":"(02)25239588#6142","type":"連鎖型綠色商店","city":"台北市"}},{"type":"Feature","geometry":{"type":"Point","coordinates":[121.534443526312,25.013647947932]},"properties":{"name":"全家便利商店股份有限公司-公館店","address":"100臺北市中正區汀州路三段２５１號","number":"A001053","phone":"(02)25239588#6142","type":"連鎖型綠色商店","city":"台北市"}},{"type":"Feature","geometry":{"type":"Point","coordinates":[121.519487947933,25.097028857608]},"properties":{"name":"全家便利商店股份有限公司-天文店","address":"111臺北市士林區美崙街１１８號","number":"A001159","phone":"(02)25239588#6142","type":"連鎖型綠色商店","city":"台北市"}},{"type":"Feature","geometry":{"type":"Point","coordinates":[121.529147336972,25.120345929228]},"properties":{"name":"全家便利商店股份有限公司-天玉店","address":"111臺北市士林區天玉街３８巷１１之３號１樓","number":"A001157","phone":"(02)25239588#6142","type":"連鎖型綠色商店","city":"台北市"}},{"type":"Feature","geometry":{"type":"Point","coordinates":[121.532598166509,25.117915554493]},"properties":{"name":"全家便利商店股份有限公司-天成店","address":"111臺北市士林區天福里天母東路３６號之５，之６","number":"A000736","phone":"(02)25239588#6142","type":"連鎖型綠色商店","city":"台北市"}},{"type":"Feature","geometry":{"type":"Point","coordinates":[121.535478439897,25.118256236947]},"properties":{"name":"全家便利商店股份有限公司-天和店","address":"111臺北市士林區天母東路８３號","number":"A000994","phone":"(02)25239588#6142","type":"連鎖型綠色商店","city":"台北市"}},{"type":"Feature","geometry":{"type":"Point","coordinates":[121.51572338376,25.051880616253]},"properties":{"name":"全家便利商店股份有限公司-太原店","address":"103臺北市大同區太原路８１號１樓","number":"A001111","phone":"(02)25239588#6142","type":"連鎖型綠色商店","city":"台北市"}},{"type":"Feature","geometry":{"type":"Point","coordinates":[121.5315979,25.1046726]},"properties":{"name":"全家便利商店股份有限公司-文大店","address":"111臺北市士林區華崗路５５號","number":"A001100","phone":"(02)25239588#6142","type":"連鎖型綠色商店","city":"台北市"}},{"type":"Feature","geometry":{"type":"Point","coordinates":[121.49518336239,25.136844154977]},"properties":{"name":"全家便利商店股份有限公司-文化店","address":"112臺北市北投區中央北路二段９７號１樓","number":"A001196","phone":"(02)25239588#6142","type":"連鎖型綠色商店","city":"台北市"}},{"type":"Feature","geometry":{"type":"Point","coordinates":[121.532459110735,25.015043828178]},"properties":{"name":"全家便利商店股份有限公司-文盛店","address":"100臺北市中正區汀州路三段１７３號","number":"A001003","phone":"(02)25239588#6142","type":"連鎖型綠色商店","city":"台北市"}},{"type":"Feature","geometry":{"type":"Point","coordinates":[121.524620187247,25.035960658004]},"properties":{"name":"全家便利商店股份有限公司-文祥店","address":"100臺北市中正區杭州南路一段１４７號","number":"A001106","phone":"(02)25239588#6142","type":"連鎖型綠色商店","city":"台北市"}},{"type":"Feature","geometry":{"type":"Point","coordinates":[121.562777544168,25.086828249081]},"properties":{"name":"全家便利商店股份有限公司-文湖店","address":"114臺北市內湖區文湖街５９號","number":"A000931","phone":"(02)25239588#6142","type":"連鎖型綠色商店","city":"台北市"}},{"type":"Feature","geometry":{"type":"Point","coordinates":[121.523092250118,25.050122847338]},"properties":{"name":"全家便利商店股份有限公司-日津店","address":"104臺北市中山區正義里天津街４７號１樓及地下室","number":"A000976","phone":"(02)25239588#6142","type":"連鎖型綠色商店","city":"台北市"}},{"type":"Feature","geometry":{"type":"Point","coordinates":[121.5023018613,25.020898042722]},"properties":{"name":"全家便利商店股份有限公司-日祥店","address":"108臺北市萬華區青年路１５４號、１６８巷２弄１４號１樓","number":"A000738","phone":"(02)25239588#6142","type":"連鎖型綠色商店","city":"台北市"}},{"type":"Feature","geometry":{"type":"Point","coordinates":[121.518401737101,25.054991643436]},"properties":{"name":"全家便利商店股份有限公司-日新店","address":"103臺北市大同區承德路二段３９＆４１號１樓","number":"A000599","phone":"(02)25239588#6142","type":"連鎖型綠色商店","city":"台北市"}},{"type":"Feature","geometry":{"type":"Point","coordinates":[121.568615288273,24.988812746009]},"properties":{"name":"全家便利商店股份有限公司-木柵路店","address":"116臺北市文山區木柵路三段１４８號１５０號","number":"A001062","phone":"(02)25239588#6142","type":"連鎖型綠色商店","city":"台北市"}},{"type":"Feature","geometry":{"type":"Point","coordinates":[121.556208227554,24.980455904724]},"properties":{"name":"全家便利商店股份有限公司-木新店","address":"116臺北市文山區木新路３段３３３．３３５號","number":"A001231","phone":"(02)25239588#6142","type":"連鎖型綠色商店","city":"台北市"}},{"type":"Feature","geometry":{"type":"Point","coordinates":[121.558906194549,24.988583123772]},"properties":{"name":"全家便利商店股份有限公司-木興店","address":"116臺北市文山區木柵路２段５２號","number":"A001035","phone":"(02)25239588#6142","type":"連鎖型綠色商店","city":"台北市"}},{"type":"Feature","geometry":{"type":"Point","coordinates":[121.535198903426,25.012857660192]},"properties":{"name":"全家便利商店股份有限公司-水源店","address":"100臺北市中正區汀州路三段２６１號","number":"A001102","phone":"(02)25239588#6142","type":"連鎖型綠色商店","city":"台北市"}},{"type":"Feature","geometry":{"type":"Point","coordinates":[121.547858678525,24.998245865571]},"properties":{"name":"全家便利商店股份有限公司-仙岩店","address":"116臺北市文山區仙岩路２號","number":"A001215","phone":"(02)25239588#6142","type":"連鎖型綠色商店","city":"台北市"}},{"type":"Feature","geometry":{"type":"Point","coordinates":[121.5424797598,25.060124427574]},"properties":{"name":"全家便利商店股份有限公司-北大店","address":"104臺北市中山區錦州街４２８號","number":"A001000","phone":"(02)25239588#6142","type":"連鎖型綠色商店","city":"台北市"}},{"type":"Feature","geometry":{"type":"Point","coordinates":[121.504171528623,25.13617209398]},"properties":{"name":"全家便利商店股份有限公司-北投店","address":"112臺北市北投區光明路２１８之１號","number":"A001080","phone":"(02)25239588#6142","type":"連鎖型綠色商店","city":"台北市"}},{"type":"Feature","geometry":{"type":"Point","coordinates":[121.5355145659,25.042213893049]},"properties":{"name":"全家便利商店股份有限公司-北科大店","address":"106臺北市大安區大安區忠孝東路三段１號","number":"A000935","phone":"(02)25239588#6142","type":"連鎖型綠色商店","city":"台北市"}},{"type":"Feature","geometry":{"type":"Point","coordinates":[121.5456516396,25.078247275706]},"properties":{"name":"全家便利商店股份有限公司-北鄰店","address":"104臺北市中山區北安路４５８巷４７弄１３號１樓","number":"A000546","phone":"(02)25239588#6142","type":"連鎖型綠色商店","city":"台北市"}},{"type":"Feature","geometry":{"type":"Point","coordinates":[121.563854870183,25.027004426823]},"properties":{"name":"全家便利商店股份有限公司-北醫店","address":"110臺北市信義區吳興街２６３號","number":"A000955","phone":"(02)25239588#6142","type":"連鎖型綠色商店","city":"台北市"}},{"type":"Feature","geometry":{"type":"Point","coordinates":[121.544947308276,25.06024512698]},"properties":{"name":"全家便利商店股份有限公司-北權店","address":"105臺北市松山區民權東路三段１０６巷１１號","number":"A000988","phone":"(02)25239588#6142","type":"連鎖型綠色商店","city":"台北市"}},{"type":"Feature","geometry":{"type":"Point","coordinates":[121.514401054715,25.045220439809]},"properties":{"name":"全家便利商店股份有限公司-仟囍店","address":"100臺北市中正區漢口街一段１５號","number":"A000695","phone":"(02)25239588#6142","type":"連鎖型綠色商店","city":"台北市"}},{"type":"Feature","geometry":{"type":"Point","coordinates":[121.524479287455,25.024668348499]},"properties":{"name":"全家便利商店股份有限公司-古亭店","address":"106臺北市大安區羅斯福路２段１０３號","number":"A001005","phone":"(02)25239588#6142","type":"連鎖型綠色商店","city":"台北市"}},{"type":"Feature","geometry":{"type":"Point","coordinates":[121.547758430963,25.031088467236]},"properties":{"name":"全家便利商店股份有限公司-四維店","address":"106臺北市大安區住安里四維路１５４巷１號一樓","number":"A001078","phone":"(02)25239588#6142","type":"連鎖型綠色商店","city":"台北市"}},{"type":"Feature","geometry":{"type":"Point","coordinates":[121.562339673546,25.033151966069]},"properties":{"name":"全家便利商店股份有限公司-外貿店","address":"110臺北市信義區信義路五段５號２樓","number":"A001140","phone":"(02)25239588#6142","type":"連鎖型綠色商店","city":"台北市"}},{"type":"Feature","geometry":{"type":"Point","coordinates":[121.520701982789,25.048494034004]},"properties":{"name":"全家便利商店股份有限公司-市民店","address":"104臺北市中山區中山北路一段５８號","number":"A001194","phone":"(02)25239588#6142","type":"連鎖型綠色商店","city":"台北市"}},{"type":"Feature","geometry":{"type":"Point","coordinates":[121.563783791644,25.037523002847]},"properties":{"name":"全家便利商店股份有限公司-市府店","address":"110臺北市信義區市府路１號地下二樓","number":"A000996","phone":"(02)25239588#6142","type":"連鎖型綠色商店","city":"台北市"}},{"type":"Feature","geometry":{"type":"Point","coordinates":[121.52648465779,25.048815899086]},"properties":{"name":"全家便利商店股份有限公司-正義店","address":"104臺北市中山區長安東路一段５５號","number":"A000928","phone":"(02)25239588#6142","type":"連鎖型綠色商店","city":"台北市"}},{"type":"Feature","geometry":{"type":"Point","coordinates":[121.564885425179,25.058057366432]},"properties":{"name":"全家便利商店股份有限公司-民東店","address":"105臺北市松山區新東街１１巷２８號","number":"A000986","phone":"(02)25239588#6142","type":"連鎖型綠色商店","city":"台北市"}},{"type":"Feature","geometry":{"type":"Point","coordinates":[121.539561432572,25.066748980929]},"properties":{"name":"全家便利商店股份有限公司-民族店","address":"104臺北市中山區民族東路４１０巷２３弄２４號","number":"A000968","phone":"(02)25239588#6142","type":"連鎖型綠色商店","city":"台北市"}},{"type":"Feature","geometry":{"type":"Point","coordinates":[121.553107677751,25.057339917429]},"properties":{"name":"全家便利商店股份有限公司-民復店","address":"105臺北市松山區民生東路四段８０巷３號１Ｆ","number":"A001117","phone":"(02)25239588#6142","type":"連鎖型綠色商店","city":"台北市"}},{"type":"Feature","geometry":{"type":"Point","coordinates":[121.57413334659,25.045708308483]},"properties":{"name":"全家便利商店股份有限公司-永吉二店","address":"110臺北市信義區永吉路２２３號","number":"A000732","phone":"(02)25239588#6142","type":"連鎖型綠色商店","city":"台北市"}},{"type":"Feature","geometry":{"type":"Point","coordinates":[121.549480744428,25.082849401554]},"properties":{"name":"全家便利商店股份有限公司-永安店","address":"104臺北市中山區北安路６３０巷７號１樓","number":"A000974","phone":"(02)25239588#6142","type":"連鎖型綠色商店","city":"台北市"}},{"type":"Feature","geometry":{"type":"Point","coordinates":[121.572162006782,25.043576664777]},"properties":{"name":"全家便利商店股份有限公司-永孝店","address":"110臺北市信義區松信路１４５號","number":"A001043","phone":"(02)25239588#6142","type":"連鎖型綠色商店","city":"台北市"}},{"type":"Feature","geometry":{"type":"Point","coordinates":[121.576241143782,25.043368458302]},"properties":{"name":"全家便利商店股份有限公司-永林店","address":"110臺北市信義區虎林街８２巷２３號","number":"A001125","phone":"(02)25239588#6142","type":"連鎖型綠色商店","city":"台北市"}},{"type":"Feature","geometry":{"type":"Point","coordinates":[121.5661578819,25.042473606319]},"properties":{"name":"全家便利商店股份有限公司-永隆店","address":"110臺北市信義區基隆路１段１４７巷７號","number":"A001070","phone":"(02)25239588#6142","type":"連鎖型綠色商店","city":"台北市"}},{"type":"Feature","geometry":{"type":"Point","coordinates":[121.507990323709,25.087659817695]},"properties":{"name":"全家便利商店股份有限公司-永新店","address":"111臺北市士林區社子街２７號","number":"A001069","phone":"(02)25239588#6142","type":"連鎖型綠色商店","city":"台北市"}},{"type":"Feature","geometry":{"type":"Point","coordinates":[121.49938370171,25.138825008245]},"properties":{"name":"全家便利商店股份有限公司-永興店","address":"112臺北市北投區中庸里永興路一段１號、３號一樓","number":"A001188","phone":"(02)25239588#6142","type":"連鎖型綠色商店","city":"台北市"}},{"type":"Feature","geometry":{"type":"Point","coordinates":[121.525117820839,25.058704910362]},"properties":{"name":"全家便利商店股份有限公司-玉林店","address":"104臺北市中山區民生東路一段２７巷１５號","number":"A000975","phone":"(02)25239588#6142","type":"連鎖型綠色商店","city":"台北市"}},{"type":"Feature","geometry":{"type":"Point","coordinates":[121.506624157311,25.118491391241]},"properties":{"name":"全家便利商店股份有限公司-立農店","address":"112臺北市北投區北投吉利街１１４號","number":"A001011","phone":"(02)25239588#6142","type":"連鎖型綠色商店","city":"台北市"}},{"type":"Feature","geometry":{"type":"Point","coordinates":[121.505325968147,25.116473909056]},"properties":{"name":"全家便利商店股份有限公司-立賢店","address":"112臺北市北投區立賢里承德路七段２９０號","number":"A001082","phone":"(02)25239588#6142","type":"連鎖型綠色商店","city":"台北市"}},{"type":"Feature","geometry":{"type":"Point","coordinates":[121.499185553519,25.132624285823]},"properties":{"name":"全家便利商店股份有限公司-光明店","address":"112臺北市北投區光明路２３號，２５號","number":"A001136","phone":"(02)25239588#6142","type":"連鎖型綠色商店","city":"台北市"}},{"type":"Feature","geometry":{"type":"Point","coordinates":[121.557692746426,25.03529706273]},"properties":{"name":"全家便利商店股份有限公司-光復南路店","address":"110臺北市信義區光復南路４４７之２號","number":"A001184","phone":"(02)25239588#6142","type":"連鎖型綠色商店","city":"台北市"}},{"type":"Feature","geometry":{"type":"Point","coordinates":[121.532724062695,25.0469552004]},"properties":{"name":"全家便利商店股份有限公司-光華店","address":"104臺北市中山區松江路２４之１號","number":"A000969","phone":"(02)25239588#6142","type":"連鎖型綠色商店","city":"台北市"}},{"type":"Feature","geometry":{"type":"Point","coordinates":[121.557383286561,25.036544876656]},"properties":{"name":"全家便利商店股份有限公司-光新店","address":"106臺北市大安區光復南路４１８號","number":"A001051","phone":"(02)25239588#6142","type":"連鎖型綠色商店","city":"台北市"}},{"type":"Feature","geometry":{"type":"Point","coordinates":[121.526186513494,25.066586916832]},"properties":{"name":"全家便利商店股份有限公司-光輝店","address":"104臺北市中山區晴光里德惠街３４之２號一樓","number":"A001095","phone":"(02)25239588#6142","type":"連鎖型綠色商店","city":"台北市"}},{"type":"Feature","geometry":{"type":"Point","coordinates":[121.561532663909,24.994959740431]},"properties":{"name":"全家便利商店股份有限公司-再興店","address":"116臺北市文山區興隆路３段２０７巷１１弄２號","number":"A001022","phone":"(02)25239588#6142","type":"連鎖型綠色商店","city":"台北市"}},{"type":"Feature","geometry":{"type":"Point","coordinates":[121.49548469181,25.027700208606]},"properties":{"name":"全家便利商店股份有限公司-吉利店","address":"108臺北市萬華區東園街１２號","number":"A001021","phone":"(02)25239588#6142","type":"連鎖型綠色商店","city":"台北市"}},{"type":"Feature","geometry":{"type":"Point","coordinates":[121.530174958301,25.06210373019]},"properties":{"name":"全家便利商店股份有限公司-吉林店","address":"104臺北市中山區吉林路３１４號","number":"A001046","phone":"(02)25239588#6142","type":"連鎖型綠色商店","city":"台北市"}},{"type":"Feature","geometry":{"type":"Point","coordinates":[121.528965198216,25.056416902252]},"properties":{"name":"全家便利商店股份有限公司-吉原店","address":"104臺北市中山區中原街２７號","number":"A001206","phone":"(02)25239588#6142","type":"連鎖型綠色商店","city":"台北市"}},{"type":"Feature","geometry":{"type":"Point","coordinates":[121.595897042004,25.055137069456]},"properties":{"name":"全家便利商店股份有限公司-向陽店","address":"115臺北市南港區東新里重陽路１６號一樓","number":"A001018","phone":"(02)25239588#6142","type":"連鎖型綠色商店","city":"台北市"}},{"type":"Feature","geometry":{"type":"Point","coordinates":[121.5538134,24.9895521]},"properties":{"name":"全家便利商店股份有限公司-名門店","address":"116臺北市文山區軍功路１０９號","number":"A001189","phone":"(02)25239588#6142","type":"連鎖型綠色商店","city":"台北市"}},{"type":"Feature","geometry":{"type":"Point","coordinates":[121.553297024944,25.019690839117]},"properties":{"name":"全家便利商店股份有限公司-安居店","address":"106臺北市大安區安居街７６號","number":"A001145","phone":"(02)25239588#6142","type":"連鎖型綠色商店","city":"台北市"}},{"type":"Feature","geometry":{"type":"Point","coordinates":[121.569251307086,25.024846715399]},"properties":{"name":"全家便利商店股份有限公司-安興店","address":"110臺北市信義區松仁路２３８號","number":"A000555","phone":"(02)25239588#6142","type":"連鎖型綠色商店","city":"台北市"}},{"type":"Feature","geometry":{"type":"Point","coordinates":[121.545073791195,25.025612486073]},"properties":{"name":"全家便利商店股份有限公司-成功店","address":"106臺北市大安區和平東路二段３１１巷３２號","number":"A000987","phone":"(02)25239588#6142","type":"連鎖型綠色商店","city":"台北市"}},{"type":"Feature","geometry":{"type":"Point","coordinates":[121.504704952941,25.042840943226]},"properties":{"name":"全家便利商店股份有限公司-成都店","address":"108臺北市萬華區昆明街１３４號；成都路８６號","number":"A001029","phone":"(02)25239588#6142","type":"連鎖型綠色商店","city":"台北市"}},{"type":"Feature","geometry":{"type":"Point","coordinates":[121.542374986011,25.050036471826]},"properties":{"name":"全家便利商店股份有限公司-朱崙店","address":"104臺北市中山區朱崙街６７號","number":"A001210","phone":"(02)25239588#6142","type":"連鎖型綠色商店","city":"台北市"}},{"type":"Feature","geometry":{"type":"Point","coordinates":[121.542693917427,25.062156703818]},"properties":{"name":"全家便利商店股份有限公司-江寧店","address":"104臺北市中山區民權東路三段６４號１樓","number":"A001073","phone":"(02)25239588#6142","type":"連鎖型綠色商店","city":"台北市"}},{"type":"Feature","geometry":{"type":"Point","coordinates":[121.514880583396,25.110497444454]},"properties":{"name":"全家便利商店股份有限公司-自強店","address":"112臺北市北投區自強街８８號","number":"A001134","phone":"(02)25239588#6142","type":"連鎖型綠色商店","city":"台北市"}},{"type":"Feature","geometry":{"type":"Point","coordinates":[121.550991042895,25.100503487985]},"properties":{"name":"全家便利商店股份有限公司-至善店","address":"111臺北市士林區臨溪里至善路二段２６８號一樓","number":"A001141","phone":"(02)25239588#6142","type":"連鎖型綠色商店","city":"台北市"}},{"type":"Feature","geometry":{"type":"Point","coordinates":[121.514280606766,25.046233267079]},"properties":{"name":"全家便利商店股份有限公司-西站店","address":"100臺北市中正區懷寧街７之１號","number":"A001190","phone":"(02)25239588#6142","type":"連鎖型綠色商店","city":"台北市"}},{"type":"Feature","geometry":{"type":"Point","coordinates":[121.54980604609,25.054205923832]},"properties":{"name":"全家便利商店股份有限公司-宏大店","address":"105臺北市松山區敦化北路１５５巷３號１樓","number":"A001154","phone":"(02)25239588#6142","type":"連鎖型綠色商店","city":"台北市"}},{"type":"Feature","geometry":{"type":"Point","coordinates":[121.512888624106,25.047103853453]},"properties":{"name":"全家便利商店股份有限公司-宏啟店","address":"100臺北市中正區忠孝西路一段９６號","number":"A001138","phone":"(02)25239588#6142","type":"連鎖型綠色商店","city":"台北市"}},{"type":"Feature","geometry":{"type":"Point","coordinates":[121.541187102693,25.021923400938]},"properties":{"name":"全家便利商店股份有限公司-辛亥店","address":"106臺北市大安區辛亥路二段１７１巷３號","number":"A001120","phone":"(02)25239588#6142","type":"連鎖型綠色商店","city":"台北市"}},{"type":"Feature","geometry":{"type":"Point","coordinates":[121.51078794011,25.043049709468]},"properties":{"name":"全家便利商店股份有限公司-酉陽店","address":"100臺北市中正區永綏街２０號","number":"A000735","phone":"(02)25239588#6142","type":"連鎖型綠色商店","city":"台北市"}},{"type":"Feature","geometry":{"type":"Point","coordinates":[121.561080460232,25.048401036788]},"properties":{"name":"全家便利商店股份有限公司-京城店","address":"105臺北市松山區八德路四段１０８號","number":"A000545","phone":"(02)25239588#6142","type":"連鎖型綠色商店","city":"台北市"}},{"type":"Feature","geometry":{"type":"Point","coordinates":[121.538389391051,25.052168827994]},"properties":{"name":"全家便利商店股份有限公司-京貿店","address":"104臺北市中山區南京東路三段６５號","number":"A000947","phone":"(02)25239588#6142","type":"連鎖型綠色商店","city":"台北市"}},{"type":"Feature","geometry":{"type":"Point","coordinates":[121.583373724289,25.042826693991]},"properties":{"name":"全家便利商店股份有限公司-協和店","address":"110臺北市信義區中坡南路３８號１Ｆ","number":"A001077","phone":"(02)25239588#6142","type":"連鎖型綠色商店","city":"台北市"}},{"type":"Feature","geometry":{"type":"Point","coordinates":[121.49488907377,25.035273593401]},"properties":{"name":"全家便利商店股份有限公司-和西店","address":"108臺北市萬華區愛鄉里和平西路三段２９０之５號、２９０","number":"A001169","phone":"(02)25239588#6142","type":"連鎖型綠色商店","city":"台北市"}},{"type":"Feature","geometry":{"type":"Point","coordinates":[121.541605275842,25.024917458661]},"properties":{"name":"全家便利商店股份有限公司-和東店","address":"106臺北市大安區和平東路二段１０２之３號１樓","number":"A001039","phone":"(02)25239588#6142","type":"連鎖型綠色商店","city":"台北市"}},{"type":"Feature","geometry":{"type":"Point","coordinates":[121.5439185973,25.024995787547]},"properties":{"name":"全家便利商店股份有限公司-和復店","address":"106臺北市大安區和平東路二段２６１號，２６３號","number":"A000983","phone":"(02)25239588#6142","type":"連鎖型綠色商店","city":"台北市"}},{"type":"Feature","geometry":{"type":"Point","coordinates":[121.53629886058,25.025653305941]},"properties":{"name":"全家便利商店股份有限公司-和新店","address":"106臺北市大安區和平東路二段２２號","number":"A000922","phone":"(02)25239588#6142","type":"連鎖型綠色商店","city":"台北市"}},{"type":"Feature","geometry":{"type":"Point","coordinates":[121.469185883863,25.12478925992]},"properties":{"name":"全家便利商店股份有限公司-和碩店","address":"112臺北市北投區立功街７６號Ｂ１","number":"A001094","phone":"(02)25239588#6142","type":"連鎖型綠色商店","city":"台北市"}},{"type":"Feature","geometry":{"type":"Point","coordinates":[121.47249480778,25.127802512202]},"properties":{"name":"全家便利商店股份有限公司-和碩附店","address":"112臺北市北投區立德路１５０號Ｂ１","number":"A001198","phone":"(02)25239588#6142","type":"連鎖型綠色商店","city":"台北市"}},{"type":"Feature","geometry":{"type":"Point","coordinates":[121.518743802569,25.026377879561]},"properties":{"name":"全家便利商店股份有限公司-和鄰店","address":"100臺北市中正區和平西路一段８２號１樓","number":"A001048","phone":"(02)25239588#6142","type":"連鎖型綠色商店","city":"台北市"}},{"type":"Feature","geometry":{"type":"Point","coordinates":[121.501220344334,25.120259930901]},"properties":{"name":"全家便利商店股份有限公司-和聯店","address":"112臺北市北投區承德路七段４００號２樓","number":"A001074","phone":"(02)25239588#6142","type":"連鎖型綠色商店","city":"台北市"}},{"type":"Feature","geometry":{"type":"Point","coordinates":[121.518750927187,25.082551005801]},"properties":{"name":"全家便利商店股份有限公司-和豐店","address":"111臺北市士林區福華里和豐街２號一樓","number":"A000790","phone":"(02)25239588#6142","type":"連鎖型綠色商店","city":"台北市"}},{"type":"Feature","geometry":{"type":"Point","coordinates":[121.508217305647,25.125525693933]},"properties":{"name":"全家便利商店股份有限公司-奇岩店","address":"112臺北市北投區公館路２５９號１Ｆ","number":"A001173","phone":"(02)25239588#6142","type":"連鎖型綠色商店","city":"台北市"}},{"type":"Feature","geometry":{"type":"Point","coordinates":[121.525560567307,25.056301032155]},"properties":{"name":"全家便利商店股份有限公司-宜興店","address":"104臺北市中山區林森北路３２７號","number":"A001033","phone":"(02)25239588#6142","type":"連鎖型綠色商店","city":"台北市"}},{"type":"Feature","geometry":{"type":"Point","coordinates":[121.553049255886,25.039582771733]},"properties":{"name":"全家便利商店股份有限公司-延吉店","address":"106臺北市大安區忠孝東路四段２１６巷３１號","number":"A001014","phone":"(02)25239588#6142","type":"連鎖型綠色商店","city":"台北市"}},{"type":"Feature","geometry":{"type":"Point","coordinates":[121.55489101147,25.039492582455]},"properties":{"name":"全家便利商店股份有限公司-延安店","address":"106臺北市大安區延吉街１５８號","number":"A001212","phone":"(02)25239588#6142","type":"連鎖型綠色商店","city":"台北市"}},{"type":"Feature","geometry":{"type":"Point","coordinates":[121.554360688456,25.042341465616]},"properties":{"name":"全家便利商店股份有限公司-延孝店","address":"106臺北市大安區延吉街１３５號之三，一樓","number":"A001199","phone":"(02)25239588#6142","type":"連鎖型綠色商店","city":"台北市"}},{"type":"Feature","geometry":{"type":"Point","coordinates":[121.576508107398,25.039174824506]},"properties":{"name":"全家便利商店股份有限公司-忠林店","address":"110臺北市信義區虎林街１６６號１樓及地下室","number":"A000989","phone":"(02)25239588#6142","type":"連鎖型綠色商店","city":"台北市"}},{"type":"Feature","geometry":{"type":"Point","coordinates":[121.575434804696,25.041016160995]},"properties":{"name":"全家便利商店股份有限公司-忠信店","address":"110臺北市信義區忠孝東路五段４２５號１樓及地下室","number":"A001124","phone":"(02)25239588#6142","type":"連鎖型綠色商店","city":"台北市"}},{"type":"Feature","geometry":{"type":"Point","coordinates":[121.545307813932,25.04105555594]},"properties":{"name":"全家便利商店股份有限公司-忠愛店","address":"106臺北市大安區仁愛路４段２７巷４３號","number":"A001044","phone":"(02)25239588#6142","type":"連鎖型綠色商店","city":"台北市"}},{"type":"Feature","geometry":{"type":"Point","coordinates":[121.52674525116,25.104020328775]},"properties":{"name":"全家便利商店股份有限公司-忠誠店","address":"111臺北市士林區中山北路六段２０號","number":"A000791","phone":"(02)25239588#6142","type":"連鎖型綠色商店","city":"台北市"}},{"type":"Feature","geometry":{"type":"Point","coordinates":[121.540386128025,25.042403659337]},"properties":{"name":"全家便利商店股份有限公司-昌隆店","address":"106臺北市大安區忠孝東路３段２１７巷２弄１號１樓","number":"A001123","phone":"(02)25239588#6142","type":"連鎖型綠色商店","city":"台北市"}},{"type":"Feature","geometry":{"type":"Point","coordinates":[121.504413178891,25.04132310629]},"properties":{"name":"全家便利商店股份有限公司-昆明店","address":"108臺北市萬華區昆明街１８６號１樓","number":"A001058","phone":"(02)25239588#6142","type":"連鎖型綠色商店","city":"台北市"}},{"type":"Feature","geometry":{"type":"Point","coordinates":[121.551219234965,25.080112249162]},"properties":{"name":"全家便利商店股份有限公司-明水店","address":"104臺北市中山區明水路５８１巷１１號１樓","number":"A001050","phone":"(02)25239588#6142","type":"連鎖型綠色商店","city":"台北市"}},{"type":"Feature","geometry":{"type":"Point","coordinates":[121.510964541957,25.069308739654]},"properties":{"name":"全家便利商店股份有限公司-明真店","address":"103臺北市大同區延平北路四段１９號","number":"A001172","phone":"(02)25239588#6142","type":"連鎖型綠色商店","city":"台北市"}},{"type":"Feature","geometry":{"type":"Point","coordinates":[121.518882103972,25.109066066849]},"properties":{"name":"全家便利商店股份有限公司-明德店","address":"112臺北市北投區石牌里明德路９３號","number":"A001017","phone":"(02)25239588#6142","type":"連鎖型綠色商店","city":"台北市"}},{"type":"Feature","geometry":{"type":"Point","coordinates":[121.562947193888,24.990031935736]},"properties":{"name":"全家便利商店股份有限公司-明興店","address":"116臺北市文山區木柵路２段１０９巷２５弄２號．２－１號","number":"A001170","phone":"(02)25239588#6142","type":"連鎖型綠色商店","city":"台北市"}},{"type":"Feature","geometry":{"type":"Point","coordinates":[121.551653501369,25.04054224819]},"properties":{"name":"全家便利商店股份有限公司-明曜店","address":"106臺北市大安區仁愛路四段１５１巷３４號．３６號","number":"A001052","phone":"(02)25239588#6142","type":"連鎖型綠色商店","city":"台北市"}},{"type":"Feature","geometry":{"type":"Point","coordinates":[121.56067720687,25.051899265988]},"properties":{"name":"全家便利商店股份有限公司-東光店","address":"105臺北市松山區南京東路五段１２３巷１之８號","number":"A000905","phone":"(02)25239588#6142","type":"連鎖型綠色商店","city":"台北市"}},{"type":"Feature","geometry":{"type":"Point","coordinates":[121.615771540262,25.067820439612]},"properties":{"name":"全家便利商店股份有限公司-東安店","address":"114臺北市內湖區安康路４８０號","number":"A001116","phone":"(02)25239588#6142","type":"連鎖型綠色商店","city":"台北市"}},{"type":"Feature","geometry":{"type":"Point","coordinates":[121.519306228272,25.038368275873]},"properties":{"name":"全家便利商店股份有限公司-東門店","address":"100臺北市中正區信義路１段１號（部份）","number":"A000933","phone":"(02)25239588#6142","type":"連鎖型綠色商店","city":"台北市"}},{"type":"Feature","geometry":{"type":"Point","coordinates":[121.566084037333,25.052022563783]},"properties":{"name":"全家便利商店股份有限公司-東清店","address":"105臺北市松山區南京東路五段２９１巷８－１號","number":"A000911","phone":"(02)25239588#6142","type":"連鎖型綠色商店","city":"台北市"}},{"type":"Feature","geometry":{"type":"Point","coordinates":[121.513651293476,25.117736642769]},"properties":{"name":"全家便利商店股份有限公司-東華店","address":"112臺北市北投區東華街二段８８號","number":"A000919","phone":"(02)25239588#6142","type":"連鎖型綠色商店","city":"台北市"}},{"type":"Feature","geometry":{"type":"Point","coordinates":[121.51673013415,25.112030284997]},"properties":{"name":"全家便利商店股份有限公司-東陽店","address":"112臺北市北投區西安街一段２８３號","number":"A001002","phone":"(02)25239588#6142","type":"連鎖型綠色商店","city":"台北市"}},{"type":"Feature","geometry":{"type":"Point","coordinates":[121.4997012,25.035103]},"properties":{"name":"全家便利商店股份有限公司-東園店","address":"108臺北市萬華區東園街６９７１７１之１７３之１號","number":"A001019","phone":"(02)25239588#6142","type":"連鎖型綠色商店","city":"台北市"}},{"type":"Feature","geometry":{"type":"Point","coordinates":[121.566234660133,25.052285923181]},"properties":{"name":"全家便利商店股份有限公司-東寶店","address":"105臺北市松山區南京東路五段２９１巷１７之２號","number":"A001036","phone":"(02)25239588#6142","type":"連鎖型綠色商店","city":"台北市"}},{"type":"Feature","geometry":{"type":"Point","coordinates":[121.526660107468,25.050432822998]},"properties":{"name":"全家便利商店股份有限公司-林森北路店","address":"104臺北市中山區林森北路１１９巷４９，５１號","number":"A001075","phone":"(02)25239588#6142","type":"連鎖型綠色商店","city":"台北市"}},{"type":"Feature","geometry":{"type":"Point","coordinates":[121.522074100339,25.03990249943]},"properties":{"name":"全家便利商店股份有限公司-林森南路店","address":"100臺北市中正區林森南路５７．５９號","number":"A001211","phone":"(02)25239588#6142","type":"連鎖型綠色商店","city":"台北市"}},{"type":"Feature","geometry":{"type":"Point","coordinates":[121.580330925798,25.039907193296]},"properties":{"name":"全家便利商店股份有限公司-松三店","address":"110臺北市信義區林口街１１６號","number":"A001001","phone":"(02)25239588#6142","type":"連鎖型綠色商店","city":"台北市"}},{"type":"Feature","geometry":{"type":"Point","coordinates":[121.568823662386,25.028421639012]},"properties":{"name":"全家便利商店股份有限公司-松仁店","address":"110臺北市信義區信義路５段１５０巷２２１號","number":"A000934","phone":"(02)25239588#6142","type":"連鎖型綠色商店","city":"台北市"}},{"type":"Feature","geometry":{"type":"Point","coordinates":[121.57698235548,25.035267390793]},"properties":{"name":"全家便利商店股份有限公司-松友店","address":"110臺北市信義區信義路六段７８號","number":"A001098","phone":"(02)25239588#6142","type":"連鎖型綠色商店","city":"台北市"}},{"type":"Feature","geometry":{"type":"Point","coordinates":[121.532331873445,25.053741524487]},"properties":{"name":"全家便利商店股份有限公司-松平店","address":"104臺北市中山區四平街４７號","number":"A000951","phone":"(02)25239588#6142","type":"連鎖型綠色商店","city":"台北市"}},{"type":"Feature","geometry":{"type":"Point","coordinates":[121.577964463075,25.046534345041]},"properties":{"name":"全家便利商店股份有限公司-松盛店","address":"110臺北市信義區松山路１５３號","number":"A001114","phone":"(02)25239588#6142","type":"連鎖型綠色商店","city":"台北市"}},{"type":"Feature","geometry":{"type":"Point","coordinates":[121.562190308032,25.055301522396]},"properties":{"name":"全家便利商店股份有限公司-松壽店","address":"105臺北市松山區自強里延壽街３３０巷７弄２２號一樓","number":"A001233","phone":"(02)25239588#6142","type":"連鎖型綠色商店","city":"台北市"}},{"type":"Feature","geometry":{"type":"Point","coordinates":[121.578511382257,25.036385410948]},"properties":{"name":"全家便利商店股份有限公司-松德店","address":"110臺北市信義區松山路６２７號","number":"A001156","phone":"(02)25239588#6142","type":"連鎖型綠色商店","city":"台北市"}},{"type":"Feature","geometry":{"type":"Point","coordinates":[121.577950381477,25.047824739035]},"properties":{"name":"全家便利商店股份有限公司-松興店","address":"110臺北市信義區松山路１０７號","number":"A000959","phone":"(02)25239588#6142","type":"連鎖型綠色商店","city":"台北市"}},{"type":"Feature","geometry":{"type":"Point","coordinates":[121.557879076133,25.053443925014]},"properties":{"name":"全家便利商店股份有限公司-松醫店","address":"105臺北市松山區東光里健康路１５８號","number":"A001135","phone":"(02)25239588#6142","type":"連鎖型綠色商店","city":"台北市"}},{"type":"Feature","geometry":{"type":"Point","coordinates":[121.531826528503,25.062035501498]},"properties":{"name":"全家便利商店股份有限公司-松權店","address":"104臺北市中山區松江路３６２巷４１號１樓","number":"A000937","phone":"(02)25239588#6142","type":"連鎖型綠色商店","city":"台北市"}},{"type":"Feature","geometry":{"type":"Point","coordinates":[121.527935816687,25.054793285697]},"properties":{"name":"全家便利商店股份有限公司-欣欣店","address":"104臺北市中山區長春路１００號１樓","number":"A000972","phone":"(02)25239588#6142","type":"連鎖型綠色商店","city":"台北市"}},{"type":"Feature","geometry":{"type":"Point","coordinates":[121.496311482739,25.020189688085]},"properties":{"name":"全家便利商店股份有限公司-武成店","address":"108臺北市萬華區萬大路４８６巷３９號","number":"A001223","phone":"(02)25239588#6142","type":"連鎖型綠色商店","city":"台北市"}},{"type":"Feature","geometry":{"type":"Point","coordinates":[121.534175556867,25.109668180863]},"properties":{"name":"全家便利商店股份有限公司-芝山店","address":"111臺北市士林區德行東路２５０號１樓","number":"A001038","phone":"(02)25239588#6142","type":"連鎖型綠色商店","city":"台北市"}},{"type":"Feature","geometry":{"type":"Point","coordinates":[121.53753762205,25.112308857549]},"properties":{"name":"全家便利商店股份有限公司-芝玉店","address":"111臺北市士林區士東路２６６巷５弄１６號","number":"A001037","phone":"(02)25239588#6142","type":"連鎖型綠色商店","city":"台北市"}},{"type":"Feature","geometry":{"type":"Point","coordinates":[121.515215440428,25.115004603339]},"properties":{"name":"全家便利商店股份有限公司-金石店","address":"112臺北市北投區石牌路一段２００號","number":"A000691","phone":"(02)25239588#6142","type":"連鎖型綠色商店","city":"台北市"}},{"type":"Feature","geometry":{"type":"Point","coordinates":[121.525050430337,25.050428200071]},"properties":{"name":"全家便利商店股份有限公司-金林店","address":"104臺北市中山區林森北路１０９號１樓","number":"A001229","phone":"(02)25239588#6142","type":"連鎖型綠色商店","city":"台北市"}},{"type":"Feature","geometry":{"type":"Point","coordinates":[121.592075564709,25.088031513192]},"properties":{"name":"全家便利商店股份有限公司-金湖店","address":"114臺北市內湖區內湖路三段６０巷１０弄１號","number":"A000967","phone":"(02)25239588#6142","type":"連鎖型綠色商店","city":"台北市"}},{"type":"Feature","geometry":{"type":"Point","coordinates":[121.52452647757,25.065328918894]},"properties":{"name":"全家便利商店股份有限公司-金磚店","address":"104臺北市中山區雙城街１９巷２號","number":"A001197","phone":"(02)25239588#6142","type":"連鎖型綠色商店","city":"台北市"}},{"type":"Feature","geometry":{"type":"Point","coordinates":[121.505936170698,25.040582816601]},"properties":{"name":"全家便利商店股份有限公司-長沙店","address":"108臺北市萬華區長沙街二段５０號","number":"A001059","phone":"(02)25239588#6142","type":"連鎖型綠色商店","city":"台北市"}},{"type":"Feature","geometry":{"type":"Point","coordinates":[121.52674868774,25.049803035823]},"properties":{"name":"全家便利商店股份有限公司-長林店","address":"104臺北市中山區林森北路１０７巷５４號","number":"A000920","phone":"(02)25239588#6142","type":"連鎖型綠色商店","city":"台北市"}},{"type":"Feature","geometry":{"type":"Point","coordinates":[121.546174754177,25.054303489185]},"properties":{"name":"全家便利商店股份有限公司-長城店","address":"105臺北市松山區敦化北路１２０巷８０號","number":"A001034","phone":"(02)25239588#6142","type":"連鎖型綠色商店","city":"台北市"}},{"type":"Feature","geometry":{"type":"Point","coordinates":[121.525763730298,25.054817802764]},"properties":{"name":"全家便利商店股份有限公司-長春店","address":"104臺北市中山區長春路４８號","number":"A001228","phone":"(02)25239588#6142","type":"連鎖型綠色商店","city":"台北市"}},{"type":"Feature","geometry":{"type":"Point","coordinates":[121.501405249118,25.023134083032]},"properties":{"name":"全家便利商店股份有限公司-長泰店","address":"108臺北市萬華區壽德里長泰街２號２之１號一樓","number":"A001049","phone":"(02)25239588#6142","type":"連鎖型綠色商店","city":"台北市"}},{"type":"Feature","geometry":{"type":"Point","coordinates":[121.534716776355,25.054093648239]},"properties":{"name":"全家便利商店股份有限公司-長通店","address":"104臺北市中山區伊通街１０８號１樓","number":"A000958","phone":"(02)25239588#6142","type":"連鎖型綠色商店","city":"台北市"}},{"type":"Feature","geometry":{"type":"Point","coordinates":[121.544872122605,25.04836273149]},"properties":{"name":"全家便利商店股份有限公司-長復店","address":"105臺北市松山區長安東路二段２１９號","number":"A000936","phone":"(02)25239588#6142","type":"連鎖型綠色商店","city":"台北市"}},{"type":"Feature","geometry":{"type":"Point","coordinates":[121.578733167415,25.05005776186]},"properties":{"name":"全家便利商店股份有限公司-信大店","address":"105臺北市松山區八德路四段７５８號","number":"A000932","phone":"(02)25239588#6142","type":"連鎖型綠色商店","city":"台北市"}},{"type":"Feature","geometry":{"type":"Point","coordinates":[121.574748243007,25.032260802124]},"properties":{"name":"全家便利商店股份有限公司-信德店","address":"110臺北市信義區松德路２８９號","number":"A000941","phone":"(02)25239588#6142","type":"連鎖型綠色商店","city":"台北市"}},{"type":"Feature","geometry":{"type":"Point","coordinates":[121.514060917084,25.074486609117]},"properties":{"name":"全家便利商店股份有限公司-保生店","address":"103臺北市大同區重慶北路三段３３３號","number":"A001093","phone":"(02)25239588#6142","type":"連鎖型綠色商店","city":"台北市"}},{"type":"Feature","geometry":{"type":"Point","coordinates":[121.516200649327,25.044697660508]},"properties":{"name":"全家便利商店股份有限公司-南陽店","address":"100臺北市中正區信陽街１５號","number":"A000915","phone":"(02)25239588#6142","type":"連鎖型綠色商店","city":"台北市"}},{"type":"Feature","geometry":{"type":"Point","coordinates":[121.536917277396,25.041182541773]},"properties":{"name":"全家便利商店股份有限公司-建南店","address":"106臺北市大安區建國南路１段１５６，１５８號","number":"A000660","phone":"(02)25239588#6142","type":"連鎖型綠色商店","city":"台北市"}},{"type":"Feature","geometry":{"type":"Point","coordinates":[121.539288266347,25.028681184644]},"properties":{"name":"全家便利商店股份有限公司-建國店","address":"106臺北市大安區建國南路二段１５１巷３８號１樓","number":"A001161","phone":"(02)25239588#6142","type":"連鎖型綠色商店","city":"台北市"}},{"type":"Feature","geometry":{"type":"Point","coordinates":[121.567834933087,25.035563816799]},"properties":{"name":"全家便利商店股份有限公司-建鑫店","address":"110臺北市信義區松壽路２４號","number":"A000999","phone":"(02)25239588#6142","type":"連鎖型綠色商店","city":"台北市"}},{"type":"Feature","geometry":{"type":"Point","coordinates":[121.518192860073,25.090769880959]},"properties":{"name":"全家便利商店股份有限公司-後港店","address":"111臺北市士林區福港街２８號","number":"A001162","phone":"(02)25239588#6142","type":"連鎖型綠色商店","city":"台北市"}},{"type":"Feature","geometry":{"type":"Point","coordinates":[121.615005266673,25.045788900482]},"properties":{"name":"全家便利商店股份有限公司-研究院店","address":"115臺北市南港區研究院路２段７０巷１號","number":"A000662","phone":"(02)25239588#6142","type":"連鎖型綠色商店","city":"台北市"}},{"type":"Feature","geometry":{"type":"Point","coordinates":[121.523203142697,25.097133086574]},"properties":{"name":"全家便利商店股份有限公司-美崙店","address":"111臺北市士林區華榮街９７號","number":"A001230","phone":"(02)25239588#6142","type":"連鎖型綠色商店","city":"台北市"}},{"type":"Feature","geometry":{"type":"Point","coordinates":[121.556119211743,25.084970274514]},"properties":{"name":"全家便利商店股份有限公司-美華店","address":"104臺北市中山區北安路８１９之１號","number":"A001180","phone":"(02)25239588#6142","type":"連鎖型綠色商店","city":"台北市"}},{"type":"Feature","geometry":{"type":"Point","coordinates":[121.598762982338,25.056706287459]},"properties":{"name":"全家便利商店股份有限公司-重陽店","address":"115臺北市南港區重陽路１８３、１８５號１樓","number":"A001101","phone":"(02)25239588#6142","type":"連鎖型綠色商店","city":"台北市"}},{"type":"Feature","geometry":{"type":"Point","coordinates":[121.513542664011,25.057662075878]},"properties":{"name":"全家便利商店股份有限公司-重慶北路店","address":"103臺北市大同區重慶北路二段１１６號","number":"A001177","phone":"(02)25239588#6142","type":"連鎖型綠色商店","city":"台北市"}},{"type":"Feature","geometry":{"type":"Point","coordinates":[121.513107140322,25.043913449647]},"properties":{"name":"全家便利商店股份有限公司-重慶店","address":"100臺北市中正區重慶南路一段５８號","number":"A000910","phone":"(02)25239588#6142","type":"連鎖型綠色商店","city":"台北市"}},{"type":"Feature","geometry":{"type":"Point","coordinates":[121.528561106663,25.023403645038]},"properties":{"name":"全家便利商店股份有限公司-師大店","address":"106臺北市大安區師大路７９號","number":"A001119","phone":"(02)25239588#6142","type":"連鎖型綠色商店","city":"台北市"}},{"type":"Feature","geometry":{"type":"Point","coordinates":[121.537481044204,25.008054620124]},"properties":{"name":"全家便利商店股份有限公司-師美店","address":"116臺北市文山區汀州路４段７７號","number":"A000939","phone":"(02)25239588#6142","type":"連鎖型綠色商店","city":"台北市"}},{"type":"Feature","geometry":{"type":"Point","coordinates":[121.519984408058,25.115599969921]},"properties":{"name":"全家便利商店股份有限公司-振華店","address":"112臺北市北投區振華街２號","number":"A001024","phone":"(02)25239588#6142","type":"連鎖型綠色商店","city":"台北市"}},{"type":"Feature","geometry":{"type":"Point","coordinates":[121.571471589418,25.078489847983]},"properties":{"name":"全家便利商店股份有限公司-時代店","address":"114臺北市內湖區瑞光路４１３號．４１５號１樓","number":"A000985","phone":"(02)25239588#6142","type":"連鎖型綠色商店","city":"台北市"}},{"type":"Feature","geometry":{"type":"Point","coordinates":[121.54645504502,25.136729490541]},"properties":{"name":"全家便利商店股份有限公司-格致店","address":"111臺北市士林區陽明里格致路２２號１樓","number":"A001071","phone":"(02)25239588#6142","type":"連鎖型綠色商店","city":"台北市"}},{"type":"Feature","geometry":{"type":"Point","coordinates":[121.574094873655,25.040287061148]},"properties":{"name":"全家便利商店股份有限公司-海華店","address":"110臺北市信義區虎林街１３２巷８１號１樓","number":"A000661","phone":"(02)25239588#6142","type":"連鎖型綠色商店","city":"台北市"}},{"type":"Feature","geometry":{"type":"Point","coordinates":[121.510328790876,25.044928498121]},"properties":{"name":"全家便利商店股份有限公司-郡王店","address":"100臺北市中正區延平南路６８號","number":"A000717","phone":"(02)25239588#6142","type":"連鎖型綠色商店","city":"台北市"}},{"type":"Feature","geometry":{"type":"Point","coordinates":[121.521180924737,25.057855236837]},"properties":{"name":"全家便利商店股份有限公司-馬偕店","address":"104臺北市中山區民生西路２９號","number":"A000927","phone":"(02)25239588#6142","type":"連鎖型綠色商店","city":"台北市"}},{"type":"Feature","geometry":{"type":"Point","coordinates":[121.553550326058,25.036548313236]},"properties":{"name":"全家便利商店股份有限公司-國泰店","address":"106臺北市大安區仁愛路四段２６６巷１５弄１０號１樓","number":"A000998","phone":"(02)25239588#6142","type":"連鎖型綠色商店","city":"台北市"}},{"type":"Feature","geometry":{"type":"Point","coordinates":[121.510852576006,25.067299001416]},"properties":{"name":"全家便利商店股份有限公司-國順店","address":"103臺北市大同區延平北路三段１１８號１樓","number":"A000913","phone":"(02)25239588#6142","type":"連鎖型綠色商店","city":"台北市"}},{"type":"Feature","geometry":{"type":"Point","coordinates":[121.618988095605,25.04314013526]},"properties":{"name":"全家便利商店股份有限公司-國興店","address":"115臺北市南港區舊莊街一段３巷３弄２號","number":"A000964","phone":"(02)25239588#6142","type":"連鎖型綠色商店","city":"台北市"}},{"type":"Feature","geometry":{"type":"Point","coordinates":[121.501191426768,25.126231743547]},"properties":{"name":"全家便利商店股份有限公司-崇合店","address":"112臺北市北投區清江里三合街二段４８７號１樓","number":"A001113","phone":"(02)25239588#6142","type":"連鎖型綠色商店","city":"台北市"}},{"type":"Feature","geometry":{"type":"Point","coordinates":[121.553858780094,25.024380262487]},"properties":{"name":"全家便利商店股份有限公司-崇德店","address":"110臺北市信義區崇德街２９號","number":"A001192","phone":"(02)25239588#6142","type":"連鎖型綠色商店","city":"台北市"}},{"type":"Feature","geometry":{"type":"Point","coordinates":[121.544886874754,25.064237427462]},"properties":{"name":"全家便利商店股份有限公司-常興店","address":"105臺北市松山區五常街３６４號１樓","number":"A001164","phone":"(02)25239588#6142","type":"連鎖型綠色商店","city":"台北市"}},{"type":"Feature","geometry":{"type":"Point","coordinates":[121.502212007298,25.040732517392]},"properties":{"name":"全家便利商店股份有限公司-康定店","address":"108臺北市萬華區康定路７３號","number":"A001122","phone":"(02)25239588#6142","type":"連鎖型綠色商店","city":"台北市"}},{"type":"Feature","geometry":{"type":"Point","coordinates":[121.618846441442,25.069604569613]},"properties":{"name":"全家便利商店股份有限公司-康福店","address":"114臺北市內湖區康樂街８７號","number":"A000912","phone":"(02)25239588#6142","type":"連鎖型綠色商店","city":"台北市"}},{"type":"Feature","geometry":{"type":"Point","coordinates":[121.581228711447,24.998738763388]},"properties":{"name":"全家便利商店股份有限公司-梅花鹿店","address":"116臺北市文山區新光路二段３０號","number":"A001086","phone":"(02)25239588#6142","type":"連鎖型綠色商店","city":"台北市"}},{"type":"Feature","geometry":{"type":"Point","coordinates":[121.501409691526,25.131765978938]},"properties":{"name":"全家便利商店股份有限公司-清江店","address":"112臺北市北投區中央里清江路１號，中央南路一段６３號","number":"A001143","phone":"(02)25239588#6142","type":"連鎖型綠色商店","city":"台北市"}},{"type":"Feature","geometry":{"type":"Point","coordinates":[121.570433406891,25.024159147881]},"properties":{"name":"全家便利商店股份有限公司-祥和店","address":"110臺北市信義區信義路五段１５０巷４０１弄３１號","number":"A001079","phone":"(02)25239588#6142","type":"連鎖型綠色商店","city":"台北市"}},{"type":"Feature","geometry":{"type":"Point","coordinates":[121.62050262169,25.039853591025]},"properties":{"name":"全家便利商店股份有限公司-莊研店","address":"115臺北市南港區舊莊街１段１４７號","number":"A000981","phone":"(02)25239588#6142","type":"連鎖型綠色商店","city":"台北市"}},{"type":"Feature","geometry":{"type":"Point","coordinates":[121.564896405472,25.027555117862]},"properties":{"name":"全家便利商店股份有限公司-莊敬店","address":"110臺北市信義區莊敬路３７４號","number":"A001126","phone":"(02)25239588#6142","type":"連鎖型綠色商店","city":"台北市"}},{"type":"Feature","geometry":{"type":"Point","coordinates":[121.553294175096,25.030356517541]},"properties":{"name":"全家便利商店股份有限公司-通和店","address":"106臺北市大安區通安街７７號","number":"A000945","phone":"(02)25239588#6142","type":"連鎖型綠色商店","city":"台北市"}},{"type":"Feature","geometry":{"type":"Point","coordinates":[121.52065428976,25.081000060346]},"properties":{"name":"全家便利商店股份有限公司-通河店","address":"111臺北市士林區通河街１４５號","number":"A001186","phone":"(02)25239588#6142","type":"連鎖型綠色商店","city":"台北市"}},{"type":"Feature","geometry":{"type":"Point","coordinates":[121.511766622547,25.042377549709]},"properties":{"name":"全家便利商店股份有限公司-博陽店","address":"100臺北市中正區光復里衡陽路６９號一樓","number":"A001174","phone":"(02)25239588#6142","type":"連鎖型綠色商店","city":"台北市"}},{"type":"Feature","geometry":{"type":"Point","coordinates":[121.554771904626,25.026556791284]},"properties":{"name":"全家便利商店股份有限公司-喬治店","address":"106臺北市大安區基隆路二段１７２號","number":"A001015","phone":"(02)25239588#6142","type":"連鎖型綠色商店","city":"台北市"}},{"type":"Feature","geometry":{"type":"Point","coordinates":[121.499294182984,25.01950450941]},"properties":{"name":"全家便利商店股份有限公司-富民店","address":"108臺北市萬華區萬大路４９３巷４８弄２３－４號及Ｂ１","number":"A000924","phone":"(02)25239588#6142","type":"連鎖型綠色商店","city":"台北市"}},{"type":"Feature","geometry":{"type":"Point","coordinates":[121.616965877645,25.051942558518]},"properties":{"name":"全家便利商店股份有限公司-富康店","address":"115臺北市南港區富康街８６號１Ｆ","number":"A001091","phone":"(02)25239588#6142","type":"連鎖型綠色商店","city":"台北市"}},{"type":"Feature","geometry":{"type":"Point","coordinates":[121.515899487546,25.043533707524]},"properties":{"name":"全家便利商店股份有限公司-富陽店","address":"100臺北市中正區襄陽路７號１樓","number":"A001090","phone":"(02)25239588#6142","type":"連鎖型綠色商店","city":"台北市"}},{"type":"Feature","geometry":{"type":"Point","coordinates":[121.574154049891,25.04213338487]},"properties":{"name":"全家便利商店股份有限公司-富臺店","address":"110臺北市信義區虎林街１２０巷１４８號１樓","number":"A001142","phone":"(02)25239588#6142","type":"連鎖型綠色商店","city":"台北市"}},{"type":"Feature","geometry":{"type":"Point","coordinates":[121.5654254712,25.061265204596]},"properties":{"name":"全家便利商店股份有限公司-富錦店","address":"105臺北市松山區新益里富錦街５２９號一樓","number":"A001144","phone":"(02)25239588#6142","type":"連鎖型綠色商店","city":"台北市"}},{"type":"Feature","geometry":{"type":"Point","coordinates":[121.507150457011,25.117304890937]},"properties":{"name":"全家便利商店股份有限公司-尊賢店","address":"112臺北市北投區尊賢街２６０號１Ｆ","number":"A001214","phone":"(02)25239588#6142","type":"連鎖型綠色商店","city":"台北市"}},{"type":"Feature","geometry":{"type":"Point","coordinates":[121.499642618699,25.141199349957]},"properties":{"name":"全家便利商店股份有限公司-復中店","address":"112臺北市北投區中和街３２８號１樓","number":"A000921","phone":"(02)25239588#6142","type":"連鎖型綠色商店","city":"台北市"}},{"type":"Feature","geometry":{"type":"Point","coordinates":[121.557620745878,25.031996730264]},"properties":{"name":"全家便利商店股份有限公司-復昌店","address":"110臺北市信義區光復南路５０５號、５０７號及文昌街３２","number":"A001158","phone":"(02)25239588#6142","type":"連鎖型綠色商店","city":"台北市"}},{"type":"Feature","geometry":{"type":"Point","coordinates":[121.525352430309,25.051531761443]},"properties":{"name":"全家便利商店股份有限公司-復林店","address":"104臺北市中山區林森北路１４９－１．１４９－２號１樓","number":"A001202","phone":"(02)25239588#6142","type":"連鎖型綠色商店","city":"台北市"}},{"type":"Feature","geometry":{"type":"Point","coordinates":[121.559239626657,25.048223466169]},"properties":{"name":"全家便利商店股份有限公司-復盛店","address":"105臺北市松山區八德路四段４０號．４２號","number":"A000982","phone":"(02)25239588#6142","type":"連鎖型綠色商店","city":"台北市"}},{"type":"Feature","geometry":{"type":"Point","coordinates":[121.542477329049,25.06588581254]},"properties":{"name":"全家便利商店股份有限公司-復榮店","address":"104臺北市中山區復興北路５１４巷３６號１樓","number":"A000962","phone":"(02)25239588#6142","type":"連鎖型綠色商店","city":"台北市"}},{"type":"Feature","geometry":{"type":"Point","coordinates":[121.547607472887,25.050224897009]},"properties":{"name":"全家便利商店股份有限公司-敦北店","address":"105臺北市松山區敦化北路４巷１６號１樓","number":"A001121","phone":"(02)25239588#6142","type":"連鎖型綠色商店","city":"台北市"}},{"type":"Feature","geometry":{"type":"Point","coordinates":[121.55035665331,25.034001681504]},"properties":{"name":"全家便利商店股份有限公司-敦安店","address":"106臺北市大安區安和路一段１１２巷２７號","number":"A000737","phone":"(02)25239588#6142","type":"連鎖型綠色商店","city":"台北市"}},{"type":"Feature","geometry":{"type":"Point","coordinates":[121.548386738425,25.027988336528]},"properties":{"name":"全家便利商店股份有限公司-敦南店","address":"106臺北市大安區敦化南路二段９８號","number":"A001056","phone":"(02)25239588#6142","type":"連鎖型綠色商店","city":"台北市"}},{"type":"Feature","geometry":{"type":"Point","coordinates":[121.549714515707,25.036961289606]},"properties":{"name":"全家便利商店股份有限公司-敦新店","address":"106臺北市大安區敦安里仁愛路四段１１２巷５號一樓","number":"A001127","phone":"(02)25239588#6142","type":"連鎖型綠色商店","city":"台北市"}},{"type":"Feature","geometry":{"type":"Point","coordinates":[121.525361147488,25.056716094286]},"properties":{"name":"全家便利商店股份有限公司-晶華店","address":"104臺北市中山區林森北路３３４號","number":"A001026","phone":"(02)25239588#6142","type":"連鎖型綠色商店","city":"台北市"}},{"type":"Feature","geometry":{"type":"Point","coordinates":[121.541763693812,24.993040200785]},"properties":{"name":"全家便利商店股份有限公司-景中店","address":"116臺北市文山區景中街５號，七號一樓","number":"A001104","phone":"(02)25239588#6142","type":"連鎖型綠色商店","city":"台北市"}},{"type":"Feature","geometry":{"type":"Point","coordinates":[121.541386508169,24.991137466855]},"properties":{"name":"全家便利商店股份有限公司-景文店","address":"116臺北市文山區景文街８３號","number":"A001217","phone":"(02)25239588#6142","type":"連鎖型綠色商店","city":"台北市"}},{"type":"Feature","geometry":{"type":"Point","coordinates":[121.543183001477,24.992010861166]},"properties":{"name":"全家便利商店股份有限公司-景行店","address":"116臺北市文山區景興路２０２巷１４號","number":"A000970","phone":"(02)25239588#6142","type":"連鎖型綠色商店","city":"台北市"}},{"type":"Feature","geometry":{"type":"Point","coordinates":[121.539999554651,24.991410255894]},"properties":{"name":"全家便利商店股份有限公司-景和店","address":"116臺北市文山區羅斯福路六段２７４號","number":"A001147","phone":"(02)25239588#6142","type":"連鎖型綠色商店","city":"台北市"}},{"type":"Feature","geometry":{"type":"Point","coordinates":[121.544201318894,24.999577708076]},"properties":{"name":"全家便利商店股份有限公司-景興店","address":"116臺北市文山區興隆路一段２４９號１樓","number":"A001163","phone":"(02)25239588#6142","type":"連鎖型綠色商店","city":"台北市"}},{"type":"Feature","geometry":{"type":"Point","coordinates":[121.592030889165,25.039593542479]},"properties":{"name":"全家便利商店股份有限公司-港福店","address":"115臺北市南港區福德街３７３巷６３號１樓","number":"A001128","phone":"(02)25239588#6142","type":"連鎖型綠色商店","city":"台北市"}},{"type":"Feature","geometry":{"type":"Point","coordinates":[121.578085497757,25.0821017777]},"properties":{"name":"全家便利商店股份有限公司-港墘店","address":"114臺北市內湖區港墘路４４號","number":"A001088","phone":"(02)25239588#6142","type":"連鎖型綠色商店","city":"台北市"}},{"type":"Feature","geometry":{"type":"Point","coordinates":[121.573554157081,25.08216929393]},"properties":{"name":"全家便利商店股份有限公司-湖山店","address":"114臺北市內湖區麗山街３４８巷１０弄２號","number":"A001148","phone":"(02)25239588#6142","type":"連鎖型綠色商店","city":"台北市"}},{"type":"Feature","geometry":{"type":"Point","coordinates":[121.596686533464,25.082187901755]},"properties":{"name":"全家便利商店股份有限公司-湖光店","address":"114臺北市內湖區金湖路４９號１樓","number":"A001149","phone":"(02)25239588#6142","type":"連鎖型綠色商店","city":"台北市"}},{"type":"Feature","geometry":{"type":"Point","coordinates":[121.567000598445,25.082924210039]},"properties":{"name":"全家便利商店股份有限公司-湖安店","address":"114臺北市內湖區內湖路一段２８５巷１９號１樓","number":"A001213","phone":"(02)25239588#6142","type":"連鎖型綠色商店","city":"台北市"}},{"type":"Feature","geometry":{"type":"Point","coordinates":[121.575042447809,25.078221124168]},"properties":{"name":"全家便利商店股份有限公司-湖運店","address":"114臺北市內湖區洲子街１２號","number":"A001099","phone":"(02)25239588#6142","type":"連鎖型綠色商店","city":"台北市"}},{"type":"Feature","geometry":{"type":"Point","coordinates":[121.584047042571,25.078321246001]},"properties":{"name":"全家便利商店股份有限公司-紫陽店","address":"114臺北市內湖區文德路２１２號","number":"A000938","phone":"(02)25239588#6142","type":"連鎖型綠色商店","city":"台北市"}},{"type":"Feature","geometry":{"type":"Point","coordinates":[121.52501556162,25.094958778981]},"properties":{"name":"全家便利商店股份有限公司-華林店","address":"111臺北市士林區中正路２５３號１樓","number":"A001227","phone":"(02)25239588#6142","type":"連鎖型綠色商店","city":"台北市"}},{"type":"Feature","geometry":{"type":"Point","coordinates":[121.541832341599,25.137227710866]},"properties":{"name":"全家便利商店股份有限公司-華崗店","address":"111臺北市士林區光華路２６巷３號－２","number":"A000952","phone":"(02)25239588#6142","type":"連鎖型綠色商店","city":"台北市"}},{"type":"Feature","geometry":{"type":"Point","coordinates":[121.556426240856,25.042978615986]},"properties":{"name":"全家便利商店股份有限公司-華視店","address":"106臺北市大安區光復南路１１６巷２６號","number":"A000944","phone":"(02)25239588#6142","type":"連鎖型綠色商店","city":"台北市"}},{"type":"Feature","geometry":{"type":"Point","coordinates":[121.495450242188,25.030996182482]},"properties":{"name":"全家便利商店股份有限公司-華園店","address":"108臺北市萬華區和平里西園路二段１４０巷３２號一樓","number":"A001176","phone":"(02)25239588#6142","type":"連鎖型綠色商店","city":"台北市"}},{"type":"Feature","geometry":{"type":"Point","coordinates":[121.471177424058,25.124974290433]},"properties":{"name":"全家便利商店股份有限公司-華碩店","address":"112臺北市北投區立德路１５號","number":"A001047","phone":"(02)25239588#6142","type":"連鎖型綠色商店","city":"台北市"}},{"type":"Feature","geometry":{"type":"Point","coordinates":[121.545456676532,24.995289358774]},"properties":{"name":"全家便利商店股份有限公司-華德店","address":"116臺北市文山區景華街７５號","number":"A001207","phone":"(02)25239588#6142","type":"連鎖型綠色商店","city":"台北市"}},{"type":"Feature","geometry":{"type":"Point","coordinates":[121.500579631655,25.040101821087]},"properties":{"name":"全家便利商店股份有限公司-貴陽店","address":"108臺北市萬華區貴陽街二段１８２號，１８４號","number":"A001108","phone":"(02)25239588#6142","type":"連鎖型綠色商店","city":"台北市"}},{"type":"Feature","geometry":{"type":"Point","coordinates":[121.512526609708,25.046062443892]},"properties":{"name":"全家便利商店股份有限公司-開封店","address":"100臺北市中正區開封街一段４１號１樓","number":"A000984","phone":"(02)25239588#6142","type":"連鎖型綠色商店","city":"台北市"}},{"type":"Feature","geometry":{"type":"Point","coordinates":[121.514251102467,25.0456220587]},"properties":{"name":"全家便利商店股份有限公司-開懷店","address":"100臺北市中正區黎明里懷寧街１７號１樓","number":"A000995","phone":"(02)25239588#6142","type":"連鎖型綠色商店","city":"台北市"}},{"type":"Feature","geometry":{"type":"Point","coordinates":[121.513309311826,25.11965056654]},"properties":{"name":"全家便利商店股份有限公司-陽大店","address":"臺北市立農街二段１５５號１樓","number":"A001450","phone":"(02)25239588#6142","type":"連鎖型綠色商店","city":"台北市"}},{"type":"Feature","geometry":{"type":"Point","coordinates":[121.576318089653,25.075200411992]},"properties":{"name":"全家便利商店股份有限公司-陽光店","address":"114臺北市內湖區瑞光路２１０號","number":"A000925","phone":"(02)25239588#6142","type":"連鎖型綠色商店","city":"台北市"}},{"type":"Feature","geometry":{"type":"Point","coordinates":[121.555012129971,24.986426962999]},"properties":{"name":"全家便利商店股份有限公司-順輝店","address":"116臺北市文山區光輝路７號","number":"A000923","phone":"(02)25239588#6142","type":"連鎖型綠色商店","city":"台北市"}},{"type":"Feature","geometry":{"type":"Point","coordinates":[121.528422553804,25.052336382238]},"properties":{"name":"全家便利商店股份有限公司-匯豐店","address":"104臺北市中山區南京東路二段１１號","number":"A001130","phone":"(02)25239588#6142","type":"連鎖型綠色商店","city":"台北市"}},{"type":"Feature","geometry":{"type":"Point","coordinates":[121.51738719154,25.025274904922]},"properties":{"name":"全家便利商店股份有限公司-廈門店","address":"100臺北市中正區廈門街５２號","number":"A001007","phone":"(02)25239588#6142","type":"連鎖型綠色商店","city":"台北市"}},{"type":"Feature","geometry":{"type":"Point","coordinates":[121.546123540749,25.045316789786]},"properties":{"name":"全家便利商店股份有限公司-微風店","address":"105臺北市松山區市民大道四段５１號１樓","number":"A000696","phone":"(02)25239588#6142","type":"連鎖型綠色商店","city":"台北市"}},{"type":"Feature","geometry":{"type":"Point","coordinates":[121.585093439363,25.040624097474]},"properties":{"name":"全家便利商店股份有限公司-新中坡店","address":"110臺北市信義區中坡南路２２９號","number":"A001109","phone":"(02)25239588#6142","type":"連鎖型綠色商店","city":"台北市"}},{"type":"Feature","geometry":{"type":"Point","coordinates":[121.589715723689,25.071229653]},"properties":{"name":"全家便利商店股份有限公司-新內湖店","address":"114臺北市內湖區成功路２段４２０號","number":"A001129","phone":"(02)25239588#6142","type":"連鎖型綠色商店","city":"台北市"}},{"type":"Feature","geometry":{"type":"Point","coordinates":[121.541600665795,24.995143304111]},"properties":{"name":"全家便利商店股份有限公司-新文華店","address":"116台北市文山區景華街３巷２號１樓及Ｂ１","number":"A001060","phone":"(02)25239588#6142","type":"連鎖型綠色商店","city":"台北市"}},{"type":"Feature","geometry":{"type":"Point","coordinates":[121.527873622965,25.050487795403]},"properties":{"name":"全家便利商店股份有限公司-新生店","address":"104臺北市中山區正義里新生北路一段１１２號","number":"A000916","phone":"(02)25239588#6142","type":"連鎖型綠色商店","city":"台北市"}},{"type":"Feature","geometry":{"type":"Point","coordinates":[121.532954984127,25.034315248502]},"properties":{"name":"全家便利商店股份有限公司-新生南路店","address":"106臺北市大安區新生南路一段１６３號","number":"A000469","phone":"(02)25239588#6142","type":"連鎖型綠色商店","city":"台北市"}},{"type":"Feature","geometry":{"type":"Point","coordinates":[121.521490384602,25.051740596561]},"properties":{"name":"全家便利商店股份有限公司-新光店","address":"104臺北市中山區南京西路１２巷１號１樓","number":"A000948","phone":"(02)25239588#6142","type":"連鎖型綠色商店","city":"台北市"}},{"type":"Feature","geometry":{"type":"Point","coordinates":[121.539147869469,25.026157393598]},"properties":{"name":"全家便利商店股份有限公司-新安店","address":"106臺北市大安區瑞安街２７４號１樓","number":"A000703","phone":"(02)25239588#6142","type":"連鎖型綠色商店","city":"台北市"}},{"type":"Feature","geometry":{"type":"Point","coordinates":[121.584287267916,25.044386314715]},"properties":{"name":"全家便利商店股份有限公司-新成鑫店","address":"115臺北市南港區玉成街１７６巷１號","number":"A000997","phone":"(02)25239588#6142","type":"連鎖型綠色商店","city":"台北市"}},{"type":"Feature","geometry":{"type":"Point","coordinates":[121.567248702779,25.041788846739]},"properties":{"name":"全家便利商店股份有限公司-新忠隆店","address":"110臺北市信義區興雅里忠孝東路五段７１巷８號壹樓","number":"A001225","phone":"(02)25239588#6142","type":"連鎖型綠色商店","city":"台北市"}},{"type":"Feature","geometry":{"type":"Point","coordinates":[121.517223912066,25.03137550551]},"properties":{"name":"全家便利商店股份有限公司-新昌店","address":"100臺北市中正區龍福里南昌路一段４９號一樓","number":"A001150","phone":"(02)25239588#6142","type":"連鎖型綠色商店","city":"台北市"}},{"type":"Feature","geometry":{"type":"Point","coordinates":[121.594202556458,25.050118111563]},"properties":{"name":"全家便利商店股份有限公司-新昆陽店","address":"115臺北市南港區昆陽街１４５號","number":"A001201","phone":"(02)25239588#6142","type":"連鎖型綠色商店","city":"台北市"}},{"type":"Feature","geometry":{"type":"Point","coordinates":[121.566166347622,25.057844969005]},"properties":{"name":"全家便利商店股份有限公司-新東店","address":"105臺北市松山區新東街１４號","number":"A000692","phone":"(02)25239588#6142","type":"連鎖型綠色商店","city":"台北市"}},{"type":"Feature","geometry":{"type":"Point","coordinates":[121.525614113326,25.067596307521]},"properties":{"name":"全家便利商店股份有限公司-新林森店","address":"104台北市中山區林森北路６３０號１樓","number":"A001010","phone":"(02)25239588#6142","type":"連鎖型綠色商店","city":"台北市"}},{"type":"Feature","geometry":{"type":"Point","coordinates":[121.577076903347,25.046264783035]},"properties":{"name":"全家便利商店股份有限公司-新松林店","address":"110臺北市信義區虎林街６１－４號","number":"A000702","phone":"(02)25239588#6142","type":"連鎖型綠色商店","city":"台北市"}},{"type":"Feature","geometry":{"type":"Point","coordinates":[121.577979047586,25.043088921831]},"properties":{"name":"全家便利商店股份有限公司-新松春店","address":"110臺北市信義區松山路２８１號１樓","number":"A001112","phone":"(02)25239588#6142","type":"連鎖型綠色商店","city":"台北市"}},{"type":"Feature","geometry":{"type":"Point","coordinates":[121.467016982598,25.120387713015]},"properties":{"name":"全家便利商店股份有限公司-新知行店","address":"112臺北市北投區關渡里知行路２３７號","number":"A001032","phone":"(02)25239588#6142","type":"連鎖型綠色商店","city":"台北市"}},{"type":"Feature","geometry":{"type":"Point","coordinates":[121.506208163456,25.026141048887]},"properties":{"name":"全家便利商店股份有限公司-新青年店","address":"108臺北市萬華區青年路６號","number":"A000906","phone":"(02)25239588#6142","type":"連鎖型綠色商店","city":"台北市"}},{"type":"Feature","geometry":{"type":"Point","coordinates":[121.504063821167,25.044122033307]},"properties":{"name":"全家便利商店股份有限公司-新峨嵋店","address":"108臺北市萬華區峨眉街８２號１樓","number":"A000929","phone":"(02)25239588#6142","type":"連鎖型綠色商店","city":"台北市"}},{"type":"Feature","geometry":{"type":"Point","coordinates":[121.525978642295,25.05819344663]},"properties":{"name":"全家便利商店股份有限公司-新泰店","address":"104臺北市中山區聚盛里民生東路一段４１號一樓","number":"A000734","phone":"(02)25239588#6142","type":"連鎖型綠色商店","city":"台北市"}},{"type":"Feature","geometry":{"type":"Point","coordinates":[121.555255875716,25.053223229504]},"properties":{"name":"全家便利商店股份有限公司-新健康店","address":"105臺北市松山區南京東路四段１３３巷９弄２號","number":"A001016","phone":"(02)25239588#6142","type":"連鎖型綠色商店","city":"台北市"}},{"type":"Feature","geometry":{"type":"Point","coordinates":[121.506470768483,25.02950655065]},"properties":{"name":"全家便利商店股份有限公司-新惠安店","address":"100台北市中正區中華路二段３０７巷４６號","number":"A001131","phone":"(02)25239588#6142","type":"連鎖型綠色商店","city":"台北市"}},{"type":"Feature","geometry":{"type":"Point","coordinates":[121.582556824005,25.064847546194]},"properties":{"name":"全家便利商店股份有限公司-新湖店","address":"114臺北市內湖區新湖二路２５０巷８號１樓","number":"A001152","phone":"(02)25239588#6142","type":"連鎖型綠色商店","city":"台北市"}},{"type":"Feature","geometry":{"type":"Point","coordinates":[121.558933016639,25.033254644383]},"properties":{"name":"全家便利商店股份有限公司-新貿店","address":"110臺北市信義區信義路四段４０７號壹樓","number":"A001137","phone":"(02)25239588#6142","type":"連鎖型綠色商店","city":"台北市"}},{"type":"Feature","geometry":{"type":"Point","coordinates":[121.523223762178,25.094549029644]},"properties":{"name":"全家便利商店股份有限公司-新陽明店","address":"111臺北市士林區中正路３２９號","number":"A001179","phone":"(02)25239588#6142","type":"連鎖型綠色商店","city":"台北市"}},{"type":"Feature","geometry":{"type":"Point","coordinates":[121.563778762502,25.08114779139]},"properties":{"name":"全家便利商店股份有限公司-新瑞店","address":"114臺北市內湖區堤頂大道２段４０７巷２６號一樓","number":"A001009","phone":"(02)25239588#6142","type":"連鎖型綠色商店","city":"台北市"}},{"type":"Feature","geometry":{"type":"Point","coordinates":[121.52593497258,25.064829986107]},"properties":{"name":"全家便利商店股份有限公司-新農店","address":"104臺北市中山區恆安里農安街２６之３號一樓","number":"A000993","phone":"(02)25239588#6142","type":"連鎖型綠色商店","city":"台北市"}},{"type":"Feature","geometry":{"type":"Point","coordinates":[121.557280608247,25.056288826771]},"properties":{"name":"全家便利商店股份有限公司-新壽店","address":"105臺北市松山區龍田里延壽街４００號１樓","number":"A001166","phone":"(02)25239588#6142","type":"連鎖型綠色商店","city":"台北市"}},{"type":"Feature","geometry":{"type":"Point","coordinates":[121.509624794829,25.115318296065]},"properties":{"name":"全家便利商店股份有限公司-新實店","address":"112臺北市北投區吉利里實踐街５１號１樓","number":"A001054","phone":"(02)25239588#6142","type":"連鎖型綠色商店","city":"台北市"}},{"type":"Feature","geometry":{"type":"Point","coordinates":[121.54987268222,25.003622185906]},"properties":{"name":"全家便利商店股份有限公司-新福興店","address":"116臺北市文山區福興路６５號","number":"A000782","phone":"(02)25239588#6142","type":"連鎖型綠色商店","city":"台北市"}},{"type":"Feature","geometry":{"type":"Point","coordinates":[121.549121412239,25.025581640669]},"properties":{"name":"全家便利商店股份有限公司-新遠企店","address":"106臺北市大安區敦化南路二段２６１號","number":"A000992","phone":"(02)25239588#6142","type":"連鎖型綠色商店","city":"台北市"}},{"type":"Feature","geometry":{"type":"Point","coordinates":[121.524705934117,25.066619899621]},"properties":{"name":"全家便利商店股份有限公司-新德城店","address":"104台北市中山區德惠街１６－７號","number":"A000956","phone":"(02)25239588#6142","type":"連鎖型綠色商店","city":"台北市"}},{"type":"Feature","geometry":{"type":"Point","coordinates":[121.529293517363,25.064753836517]},"properties":{"name":"全家便利商店股份有限公司-新稻江店","address":"104台北市中山區農安街８６號１樓","number":"A001084","phone":"(02)25239588#6142","type":"連鎖型綠色商店","city":"台北市"}},{"type":"Feature","geometry":{"type":"Point","coordinates":[121.511231605667,25.064306410525]},"properties":{"name":"全家便利商店股份有限公司-新橋店","address":"103臺北市大同區延平北路三段２５之３號","number":"A000961","phone":"(02)25239588#6142","type":"連鎖型綠色商店","city":"台北市"}},{"type":"Feature","geometry":{"type":"Point","coordinates":[121.491722139293,25.02654417652]},"properties":{"name":"全家便利商店股份有限公司-新興義店","address":"108臺北市萬華區和德里興義街４１號１樓","number":"A001160","phone":"(02)25239588#6142","type":"連鎖型綠色商店","city":"台北市"}},{"type":"Feature","geometry":{"type":"Point","coordinates":[121.510376651543,25.027233210871]},"properties":{"name":"全家便利商店股份有限公司-新龍口店","address":"100台北市中正區汀州路一段２４４號","number":"A001013","phone":"(02)25239588#6142","type":"連鎖型綠色商店","city":"台北市"}},{"type":"Feature","geometry":{"type":"Point","coordinates":[121.567705432683,25.079445091579]},"properties":{"name":"全家便利商店股份有限公司-瑞光店","address":"114臺北市內湖區瑞光路５１０號１樓","number":"A001208","phone":"(02)25239588#6142","type":"連鎖型綠色商店","city":"台北市"}},{"type":"Feature","geometry":{"type":"Point","coordinates":[121.541682724627,25.026483491541]},"properties":{"name":"全家便利商店股份有限公司-瑞和店","address":"106臺北市大安區瑞安街１３５巷２８號１樓","number":"A001012","phone":"(02)25239588#6142","type":"連鎖型綠色商店","city":"台北市"}},{"type":"Feature","geometry":{"type":"Point","coordinates":[121.570286472128,25.080066106785]},"properties":{"name":"全家便利商店股份有限公司-瑞湖店","address":"114臺北市內湖區港墘里瑞光路５１３巷３９號１樓","number":"A001146","phone":"(02)25239588#6142","type":"連鎖型綠色商店","city":"台北市"}},{"type":"Feature","geometry":{"type":"Point","coordinates":[121.583502051227,25.077251589427]},"properties":{"name":"全家便利商店股份有限公司-瑞陽店","address":"114臺北市內湖區文德路９０巷４９號","number":"A000556","phone":"(02)25239588#6142","type":"連鎖型綠色商店","city":"台北市"}},{"type":"Feature","geometry":{"type":"Point","coordinates":[121.520151040293,25.057719575734]},"properties":{"name":"全家便利商店股份有限公司-萬全店","address":"103臺北市大同區民生西路６３號","number":"A001139","phone":"(02)25239588#6142","type":"連鎖型綠色商店","city":"台北市"}},{"type":"Feature","geometry":{"type":"Point","coordinates":[121.570622837902,25.001275755931]},"properties":{"name":"全家便利商店股份有限公司-萬安店","address":"116臺北市文山區萬安街１７號","number":"A001155","phone":"(02)25239588#6142","type":"連鎖型綠色商店","city":"台北市"}},{"type":"Feature","geometry":{"type":"Point","coordinates":[121.50626407075,25.043540538775]},"properties":{"name":"全家便利商店股份有限公司-萬年店","address":"108臺北市萬華區西寧南路１５５號１樓","number":"A000689","phone":"(02)25239588#6142","type":"連鎖型綠色商店","city":"台北市"}},{"type":"Feature","geometry":{"type":"Point","coordinates":[121.536877295718,25.002189215739]},"properties":{"name":"全家便利商店股份有限公司-萬和店","address":"116臺北市文山區羅斯福路五段２１８巷３８弄２號１樓","number":"A001200","phone":"(02)25239588#6142","type":"連鎖型綠色商店","city":"台北市"}},{"type":"Feature","geometry":{"type":"Point","coordinates":[121.4997012,25.035103]},"properties":{"name":"全家便利商店股份有限公司-萬國店","address":"108臺北市萬華區峨嵋街２１號１樓","number":"A001103","phone":"(02)25239588#6142","type":"連鎖型綠色商店","city":"台北市"}},{"type":"Feature","geometry":{"type":"Point","coordinates":[121.539516170295,25.001129826997]},"properties":{"name":"全家便利商店股份有限公司-萬隆店","address":"116臺北市文山區萬祥里羅斯福路五段２６３號一樓","number":"A001064","phone":"(02)25239588#6142","type":"連鎖型綠色商店","city":"台北市"}},{"type":"Feature","geometry":{"type":"Point","coordinates":[121.543915244538,25.033565990177]},"properties":{"name":"全家便利商店股份有限公司-義興店","address":"106臺北市大安區信義路４段１之１０．１之１１號","number":"A000978","phone":"(02)25239588#6142","type":"連鎖型綠色商店","city":"台北市"}},{"type":"Feature","geometry":{"type":"Point","coordinates":[121.51194557618,25.084648744708]},"properties":{"name":"全家便利商店股份有限公司-葫東店","address":"111臺北市士林區葫東里重慶北路四段１８８號一樓","number":"A000712","phone":"(02)25239588#6142","type":"連鎖型綠色商店","city":"台北市"}},{"type":"Feature","geometry":{"type":"Point","coordinates":[121.509489091816,25.085566018282]},"properties":{"name":"全家便利商店股份有限公司-葫蘆店","address":"111臺北市士林區延平北路五段２８３之１號","number":"A000950","phone":"(02)25239588#6142","type":"連鎖型綠色商店","city":"台北市"}},{"type":"Feature","geometry":{"type":"Point","coordinates":[121.547361547848,24.987109291827]},"properties":{"name":"全家便利商店股份有限公司-試院店","address":"116臺北市文山區木柵路一段９１號９３號一樓","number":"A001065","phone":"(02)25239588#6142","type":"連鎖型綠色商店","city":"台北市"}},{"type":"Feature","geometry":{"type":"Point","coordinates":[121.53492238444,25.064795159299]},"properties":{"name":"全家便利商店股份有限公司-農安店","address":"104臺北市中山區農安街２４９號","number":"A001165","phone":"(02)25239588#6142","type":"連鎖型綠色商店","city":"台北市"}},{"type":"Feature","geometry":{"type":"Point","coordinates":[121.51512256894,25.055826355264]},"properties":{"name":"全家便利商店股份有限公司-寧夏店","address":"103臺北市大同區寧夏路２８，３０，２８—１，２８—２號","number":"A000980","phone":"(02)25239588#6142","type":"連鎖型綠色商店","city":"台北市"}},{"type":"Feature","geometry":{"type":"Point","coordinates":[121.538226782129,25.065479080689]},"properties":{"name":"全家便利商店股份有限公司-榮濱店","address":"104臺北市中山區民族東路４１０巷２４號１樓","number":"A001004","phone":"(02)25239588#6142","type":"連鎖型綠色商店","city":"台北市"}},{"type":"Feature","geometry":{"type":"Point","coordinates":[121.50731591578,25.041722001062]},"properties":{"name":"全家便利商店股份有限公司-漢中店","address":"108臺北市萬華區漢中街１３９號１樓","number":"A000940","phone":"(02)25239588#6142","type":"連鎖型綠色商店","city":"台北市"}},{"type":"Feature","geometry":{"type":"Point","coordinates":[121.573317955049,25.080995911304]},"properties":{"name":"全家便利商店股份有限公司-碧湖店","address":"114臺北市內湖區內湖路一段５９３號一樓及地下室","number":"A001072","phone":"(02)25239588#6142","type":"連鎖型綠色商店","city":"台北市"}},{"type":"Feature","geometry":{"type":"Point","coordinates":[121.519884579591,25.050139317778]},"properties":{"name":"全家便利商店股份有限公司-福安店","address":"103臺北市大同區長安西路５４號１樓","number":"A000926","phone":"(02)25239588#6142","type":"連鎖型綠色商店","city":"台北市"}},{"type":"Feature","geometry":{"type":"Point","coordinates":[121.5260508943,25.095191041518]},"properties":{"name":"全家便利商店股份有限公司-福林店","address":"111臺北市士林區福林里中正路２３３號，２３３之１號","number":"A001181","phone":"(02)25239588#6142","type":"連鎖型綠色商店","city":"台北市"}},{"type":"Feature","geometry":{"type":"Point","coordinates":[121.524306536431,25.057934236274]},"properties":{"name":"全家便利商店股份有限公司-福泰店","address":"104臺北市中山區民生東路一段３６號１樓","number":"A000943","phone":"(02)25239588#6142","type":"連鎖型綠色商店","city":"台北市"}},{"type":"Feature","geometry":{"type":"Point","coordinates":[121.530331196976,25.033052724336]},"properties":{"name":"全家便利商店股份有限公司-福康店","address":"106臺北市大安區信義路２段１９８巷６號一樓及地下室","number":"A000971","phone":"(02)25239588#6142","type":"連鎖型綠色商店","city":"台北市"}},{"type":"Feature","geometry":{"type":"Point","coordinates":[121.517766807935,25.085183929226]},"properties":{"name":"全家便利商店股份有限公司-福港店","address":"111臺北市士林區前港街１２６號","number":"A000963","phone":"(02)25239588#6142","type":"連鎖型綠色商店","city":"台北市"}},{"type":"Feature","geometry":{"type":"Point","coordinates":[121.515811393743,25.062764852803]},"properties":{"name":"全家便利商店股份有限公司-福澤店","address":"103臺北市大同區民權西路１４６號","number":"A001133","phone":"(02)25239588#6142","type":"連鎖型綠色商店","city":"台北市"}},{"type":"Feature","geometry":{"type":"Point","coordinates":[121.516556209659,25.029993832591]},"properties":{"name":"全家便利商店股份有限公司-福嶺店","address":"100臺北市中正區牯嶺街４３號１樓","number":"A001110","phone":"(02)25239588#6142","type":"連鎖型綠色商店","city":"台北市"}},{"type":"Feature","geometry":{"type":"Point","coordinates":[121.566795074179,25.078225734214]},"properties":{"name":"全家便利商店股份有限公司-精英店","address":"114臺北市內湖區堤頂大道二段２４１號壹樓","number":"A001105","phone":"(02)25239588#6142","type":"連鎖型綠色商店","city":"台北市"}},{"type":"Feature","geometry":{"type":"Point","coordinates":[121.492329659635,25.032915261124]},"properties":{"name":"全家便利商店股份有限公司-綠堤店","address":"108臺北市萬華區環河南路二段１７３號","number":"A001006","phone":"(02)25239588#6142","type":"連鎖型綠色商店","city":"台北市"}},{"type":"Feature","geometry":{"type":"Point","coordinates":[121.525102062861,25.061618208448]},"properties":{"name":"全家便利商店股份有限公司-聚葉店","address":"104臺北市中山區中山北路二段１３７巷３４號１樓","number":"A001167","phone":"(02)25239588#6142","type":"連鎖型綠色商店","city":"台北市"}},{"type":"Feature","geometry":{"type":"Point","coordinates":[121.533700638234,25.01698105364]},"properties":{"name":"全家便利商店股份有限公司-臺二店","address":"106臺北市大安區羅斯福路四段１號第一學生活動中心側邊","number":"A001234","phone":"(02)25239588#6142","type":"連鎖型綠色商店","city":"台北市"}},{"type":"Feature","geometry":{"type":"Point","coordinates":[121.536484687373,25.012893199461]},"properties":{"name":"全家便利商店股份有限公司-臺大二活店","address":"106臺北市大安區羅斯福路四段８５號（第二學生活動中心）","number":"A000960","phone":"(02)25239588#6142","type":"連鎖型綠色商店","city":"台北市"}},{"type":"Feature","geometry":{"type":"Point","coordinates":[121.540623838799,25.013742998714]},"properties":{"name":"全家便利商店股份有限公司-臺科大店","address":"106臺北市大安區基隆路４段４３號地下一樓（活動中心地下","number":"A000542","phone":"(02)25239588#6142","type":"連鎖型綠色商店","city":"台北市"}},{"type":"Feature","geometry":{"type":"Point","coordinates":[121.528560352292,25.025860716135]},"properties":{"name":"全家便利商店股份有限公司-臺師大店","address":"106臺北市大安區師大路９號地下一樓（男一舍）","number":"A001097","phone":"(02)25239588#6142","type":"連鎖型綠色商店","city":"台北市"}},{"type":"Feature","geometry":{"type":"Point","coordinates":[121.55082151366,25.047556350495]},"properties":{"name":"全家便利商店股份有限公司-臺視店","address":"105臺北市松山區八德路三段１２巷５弄２號","number":"A001218","phone":"(02)25239588#6142","type":"連鎖型綠色商店","city":"台北市"}},{"type":"Feature","geometry":{"type":"Point","coordinates":[121.533507183908,25.018916183626]},"properties":{"name":"全家便利商店股份有限公司-臺新店","address":"106臺北市大安區新生南路三段８４之８號","number":"A001195","phone":"(02)25239588#6142","type":"連鎖型綠色商店","city":"台北市"}},{"type":"Feature","geometry":{"type":"Point","coordinates":[121.518557891957,25.040775726103]},"properties":{"name":"全家便利商店股份有限公司-臺醫店","address":"100臺北市中正區中山南路７號１樓","number":"A001226","phone":"(02)25239588#6142","type":"連鎖型綠色商店","city":"台北市"}},{"type":"Feature","geometry":{"type":"Point","coordinates":[121.526522208716,25.041574311928]},"properties":{"name":"全家便利商店股份有限公司-齊東店","address":"100臺北市中正區濟南路二段３號之７，一樓","number":"A000907","phone":"(02)25239588#6142","type":"連鎖型綠色商店","city":"台北市"}},{"type":"Feature","geometry":{"type":"Point","coordinates":[121.554130018481,25.046400527957]},"properties":{"name":"全家便利商店股份有限公司-德光店","address":"105臺北市松山區八德路三段１０６巷６０號","number":"A000917","phone":"(02)25239588#6142","type":"連鎖型綠色商店","city":"台北市"}},{"type":"Feature","geometry":{"type":"Point","coordinates":[121.528301100027,25.107913471343]},"properties":{"name":"全家便利商店股份有限公司-德行店","address":"111臺北市士林區德行東路１０９巷３號","number":"A001041","phone":"(02)25239588#6142","type":"連鎖型綠色商店","city":"台北市"}},{"type":"Feature","geometry":{"type":"Point","coordinates":[121.530305213076,25.066705436942]},"properties":{"name":"全家便利商店股份有限公司-德惠店","address":"104臺北市中山區吉林路４４８號","number":"A001153","phone":"(02)25239588#6142","type":"連鎖型綠色商店","city":"台北市"}},{"type":"Feature","geometry":{"type":"Point","coordinates":[121.544876732652,25.052697684175]},"properties":{"name":"全家便利商店股份有限公司-慶城店","address":"105臺北市松山區中正里慶城街８號","number":"A001118","phone":"(02)25239588#6142","type":"連鎖型綠色商店","city":"台北市"}},{"type":"Feature","geometry":{"type":"Point","coordinates":[121.51374701481,25.062759823661]},"properties":{"name":"全家便利商店股份有限公司-慶權店","address":"103臺北市大同區重慶北路二段２６３號１樓","number":"A001178","phone":"(02)25239588#6142","type":"連鎖型綠色商店","city":"台北市"}},{"type":"Feature","geometry":{"type":"Point","coordinates":[121.516426373979,25.04544373371]},"properties":{"name":"全家便利商店股份有限公司-摩天店","address":"100臺北市中正區許昌街２６號","number":"A001151","phone":"(02)25239588#6142","type":"連鎖型綠色商店","city":"台北市"}},{"type":"Feature","geometry":{"type":"Point","coordinates":[121.520949835666,25.063550530497]},"properties":{"name":"全家便利商店股份有限公司-撫順店","address":"104臺北市中山區撫順街１２之２號１樓","number":"A000777","phone":"(02)25239588#6142","type":"連鎖型綠色商店","city":"台北市"}},{"type":"Feature","geometry":{"type":"Point","coordinates":[121.566075739249,25.062177658576]},"properties":{"name":"全家便利商店股份有限公司-撫遠店","address":"105臺北市松山區新東街６０巷１７號","number":"A001096","phone":"(02)25239588#6142","type":"連鎖型綠色商店","city":"台北市"}},{"type":"Feature","geometry":{"type":"Point","coordinates":[121.553562312179,25.028245619046]},"properties":{"name":"全家便利商店股份有限公司-樂利店","address":"106臺北市大安區通化街１６８號之２號","number":"A001008","phone":"(02)25239588#6142","type":"連鎖型綠色商店","city":"台北市"}},{"type":"Feature","geometry":{"type":"Point","coordinates":[121.55851216128,25.079575136807]},"properties":{"name":"全家便利商店股份有限公司-樂群店","address":"104臺北市中山區樂群二路１８６號","number":"A000693","phone":"(02)25239588#6142","type":"連鎖型綠色商店","city":"台北市"}},{"type":"Feature","geometry":{"type":"Point","coordinates":[121.543946425218,25.039102404862]},"properties":{"name":"全家便利商店股份有限公司-興仁店","address":"106臺北市大安區復興南路一段２１７號","number":"A000543","phone":"(02)25239588#6142","type":"連鎖型綠色商店","city":"台北市"}},{"type":"Feature","geometry":{"type":"Point","coordinates":[121.545118550558,25.062439048226]},"properties":{"name":"全家便利商店股份有限公司-興北店","address":"105臺北市松山區民權東路三段１０３巷１５—１號","number":"A001115","phone":"(02)25239588#6142","type":"連鎖型綠色商店","city":"台北市"}},{"type":"Feature","geometry":{"type":"Point","coordinates":[121.542266356546,25.056198763222]},"properties":{"name":"全家便利商店股份有限公司-興安店","address":"104臺北市中山區興安街５７號","number":"A001107","phone":"(02)25239588#6142","type":"連鎖型綠色商店","city":"台北市"}},{"type":"Feature","geometry":{"type":"Point","coordinates":[121.543702679474,25.028316362308]},"properties":{"name":"全家便利商店股份有限公司-興和店","address":"106臺北市大安區復興南路二段１５３號","number":"A000778","phone":"(02)25239588#6142","type":"連鎖型綠色商店","city":"台北市"}},{"type":"Feature","geometry":{"type":"Point","coordinates":[121.543496484656,25.039691610746]},"properties":{"name":"全家便利商店股份有限公司-興忠店","address":"106臺北市大安區復興南路一段２００號","number":"A001168","phone":"(02)25239588#6142","type":"連鎖型綠色商店","city":"台北市"}},{"type":"Feature","geometry":{"type":"Point","coordinates":[121.558977105449,25.00664046733]},"properties":{"name":"全家便利商店股份有限公司-興昌店","address":"116臺北市文山區辛亥路４段１０１巷１號","number":"A000697","phone":"(02)25239588#6142","type":"連鎖型綠色商店","city":"台北市"}},{"type":"Feature","geometry":{"type":"Point","coordinates":[121.549910903699,25.000986580272]},"properties":{"name":"全家便利商店股份有限公司-興欣店","address":"116臺北市文山區興隆路二段２０５號","number":"A001183","phone":"(02)25239588#6142","type":"連鎖型綠色商店","city":"台北市"}},{"type":"Feature","geometry":{"type":"Point","coordinates":[121.543370253194,25.032863041867]},"properties":{"name":"全家便利商店股份有限公司-興南店","address":"106臺北市大安區復興南路二段８，１０號","number":"A000544","phone":"(02)25239588#6142","type":"連鎖型綠色商店","city":"台北市"}},{"type":"Feature","geometry":{"type":"Point","coordinates":[121.560469251853,24.986968685401]},"properties":{"name":"全家便利商店股份有限公司-興崙店","address":"116臺北市文山區興隆路四段５０之１號","number":"A001092","phone":"(02)25239588#6142","type":"連鎖型綠色商店","city":"台北市"}},{"type":"Feature","geometry":{"type":"Point","coordinates":[121.585330982499,25.0573952799]},"properties":{"name":"全家便利商店股份有限公司-興盛店","address":"114臺北市內湖區新明路１８２號","number":"A001204","phone":"(02)25239588#6142","type":"連鎖型綠色商店","city":"台北市"}},{"type":"Feature","geometry":{"type":"Point","coordinates":[121.605697582292,25.055928111568]},"properties":{"name":"全家便利商店股份有限公司-興華店","address":"115臺北市南港區興華路８６號","number":"A001171","phone":"(02)25239588#6142","type":"連鎖型綠色商店","city":"台北市"}},{"type":"Feature","geometry":{"type":"Point","coordinates":[121.575948635859,25.036357307457]},"properties":{"name":"全家便利商店股份有限公司-興雅店","address":"110臺北市信義區虎林街２２２巷７９號","number":"A000690","phone":"(02)25239588#6142","type":"連鎖型綠色商店","city":"台北市"}},{"type":"Feature","geometry":{"type":"Point","coordinates":[121.552266553767,25.000415814575]},"properties":{"name":"全家便利商店股份有限公司-興園店","address":"116臺北市文山區興業里興隆路二段２２０巷３３號","number":"A001222","phone":"(02)25239588#6142","type":"連鎖型綠色商店","city":"台北市"}},{"type":"Feature","geometry":{"type":"Point","coordinates":[121.552699479066,25.001636596863]},"properties":{"name":"全家便利商店股份有限公司-興業店","address":"116臺北市文山區興隆路二段２７９號","number":"A000716","phone":"(02)25239588#6142","type":"連鎖型綠色商店","city":"台北市"}},{"type":"Feature","geometry":{"type":"Point","coordinates":[121.543658423025,25.04549473759]},"properties":{"name":"全家便利商店股份有限公司-興德店","address":"104臺北市中山區復興南路一段３８號","number":"A001076","phone":"(02)25239588#6142","type":"連鎖型綠色商店","city":"台北市"}},{"type":"Feature","geometry":{"type":"Point","coordinates":[121.538107675285,25.083911849691]},"properties":{"name":"全家便利商店股份有限公司-衡山店","address":"104臺北市中山區通北街１１１號","number":"A001203","phone":"(02)25239588#6142","type":"連鎖型綠色商店","city":"台北市"}},{"type":"Feature","geometry":{"type":"Point","coordinates":[121.532197846813,25.060390133904]},"properties":{"name":"全家便利商店股份有限公司-錦江店","address":"104臺北市中山區錦州街２１５號","number":"A001042","phone":"(02)25239588#6142","type":"連鎖型綠色商店","city":"台北市"}},{"type":"Feature","geometry":{"type":"Point","coordinates":[121.521710325741,25.060237708995]},"properties":{"name":"全家便利商店股份有限公司-錦西店","address":"104臺北市中山區錦西街８號","number":"A000966","phone":"(02)25239588#6142","type":"連鎖型綠色商店","city":"台北市"}},{"type":"Feature","geometry":{"type":"Point","coordinates":[121.529026050833,25.060938226553]},"properties":{"name":"全家便利商店股份有限公司-錦原店","address":"104臺北市中山區中原街１０１號１樓","number":"A000965","phone":"(02)25239588#6142","type":"連鎖型綠色商店","city":"台北市"}},{"type":"Feature","geometry":{"type":"Point","coordinates":[121.546592129475,24.999174458213]},"properties":{"name":"全家便利商店股份有限公司-靜心店","address":"116臺北市文山區興隆路二段７３號","number":"A000979","phone":"(02)25239588#6142","type":"連鎖型綠色商店","city":"台北市"}},{"type":"Feature","geometry":{"type":"Point","coordinates":[121.532552820413,25.015743717093]},"properties":{"name":"全家便利商店股份有限公司-館中店","address":"100臺北市中正區羅斯福路三段３１６巷８弄１號１樓","number":"A001066","phone":"(02)25239588#6142","type":"連鎖型綠色商店","city":"台北市"}},{"type":"Feature","geometry":{"type":"Point","coordinates":[121.550599141768,25.040748945922]},"properties":{"name":"全家便利商店股份有限公司-龍普店","address":"106臺北市大安區忠孝東路４段１７０巷６弄２號","number":"A000973","phone":"(02)25239588#6142","type":"連鎖型綠色商店","city":"台北市"}},{"type":"Feature","geometry":{"type":"Point","coordinates":[121.536030388221,25.066358635699]},"properties":{"name":"全家便利商店股份有限公司-濱江店","address":"104臺北市中山區建國北路三段１１１號１樓","number":"A001025","phone":"(02)25239588#6142","type":"連鎖型綠色商店","city":"台北市"}},{"type":"Feature","geometry":{"type":"Point","coordinates":[121.565665948002,25.082807408219]},"properties":{"name":"全家便利商店股份有限公司-環山店","address":"114臺北市內湖區環山路一段５號","number":"A001057","phone":"(02)25239588#6142","type":"連鎖型綠色商店","city":"台北市"}},{"type":"Feature","geometry":{"type":"Point","coordinates":[121.490684962594,25.031473070863]},"properties":{"name":"全家便利商店股份有限公司-環南店","address":"108臺北市萬華區環河南路二段２９８號","number":"A001219","phone":"(02)25239588#6142","type":"連鎖型綠色商店","city":"台北市"}},{"type":"Feature","geometry":{"type":"Point","coordinates":[121.573795472073,25.085200148209]},"properties":{"name":"全家便利商店股份有限公司-環德店","address":"114臺北市內湖區港華里環山路二段５５號１樓","number":"A001063","phone":"(02)25239588#6142","type":"連鎖型綠色商店","city":"台北市"}},{"type":"Feature","geometry":{"type":"Point","coordinates":[121.525990879874,25.118250746801]},"properties":{"name":"全家便利商店股份有限公司-磺溪店","address":"111臺北市士林區天母西路４０－１號","number":"A000953","phone":"(02)25239588#6142","type":"連鎖型綠色商店","city":"台北市"}},{"type":"Feature","geometry":{"type":"Point","coordinates":[121.563517666219,25.042339328231]},"properties":{"name":"全家便利商店股份有限公司-聯合店","address":"110臺北市信義區忠孝東路四段５５３巷６弄１７號１樓","number":"A001040","phone":"(02)25239588#6142","type":"連鎖型綠色商店","city":"台北市"}},{"type":"Feature","geometry":{"type":"Point","coordinates":[121.546353623991,25.056962731787]},"properties":{"name":"全家便利商店股份有限公司-豐禾店","address":"105臺北市松山區民生東路三段１３０巷５弄２號","number":"A000909","phone":"(02)25239588#6142","type":"連鎖型綠色商店","city":"台北市"}},{"type":"Feature","geometry":{"type":"Point","coordinates":[121.54554686581,25.058583205127]},"properties":{"name":"全家便利商店股份有限公司-豐華店","address":"105臺北市松山區民生東路三段１１３巷６弄１號一樓","number":"A000701","phone":"(02)25239588#6142","type":"連鎖型綠色商店","city":"台北市"}},{"type":"Feature","geometry":{"type":"Point","coordinates":[121.547133476263,25.05695376315]},"properties":{"name":"全家便利商店股份有限公司-豐興店","address":"105臺北市松山區民生東路三段１３０巷５弄２２號","number":"A001089","phone":"(02)25239588#6142","type":"連鎖型綠色商店","city":"台北市"}},{"type":"Feature","geometry":{"type":"Point","coordinates":[121.5242967064,25.064534986434]},"properties":{"name":"全家便利商店股份有限公司-雙城店","address":"104臺北市中山區雙城街１２之１號","number":"A000914","phone":"(02)25239588#6142","type":"連鎖型綠色商店","city":"台北市"}},{"type":"Feature","geometry":{"type":"Point","coordinates":[121.524435198644,25.063064002927]},"properties":{"name":"全家便利商店股份有限公司-雙權店","address":"104臺北市中山區雙城街１號１樓","number":"A000942","phone":"(02)25239588#6142","type":"連鎖型綠色商店","city":"台北市"}},{"type":"Feature","geometry":{"type":"Point","coordinates":[121.543606958139,25.044152417706]},"properties":{"name":"全家便利商店股份有限公司-懷生店","address":"106臺北市大安區復興南路１段７０號","number":"A000658","phone":"(02)25239588#6142","type":"連鎖型綠色商店","city":"台北市"}},{"type":"Feature","geometry":{"type":"Point","coordinates":[121.521926243567,25.028092691222]},"properties":{"name":"全家便利商店股份有限公司-羅中店","address":"106臺北市大安區羅斯福路二段１７號１Ｆ","number":"A001224","phone":"(02)25239588#6142","type":"連鎖型綠色商店","city":"台北市"}},{"type":"Feature","geometry":{"type":"Point","coordinates":[121.579088057195,25.080349163655]},"properties":{"name":"全家便利商店股份有限公司-麗山店","address":"114臺北市內湖區內湖路一段７３７巷４９號","number":"A001220","phone":"(02)25239588#6142","type":"連鎖型綠色商店","city":"台北市"}},{"type":"Feature","geometry":{"type":"Point","coordinates":[121.493340684796,25.027240419307]},"properties":{"name":"全家便利商店股份有限公司-寶元店","address":"108臺北市萬華區寶興街４０號","number":"A000908","phone":"(02)25239588#6142","type":"連鎖型綠色商店","city":"台北市"}},{"type":"Feature","geometry":{"type":"Point","coordinates":[121.572437017026,25.049798174319]},"properties":{"name":"全家便利商店股份有限公司-寶清店","address":"105臺北市松山區八德路四段５９８號１樓","number":"A001187","phone":"(02)25239588#6142","type":"連鎖型綠色商店","city":"台北市"}},{"type":"Feature","geometry":{"type":"Point","coordinates":[121.509593362692,25.041756576412]},"properties":{"name":"全家便利商店股份有限公司-寶慶店","address":"100臺北市中正區延平南路１１１號","number":"A001068","phone":"(02)25239588#6142","type":"連鎖型綠色商店","city":"台北市"}},{"type":"Feature","geometry":{"type":"Point","coordinates":[121.494220868449,25.026083297574]},"properties":{"name":"全家便利商店股份有限公司-寶興店","address":"108臺北市萬華區寶興街７８號","number":"A001023","phone":"(02)25239588#6142","type":"連鎖型綠色商店","city":"台北市"}},{"type":"Feature","geometry":{"type":"Point","coordinates":[121.515974254122,25.070592628359]},"properties":{"name":"全家便利商店股份有限公司-蘭州店","address":"103臺北市大同區大龍街２１７號１樓","number":"A001232","phone":"(02)25239588#6142","type":"連鎖型綠色商店","city":"台北市"}},{"type":"Feature","geometry":{"type":"Point","coordinates":[121.529774890062,25.110869684774]},"properties":{"name":"全家便利商店股份有限公司-蘭雅店","address":"111臺北市士林區忠誠路二段５０巷１０號","number":"A001031","phone":"(02)25239588#6142","type":"連鎖型綠色商店","city":"台北市"}},{"type":"Feature","geometry":{"type":"Point","coordinates":[121.562603032944,24.984552601811]},"properties":{"name":"全家便利商店股份有限公司-鑫順店","address":"116台北市文山區忠順街二段１６號","number":"A000949","phone":"(02)25239588#6142","type":"連鎖型綠色商店","city":"台北市"}},{"type":"Feature","geometry":{"type":"Point","coordinates":[121.558800834026,25.058344530435]},"properties":{"name":"全國電子股份有公司台北市第二十六分公司","address":"105臺北市松山區民生東路五段72號","number":"A000087","phone":"(02)22989922#5302","type":"連鎖型綠色商店","city":"台北市"}},{"type":"Feature","geometry":{"type":"Point","coordinates":[121.560516693425,24.981807779978]},"properties":{"name":"全國電子股份有公司台北市第三十七分公司全國電子台北木新門市","address":"116臺北市文山區木新路三段180號1樓","number":"A000090","phone":"(02)22990328","type":"連鎖型綠色商店","city":"台北市"}},{"type":"Feature","geometry":{"type":"Point","coordinates":[121.515062973609,25.072123541065]},"properties":{"name":"全國電子股份有公司台北市第三十三分公司","address":"103臺北市大同區酒泉街111號","number":"A000086","phone":"(02)22989922#5302","type":"連鎖型綠色商店","city":"台北市"}},{"type":"Feature","geometry":{"type":"Point","coordinates":[121.509946324634,25.084702556527]},"properties":{"name":"全國電子股份有公司台北市第五十分公司","address":"111台北市士林區延平北路五段250.252號","number":"A000097","phone":"(02)28105268","type":"連鎖型綠色商店","city":"台北市"}},{"type":"Feature","geometry":{"type":"Point","coordinates":[121.537327403919,25.059818697655]},"properties":{"name":"全國電子股份有公司台北市第四十七分公司","address":"105臺北市松山區建國北路二段123號","number":"A000089","phone":"(02)22989922#5302","type":"連鎖型綠色商店","city":"台北市"}},{"type":"Feature","geometry":{"type":"Point","coordinates":[121.544417823453,25.059683329919]},"properties":{"name":"全國電子股份有公司台北市第四十九分公司","address":"105台北市松山區復興北路331號","number":"A000096","phone":"(02)87120318","type":"連鎖型綠色商店","city":"台北市"}},{"type":"Feature","geometry":{"type":"Point","coordinates":[121.532554077698,25.039862811118]},"properties":{"name":"全國電子股份有公司台北市第四十八分公司","address":"100臺北市中正區新生南路一段102號","number":"A000088","phone":"(02)22989922#5302","type":"連鎖型綠色商店","city":"台北市"}},{"type":"Feature","geometry":{"type":"Point","coordinates":[121.498916662065,25.1353142481]},"properties":{"name":"全國電子股份有限公司台北市第一分公司","address":"112臺北市北投區中央北路1段138號","number":"A000072","phone":"(02)22989922#5302","type":"連鎖型綠色商店","city":"台北市"}},{"type":"Feature","geometry":{"type":"Point","coordinates":[121.582464120156,25.044660738224]},"properties":{"name":"全國電子股份有限公司台北市第七分公司","address":"115臺北市南港區忠孝東路5段984號","number":"A000061","phone":"(02)22989922#5302","type":"連鎖型綠色商店","city":"台北市"}},{"type":"Feature","geometry":{"type":"Point","coordinates":[121.594084371624,25.08318995828]},"properties":{"name":"全國電子股份有限公司台北市第九分公司","address":"114臺北市內湖區成功路4段155號","number":"A000055","phone":"(02)22989922#5302","type":"連鎖型綠色商店","city":"台北市"}},{"type":"Feature","geometry":{"type":"Point","coordinates":[121.506546037973,25.027105303028]},"properties":{"name":"全國電子股份有限公司台北市第二十一分公司","address":"108臺北市萬華區中華路二段436號","number":"A000063","phone":"(02)22989922#5302","type":"連鎖型綠色商店","city":"台北市"}},{"type":"Feature","geometry":{"type":"Point","coordinates":[121.524309637735,25.024036604457]},"properties":{"name":"全國電子股份有限公司台北市第二十七分公司","address":"100臺北市中正區南昌路2段206號","number":"A000066","phone":"(02)22989922#5302","type":"連鎖型綠色商店","city":"台北市"}},{"type":"Feature","geometry":{"type":"Point","coordinates":[121.504399013475,25.137109484122]},"properties":{"name":"全國電子股份有限公司台北市第二十九分公司","address":"112臺北市北投區泉源路12-1號","number":"A000069","phone":"(02)22989922#5302","type":"連鎖型綠色商店","city":"台北市"}},{"type":"Feature","geometry":{"type":"Point","coordinates":[121.513581975137,25.057117461719]},"properties":{"name":"全國電子股份有限公司台北市第二十二分公司","address":"103臺北市大同區重慶北路2段100-106號","number":"A000064","phone":"(02)22989922#5302","type":"連鎖型綠色商店","city":"台北市"}},{"type":"Feature","geometry":{"type":"Point","coordinates":[121.526187854598,25.119215294309]},"properties":{"name":"全國電子股份有限公司台北市第二十八分公司","address":"111臺北市士林區天母北路8號","number":"A000071","phone":"(02)22989922#5302","type":"連鎖型綠色商店","city":"台北市"}},{"type":"Feature","geometry":{"type":"Point","coordinates":[121.524635190854,25.095353482801]},"properties":{"name":"全國電子股份有限公司台北市第二十三分公司","address":"111臺北市士林區福佳里文林路448號","number":"A000051","phone":"(02)22989922#5302","type":"連鎖型綠色商店","city":"台北市"}},{"type":"Feature","geometry":{"type":"Point","coordinates":[121.554092981572,25.001110869879]},"properties":{"name":"全國電子股份有限公司台北市第八分公司","address":"116臺北市文山區興隆路2段333號","number":"A000073","phone":"(02)22989922#5302","type":"連鎖型綠色商店","city":"台北市"}},{"type":"Feature","geometry":{"type":"Point","coordinates":[121.538969586389,25.001433251892]},"properties":{"name":"全國電子股份有限公司台北市第十八分公司","address":"116臺北市文山區羅斯福路5段238號1-2樓","number":"A000074","phone":"(02)22989922#5302","type":"連鎖型綠色商店","city":"台北市"}},{"type":"Feature","geometry":{"type":"Point","coordinates":[121.52327992093,25.083828910759]},"properties":{"name":"全國電子股份有限公司台北市第十三分公司","address":"111臺北市士林區承德路4段128號","number":"A000054","phone":"(02)22989922#5302","type":"連鎖型綠色商店","city":"台北市"}},{"type":"Feature","geometry":{"type":"Point","coordinates":[121.614639564238,25.068551132022]},"properties":{"name":"全國電子股份有限公司台北市第十五分公司","address":"114臺北市內湖區東湖路84號","number":"A000060","phone":"(02)22989922#5302","type":"連鎖型綠色商店","city":"台北市"}},{"type":"Feature","geometry":{"type":"Point","coordinates":[121.553664655217,25.048302088421]},"properties":{"name":"全國電子股份有限公司台北市第十分公司","address":"105臺北市松山區八德路三段103號","number":"A000059","phone":"(02)22989922#5302","type":"連鎖型綠色商店","city":"台北市"}},{"type":"Feature","geometry":{"type":"Point","coordinates":[121.559786713477,25.051301678201]},"properties":{"name":"全國電子股份有限公司台北市第三十一分公司","address":"105臺北市松山區南京東路5段46號","number":"A000067","phone":"(02)22989922#5302","type":"連鎖型綠色商店","city":"台北市"}},{"type":"Feature","geometry":{"type":"Point","coordinates":[121.49337461897,25.026447037228]},"properties":{"name":"全國電子股份有限公司台北市第三十九分公司","address":"108臺北市萬華區西園路2段243號","number":"A000077","phone":"(02)22989922#5302","type":"連鎖型綠色商店","city":"台北市"}},{"type":"Feature","geometry":{"type":"Point","coordinates":[121.553094182887,25.019852651758]},"properties":{"name":"全國電子股份有限公司台北市第三十二分公司","address":"106臺北市大安區樂業街152號","number":"A000068","phone":"(02)22989922#5302","type":"連鎖型綠色商店","city":"台北市"}},{"type":"Feature","geometry":{"type":"Point","coordinates":[121.566667920708,24.988688149019]},"properties":{"name":"全國電子股份有限公司台北市第三十八分公司","address":"116臺北市文山區木柵路3段63、65號","number":"A000076","phone":"(02)22989922#5302","type":"連鎖型綠色商店","city":"台北市"}},{"type":"Feature","geometry":{"type":"Point","coordinates":[121.548525458923,25.081486085002]},"properties":{"name":"全國電子股份有限公司台北市第三十六分公司","address":"104臺北市中山區北安路577號","number":"A000075","phone":"(02)22989922#5302","type":"連鎖型綠色商店","city":"台北市"}},{"type":"Feature","geometry":{"type":"Point","coordinates":[121.500596982194,25.026232704998]},"properties":{"name":"全國電子股份有限公司台北市第三十四分公司","address":"108臺北市萬華區萬大路241號","number":"A000058","phone":"(02)22989922#5302","type":"連鎖型綠色商店","city":"台北市"}},{"type":"Feature","geometry":{"type":"Point","coordinates":[121.554178495216,25.031733523682]},"properties":{"name":"全國電子股份有限公司台北市第五分公司","address":"106臺北市大安區通化街26號","number":"A000065","phone":"(02)22989922#5302","type":"連鎖型綠色商店","city":"台北市"}},{"type":"Feature","geometry":{"type":"Point","coordinates":[121.51142438944,25.113750377257]},"properties":{"name":"全國電子股份有限公司台北市第六分公司","address":"112臺北市北投區石牌路1段79號","number":"A000070","phone":"(02)22989922#5302","type":"連鎖型綠色商店","city":"台北市"}},{"type":"Feature","geometry":{"type":"Point","coordinates":[121.590071619297,25.080167443995]},"properties":{"name":"全國電子股份有限公司台北市第四十一分公司","address":"114臺北市內湖區成功路三段158號","number":"A000050","phone":"(02)22989922#5302","type":"連鎖型綠色商店","city":"台北市"}},{"type":"Feature","geometry":{"type":"Point","coordinates":[121.532817185639,25.109166691596]},"properties":{"name":"全國電子股份有限公司台北市第四十二分公司","address":"111臺北市士林區德行東路226號","number":"A000052","phone":"(02)22989922#5302","type":"連鎖型綠色商店","city":"台北市"}},{"type":"Feature","geometry":{"type":"Point","coordinates":[121.543854811016,24.991605428509]},"properties":{"name":"全國電子股份有限公司台北市第四十五分公司","address":"116臺北市文山區景興路217號","number":"A000056","phone":"(02)22989922#5302","type":"連鎖型綠色商店","city":"台北市"}},{"type":"Feature","geometry":{"type":"Point","coordinates":[121.585794669383,25.045891411158]},"properties":{"name":"全國電子股份有限公司台北市第四十六分公司","address":"115臺北市南港區成福路4號","number":"A000057","phone":"(02)22989922#5302","type":"連鎖型綠色商店","city":"台北市"}},{"type":"Feature","geometry":{"type":"Point","coordinates":[121.531786714462,25.062726840872]},"properties":{"name":"全國電子股份有限公司台北市第四十分公司","address":"104臺北市中山區民權東路二段73號","number":"A000079","phone":"(02)22989922#5302","type":"連鎖型綠色商店","city":"台北市"}},{"type":"Feature","geometry":{"type":"Point","coordinates":[121.539308299096,25.025242005952]},"properties":{"name":"全國電子股份有限公司台北市第四十四分公司","address":"106臺北市大安區和平東路二段78號","number":"A000053","phone":"(02)22989922#5302","type":"連鎖型綠色商店","city":"台北市"}},{"type":"Feature","geometry":{"type":"Point","coordinates":[121.495837738398,25.132759681262]},"properties":{"name":"全勝汽車股份有限公司","address":"112台北市北投區大業路258號1樓","number":"A001482","phone":"(02)25066898","type":"連鎖型綠色商店","city":"台北市"}},{"type":"Feature","geometry":{"type":"Point","coordinates":[121.55773555597,25.051399075532]},"properties":{"name":"全勝汽車股份有限公司松山分公司","address":"105台北市松山區光復北路81號","number":"A001477","phone":"(02)25066898","type":"連鎖型綠色商店","city":"台北市"}},{"type":"Feature","geometry":{"type":"Point","coordinates":[121.540211532982,25.072722763323]},"properties":{"name":"全勝汽車股份有限公司松江分公司","address":"104台北市中山區濱江街211號","number":"A001479","phone":"(02)25066898","type":"連鎖型綠色商店","city":"台北市"}},{"type":"Feature","geometry":{"type":"Point","coordinates":[121.553341029935,25.025277335674]},"properties":{"name":"固德汽車股份有限公司仁愛分公司","address":"106台北市基隆路二段180號","number":"A001476","phone":"(02)25066898","type":"連鎖型綠色商店","city":"台北市"}},{"type":"Feature","geometry":{"type":"Point","coordinates":[121.518510450385,25.063401709806]},"properties":{"name":"承德傢俱生活館","address":"103臺北市大同區承德路3段3號","number":"A000094","phone":"(02)26002108","type":"連鎖型綠色商店","city":"台北市"}},{"type":"Feature","geometry":{"type":"Point","coordinates":[121.540046189397,24.990643015332]},"properties":{"name":"美德傢俱有限公司","address":"116臺北市文山區羅斯福路六段437號1樓","number":"A000098","phone":"(02)86633268","type":"連鎖型綠色商店","city":"台北市"}},{"type":"Feature","geometry":{"type":"Point","coordinates":[121.563538872434,25.061650646414]},"properties":{"name":"家福股份有限公司三民分公司","address":"105臺北市松山區三民路160號","number":"A000015","phone":"(02)27670702#880","type":"連鎖型綠色商店","city":"台北市"}},{"type":"Feature","geometry":{"type":"Point","coordinates":[121.499514291761,25.141740904721]},"properties":{"name":"家福股份有限公司北投分公司","address":"112臺北市北投區中和街366號","number":"A000083","phone":"(02)28963000#885","type":"連鎖型綠色商店","city":"台北市"}},{"type":"Feature","geometry":{"type":"Point","coordinates":[121.557791317607,25.082498074082]},"properties":{"name":"家福股份有限公司台北大直分公司","address":"104臺北市中山區樂群三路218號2F","number":"A000021","phone":"(02)85095577#880","type":"連鎖型綠色商店","city":"台北市"}},{"type":"Feature","geometry":{"type":"Point","coordinates":[121.575364899624,25.060140688466]},"properties":{"name":"家福股份有限公司台北內湖分公司","address":"114臺北市內湖區民善街88號","number":"A000019","phone":"(02)87905000#872","type":"連鎖型綠色商店","city":"台北市"}},{"type":"Feature","geometry":{"type":"Point","coordinates":[121.522553293743,25.105547888719]},"properties":{"name":"家福股份有限公司台北天母分公司","address":"111臺北市士林區德行西路47號","number":"A000016","phone":"(02)28338042#880","type":"連鎖型綠色商店","city":"台北市"}},{"type":"Feature","geometry":{"type":"Point","coordinates":[121.566501120835,25.048053858358]},"properties":{"name":"家福股份有限公司台北東興分公司","address":"110臺北市信義區東興路39、41、43、45地下一樓","number":"A000020","phone":"(02)87681111#880","type":"連鎖型綠色商店","city":"台北市"}},{"type":"Feature","geometry":{"type":"Point","coordinates":[121.513828151633,25.05902191394]},"properties":{"name":"家福股份有限公司台北重慶分公司","address":"103臺北市大同區重慶北路2段171號地下1F和2F","number":"A000014","phone":"(02)25537389#880","type":"連鎖型綠色商店","city":"台北市"}},{"type":"Feature","geometry":{"type":"Point","coordinates":[121.605578223991,25.054442503049]},"properties":{"name":"家福股份有限公司南港分公司","address":"115臺北市南港區南港路二段20巷5號B1-1","number":"A000018","phone":"(02)27882550#880","type":"連鎖型綠色商店","city":"台北市"}},{"type":"Feature","geometry":{"type":"Point","coordinates":[121.506303549514,25.037675427756]},"properties":{"name":"家樂福臺北桂林分公司","address":"108臺北市萬華區桂林路1號","number":"A000017","phone":"(02)23889887#880","type":"連鎖型綠色商店","city":"台北市"}},{"type":"Feature","geometry":{"type":"Point","coordinates":[121.56370801924,25.057546154157]},"properties":{"name":"振宇五金股份有限公司松山三民分公司","address":"105臺北市松山區三民路108之8號","number":"1","phone":"(02)87681536","type":"連鎖型綠色商店","city":"台北市"}},{"type":"Feature","geometry":{"type":"Point","coordinates":[121.605578223991,25.054442503049]},"properties":{"name":"特力屋(股)南港興華分公司","address":"115臺北市南港區南港路二段20巷5號B1","number":"A001734","phone":"(02)87916668#6554","type":"連鎖型綠色商店","city":"台北市"}},{"type":"Feature","geometry":{"type":"Point","coordinates":[121.520461338349,25.092421451161]},"properties":{"name":"特力屋股份有限公司士林分公司","address":"111 台北市士林區基河路258號","number":"A000005","phone":"(02)28891000#666","type":"連鎖型綠色商店","city":"台北市"}},{"type":"Feature","geometry":{"type":"Point","coordinates":[121.514147250687,25.055815165423]},"properties":{"name":"特力屋股份有限公司大同重慶北分公司","address":"103臺北市大同區重慶北路二段69、69-1號","number":"A001736","phone":"(02)87916668#6554","type":"連鎖型綠色商店","city":"台北市"}},{"type":"Feature","geometry":{"type":"Point","coordinates":[121.551621901594,25.030386147569]},"properties":{"name":"特力屋股份有限公司大安安和分公司","address":"106臺北市大安區安和路二段74巷3號","number":"A001733","phone":"(02)87916668#6554","type":"連鎖型綠色商店","city":"台北市"}},{"type":"Feature","geometry":{"type":"Point","coordinates":[121.574203335482,25.062186711031]},"properties":{"name":"特力屋股份有限公司內湖分公司","address":"114臺北市內湖區新湖三路23號B1","number":"A000004","phone":"(02)87918896#6666","type":"連鎖型綠色商店","city":"台北市"}},{"type":"Feature","geometry":{"type":"Point","coordinates":[121.574203335482,25.062186711031]},"properties":{"name":"特力屋股份有限公司和樂內湖分公司","address":"114臺北市內湖區新湖三路23號1樓","number":"A001732","phone":"(02)87916668#6273","type":"連鎖型綠色商店","city":"台北市"}},{"type":"Feature","geometry":{"type":"Point","coordinates":[121.521318974682,25.037151265441]},"properties":{"name":"國防部福利事業管利處信義福利站","address":"100臺北市中正區信義路一段三號地下一樓","number":"A000008","phone":"(02)23418026","type":"連鎖型綠色商店","city":"台北市"}},{"type":"Feature","geometry":{"type":"Point","coordinates":[121.55169759018,25.0233532698]},"properties":{"name":"國防部福利事業管理處大安福利站","address":"106臺北市大安區基隆路二段207號","number":"A000009","phone":"(02)27322110","type":"連鎖型綠色商店","city":"台北市"}},{"type":"Feature","geometry":{"type":"Point","coordinates":[121.508290395843,25.039275407344]},"properties":{"name":"國防部福利事業管理處中華福利站","address":"100臺北市中正區貴陽街一段243之1號","number":"A000013","phone":"(02)23610137","type":"連鎖型綠色商店","city":"台北市"}},{"type":"Feature","geometry":{"type":"Point","coordinates":[121.5032185,25.127903]},"properties":{"name":"國防部福利事業管理處北投福利站","address":"112臺北市北投區中央北路338號","number":"A000010","phone":"(02)28913431","type":"連鎖型綠色商店","city":"台北市"}},{"type":"Feature","geometry":{"type":"Point","coordinates":[121.510806056443,25.036896078399]},"properties":{"name":"國防部福利事業管理處忠愛福利站","address":"100臺北市中正區博愛路172號","number":"A000007","phone":"(02)23143683","type":"連鎖型綠色商店","city":"台北市"}},{"type":"Feature","geometry":{"type":"Point","coordinates":[121.557704564909,25.053940175592]},"properties":{"name":"國防部福利事業管理處松山福利站","address":"105臺北市松山區健康路131號","number":"A000011","phone":"(02)27666169","type":"連鎖型綠色商店","city":"台北市"}},{"type":"Feature","geometry":{"type":"Point","coordinates":[121.504394319609,25.027366650769]},"properties":{"name":"國防部福事業管理處南機場福利站","address":"108臺北市萬華區中華路2段416巷58號","number":"A000012","phone":"(02)23328310","type":"連鎖型綠色商店","city":"台北市"}},{"type":"Feature","geometry":{"type":"Point","coordinates":[121.524025409992,25.106161331523]},"properties":{"name":"國都豐田汽車天母營業所","address":"111臺北市德行西路15號","number":"A001507","phone":"(02)28335215","type":"連鎖型綠色商店","city":"台北市"}},{"type":"Feature","geometry":{"type":"Point","coordinates":[121.537560085551,25.058076812447]},"properties":{"name":"國都豐田汽車民生營業所","address":"104臺北市民生東路三段3號","number":"A001506","phone":"(02)25166877","type":"連鎖型綠色商店","city":"台北市"}},{"type":"Feature","geometry":{"type":"Point","coordinates":[121.533270059867,25.053554105132]},"properties":{"name":"國都豐田汽車南松江營業所","address":"104臺北市松江路127號2F","number":"A001505","phone":"(02)25176761","type":"連鎖型綠色商店","city":"台北市"}},{"type":"Feature","geometry":{"type":"Point","coordinates":[121.506012697474,25.115959176382]},"properties":{"name":"國都豐田汽車陽明營業所","address":"112臺北市承德路7段260號","number":"A001508","phone":"(02)28220322","type":"連鎖型綠色商店","city":"台北市"}},{"type":"Feature","geometry":{"type":"Point","coordinates":[121.542483866933,25.072706334792]},"properties":{"name":"國都豐田汽車濱江營業所","address":"104臺北市中山區濱江街269號","number":"A001497","phone":"(02)25087691","type":"連鎖型綠色商店","city":"台北市"}},{"type":"Feature","geometry":{"type":"Point","coordinates":[121.560325586032,25.048570896056]},"properties":{"name":"頂好Wellcome（八德店）","address":"106臺北市大安區八德路四段83號","number":"A000140","phone":"(02)28839489#318","type":"連鎖型綠色商店","city":"台北市"}},{"type":"Feature","geometry":{"type":"Point","coordinates":[121.556998054291,25.048233985458]},"properties":{"name":"頂好Wellcome（八德陽店）","address":"106臺北市大安區八德路3段225號B1","number":"A000138","phone":"(02)28839489#318","type":"連鎖型綠色商店","city":"台北市"}},{"type":"Feature","geometry":{"type":"Point","coordinates":[121.528856987846,25.1109565632]},"properties":{"name":"頂好Wellcome（士東二店）","address":"111臺北市士林區德行東路109巷104號1樓","number":"A000126","phone":"(02)28839489#318","type":"連鎖型綠色商店","city":"台北市"}},{"type":"Feature","geometry":{"type":"Point","coordinates":[121.549014878249,25.080172054041]},"properties":{"name":"頂好Wellcome（大直二店）","address":"104臺北市中山區北安路554巷19號B1","number":"A000175","phone":"(02)28839489#318","type":"連鎖型綠色商店","city":"台北市"}},{"type":"Feature","geometry":{"type":"Point","coordinates":[121.54791969878,25.082250849848]},"properties":{"name":"頂好Wellcome（大直店）","address":"104臺北市中山區北安路595巷11-13號","number":"A000176","phone":"(02)28839489#318","type":"連鎖型綠色商店","city":"台北市"}},{"type":"Feature","geometry":{"type":"Point","coordinates":[121.601522472502,25.086137496441]},"properties":{"name":"頂好Wellcome（大湖店）","address":"114臺北市內湖區大湖山莊街148號","number":"A000156","phone":"(02)28839489#318","type":"連鎖型綠色商店","city":"台北市"}},{"type":"Feature","geometry":{"type":"Point","coordinates":[121.582227834306,25.044277894797]},"properties":{"name":"頂好Wellcome（中坡陽店）","address":"115臺北市南港區忠孝東路5段970號B1","number":"A000163","phone":"(02)28839489#318","type":"連鎖型綠色商店","city":"台北市"}},{"type":"Feature","geometry":{"type":"Point","coordinates":[121.4997012,25.035103]},"properties":{"name":"頂好Wellcome（中華店）","address":"108臺北市萬華區中華路 2 段 600 號 之1","number":"A000120","phone":"(02)28839489#318","type":"連鎖型綠色商店","city":"台北市"}},{"type":"Feature","geometry":{"type":"Point","coordinates":[121.543427836869,25.097647022967]},"properties":{"name":"頂好Wellcome（中影店）","address":"111臺北市士林區至善路2段51號","number":"A000134","phone":"(02)28839489#318","type":"連鎖型綠色商店","city":"台北市"}},{"type":"Feature","geometry":{"type":"Point","coordinates":[121.547314357733,25.037605313136]},"properties":{"name":"頂好Wellcome（仁愛店）","address":"106臺北市大安區仁愛路4段50號之99~100號","number":"A000109","phone":"(02)28839489#318","type":"連鎖型綠色商店","city":"台北市"}},{"type":"Feature","geometry":{"type":"Point","coordinates":[121.556843491996,25.037412613182]},"properties":{"name":"頂好Wellcome（仁愛青店）","address":"106臺北市大安區仁愛路四段408號B1","number":"A000105","phone":"(02)28839489#318","type":"連鎖型綠色商店","city":"台北市"}},{"type":"Feature","geometry":{"type":"Point","coordinates":[121.578759989505,25.076727385203]},"properties":{"name":"頂好Wellcome（內湖店）","address":"114臺北市內湖區江南街65巷41號B1","number":"A000160","phone":"(02)28839489#318","type":"連鎖型綠色商店","city":"台北市"}},{"type":"Feature","geometry":{"type":"Point","coordinates":[121.532947356595,25.123447568679]},"properties":{"name":"頂好Wellcome（天母北店）","address":"111臺北市士林區中山北路7段154巷6號1樓","number":"A000128","phone":"(02)28839489#318","type":"連鎖型綠色商店","city":"台北市"}},{"type":"Feature","geometry":{"type":"Point","coordinates":[121.529271472958,25.118980517201]},"properties":{"name":"頂好Wellcome（天母店）","address":"111臺北市士林區天母西路 3 號 2 樓之 70","number":"A000147","phone":"(02)28839489#318","type":"連鎖型綠色商店","city":"台北市"}},{"type":"Feature","geometry":{"type":"Point","coordinates":[121.515225917807,25.072121403679]},"properties":{"name":"頂好Wellcome（孔廟店）","address":"103臺北市大同區酒泉街 105 號","number":"A000174","phone":"(02)28839489#318","type":"連鎖型綠色商店","city":"台北市"}},{"type":"Feature","geometry":{"type":"Point","coordinates":[121.5538134,24.9895521]},"properties":{"name":"頂好Wellcome（木柵店）","address":"116臺北市文山區木柵路 4 段 153 號","number":"A000169","phone":"(02)28839489#318","type":"連鎖型綠色商店","city":"台北市"}},{"type":"Feature","geometry":{"type":"Point","coordinates":[121.5538134,24.9895521]},"properties":{"name":"頂好Wellcome（木新店）","address":"116臺北市文山區木新路 3 段 278 巷 9 號B1","number":"A000171","phone":"(02)28839489#318","type":"連鎖型綠色商店","city":"台北市"}},{"type":"Feature","geometry":{"type":"Point","coordinates":[121.504525664032,25.136241035134]},"properties":{"name":"頂好Wellcome（北投店）","address":"112臺北市北投區光明路 220 號","number":"A000153","phone":"(02)28839489#318","type":"連鎖型綠色商店","city":"台北市"}},{"type":"Feature","geometry":{"type":"Point","coordinates":[121.540240031453,25.041365225353]},"properties":{"name":"頂好Wellcome（正義陽店）","address":"106臺北市大安區忠孝東路3段218號B1","number":"A000113","phone":"(02)28839489#318","type":"連鎖型綠色商店","city":"台北市"}},{"type":"Feature","geometry":{"type":"Point","coordinates":[121.607478149984,25.071583159767]},"properties":{"name":"頂好Wellcome（民權店）","address":"114臺北市內湖區民權東路6段296巷42之3號地下樓","number":"A000106","phone":"(02)28839489#318","type":"連鎖型綠色商店","city":"台北市"}},{"type":"Feature","geometry":{"type":"Point","coordinates":[121.568794353855,24.984090100745]},"properties":{"name":"頂好Wellcome（永安店）","address":"116臺北市文山區木新路二段158-1號","number":"A000168","phone":"(02)28839489#318","type":"連鎖型綠色商店","city":"台北市"}},{"type":"Feature","geometry":{"type":"Point","coordinates":[121.530232596201,25.064245109064]},"properties":{"name":"頂好Wellcome（吉林二店）","address":"100臺北市中正區台北市吉林路372.374號","number":"A000129","phone":"(02)28839489#318","type":"連鎖型綠色商店","city":"台北市"}},{"type":"Feature","geometry":{"type":"Point","coordinates":[121.521326266938,25.023413451865]},"properties":{"name":"頂好Wellcome（同安店）","address":"100臺北市中正區同安街71號","number":"A000127","phone":"(02)28839489#318","type":"連鎖型綠色商店","city":"台北市"}},{"type":"Feature","geometry":{"type":"Point","coordinates":[121.551009603567,25.02956539161]},"properties":{"name":"頂好Wellcome（安和店）","address":"106臺北市大安區安和路2段80-82號B1","number":"A000111","phone":"(02)28839489#318","type":"連鎖型綠色商店","city":"台北市"}},{"type":"Feature","geometry":{"type":"Point","coordinates":[121.545838975136,25.027400178382]},"properties":{"name":"頂好Wellcome（成功店）","address":"106臺北市大安區四維路198巷35號1F","number":"A000110","phone":"(02)28839489#318","type":"連鎖型綠色商店","city":"台北市"}},{"type":"Feature","geometry":{"type":"Point","coordinates":[121.588599338005,25.040917631723]},"properties":{"name":"頂好Wellcome（成福店）","address":"115臺北市南港區成福路183號1F","number":"A000166","phone":"(02)28839489#318","type":"連鎖型綠色商店","city":"台北市"}},{"type":"Feature","geometry":{"type":"Point","coordinates":[121.569455154971,25.025003037893]},"properties":{"name":"頂好Wellcome（吳興店）","address":"110臺北市信義區松仁路271號B1","number":"A000124","phone":"(02)28839489#318","type":"連鎖型綠色商店","city":"台北市"}},{"type":"Feature","geometry":{"type":"Point","coordinates":[121.553141624459,24.988087543747]},"properties":{"name":"頂好Wellcome（辛亥店）","address":"116臺北市文山區木柵路1段259號、259-1號","number":"A000170","phone":"(02)28839489#318","type":"連鎖型綠色商店","city":"台北市"}},{"type":"Feature","geometry":{"type":"Point","coordinates":[121.522272919082,25.027617982136]},"properties":{"name":"頂好Wellcome（和平店）","address":"106臺北市大安區羅斯福路2段41-49號B1","number":"A000117","phone":"(02)28839489#318","type":"連鎖型綠色商店","city":"台北市"}},{"type":"Feature","geometry":{"type":"Point","coordinates":[121.5153158,25.0580811]},"properties":{"name":"頂好Wellcome（延平店）","address":"103臺北市大同區延平北路 2 段 202 號 B1","number":"A000154","phone":"(02)28839489#318","type":"連鎖型綠色商店","city":"台北市"}},{"type":"Feature","geometry":{"type":"Point","coordinates":[121.546856454363,25.041863739044]},"properties":{"name":"頂好Wellcome（忠孝店）","address":"106臺北市大安區忠孝東路四段71號B1","number":"A000104","phone":"(02)28839489#318","type":"連鎖型綠色商店","city":"台北市"}},{"type":"Feature","geometry":{"type":"Point","coordinates":[121.520957547017,25.111508679162]},"properties":{"name":"頂好Wellcome（明德店）","address":"112臺北市北投區明德路161號B1","number":"A000155","phone":"(02)28839489#318","type":"連鎖型綠色商店","city":"台北市"}},{"type":"Feature","geometry":{"type":"Point","coordinates":[121.525713019783,25.059774566935]},"properties":{"name":"頂好Wellcome（東光店）","address":"104臺北市中山區林森北路413號B1","number":"A000136","phone":"(02)28839489#318","type":"連鎖型綠色商店","city":"台北市"}},{"type":"Feature","geometry":{"type":"Point","coordinates":[121.600879161433,25.054643962092]},"properties":{"name":"頂好Wellcome（東明店）","address":"115臺北市南港區東明街99號1樓","number":"A000164","phone":"(02)28839489#318","type":"連鎖型綠色商店","city":"台北市"}},{"type":"Feature","geometry":{"type":"Point","coordinates":[121.612365553906,25.069101320146]},"properties":{"name":"頂好Wellcome（東湖二店）","address":"114臺北市內湖區東湖路1號","number":"A000161","phone":"(02)28839489#318","type":"連鎖型綠色商店","city":"台北市"}},{"type":"Feature","geometry":{"type":"Point","coordinates":[121.619241229081,25.072627377264]},"properties":{"name":"頂好Wellcome（東湖三店）","address":"114臺北市內湖區康樂街150號1F","number":"A000162","phone":"(02)28839489#318","type":"連鎖型綠色商店","city":"台北市"}},{"type":"Feature","geometry":{"type":"Point","coordinates":[121.498451634077,25.021484189211]},"properties":{"name":"頂好Wellcome（東園店）","address":"108臺北市萬華區萬大路 406 號 B1","number":"A000122","phone":"(02)28839489#318","type":"連鎖型綠色商店","city":"台北市"}},{"type":"Feature","geometry":{"type":"Point","coordinates":[121.525560050051,25.054131199165]},"properties":{"name":"頂好Wellcome（林森店）","address":"104臺北市中山區林森北路247號B1","number":"A000135","phone":"(02)28839489#318","type":"連鎖型綠色商店","city":"台北市"}},{"type":"Feature","geometry":{"type":"Point","coordinates":[121.575874770794,25.037954167946]},"properties":{"name":"頂好Wellcome（松德店）","address":"110臺北市信義區松德路99號B1","number":"A000125","phone":"(02)28839489#318","type":"連鎖型綠色商店","city":"台北市"}},{"type":"Feature","geometry":{"type":"Point","coordinates":[121.508277236255,25.091273507611]},"properties":{"name":"頂好Wellcome（社中店）","address":"111臺北市士林區社中街222號1樓","number":"A000146","phone":"(02)28839489#318","type":"連鎖型綠色商店","city":"台北市"}},{"type":"Feature","geometry":{"type":"Point","coordinates":[121.587191010633,25.088150871493]},"properties":{"name":"頂好Wellcome（金龍店）","address":"114臺北市內湖區金龍路215號1樓","number":"A000157","phone":"(02)28839489#318","type":"連鎖型綠色商店","city":"台北市"}},{"type":"Feature","geometry":{"type":"Point","coordinates":[121.533658728718,25.048543319594]},"properties":{"name":"頂好Wellcome（長安東店）","address":"104臺北市中山區長安東路二段63.63-1.63-2號","number":"A000131","phone":"(02)28839489#318","type":"連鎖型綠色商店","city":"台北市"}},{"type":"Feature","geometry":{"type":"Point","coordinates":[121.50448249723,25.040506164097]},"properties":{"name":"頂好Wellcome（長沙店）","address":"108臺北市萬華區長沙街2段93號B1","number":"A000121","phone":"(02)28839489#318","type":"連鎖型綠色商店","city":"台北市"}},{"type":"Feature","geometry":{"type":"Point","coordinates":[121.545116538901,25.054675478048]},"properties":{"name":"頂好Wellcome（長春店）","address":"106臺北市大安區長春路343號1樓","number":"A000142","phone":"(02)28839489#318","type":"連鎖型綠色商店","city":"台北市"}},{"type":"Feature","geometry":{"type":"Point","coordinates":[121.528978106346,25.102841372184]},"properties":{"name":"頂好Wellcome（雨聲店）","address":"111臺北市士林區雨聲街52號,52-1號,50巷1號","number":"A000130","phone":"(02)28839489#318","type":"連鎖型綠色商店","city":"台北市"}},{"type":"Feature","geometry":{"type":"Point","coordinates":[121.564171622304,25.051204070938]},"properties":{"name":"頂好Wellcome（南京店）","address":"106臺北市大安區南京東路5段198號B1","number":"A000143","phone":"(02)28839489#318","type":"連鎖型綠色商店","city":"台北市"}},{"type":"Feature","geometry":{"type":"Point","coordinates":[121.622026535506,25.038702420443]},"properties":{"name":"頂好Wellcome（南港店）","address":"115臺北市南港區舊莊街1段196號1F","number":"A000167","phone":"(02)28839489#318","type":"連鎖型綠色商店","city":"台北市"}},{"type":"Feature","geometry":{"type":"Point","coordinates":[121.519387951828,25.087059170514]},"properties":{"name":"頂好Wellcome（後港店）","address":"111臺北市士林區華齡街 175 號","number":"A000149","phone":"(02)28839489#318","type":"連鎖型綠色商店","city":"台北市"}},{"type":"Feature","geometry":{"type":"Point","coordinates":[121.595991086958,25.080200342964]},"properties":{"name":"頂好Wellcome（星雲店）","address":"114臺北市內湖區星雲街152號B1","number":"A000158","phone":"(02)28839489#318","type":"連鎖型綠色商店","city":"台北市"}},{"type":"Feature","geometry":{"type":"Point","coordinates":[121.556711979935,25.08292588642]},"properties":{"name":"頂好Wellcome（美麗華店）","address":"104臺北市中山區敬業三路20號B1F之1","number":"A000137","phone":"(02)28839489#318","type":"連鎖型綠色商店","city":"台北市"}},{"type":"Feature","geometry":{"type":"Point","coordinates":[121.514201062505,25.111192597594]},"properties":{"name":"頂好Wellcome（致遠店）","address":"112臺北市北投區致遠一路二段19.21.23號","number":"A000108","phone":"(02)28839489#318","type":"連鎖型綠色商店","city":"台北市"}},{"type":"Feature","geometry":{"type":"Point","coordinates":[121.5153158,25.0580811]},"properties":{"name":"頂好Wellcome（重慶店）","address":"103臺北市大同區重慶北路 1 段 73 號 B1","number":"A000165","phone":"(02)28839489#318","type":"連鎖型綠色商店","city":"台北市"}},{"type":"Feature","geometry":{"type":"Point","coordinates":[121.528254664283,25.021704884722]},"properties":{"name":"頂好Wellcome（師大店）","address":"106臺北市大安區師大路129號1F","number":"A000114","phone":"(02)28839489#318","type":"連鎖型綠色商店","city":"台北市"}},{"type":"Feature","geometry":{"type":"Point","coordinates":[121.507210219981,25.127757543292]},"properties":{"name":"頂好Wellcome（清江店）","address":"112臺北市北投區公館路 198 號","number":"A000152","phone":"(02)28839489#318","type":"連鎖型綠色商店","city":"台北市"}},{"type":"Feature","geometry":{"type":"Point","coordinates":[121.504250774652,25.029935806875]},"properties":{"name":"頂好Wellcome（莒光店）","address":"100臺北市中正區西藏路 125 巷 13-15 號","number":"A000116","phone":"(02)28839489#318","type":"連鎖型綠色商店","city":"台北市"}},{"type":"Feature","geometry":{"type":"Point","coordinates":[121.556054587269,25.034862796327]},"properties":{"name":"頂好Wellcome（通化店）","address":"106臺北市大安區延吉街250號B1","number":"A000112","phone":"(02)28839489#318","type":"連鎖型綠色商店","city":"台北市"}},{"type":"Feature","geometry":{"type":"Point","coordinates":[121.554592448079,25.032949417379]},"properties":{"name":"頂好Wellcome（通化陽店）","address":"106臺北市大安區信義路4段296號B1","number":"A000144","phone":"(02)28839489#318","type":"連鎖型綠色商店","city":"台北市"}},{"type":"Feature","geometry":{"type":"Point","coordinates":[121.520352122151,25.081184713673]},"properties":{"name":"頂好Wellcome（通河店）","address":"111臺北市士林區通河街153號.155號","number":"A000133","phone":"(02)28839489#318","type":"連鎖型綠色商店","city":"台北市"}},{"type":"Feature","geometry":{"type":"Point","coordinates":[121.551530203573,25.056993116186]},"properties":{"name":"頂好Wellcome（敦北陽店）","address":"106臺北市大安區敦化北路199巷5號","number":"A000139","phone":"(02)28839489#318","type":"連鎖型綠色商店","city":"台北市"}},{"type":"Feature","geometry":{"type":"Point","coordinates":[121.539306790353,24.992339180313]},"properties":{"name":"頂好Wellcome（景美店）","address":"116臺北市文山區萬慶街 27 號","number":"A000173","phone":"(02)28839489#318","type":"連鎖型綠色商店","city":"台北市"}},{"type":"Feature","geometry":{"type":"Point","coordinates":[121.589948908235,25.067733058272]},"properties":{"name":"頂好Wellcome（湖興店）","address":"114臺北市內湖區成功路2段320巷19號","number":"A000159","phone":"(02)28839489#318","type":"連鎖型綠色商店","city":"台北市"}},{"type":"Feature","geometry":{"type":"Point","coordinates":[121.546117086683,25.136341576062]},"properties":{"name":"頂好Wellcome（陽明山店）","address":"111臺北市士林區格致路7 號","number":"A000148","phone":"(02)28839489#318","type":"連鎖型綠色商店","city":"台北市"}},{"type":"Feature","geometry":{"type":"Point","coordinates":[121.533045341043,25.109254408213]},"properties":{"name":"頂好Wellcome（陽明店）","address":"111臺北市士林區德行東路 230 號","number":"A000150","phone":"(02)28839489#318","type":"連鎖型綠色商店","city":"台北市"}},{"type":"Feature","geometry":{"type":"Point","coordinates":[121.53462985602,25.025778824941]},"properties":{"name":"頂好Wellcome（新生店）","address":"106臺北市大安區新生南路3段2號B1","number":"A000115","phone":"(02)28839489#318","type":"連鎖型綠色商店","city":"台北市"}},{"type":"Feature","geometry":{"type":"Point","coordinates":[121.567363283395,25.001933274326]},"properties":{"name":"頂好Wellcome（萬和店）","address":"116臺北市文山區萬和街6號2樓之2及2樓之3","number":"A000107","phone":"(02)28839489#318","type":"連鎖型綠色商店","city":"台北市"}},{"type":"Feature","geometry":{"type":"Point","coordinates":[121.56488767641,25.000750593424]},"properties":{"name":"頂好Wellcome（萬芳店）","address":"116臺北市文山區萬利街路 30 巷 1 號","number":"A000172","phone":"(02)28839489#318","type":"連鎖型綠色商店","city":"台北市"}},{"type":"Feature","geometry":{"type":"Point","coordinates":[121.497533815679,25.034195764472]},"properties":{"name":"頂好Wellcome（萬華店）","address":"108臺北市萬華區大理街114號1樓","number":"A000119","phone":"(02)28839489#318","type":"連鎖型綠色商店","city":"台北市"}},{"type":"Feature","geometry":{"type":"Point","coordinates":[121.535393782675,25.064785939206]},"properties":{"name":"頂好Wellcome（農安店）","address":"104臺北市中山區農安街257號.259號","number":"A000132","phone":"(02)28839489#318","type":"連鎖型綠色商店","city":"台北市"}},{"type":"Feature","geometry":{"type":"Point","coordinates":[121.489291387372,25.140913778516]},"properties":{"name":"頂好Wellcome（稻香店）","address":"112臺北市北投區稻香路81號1樓","number":"A000151","phone":"(02)28839489#318","type":"連鎖型綠色商店","city":"台北市"}},{"type":"Feature","geometry":{"type":"Point","coordinates":[121.543020141098,25.055952377178]},"properties":{"name":"頂好Wellcome（興安店）","address":"104臺北市中山區興安街112號B1","number":"A000177","phone":"(02)28839489#318","type":"連鎖型綠色商店","city":"台北市"}},{"type":"Feature","geometry":{"type":"Point","coordinates":[121.5333503,25.0605532]},"properties":{"name":"頂好Wellcome（羅斯福店）","address":"104臺北市中山區羅斯福路3段285號B1","number":"A000145","phone":"(02)28839489#318","type":"連鎖型綠色商店","city":"台北市"}},{"type":"Feature","geometry":{"type":"Point","coordinates":[121.509114001649,25.041688305811]},"properties":{"name":"頂好Wellcome（寶慶Gourmet店）","address":"100臺北市中正區寶慶路32號B1","number":"A000123","phone":"(02)28839489#318","type":"連鎖型綠色商店","city":"台北市"}},{"type":"Feature","geometry":{"type":"Point","coordinates":[121.495865984585,25.020757687753]},"properties":{"name":"頂好Wellcome（寶興店）","address":"108臺北市萬華區萬大路486巷48號1樓","number":"A000118","phone":"(02)28839489#318","type":"連鎖型綠色商店","city":"台北市"}},{"type":"Feature","geometry":{"type":"Point","coordinates":[121.573907705757,25.075079461129]},"properties":{"name":"博達汽車股份有限公司","address":"114台北市內湖區港墘路219號","number":"A001478","phone":"(02)25066898","type":"連鎖型綠色商店","city":"台北市"}},{"type":"Feature","geometry":{"type":"Point","coordinates":[121.538293502079,25.007447518877]},"properties":{"name":"博達汽車股份有限公司文山分公司","address":"116台北市文山區羅斯福路5段90號","number":"A001480","phone":"(02)25066898","type":"連鎖型綠色商店","city":"台北市"}},{"type":"Feature","geometry":{"type":"Point","coordinates":[121.529452689704,25.112272983004]},"properties":{"name":"棉花田士林士東門市","address":"111台北市士林區士東路97號1樓","number":"A001646","phone":"(02)25791777","type":"連鎖型綠色商店","city":"台北市"}},{"type":"Feature","geometry":{"type":"Point","coordinates":[121.549290810502,25.047433513704]},"properties":{"name":"棉花田大直樂群門市","address":"105臺北市松山區敦化南路一段3號11樓","number":"A001645","phone":"(02)25791777","type":"連鎖型綠色商店","city":"台北市"}},{"type":"Feature","geometry":{"type":"Point","coordinates":[121.552478280641,25.04778106932]},"properties":{"name":"棉花田中崙八德門市","address":"105台北市八德路三段74巷8號1樓","number":"A001648","phone":"(02)25791777","type":"連鎖型綠色商店","city":"台北市"}},{"type":"Feature","geometry":{"type":"Point","coordinates":[121.549290810502,25.047433513704]},"properties":{"name":"棉花田木柵指南門市","address":"105臺北市松山區敦化南路一段3號11樓","number":"A001644","phone":"(02)25791777","type":"連鎖型綠色商店","city":"台北市"}},{"type":"Feature","geometry":{"type":"Point","coordinates":[121.56328785078,25.058080701525]},"properties":{"name":"棉花田生機園地三民門市","address":"105臺北市松山區三民路三民路109號1樓 ","number":"A001587","phone":"(02)25791777#218","type":"連鎖型綠色商店","city":"台北市"}},{"type":"Feature","geometry":{"type":"Point","coordinates":[121.523545543441,25.095231651839]},"properties":{"name":"棉花田生機園地士林門市","address":"111臺北市士林區華榮街1號","number":"A001495","phone":"(02)25791777#218","type":"連鎖型綠色商店","city":"台北市"}},{"type":"Feature","geometry":{"type":"Point","coordinates":[121.521731448137,25.050602376019]},"properties":{"name":"棉花田生機園地中山門市","address":"104臺北市中山區中山北路一段116號","number":"A001513","phone":"(02)25791777#218","type":"連鎖型綠色商店","city":"台北市"}},{"type":"Feature","geometry":{"type":"Point","coordinates":[121.590729933973,25.080103909168]},"properties":{"name":"棉花田生機園地內湖門市","address":"114臺北市內湖區成功路3段181號","number":"A001489","phone":"(02)25791777#218","type":"連鎖型綠色商店","city":"台北市"}},{"type":"Feature","geometry":{"type":"Point","coordinates":[121.501455372899,25.132275095737]},"properties":{"name":"棉花田生機園地北投門市","address":"112臺北市北投區中央南路1段39號","number":"A001493","phone":"(02)25791777#218","type":"連鎖型綠色商店","city":"台北市"}},{"type":"Feature","geometry":{"type":"Point","coordinates":[121.550428737677,25.058672262849]},"properties":{"name":"棉花田生機園地民生門市","address":"105臺北市松山區民生東路四段55巷30號1F","number":"A001483","phone":"(02)25791777#218","type":"連鎖型綠色商店","city":"台北市"}},{"type":"Feature","geometry":{"type":"Point","coordinates":[121.576788314421,25.041025632546]},"properties":{"name":"棉花田生機園地永春門市","address":"110臺北市信義區忠孝東路5段457號","number":"A001490","phone":"(02)25791777#218","type":"連鎖型綠色商店","city":"台北市"}},{"type":"Feature","geometry":{"type":"Point","coordinates":[121.555337347814,25.041598409899]},"properties":{"name":"棉花田生機園地忠孝門市","address":"106臺北市大安區忠孝東路4段299號","number":"A001494","phone":"(02)25791777#218","type":"連鎖型綠色商店","city":"台北市"}},{"type":"Feature","geometry":{"type":"Point","coordinates":[121.539882071738,25.041784880603]},"properties":{"name":"棉花田生機園地忠孝復興門市","address":"106臺北市大安區忠孝東路3段221-1號","number":"A001486","phone":"(02)25791777#218","type":"連鎖型綠色商店","city":"台北市"}},{"type":"Feature","geometry":{"type":"Point","coordinates":[121.530611990732,25.108785566459]},"properties":{"name":"棉花田生機園地忠誠門市","address":"111臺北市士林區忠誠路2段5號","number":"A001511","phone":"(02)25791777#218","type":"連鎖型綠色商店","city":"台北市"}},{"type":"Feature","geometry":{"type":"Point","coordinates":[121.616442176335,25.06807084897]},"properties":{"name":"棉花田生機園地東湖門市","address":"114臺北市內湖區東湖路126號","number":"A001512","phone":"(02)25791777#218","type":"連鎖型綠色商店","city":"台北市"}},{"type":"Feature","geometry":{"type":"Point","coordinates":[121.505899541781,25.026037909568]},"properties":{"name":"棉花田生機園地股份有限公司","address":"108臺北市萬華區青年路12號","number":"A001585","phone":"(02)25791777","type":"連鎖型綠色商店","city":"台北市"}},{"type":"Feature","geometry":{"type":"Point","coordinates":[121.545921201606,25.036280720977]},"properties":{"name":"棉花田生機園地股份有限公司大安門市","address":"106臺北市大安區大安路一段182號","number":"A001584","phone":"(02)25797777","type":"連鎖型綠色商店","city":"台北市"}},{"type":"Feature","geometry":{"type":"Point","coordinates":[121.557393680121,25.037103279045]},"properties":{"name":"棉花田生機園地股份有限公司光復門市","address":"106臺北市大安區光復南路390-2號","number":"A001583","phone":"(02)25791777","type":"連鎖型綠色商店","city":"台北市"}},{"type":"Feature","geometry":{"type":"Point","coordinates":[121.561493771878,25.05169131097]},"properties":{"name":"棉花田生機園地南京門市","address":"105臺北市松山區南京東路5段137號","number":"A001496","phone":"(02)25791777#218","type":"連鎖型綠色商店","city":"台北市"}},{"type":"Feature","geometry":{"type":"Point","coordinates":[121.539348196955,25.051751241578]},"properties":{"name":"棉花田生機園地南京龍江門市","address":"104臺北市中山區南京東路3段82號","number":"A001586","phone":"(02)25791777#218","type":"連鎖型綠色商店","city":"台北市"}},{"type":"Feature","geometry":{"type":"Point","coordinates":[121.583306417606,25.045256314355]},"properties":{"name":"棉花田生機園地後山埤門市","address":"114臺北市內湖區忠孝東路六段六號","number":"A001510","phone":"(02)25791777#218","type":"連鎖型綠色商店","city":"台北市"}},{"type":"Feature","geometry":{"type":"Point","coordinates":[121.51309775259,25.042939891593]},"properties":{"name":"棉花田生機園地重慶門市","address":"100臺北市中正區重慶南路1段90號","number":"A001590","phone":"(02)25791777","type":"連鎖型綠色商店","city":"台北市"}},{"type":"Feature","geometry":{"type":"Point","coordinates":[121.566,25.0358]},"properties":{"name":"棉花田生機園地莊敬門市","address":"110臺北市信義區376號","number":"A001593","phone":"(02)25791777","type":"連鎖型綠色商店","city":"台北市"}},{"type":"Feature","geometry":{"type":"Point","coordinates":[121.511610300053,25.043330111095]},"properties":{"name":"棉花田生機園地博愛門市","address":"100臺北市中正區博愛路89號","number":"A001484","phone":"(02)25791777#218","type":"連鎖型綠色商店","city":"台北市"}},{"type":"Feature","geometry":{"type":"Point","coordinates":[121.541237980845,24.99053707113]},"properties":{"name":"棉花田生機園地景美門市","address":"116臺北市文山區景文街117號","number":"A001589","phone":"(02)25791777","type":"連鎖型綠色商店","city":"台北市"}},{"type":"Feature","geometry":{"type":"Point","coordinates":[121.519059632681,25.029176597031]},"properties":{"name":"棉花田生機園地福州門市","address":"100臺北市中正區福州街11-10號","number":"A001487","phone":"(02)25791777#218","type":"連鎖型綠色商店","city":"台北市"}},{"type":"Feature","geometry":{"type":"Point","coordinates":[121.546819238712,25.053859332136]},"properties":{"name":"棉花田生機園地慶城門市","address":"105臺北市松山區南京東路3段303巷24號","number":"A001592","phone":"(02)25791777","type":"連鎖型綠色商店","city":"台北市"}},{"type":"Feature","geometry":{"type":"Point","coordinates":[121.561765764636,24.9846573756]},"properties":{"name":"棉花田生機園地興隆門市","address":"116臺北市文山區興隆路4段153號","number":"A001588","phone":"(02)25791777","type":"連鎖型綠色商店","city":"台北市"}},{"type":"Feature","geometry":{"type":"Point","coordinates":[121.541921105954,25.060325970436]},"properties":{"name":"棉花田生機園地錦州門市","address":"104臺北市中山區錦州街417號","number":"A001492","phone":"(02)25791777#218","type":"連鎖型綠色商店","city":"台北市"}},{"type":"Feature","geometry":{"type":"Point","coordinates":[121.530747442288,25.018542644111]},"properties":{"name":"棉花田生機園地羅斯福門市","address":"106臺北市大安區羅斯福路3段273之1","number":"A001488","phone":"(02)25791777#218","type":"連鎖型綠色商店","city":"台北市"}},{"type":"Feature","geometry":{"type":"Point","coordinates":[121.55365744678,25.039513411484]},"properties":{"name":"棉花田忠孝216門市","address":"110台北市忠孝東路四段216巷33弄11號","number":"A001647","phone":"(02)25791777","type":"連鎖型綠色商店","city":"台北市"}},{"type":"Feature","geometry":{"type":"Point","coordinates":[121.549290810502,25.047433513704]},"properties":{"name":"棉花田建南門市","address":"105臺北市松山區敦化南路一段3號11樓","number":"A001643","phone":"(02)25791777","type":"連鎖型綠色商店","city":"台北市"}},{"type":"Feature","geometry":{"type":"Point","coordinates":[121.549290810502,25.047433513704]},"properties":{"name":"棉花田基隆信二門市","address":"105臺北市松山區敦化南路一段3號11樓","number":"A001731","phone":"(02)25791777","type":"連鎖型綠色商店","city":"台北市"}},{"type":"Feature","geometry":{"type":"Point","coordinates":[121.584658418589,25.047326309163]},"properties":{"name":"港德傢俱有限公司","address":"115台北市南港區忠孝東路6段112號1F","number":"A000103","phone":"(02)27887208","type":"連鎖型綠色商店","city":"台北市"}},{"type":"Feature","geometry":{"type":"Point","coordinates":[121.563709360344,25.032703618069]},"properties":{"name":"萊爾富國際股份有限公司-北市101店","address":"110台北市信義區信義路5段20號","number":"A001624","phone":"(02)89785935","type":"連鎖型綠色商店","city":"台北市"}},{"type":"Feature","geometry":{"type":"Point","coordinates":[121.496722279813,25.133622109487]},"properties":{"name":"萊爾富國際股份有限公司-北市十信店","address":"112台北市北投區北投路2段55號","number":"A001635","phone":"(02)28932370","type":"連鎖型綠色商店","city":"台北市"}},{"type":"Feature","geometry":{"type":"Point","coordinates":[121.591982106488,25.071800418697]},"properties":{"name":"萊爾富國際股份有限公司-北市三總店","address":"114臺北市內湖區成功路二段325號B1(台北國防醫學中心)","number":"A001246","phone":"(02)66068688#356","type":"連鎖型綠色商店","city":"台北市"}},{"type":"Feature","geometry":{"type":"Point","coordinates":[121.525332313741,25.086625197477]},"properties":{"name":"萊爾富國際股份有限公司-北市士大店","address":"111臺北市士林區大東路7號","number":"A001383","phone":"(02)66068688#356","type":"連鎖型綠色商店","city":"台北市"}},{"type":"Feature","geometry":{"type":"Point","coordinates":[121.527017160099,25.114012060274]},"properties":{"name":"萊爾富國際股份有限公司-北市士東店","address":"111臺北市士林區中山北路六段429號","number":"A001427","phone":"(02)66068688#356","type":"連鎖型綠色商店","city":"台北市"}},{"type":"Feature","geometry":{"type":"Point","coordinates":[121.470938455998,25.108323304499]},"properties":{"name":"萊爾富國際股份有限公司-北市士海店","address":"111臺北市士林區延平北路九段212號(海洋技術學院士林校區-學生宿舍及福利社)","number":"A001399","phone":"(02)66068688#356","type":"連鎖型綠色商店","city":"台北市"}},{"type":"Feature","geometry":{"type":"Point","coordinates":[121.531565599857,25.105194046677]},"properties":{"name":"萊爾富國際股份有限公司-北市士陽店","address":"111臺北市士林區雨聲街105號(北市陽明醫院)","number":"A001398","phone":"(02)66068688#356","type":"連鎖型綠色商店","city":"台北市"}},{"type":"Feature","geometry":{"type":"Point","coordinates":[121.533083813979,25.124703052046]},"properties":{"name":"萊爾富國際股份有限公司-北市士銓店","address":"111臺北市士林區中山北路七段186號","number":"A001306","phone":"(02)66068688#356","type":"連鎖型綠色商店","city":"台北市"}},{"type":"Feature","geometry":{"type":"Point","coordinates":[121.510791891027,25.089076904156]},"properties":{"name":"萊爾富國際股份有限公司-北市士慶店","address":"111臺北市士林區社正路75號","number":"A001322","phone":"(02)66068688#356","type":"連鎖型綠色商店","city":"台北市"}},{"type":"Feature","geometry":{"type":"Point","coordinates":[121.524837362359,25.087037796661]},"properties":{"name":"萊爾富國際股份有限公司-北市士鑽店","address":"111臺北市士林區基河路15號A1-01","number":"A001376","phone":"(02)66068688#356","type":"連鎖型綠色商店","city":"台北市"}},{"type":"Feature","geometry":{"type":"Point","coordinates":[121.522209551894,25.066840134127]},"properties":{"name":"萊爾富國際股份有限公司-北市大同店","address":"104臺北市中山區中山北路三段40號(大同大學經營大樓)","number":"A001410","phone":"(02)66068688#356","type":"連鎖型綠色商店","city":"台北市"}},{"type":"Feature","geometry":{"type":"Point","coordinates":[121.502570752754,25.138139033289]},"properties":{"name":"萊爾富國際股份有限公司-北市大業店","address":"112臺北市北投區中和街41號","number":"A001304","phone":"(02)66068688#356","type":"連鎖型綠色商店","city":"台北市"}},{"type":"Feature","geometry":{"type":"Point","coordinates":[121.53736881052,25.05465108671]},"properties":{"name":"萊爾富國際股份有限公司-北市山華店","address":"104臺北市中山區長春路208號1樓","number":"A001381","phone":"(02)66068688#356","type":"連鎖型綠色商店","city":"台北市"}},{"type":"Feature","geometry":{"type":"Point","coordinates":[121.541967793155,25.048398564127]},"properties":{"name":"萊爾富國際股份有限公司-北市山寧店","address":"104臺北市中山區長安東路二段171-7號","number":"A001371","phone":"(02)66068688#356","type":"連鎖型綠色商店","city":"台北市"}},{"type":"Feature","geometry":{"type":"Point","coordinates":[121.536045475647,25.048303471435]},"properties":{"name":"萊爾富國際股份有限公司-北市山榮店","address":"104臺北市中山區長安東路二段118號1樓","number":"A001311","phone":"(02)66068688#356","type":"連鎖型綠色商店","city":"台北市"}},{"type":"Feature","geometry":{"type":"Point","coordinates":[121.529496778515,25.066723625672]},"properties":{"name":"萊爾富國際股份有限公司-北市山德店","address":"104臺北市中山區德惠街109號 1樓","number":"A001262","phone":"(02)66068688#356","type":"連鎖型綠色商店","city":"台北市"}},{"type":"Feature","geometry":{"type":"Point","coordinates":[121.520800302513,25.062420440401]},"properties":{"name":"萊爾富國際股份有限公司-北市山擎店","address":"104臺北市中山區天祥路70號一樓","number":"A001370","phone":"(02)66068688#356","type":"連鎖型綠色商店","city":"台北市"}},{"type":"Feature","geometry":{"type":"Point","coordinates":[121.571779372902,25.03987907201]},"properties":{"name":"萊爾富國際股份有限公司-北市工農店","address":"110臺北市信義區忠孝東路五段236巷16號","number":"A001239","phone":"(02)66068688#356","type":"連鎖型綠色商店","city":"台北市"}},{"type":"Feature","geometry":{"type":"Point","coordinates":[121.524036555329,25.057138626025]},"properties":{"name":"萊爾富國際股份有限公司-北市中山三店","address":"104臺北市中山區中山北路二段65巷13號","number":"A001373","phone":"(02)66068688#356","type":"連鎖型綠色商店","city":"台北市"}},{"type":"Feature","geometry":{"type":"Point","coordinates":[121.523719467932,25.061666027206]},"properties":{"name":"萊爾富國際股份有限公司-北市中山店","address":"104臺北市中山區中山北路二段137巷2號","number":"A001392","phone":"(02)66068688#356","type":"連鎖型綠色商店","city":"台北市"}},{"type":"Feature","geometry":{"type":"Point","coordinates":[121.529007610646,25.059018938364]},"properties":{"name":"萊爾富國際股份有限公司-北市中原二店","address":"104臺北市中山區中原街77號","number":"A001439","phone":"(02)66068688#356","type":"連鎖型綠色商店","city":"台北市"}},{"type":"Feature","geometry":{"type":"Point","coordinates":[121.55540524123,24.999263763893]},"properties":{"name":"萊爾富國際股份有限公司-北市中國店","address":"116臺北市文山區興隆路三段56號(中國科技大學)","number":"A001396","phone":"(02)66068688#356","type":"連鎖型綠色商店","city":"台北市"}},{"type":"Feature","geometry":{"type":"Point","coordinates":[121.5904869426,25.067395896217]},"properties":{"name":"萊爾富國際股份有限公司-北市內湖二店","address":"114臺北市內湖區成功路二段318之1號","number":"A001440","phone":"(02)66068688#356","type":"連鎖型綠色商店","city":"台北市"}},{"type":"Feature","geometry":{"type":"Point","coordinates":[121.52704733495,25.114067632292]},"properties":{"name":"萊爾富國際股份有限公司-北市天福店","address":"111台北市士林區中山北路六段431之4號1樓","number":"A001597","phone":"(02)89781406","type":"連鎖型綠色商店","city":"台北市"}},{"type":"Feature","geometry":{"type":"Point","coordinates":[121.555389315614,25.002355512698]},"properties":{"name":"萊爾富國際股份有限公司-北市文辛店","address":"116臺北市文山區辛亥路四段218.220號","number":"A001422","phone":"(02)66068688#356","type":"連鎖型綠色商店","city":"台北市"}},{"type":"Feature","geometry":{"type":"Point","coordinates":[121.539028930263,25.002340383363]},"properties":{"name":"萊爾富國際股份有限公司-北市文武店","address":"116臺北市文山區羅斯福路五段203號1樓","number":"A001240","phone":"(02)66068688#356","type":"連鎖型綠色商店","city":"台北市"}},{"type":"Feature","geometry":{"type":"Point","coordinates":[121.530366125405,25.043674515575]},"properties":{"name":"萊爾富國際股份有限公司-北市文創店","address":"105台北市中正區八德路一段34號","number":"A001614","phone":"(02)89786752","type":"連鎖型綠色商店","city":"台北市"}},{"type":"Feature","geometry":{"type":"Point","coordinates":[121.538976794825,24.993598058351]},"properties":{"name":"萊爾富國際股份有限公司-北市文福店","address":"116臺北市文山區景福街230巷2號","number":"A001316","phone":"(02)66068688#356","type":"連鎖型綠色商店","city":"台北市"}},{"type":"Feature","geometry":{"type":"Point","coordinates":[121.559734326582,24.981963180463]},"properties":{"name":"萊爾富國際股份有限公司-北市木新二店","address":"116臺北市文山區木新路三段232巷6弄18號","number":"A001406","phone":"(02)66068688#356","type":"連鎖型綠色商店","city":"台北市"}},{"type":"Feature","geometry":{"type":"Point","coordinates":[121.568758954093,24.983865411479]},"properties":{"name":"萊爾富國際股份有限公司-北市木新三店","address":"116臺北市文山區木新路二段163號","number":"A001413","phone":"(02)66068688#356","type":"連鎖型綠色商店","city":"台北市"}},{"type":"Feature","geometry":{"type":"Point","coordinates":[121.546099484687,24.986657339608]},"properties":{"name":"萊爾富國際股份有限公司-北市世新店","address":"116臺北市文山區木柵路一段8號","number":"A001245","phone":"(02)66068688#356","type":"連鎖型綠色商店","city":"台北市"}},{"type":"Feature","geometry":{"type":"Point","coordinates":[121.478891876284,25.135565118462]},"properties":{"name":"萊爾富國際股份有限公司-北市北天店","address":"112臺北市北投區一德里中央北路四段8號1樓","number":"A001273","phone":"(02)66068688#356","type":"連鎖型綠色商店","city":"台北市"}},{"type":"Feature","geometry":{"type":"Point","coordinates":[121.471857112586,25.125505283999]},"properties":{"name":"萊爾富國際股份有限公司-北市北功店","address":"112臺北市北投區立德路60號","number":"A001278","phone":"(02)66068688#356","type":"連鎖型綠色商店","city":"台北市"}},{"type":"Feature","geometry":{"type":"Point","coordinates":[121.49816220696,25.1435658965]},"properties":{"name":"萊爾富國際股份有限公司-北市北和店","address":"112臺北市北投區中和里中和街402號1樓","number":"A001442","phone":"(02)66068688#356","type":"連鎖型綠色商店","city":"台北市"}},{"type":"Feature","geometry":{"type":"Point","coordinates":[121.467618048874,25.132789199768]},"properties":{"name":"萊爾富國際股份有限公司-北市北武店","address":"112臺北市北投區學園路2號（北台科學技術學院-飲和樓商場）","number":"A001293","phone":"(02)66068688#356","type":"連鎖型綠色商店","city":"台北市"}},{"type":"Feature","geometry":{"type":"Point","coordinates":[121.537471572653,25.0435582665]},"properties":{"name":"萊爾富國際股份有限公司-北市北科大店","address":"106臺北市大安區建國南路一段81號(台北科技大學)","number":"A001296","phone":"(02)66068688#356","type":"連鎖型綠色商店","city":"台北市"}},{"type":"Feature","geometry":{"type":"Point","coordinates":[121.525531886856,25.041946971343]},"properties":{"name":"萊爾富國際股份有限公司-北市北商店","address":"100臺北市中正區濟南路一段321號五育樓B1（國立台北商業技術學院）","number":"A001411","phone":"(02)66068688#356","type":"連鎖型綠色商店","city":"台北市"}},{"type":"Feature","geometry":{"type":"Point","coordinates":[121.485413751325,25.138303947234]},"properties":{"name":"萊爾富國際股份有限公司-北市北崗店","address":"112臺北市北投區桃園里中央北路三段44.46號","number":"A001340","phone":"(02)66068688#356","type":"連鎖型綠色商店","city":"台北市"}},{"type":"Feature","geometry":{"type":"Point","coordinates":[121.502133133589,25.130720336517]},"properties":{"name":"萊爾富國際股份有限公司-北市北清店","address":"112台北市北投區清江路53及55號","number":"A001641","phone":"(02)89783776","type":"連鎖型綠色商店","city":"台北市"}},{"type":"Feature","geometry":{"type":"Point","coordinates":[121.519165831394,25.11918226961]},"properties":{"name":"萊爾富國際股份有限公司-北市北華店","address":"112臺北市北投區石牌路二段201號","number":"A001434","phone":"(02)66068688#356","type":"連鎖型綠色商店","city":"台北市"}},{"type":"Feature","geometry":{"type":"Point","coordinates":[121.51763655316,25.114560236742]},"properties":{"name":"萊爾富國際股份有限公司-北市北裕店","address":"112臺北市北投區裕民六路120號","number":"A001364","phone":"(02)66068688#356","type":"連鎖型綠色商店","city":"台北市"}},{"type":"Feature","geometry":{"type":"Point","coordinates":[121.502134893789,25.13095117413]},"properties":{"name":"萊爾富國際股份有限公司-北市北達店","address":"112臺北市北投區清江路47.49號","number":"A001250","phone":"(02)66068688#356","type":"連鎖型綠色商店","city":"台北市"}},{"type":"Feature","geometry":{"type":"Point","coordinates":[121.527994070914,25.019207035666]},"properties":{"name":"萊爾富國際股份有限公司-北市古亭店","address":"100台北市中正區辛亥路一段17巷2號及19號","number":"A001634","phone":"(02)89787384","type":"連鎖型綠色商店","city":"台北市"}},{"type":"Feature","geometry":{"type":"Point","coordinates":[121.511103027273,25.036824371217]},"properties":{"name":"萊爾富國際股份有限公司-北市司法店","address":"100臺北市中正區博愛路131號B1","number":"A001241","phone":"(02)66068688#356","type":"連鎖型綠色商店","city":"台北市"}},{"type":"Feature","geometry":{"type":"Point","coordinates":[121.517171525172,25.04140013598]},"properties":{"name":"萊爾富國際股份有限公司-北市台大店","address":"100台北市中正區常德街1號B1","number":"A001610","phone":"(02)23146218","type":"連鎖型綠色商店","city":"台北市"}},{"type":"Feature","geometry":{"type":"Point","coordinates":[121.524911542202,25.060219729813]},"properties":{"name":"萊爾富國際股份有限公司-北市台泥店","address":"104臺北市中山區錦州街32號","number":"A001297","phone":"(02)66068688#356","type":"連鎖型綠色商店","city":"台北市"}},{"type":"Feature","geometry":{"type":"Point","coordinates":[121.563783791644,25.037523002847]},"properties":{"name":"萊爾富國際股份有限公司-北市市政店","address":"110台北市信義區市府路1號(市政大樓地下二樓)","number":"A001638","phone":"(02)89783410","type":"連鎖型綠色商店","city":"台北市"}},{"type":"Feature","geometry":{"type":"Point","coordinates":[121.517171525172,25.04140013598]},"properties":{"name":"萊爾富國際股份有限公司-北市正台店","address":"100臺北市中正區常德街1號(臺大醫院)","number":"A001360","phone":"(02)66068688#356","type":"連鎖型綠色商店","city":"台北市"}},{"type":"Feature","geometry":{"type":"Point","coordinates":[121.532100784374,25.045215913581]},"properties":{"name":"萊爾富國際股份有限公司-北市正光店","address":"100臺北市中正區市民大道三段8號1樓(光華商場光華新天地)","number":"A001421","phone":"(02)66068688#356","type":"連鎖型綠色商店","city":"台北市"}},{"type":"Feature","geometry":{"type":"Point","coordinates":[121.530868057874,25.043764377499]},"properties":{"name":"萊爾富國際股份有限公司-北市正宏店","address":"100臺北市中正區八德路一段46號","number":"A001416","phone":"(02)66068688#356","type":"連鎖型綠色商店","city":"台北市"}},{"type":"Feature","geometry":{"type":"Point","coordinates":[121.528431941536,25.019492984293]},"properties":{"name":"萊爾富國際股份有限公司-北市正佳店","address":"100臺北市中正區辛亥路一段39.41號1樓","number":"A001334","phone":"(02)66068688#356","type":"連鎖型綠色商店","city":"台北市"}},{"type":"Feature","geometry":{"type":"Point","coordinates":[121.525535574893,25.044487777652]},"properties":{"name":"萊爾富國際股份有限公司-北市正忠店","address":"100台北市中正區梅花里８鄰忠孝東路一段３５號一樓全部","number":"A001623","phone":"(02)89781634","type":"連鎖型綠色商店","city":"台北市"}},{"type":"Feature","geometry":{"type":"Point","coordinates":[121.524680117855,25.043336271794]},"properties":{"name":"萊爾富國際股份有限公司-北市正東店","address":"100臺北市中正區紹興南街4-12號1樓","number":"A001254","phone":"(02)66068688#356","type":"連鎖型綠色商店","city":"台北市"}},{"type":"Feature","geometry":{"type":"Point","coordinates":[121.513483935227,25.04732225169]},"properties":{"name":"萊爾富國際股份有限公司-北市正前店","address":"100台北市中正區忠孝西路一段173號，台北西B站","number":"A001598","phone":"(02)23831025","type":"連鎖型綠色商店","city":"台北市"}},{"type":"Feature","geometry":{"type":"Point","coordinates":[121.514312709456,25.029478597003]},"properties":{"name":"萊爾富國際股份有限公司-北市正泉店","address":"100臺北市中正區泉州街31.34號1樓","number":"A001441","phone":"(02)66068688#356","type":"連鎖型綠色商店","city":"台北市"}},{"type":"Feature","geometry":{"type":"Point","coordinates":[121.51150317933,25.045915425311]},"properties":{"name":"萊爾富國際股份有限公司-北市正博店","address":"100臺北市中正區博愛路9號","number":"A001424","phone":"(02)66068688#356","type":"連鎖型綠色商店","city":"台北市"}},{"type":"Feature","geometry":{"type":"Point","coordinates":[121.519112354852,25.025154079788]},"properties":{"name":"萊爾富國際股份有限公司-北市正喜店","address":"100臺北市中正區板溪里牯嶺街117號1樓","number":"A001336","phone":"(02)66068688#356","type":"連鎖型綠色商店","city":"台北市"}},{"type":"Feature","geometry":{"type":"Point","coordinates":[121.518750591911,25.044343147913]},"properties":{"name":"萊爾富國際股份有限公司-北市正童店","address":"100臺北市中正區中山南路8號(台大兒童綜合醫院)   ","number":"A001405","phone":"(02)66068688#356","type":"連鎖型綠色商店","city":"台北市"}},{"type":"Feature","geometry":{"type":"Point","coordinates":[121.5188339,25.0393501]},"properties":{"name":"萊爾富國際股份有限公司-北市正裕店","address":"100臺北市中正區忠孝西路50號1樓","number":"A001397","phone":"(02)66068688#356","type":"連鎖型綠色商店","city":"台北市"}},{"type":"Feature","geometry":{"type":"Point","coordinates":[121.531889141319,25.043659603709]},"properties":{"name":"萊爾富國際股份有限公司-北市正德店","address":"100臺北市中正區八德路一段82巷7號1樓","number":"A001259","phone":"(02)66068688#356","type":"連鎖型綠色商店","city":"台北市"}},{"type":"Feature","geometry":{"type":"Point","coordinates":[121.509135459321,25.042252994628]},"properties":{"name":"萊爾富國際股份有限公司-北市正慶店","address":"100臺北市中正區衡陽路103號","number":"A001244","phone":"(02)66068688#356","type":"連鎖型綠色商店","city":"台北市"}},{"type":"Feature","geometry":{"type":"Point","coordinates":[121.515122066026,25.045189049582]},"properties":{"name":"萊爾富國際股份有限公司-北市正館店","address":"100臺北市中正區館前路45號1樓","number":"A001375","phone":"(02)66068688#356","type":"連鎖型綠色商店","city":"台北市"}},{"type":"Feature","geometry":{"type":"Point","coordinates":[121.516269129476,25.045444739538]},"properties":{"name":"萊爾富國際股份有限公司-北市正豐店","address":"100臺北市中正區許昌街26-2號","number":"A001385","phone":"(02)66068688#356","type":"連鎖型綠色商店","city":"台北市"}},{"type":"Feature","geometry":{"type":"Point","coordinates":[121.518557891957,25.040775726103]},"properties":{"name":"萊爾富國際股份有限公司-北市正醫店","address":"100臺北市中正區中山南路7號B1(台大醫院)","number":"A001301","phone":"(02)66068688#356","type":"連鎖型綠色商店","city":"台北市"}},{"type":"Feature","geometry":{"type":"Point","coordinates":[121.51029559854,25.041492965557]},"properties":{"name":"萊爾富國際股份有限公司-北市正寶店","address":"100台北市中正區寶慶路35號","number":"A001616","phone":"(02)23705368","type":"連鎖型綠色商店","city":"台北市"}},{"type":"Feature","geometry":{"type":"Point","coordinates":[121.514906734934,25.044565310257]},"properties":{"name":"萊爾富國際股份有限公司-北市正鑽店","address":"100臺北市中正區館前路36號 ","number":"A001393","phone":"(02)66068688#356","type":"連鎖型綠色商店","city":"台北市"}},{"type":"Feature","geometry":{"type":"Point","coordinates":[121.522426978463,25.057731436127]},"properties":{"name":"萊爾富國際股份有限公司-北市民生店","address":"104臺北市中山區民生西路2號","number":"A001366","phone":"(02)66068688#356","type":"連鎖型綠色商店","city":"台北市"}},{"type":"Feature","geometry":{"type":"Point","coordinates":[121.587598454946,25.069215649305]},"properties":{"name":"萊爾富國際股份有限公司-北市民東店","address":"114臺北市內湖區民權東路六段69,71,75號","number":"A001324","phone":"(02)66068688#356","type":"連鎖型綠色商店","city":"台北市"}},{"type":"Feature","geometry":{"type":"Point","coordinates":[121.5644213192,25.06284728882]},"properties":{"name":"萊爾富國際股份有限公司-北市民權二店","address":"105臺北市松山區民權東路五段32號","number":"A001343","phone":"(02)66068688#356","type":"連鎖型綠色商店","city":"台北市"}},{"type":"Feature","geometry":{"type":"Point","coordinates":[121.585956607752,25.068324694907]},"properties":{"name":"萊爾富國際股份有限公司-北市民權三店","address":"114臺北市內湖區民權東路六段90巷8號","number":"A001272","phone":"(02)66068688#356","type":"連鎖型綠色商店","city":"台北市"}},{"type":"Feature","geometry":{"type":"Point","coordinates":[121.533155395432,25.047240604203]},"properties":{"name":"萊爾富國際股份有限公司-北市永捷店","address":"104台北市中山區松江路27號","number":"A001599","phone":"(02)25048276","type":"連鎖型綠色商店","city":"台北市"}},{"type":"Feature","geometry":{"type":"Point","coordinates":[121.512813103158,25.058263393612]},"properties":{"name":"萊爾富國際股份有限公司-北市甘州店","address":"103臺北市大同區歸綏街183號","number":"A001288","phone":"(02)66068688#356","type":"連鎖型綠色商店","city":"台北市"}},{"type":"Feature","geometry":{"type":"Point","coordinates":[121.516449927127,25.118541766479]},"properties":{"name":"萊爾富國際股份有限公司-北市立農店","address":"112台北市北投區義理街96號及立農街2段292號","number":"A001617","phone":"(02)89781336","type":"連鎖型綠色商店","city":"台北市"}},{"type":"Feature","geometry":{"type":"Point","coordinates":[121.514702803229,25.065992556077]},"properties":{"name":"萊爾富國際股份有限公司-北市同吉店","address":"103臺北市大同區昌吉街63號","number":"A001275","phone":"(02)66068688#356","type":"連鎖型綠色商店","city":"台北市"}},{"type":"Feature","geometry":{"type":"Point","coordinates":[121.514040232383,25.051705260655]},"properties":{"name":"萊爾富國際股份有限公司-北市同安店","address":"103臺北市大同區重慶北路一段63號","number":"A001277","phone":"(02)66068688#356","type":"連鎖型綠色商店","city":"台北市"}},{"type":"Feature","geometry":{"type":"Point","coordinates":[121.508830190407,25.053576526723]},"properties":{"name":"萊爾富國際股份有限公司-北市同京店","address":"103臺北市大同區西寧北路35號","number":"A001394","phone":"(02)66068688#356","type":"連鎖型綠色商店","city":"台北市"}},{"type":"Feature","geometry":{"type":"Point","coordinates":[121.515794629937,25.074730396771]},"properties":{"name":"萊爾富國際股份有限公司-北市同密店","address":"103臺北市大同區重慶里哈密街59巷21號","number":"A001354","phone":"(02)66068688#356","type":"連鎖型綠色商店","city":"台北市"}},{"type":"Feature","geometry":{"type":"Point","coordinates":[121.52002925124,25.05011492644]},"properties":{"name":"萊爾富國際股份有限公司-北市同捷店","address":"103臺北市大同區長安西路52-1號B1","number":"A001248","phone":"(02)66068688#356","type":"連鎖型綠色商店","city":"台北市"}},{"type":"Feature","geometry":{"type":"Point","coordinates":[121.519049490578,25.060170863317]},"properties":{"name":"萊爾富國際股份有限公司-北市同淵店","address":"103臺北市大同區錦西街82號 1樓","number":"A001388","phone":"(02)66068688#356","type":"連鎖型綠色商店","city":"台北市"}},{"type":"Feature","geometry":{"type":"Point","coordinates":[121.51145587303,25.057096609032]},"properties":{"name":"萊爾富國際股份有限公司-北市同達店","address":"103臺北市大同區延平北路二段114.116.118號.民生西路335號","number":"A001258","phone":"(02)66068688#356","type":"連鎖型綠色商店","city":"台北市"}},{"type":"Feature","geometry":{"type":"Point","coordinates":[121.519421479441,25.073975564481]},"properties":{"name":"萊爾富國際股份有限公司-北市同德店","address":"103臺北市大同區承德路三段290號","number":"A001280","phone":"(02)66068688#356","type":"連鎖型綠色商店","city":"台北市"}},{"type":"Feature","geometry":{"type":"Point","coordinates":[121.513479129185,25.050625384343]},"properties":{"name":"萊爾富國際股份有限公司-北市同慶店","address":"103臺北市大同區重慶北路一段24號1樓","number":"A001299","phone":"(02)66068688#356","type":"連鎖型綠色商店","city":"台北市"}},{"type":"Feature","geometry":{"type":"Point","coordinates":[121.519853650369,25.052610596201]},"properties":{"name":"萊爾富國際股份有限公司-北市同蝶店","address":"103臺北市大同區南京西路30號","number":"A001252","phone":"(02)66068688#356","type":"連鎖型綠色商店","city":"台北市"}},{"type":"Feature","geometry":{"type":"Point","coordinates":[121.532724397971,25.047210387442]},"properties":{"name":"萊爾富國際股份有限公司-北市如意店","address":"104臺北市中山區松江路28,30,30-1號","number":"A001284","phone":"(02)66068688#356","type":"連鎖型綠色商店","city":"台北市"}},{"type":"Feature","geometry":{"type":"Point","coordinates":[121.554514244923,25.036720938532]},"properties":{"name":"萊爾富國際股份有限公司-北市安平店","address":"110臺北市信義區仁愛路四段300巷15號1樓","number":"A001298","phone":"(02)66068688#356","type":"連鎖型綠色商店","city":"台北市"}},{"type":"Feature","geometry":{"type":"Point","coordinates":[121.554514244923,25.036720938532]},"properties":{"name":"萊爾富國際股份有限公司-北市安平店","address":"106台北市大安區仁愛路4段300巷15號","number":"A001632","phone":"(02)27015782","type":"連鎖型綠色商店","city":"台北市"}},{"type":"Feature","geometry":{"type":"Point","coordinates":[121.554959826895,25.02114493168]},"properties":{"name":"萊爾富國際股份有限公司-北市安弘店","address":"106臺北市大安區安居街10號","number":"A001412","phone":"(02)66068688#356","type":"連鎖型綠色商店","city":"台北市"}},{"type":"Feature","geometry":{"type":"Point","coordinates":[121.542928606527,25.041760854312]},"properties":{"name":"萊爾富國際股份有限公司-北市安孝店","address":"106臺北市大安區忠孝東路三段287號","number":"A001430","phone":"(02)66068688#356","type":"連鎖型綠色商店","city":"台北市"}},{"type":"Feature","geometry":{"type":"Point","coordinates":[121.538206246466,25.034478444156]},"properties":{"name":"萊爾富國際股份有限公司-北市安建店","address":"106臺北市大安區建國南路一段337號1樓","number":"A001363","phone":"(02)66068688#356","type":"連鎖型綠色商店","city":"台北市"}},{"type":"Feature","geometry":{"type":"Point","coordinates":[121.528411573511,25.026879829833]},"properties":{"name":"萊爾富國際股份有限公司-北市安盈店","address":"106臺北市大安區和平東路一段129號 (台灣師範大學綜合大樓)","number":"A001281","phone":"(02)66068688#356","type":"連鎖型綠色商店","city":"台北市"}},{"type":"Feature","geometry":{"type":"Point","coordinates":[121.618205896401,25.073410959483]},"properties":{"name":"萊爾富國際股份有限公司-北市安泰店","address":"114臺北市內湖區安泰街32號","number":"A001428","phone":"(02)66068688#356","type":"連鎖型綠色商店","city":"台北市"}},{"type":"Feature","geometry":{"type":"Point","coordinates":[121.556407800669,25.03929221306]},"properties":{"name":"萊爾富國際股份有限公司-北市安國店","address":"106臺北市大安區光復南路290巷25號,25-1號","number":"A001236","phone":"(02)66068688#356","type":"連鎖型綠色商店","city":"台北市"}},{"type":"Feature","geometry":{"type":"Point","coordinates":[121.543274028945,25.028539237114]},"properties":{"name":"萊爾富國際股份有限公司-北市安傑店","address":"106臺北市大安區復興南路二段146-1號 ","number":"A001387","phone":"(02)66068688#356","type":"連鎖型綠色商店","city":"台北市"}},{"type":"Feature","geometry":{"type":"Point","coordinates":[121.545211505864,25.042709179708]},"properties":{"name":"萊爾富國際股份有限公司-北市安復店","address":"106臺北市大安區復興南路一段135巷21號1樓.B1","number":"A001348","phone":"(02)66068688#356","type":"連鎖型綠色商店","city":"台北市"}},{"type":"Feature","geometry":{"type":"Point","coordinates":[121.549712252593,25.036915817781]},"properties":{"name":"萊爾富國際股份有限公司-北市安敦店","address":"106臺北市大安區仁愛路四段112巷7號","number":"A001253","phone":"(02)66068688#356","type":"連鎖型綠色商店","city":"台北市"}},{"type":"Feature","geometry":{"type":"Point","coordinates":[121.550700395159,25.041863655225]},"properties":{"name":"萊爾富國際股份有限公司-北市安皓店","address":"106臺北市大安區忠孝東路四段181巷8號","number":"A001437","phone":"(02)66068688#356","type":"連鎖型綠色商店","city":"台北市"}},{"type":"Feature","geometry":{"type":"Point","coordinates":[121.555843866223,25.042962941827]},"properties":{"name":"萊爾富國際股份有限公司-北市安華店","address":"106臺北市大安區華聲里延吉街131巷43號1樓","number":"A001346","phone":"(02)66068688#356","type":"連鎖型綠色商店","city":"台北市"}},{"type":"Feature","geometry":{"type":"Point","coordinates":[121.542415470603,25.043081168571]},"properties":{"name":"萊爾富國際股份有限公司-北市安震店","address":"106臺北市大安區安東街50之2、50之3，50之4號","number":"A001390","phone":"(02)66068688#356","type":"連鎖型綠色商店","city":"台北市"}},{"type":"Feature","geometry":{"type":"Point","coordinates":[121.543279309544,25.028259491095]},"properties":{"name":"萊爾富國際股份有限公司-北市安興店","address":"106台北市大安區復興南路2段148號1樓全部","number":"A001607","phone":"(02)89783502","type":"連鎖型綠色商店","city":"台北市"}},{"type":"Feature","geometry":{"type":"Point","coordinates":[121.550812293566,25.01850630856]},"properties":{"name":"萊爾富國際股份有限公司-北市安龍店","address":"106臺北市大安區臥龍街145之1號","number":"A001342","phone":"(02)66068688#356","type":"連鎖型綠色商店","city":"台北市"}},{"type":"Feature","geometry":{"type":"Point","coordinates":[121.55755964816,25.043999706183]},"properties":{"name":"萊爾富國際股份有限公司-北市安聯店","address":"106臺北市大安區光復南路98之3號,98之5號","number":"A001257","phone":"(02)66068688#356","type":"連鎖型綠色商店","city":"台北市"}},{"type":"Feature","geometry":{"type":"Point","coordinates":[121.543854308102,25.035915018542]},"properties":{"name":"萊爾富國際股份有限公司-北市安豐店","address":"106臺北市大安區復興南路一段265號","number":"A001331","phone":"(02)66068688#356","type":"連鎖型綠色商店","city":"台北市"}},{"type":"Feature","geometry":{"type":"Point","coordinates":[121.545302198057,25.037539976201]},"properties":{"name":"萊爾富國際股份有限公司-北市安醫店","address":"106臺北市大安區仁愛路四段10號1樓(北市仁愛醫院)","number":"A001386","phone":"(02)66068688#356","type":"連鎖型綠色商店","city":"台北市"}},{"type":"Feature","geometry":{"type":"Point","coordinates":[121.527034678276,25.031823853511]},"properties":{"name":"萊爾富國際股份有限公司-北市安麗店","address":"106臺北市大安區金山南路二段69.71號1樓","number":"A001291","phone":"(02)66068688#356","type":"連鎖型綠色商店","city":"台北市"}},{"type":"Feature","geometry":{"type":"Point","coordinates":[121.549260048917,25.042219718472]},"properties":{"name":"萊爾富國際股份有限公司-北市安鑽店","address":"106臺北市大安區敦化南路一段197號","number":"A001266","phone":"(02)66068688#356","type":"連鎖型綠色商店","city":"台北市"}},{"type":"Feature","geometry":{"type":"Point","coordinates":[121.607829435546,25.075444912107]},"properties":{"name":"萊爾富國際股份有限公司-北市成康店","address":"114臺北市內湖區成功路五段420巷7‧9號","number":"A001313","phone":"(02)66068688#356","type":"連鎖型綠色商店","city":"台北市"}},{"type":"Feature","geometry":{"type":"Point","coordinates":[121.607829435546,25.075444912107]},"properties":{"name":"萊爾富國際股份有限公司-北市成康店","address":"114台北市內湖區成功路五段420巷7‧9號","number":"A001625","phone":"(02)26342297","type":"連鎖型綠色商店","city":"台北市"}},{"type":"Feature","geometry":{"type":"Point","coordinates":[121.562661957723,25.082665209231]},"properties":{"name":"萊爾富國際股份有限公司-北市米蘭店","address":"114台北市內湖區內湖路一段120巷16號一樓全部","number":"A001612","phone":"(02)26598412","type":"連鎖型綠色商店","city":"台北市"}},{"type":"Feature","geometry":{"type":"Point","coordinates":[121.518982519172,25.053117449886]},"properties":{"name":"萊爾富國際股份有限公司-北市衣蝶店","address":"103臺北市大同區南京西路63號","number":"A001302","phone":"(02)66068688#356","type":"連鎖型綠色商店","city":"台北市"}},{"type":"Feature","geometry":{"type":"Point","coordinates":[121.592187463116,25.069112384258]},"properties":{"name":"萊爾富國際股份有限公司-北市宏普店","address":"114臺北市內湖區民權東路六段117號","number":"A001260","phone":"(02)66068688#356","type":"連鎖型綠色商店","city":"台北市"}},{"type":"Feature","geometry":{"type":"Point","coordinates":[121.576413056616,25.076462181786]},"properties":{"name":"萊爾富國際股份有限公司-北市亞緹店","address":"114台北市內湖區江南街111號","number":"A001608","phone":"(02)89783354","type":"連鎖型綠色商店","city":"台北市"}},{"type":"Feature","geometry":{"type":"Point","coordinates":[121.518349936939,25.048892761138]},"properties":{"name":"萊爾富國際股份有限公司-北市京承店","address":"103台北市大同區市民大道一段209號","number":"A001601","phone":"(02)25526312","type":"連鎖型綠色商店","city":"台北市"}},{"type":"Feature","geometry":{"type":"Point","coordinates":[121.518349936939,25.048892761138]},"properties":{"name":"萊爾富國際股份有限公司-北市京站店","address":"103臺北市大同區市民大道一段209號(國道客運京站購物廣場)","number":"A001276","phone":"(02)66068688#356","type":"連鎖型綠色商店","city":"台北市"}},{"type":"Feature","geometry":{"type":"Point","coordinates":[121.507468717875,25.034763261226]},"properties":{"name":"萊爾富國際股份有限公司-北市和平店","address":"100臺北市中正區延平南路210號","number":"A001292","phone":"(02)66068688#356","type":"連鎖型綠色商店","city":"台北市"}},{"type":"Feature","geometry":{"type":"Point","coordinates":[121.472011339605,25.128340546567]},"properties":{"name":"萊爾富國際股份有限公司-北市和信店","address":"112臺北市北投區立德路125號(和信醫院)","number":"A001279","phone":"(02)66068688#356","type":"連鎖型綠色商店","city":"台北市"}},{"type":"Feature","geometry":{"type":"Point","coordinates":[121.500569741009,25.126075756329]},"properties":{"name":"萊爾富國際股份有限公司-北市奇岩店","address":"112臺北市北投區中央南路二段5.7號","number":"A001409","phone":"(02)66068688#356","type":"連鎖型綠色商店","city":"台北市"}},{"type":"Feature","geometry":{"type":"Point","coordinates":[121.555041466632,25.020946406303]},"properties":{"name":"萊爾富國際股份有限公司-北市居安店","address":"106台北市大安區安居街15號","number":"A001642","phone":"(02)89786747","type":"連鎖型綠色商店","city":"台北市"}},{"type":"Feature","geometry":{"type":"Point","coordinates":[121.510462063137,25.082166192626]},"properties":{"name":"萊爾富國際股份有限公司-北市延平二店","address":"111臺北市士林區延平北路五段138號","number":"A001419","phone":"(02)66068688#356","type":"連鎖型綠色商店","city":"台北市"}},{"type":"Feature","geometry":{"type":"Point","coordinates":[121.511358172405,25.06237295692]},"properties":{"name":"萊爾富國際股份有限公司-北市延平店","address":"103臺北市大同區延平北路二段255-1號","number":"A001380","phone":"(02)66068688#356","type":"連鎖型綠色商店","city":"台北市"}},{"type":"Feature","geometry":{"type":"Point","coordinates":[121.554710297638,25.040125960968]},"properties":{"name":"萊爾富國際股份有限公司-北市延吉二店","address":"106臺北市大安區延吉街130號","number":"A001235","phone":"(02)66068688#356","type":"連鎖型綠色商店","city":"台北市"}},{"type":"Feature","geometry":{"type":"Point","coordinates":[121.51100286353,25.064702581179]},"properties":{"name":"萊爾富國際股份有限公司-北市延年店","address":"103臺北市大同區延平北路三段40號一樓","number":"A001432","phone":"(02)66068688#356","type":"連鎖型綠色商店","city":"台北市"}},{"type":"Feature","geometry":{"type":"Point","coordinates":[121.567236800477,25.05726372593]},"properties":{"name":"萊爾富國際股份有限公司-北市延壽店","address":"105臺北市松山區延壽街81號","number":"A001391","phone":"(02)66068688#356","type":"連鎖型綠色商店","city":"台北市"}},{"type":"Feature","geometry":{"type":"Point","coordinates":[121.523244297841,25.081511146893]},"properties":{"name":"萊爾富國際股份有限公司-北市承德店","address":"111臺北市士林區承德路四段80巷59號","number":"A001338","phone":"(02)66068688#356","type":"連鎖型綠色商店","city":"台北市"}},{"type":"Feature","geometry":{"type":"Point","coordinates":[121.593719591197,25.051413157513]},"properties":{"name":"萊爾富國際股份有限公司-北市昆陽店","address":"115臺北市南港區昆陽街99號","number":"A001382","phone":"(02)66068688#356","type":"連鎖型綠色商店","city":"台北市"}},{"type":"Feature","geometry":{"type":"Point","coordinates":[121.549749216786,25.077874574381]},"properties":{"name":"萊爾富國際股份有限公司-北市明水店","address":"104臺北市中山區明水路397巷7弄32號","number":"A001365","phone":"(02)66068688#356","type":"連鎖型綠色商店","city":"台北市"}},{"type":"Feature","geometry":{"type":"Point","coordinates":[121.60888605826,25.070246707215]},"properties":{"name":"萊爾富國際股份有限公司-北市明湖店","address":"114臺北市內湖區民權東路六段296巷68號","number":"A001242","phone":"(02)66068688#356","type":"連鎖型綠色商店","city":"台北市"}},{"type":"Feature","geometry":{"type":"Point","coordinates":[121.523995148728,25.034581918751]},"properties":{"name":"萊爾富國際股份有限公司-北市杭州店","address":"106臺北市大安區杭州南路二段5號","number":"A001308","phone":"(02)66068688#356","type":"連鎖型綠色商店","city":"台北市"}},{"type":"Feature","geometry":{"type":"Point","coordinates":[121.551491479181,25.032144838493]},"properties":{"name":"萊爾富國際股份有限公司-北市東方店","address":"106臺北市大安區信義路四段186巷8號(東方高級工商職業學校)","number":"A001425","phone":"(02)66068688#356","type":"連鎖型綠色商店","city":"台北市"}},{"type":"Feature","geometry":{"type":"Point","coordinates":[121.579438923662,25.037817668653]},"properties":{"name":"萊爾富國際股份有限公司-北市林口店","address":"110臺北市信義區林口街36號","number":"A001337","phone":"(02)66068688#356","type":"連鎖型綠色商店","city":"台北市"}},{"type":"Feature","geometry":{"type":"Point","coordinates":[121.524974238838,25.050152686914]},"properties":{"name":"萊爾富國際股份有限公司-北市林森店","address":"104臺北市中山區林森北路101號","number":"A001443","phone":"(02)66068688#356","type":"連鎖型綠色商店","city":"台北市"}},{"type":"Feature","geometry":{"type":"Point","coordinates":[121.574267121765,25.045380953255]},"properties":{"name":"萊爾富國際股份有限公司-北市松永店","address":"110臺北市信義區永吉路280號","number":"A001329","phone":"(02)66068688#356","type":"連鎖型綠色商店","city":"台北市"}},{"type":"Feature","geometry":{"type":"Point","coordinates":[121.554060113409,25.048278870549]},"properties":{"name":"萊爾富國際股份有限公司-北市松育店","address":"105臺北市松山區八德路三段119號","number":"A001320","phone":"(02)66068688#356","type":"連鎖型綠色商店","city":"台北市"}},{"type":"Feature","geometry":{"type":"Point","coordinates":[121.557710096965,25.050610171189]},"properties":{"name":"萊爾富國際股份有限公司-北市松柏店","address":"105臺北市松山區光復北路102號","number":"A001407","phone":"(02)66068688#356","type":"連鎖型綠色商店","city":"台北市"}},{"type":"Feature","geometry":{"type":"Point","coordinates":[121.57791,25.0486129]},"properties":{"name":"萊爾富國際股份有限公司-北市松站店","address":"110臺北市信義區松山路11號(松山車站)","number":"A001356","phone":"(02)66068688#356","type":"連鎖型綠色商店","city":"台北市"}},{"type":"Feature","geometry":{"type":"Point","coordinates":[121.56735163255,25.055388275094]},"properties":{"name":"萊爾富國際股份有限公司-北市松康店","address":"105臺北市松山區鵬程里健康路325巷12弄2號1樓","number":"A001339","phone":"(02)66068688#356","type":"連鎖型綠色商店","city":"台北市"}},{"type":"Feature","geometry":{"type":"Point","coordinates":[121.565957219138,25.050653254171]},"properties":{"name":"萊爾富國際股份有限公司-北市松清店","address":"105臺北市松山區南京東路五段250巷3-1號","number":"A001327","phone":"(02)66068688#356","type":"連鎖型綠色商店","city":"台北市"}},{"type":"Feature","geometry":{"type":"Point","coordinates":[121.559342975523,25.051312197489]},"properties":{"name":"萊爾富國際股份有限公司-北市松華店","address":"105臺北市松山區南京東路五段34號","number":"A001418","phone":"(02)66068688#356","type":"連鎖型綠色商店","city":"台北市"}},{"type":"Feature","geometry":{"type":"Point","coordinates":[121.551949634008,25.063161400642]},"properties":{"name":"萊爾富國際股份有限公司-北市松運店","address":"105臺北市松山區敦化北路338號(捷運松山機場)","number":"A001362","phone":"(02)66068688#356","type":"連鎖型綠色商店","city":"台北市"}},{"type":"Feature","geometry":{"type":"Point","coordinates":[121.565970211088,25.064228291188]},"properties":{"name":"萊爾富國際股份有限公司-北市松遠店","address":"105臺北市松山區莊敬里撫遠街369巷36號","number":"A001335","phone":"(02)66068688#356","type":"連鎖型綠色商店","city":"台北市"}},{"type":"Feature","geometry":{"type":"Point","coordinates":[121.506862203361,25.087573190726]},"properties":{"name":"萊爾富國際股份有限公司-北市社子店","address":"111臺北市士林區社子街63巷2號","number":"A001414","phone":"(02)66068688#356","type":"連鎖型綠色商店","city":"台北市"}},{"type":"Feature","geometry":{"type":"Point","coordinates":[121.50915373187,25.088667532005]},"properties":{"name":"萊爾富國際股份有限公司-北市社正店","address":"111臺北市士林區社正路27號","number":"A001435","phone":"(02)66068688#356","type":"連鎖型綠色商店","city":"台北市"}},{"type":"Feature","geometry":{"type":"Point","coordinates":[121.548356479755,25.023943481512]},"properties":{"name":"萊爾富國際股份有限公司-北市虎嘯店","address":"106臺北市大安區敦化南路二段174號","number":"A001426","phone":"(02)66068688#356","type":"連鎖型綠色商店","city":"台北市"}},{"type":"Feature","geometry":{"type":"Point","coordinates":[121.604197975995,25.073326553718]},"properties":{"name":"萊爾富國際股份有限公司-北市金湖店","address":"114臺北市內湖區金湖路403號","number":"A001345","phone":"(02)66068688#356","type":"連鎖型綠色商店","city":"台北市"}},{"type":"Feature","geometry":{"type":"Point","coordinates":[121.592810657617,25.084827572612]},"properties":{"name":"萊爾富國際股份有限公司-北市金碧店","address":"114台北市內湖區金龍路64、66號壹樓全部","number":"A001636","phone":"(02)89782940","type":"連鎖型綠色商店","city":"台北市"}},{"type":"Feature","geometry":{"type":"Point","coordinates":[121.532741580872,25.048246139217]},"properties":{"name":"萊爾富國際股份有限公司-北市長松店","address":"104台北市中山區松江路50號","number":"A001611","phone":"(02)89783405","type":"連鎖型綠色商店","city":"台北市"}},{"type":"Feature","geometry":{"type":"Point","coordinates":[121.580794947958,25.04475977041]},"properties":{"name":"萊爾富國際股份有限公司-北市信北店","address":"110臺北市信義區中坡北路17.19號1樓","number":"A001243","phone":"(02)66068688#356","type":"連鎖型綠色商店","city":"台北市"}},{"type":"Feature","geometry":{"type":"Point","coordinates":[121.570257051648,25.045816225487]},"properties":{"name":"萊爾富國際股份有限公司-北市信吉店","address":"110臺北市信義區永吉路125號","number":"A001310","phone":"(02)66068688#356","type":"連鎖型綠色商店","city":"台北市"}},{"type":"Feature","geometry":{"type":"Point","coordinates":[121.56665216273,25.04127281487]},"properties":{"name":"萊爾富國際股份有限公司-北市信東店","address":"110臺北市信義區忠孝東路五段63號1樓","number":"A001237","phone":"(02)66068688#356","type":"連鎖型綠色商店","city":"台北市"}},{"type":"Feature","geometry":{"type":"Point","coordinates":[121.562947612984,25.028570292065]},"properties":{"name":"萊爾富國際股份有限公司-北市信長店","address":"110臺北市信義區莊敬路290號","number":"A001400","phone":"(02)66068688#356","type":"連鎖型綠色商店","city":"台北市"}},{"type":"Feature","geometry":{"type":"Point","coordinates":[121.561729387176,25.037013047858]},"properties":{"name":"萊爾富國際股份有限公司-北市信彩店","address":"110臺北市信義區基隆路一段350之41.43號","number":"A001270","phone":"(02)66068688#356","type":"連鎖型綠色商店","city":"台北市"}},{"type":"Feature","geometry":{"type":"Point","coordinates":[121.578313317885,25.037808741926]},"properties":{"name":"萊爾富國際股份有限公司-北市信誠店","address":"110臺北市信義區松山路537號及541巷1號","number":"A001359","phone":"(02)66068688#356","type":"連鎖型綠色商店","city":"台北市"}},{"type":"Feature","geometry":{"type":"Point","coordinates":[121.57450298852,25.037945241219]},"properties":{"name":"萊爾富國際股份有限公司-北市信德店","address":"110臺北市信義區虎林街164巷60弄2號","number":"A001238","phone":"(02)66068688#356","type":"連鎖型綠色商店","city":"台北市"}},{"type":"Feature","geometry":{"type":"Point","coordinates":[121.517001772069,25.032525976238]},"properties":{"name":"萊爾富國際股份有限公司-北市南海店","address":"100臺北市中正區南海路12,14號","number":"A001355","phone":"(02)66068688#356","type":"連鎖型綠色商店","city":"台北市"}},{"type":"Feature","geometry":{"type":"Point","coordinates":[121.616085107259,25.053328883393]},"properties":{"name":"萊爾富國際股份有限公司-北市南港二店","address":"115臺北市南港區忠孝東路七段639號","number":"A001317","phone":"(02)66068688#356","type":"連鎖型綠色商店","city":"台北市"}},{"type":"Feature","geometry":{"type":"Point","coordinates":[121.588297840947,25.048925282922]},"properties":{"name":"萊爾富國際股份有限公司-北市南港三店","address":"115臺北市南港區忠孝東路六段252號","number":"A001261","phone":"(02)66068688#356","type":"連鎖型綠色商店","city":"台北市"}},{"type":"Feature","geometry":{"type":"Point","coordinates":[121.51359035704,25.072474323713]},"properties":{"name":"萊爾富國際股份有限公司-北市哈密店","address":"103臺北市大同區重慶北路三段278號之2","number":"A001321","phone":"(02)66068688#356","type":"連鎖型綠色商店","city":"台北市"}},{"type":"Feature","geometry":{"type":"Point","coordinates":[121.574710105348,24.987766474945]},"properties":{"name":"萊爾富國際股份有限公司-北市指南店","address":"116臺北市文山區指南路二段32號","number":"A001286","phone":"(02)66068688#356","type":"連鎖型綠色商店","city":"台北市"}},{"type":"Feature","geometry":{"type":"Point","coordinates":[121.576504251722,24.987419212697]},"properties":{"name":"萊爾富國際股份有限公司-北市政商店","address":"116台北市文山區指南路二段64號(商學院)","number":"A001628","phone":"","type":"連鎖型綠色商店","city":"台北市"}},{"type":"Feature","geometry":{"type":"Point","coordinates":[121.576504251722,24.987419212697]},"properties":{"name":"萊爾富國際股份有限公司-北市政學店","address":"116台北市文山區指南路二段64號","number":"A001604","phone":"(02)89782091","type":"連鎖型綠色商店","city":"台北市"}},{"type":"Feature","geometry":{"type":"Point","coordinates":[121.492879177208,25.138104709395]},"properties":{"name":"萊爾富國際股份有限公司-北市政戰店","address":"112臺北市北投區中央北路二段70號(政治作戰學校)","number":"A001264","phone":"(02)66068688#356","type":"連鎖型綠色商店","city":"台北市"}},{"type":"Feature","geometry":{"type":"Point","coordinates":[121.531985449387,25.043711864875]},"properties":{"name":"萊爾富國際股份有限公司-北市秋葉原店","address":"100台北市中正區八德路一段８２巷１０號","number":"A001639","phone":"(02)89783142","type":"連鎖型綠色商店","city":"台北市"}},{"type":"Feature","geometry":{"type":"Point","coordinates":[121.509935931074,25.055110373094]},"properties":{"name":"萊爾富國際股份有限公司-北市迪化店","address":"103臺北市大同區迪化街一段50號","number":"A001347","phone":"(02)66068688#356","type":"連鎖型綠色商店","city":"台北市"}},{"type":"Feature","geometry":{"type":"Point","coordinates":[121.554349037611,25.049639504892]},"properties":{"name":"萊爾富國際股份有限公司-北市家聲店","address":"105臺北市松山區寧安街12號(育達商職家聲樓B1)","number":"A001289","phone":"(02)66068688#356","type":"連鎖型綠色商店","city":"台北市"}},{"type":"Feature","geometry":{"type":"Point","coordinates":[121.527570617165,25.026455244527]},"properties":{"name":"萊爾富國際股份有限公司-北市師範店","address":"106臺北市大安區和平東路一段162號(台灣師範大學校本部)","number":"A001247","phone":"(02)66068688#356","type":"連鎖型綠色商店","city":"台北市"}},{"type":"Feature","geometry":{"type":"Point","coordinates":[121.537175859109,25.007838660389]},"properties":{"name":"萊爾富國際股份有限公司-北市師鑽店","address":"116臺北市文山區汀州路四段88號（師範大學汀州分部）","number":"A001267","phone":"(02)66068688#356","type":"連鎖型綠色商店","city":"台北市"}},{"type":"Feature","geometry":{"type":"Point","coordinates":[121.49730431917,25.036841302662]},"properties":{"name":"萊爾富國際股份有限公司-北市班客店","address":"108台北市萬華區廣州街247號","number":"A001622","phone":"(02)89787245","type":"連鎖型綠色商店","city":"台北市"}},{"type":"Feature","geometry":{"type":"Point","coordinates":[121.528208563816,25.129999995758]},"properties":{"name":"萊爾富國際股份有限公司-北市紗帽店","address":"112台北市北投區行義路142-1及142-3號B1","number":"A001637","phone":"(02)89782704","type":"連鎖型綠色商店","city":"台北市"}},{"type":"Feature","geometry":{"type":"Point","coordinates":[121.521690628269,25.058062647031]},"properties":{"name":"萊爾富國際股份有限公司-北市馬偕店","address":"104臺北市中山區民生西路3巷2號","number":"A001444","phone":"(02)66068688#356","type":"連鎖型綠色商店","city":"台北市"}},{"type":"Feature","geometry":{"type":"Point","coordinates":[121.581228711447,24.998738763388]},"properties":{"name":"萊爾富國際股份有限公司-北市浣熊店","address":"116臺北市文山區新光路二段30號(木柵動物園浣熊館販賣部)","number":"A001314","phone":"(02)66068688#356","type":"連鎖型綠色商店","city":"台北市"}},{"type":"Feature","geometry":{"type":"Point","coordinates":[121.513483935227,25.04732225169]},"properties":{"name":"萊爾富國際股份有限公司-北市國光店","address":"100臺北市中正區忠孝西路一段173號(國光客運東站)","number":"A001265","phone":"(02)66068688#356","type":"連鎖型綠色商店","city":"台北市"}},{"type":"Feature","geometry":{"type":"Point","coordinates":[121.595390523595,25.070854185648]},"properties":{"name":"萊爾富國際股份有限公司-北市國防店","address":"114台北市內湖區民權東路六段１６１號","number":"A001621","phone":"(02)89781053","type":"連鎖型綠色商店","city":"台北市"}},{"type":"Feature","geometry":{"type":"Point","coordinates":[121.564665045806,25.035785594781]},"properties":{"name":"萊爾富國際股份有限公司-北市國貿店","address":"110臺北市信義區松壽路6號(世貿三館1樓展場)","number":"A001446","phone":"(02)66068688#356","type":"連鎖型綠色商店","city":"台北市"}},{"type":"Feature","geometry":{"type":"Point","coordinates":[121.516714627629,25.037325273751]},"properties":{"name":"萊爾富國際股份有限公司-北市國圖店","address":"100臺北市中正區中山南路20號","number":"A001431","phone":"(02)66068688#356","type":"連鎖型綠色商店","city":"台北市"}},{"type":"Feature","geometry":{"type":"Point","coordinates":[121.592826750871,25.070262297555]},"properties":{"name":"萊爾富國際股份有限公司-北市國醫店","address":"114臺北市內湖區民權東路六段123巷32號","number":"A001351","phone":"(02)66068688#356","type":"連鎖型綠色商店","city":"台北市"}},{"type":"Feature","geometry":{"type":"Point","coordinates":[121.565106707423,25.080642278809]},"properties":{"name":"萊爾富國際股份有限公司-北市基湖店","address":"114臺北市內湖區基湖路25號","number":"A001249","phone":"(02)66068688#356","type":"連鎖型綠色商店","city":"台北市"}},{"type":"Feature","geometry":{"type":"Point","coordinates":[121.600115402415,25.062914595503]},"properties":{"name":"萊爾富國際股份有限公司-北市康湖店","address":"114臺北市內湖區安康路142號","number":"A001377","phone":"(02)66068688#356","type":"連鎖型綠色商店","city":"台北市"}},{"type":"Feature","geometry":{"type":"Point","coordinates":[121.611483693873,25.070494853459]},"properties":{"name":"萊爾富國際股份有限公司-北市康寧店","address":"114臺北市內湖區康寧路三段155號","number":"A001379","phone":"(02)66068688#356","type":"連鎖型綠色商店","city":"台北市"}},{"type":"Feature","geometry":{"type":"Point","coordinates":[121.61893570871,25.070613960303]},"properties":{"name":"萊爾富國際股份有限公司-北市康樂二店","address":"114臺北市內湖區康樂街92號","number":"A001255","phone":"(02)66068688#356","type":"連鎖型綠色商店","city":"台北市"}},{"type":"Feature","geometry":{"type":"Point","coordinates":[121.527059991624,25.144726622451]},"properties":{"name":"萊爾富國際股份有限公司-北市惇敘店","address":"112臺北市北投區泉源路221號(台北私立惇敘工商)","number":"A001429","phone":"(02)66068688#356","type":"連鎖型綠色商店","city":"台北市"}},{"type":"Feature","geometry":{"type":"Point","coordinates":[121.497729281661,25.037653006165]},"properties":{"name":"萊爾富國際股份有限公司-北市梧州店","address":"108臺北市萬華區梧州街29號","number":"A001303","phone":"(02)66068688#356","type":"連鎖型綠色商店","city":"台北市"}},{"type":"Feature","geometry":{"type":"Point","coordinates":[121.525515374507,25.045356142821]},"properties":{"name":"萊爾富國際股份有限公司-北市紹北店","address":"100臺北市中正區紹興北街33號","number":"A001372","phone":"(02)66068688#356","type":"連鎖型綠色商店","city":"台北市"}},{"type":"Feature","geometry":{"type":"Point","coordinates":[121.576043163229,25.056641788714]},"properties":{"name":"萊爾富國際股份有限公司-北市麥帥店","address":"114臺北市內湖區行善路33號","number":"A001323","phone":"(02)66068688#356","type":"連鎖型綠色商店","city":"台北市"}},{"type":"Feature","geometry":{"type":"Point","coordinates":[121.516230153626,25.045716103653]},"properties":{"name":"萊爾富國際股份有限公司-北市凱撒店","address":"100台北市中正區南陽街1號","number":"A001594","phone":"(02)89783144","type":"連鎖型綠色商店","city":"台北市"}},{"type":"Feature","geometry":{"type":"Point","coordinates":[121.577595324059,25.077562390397]},"properties":{"name":"萊爾富國際股份有限公司-北市堯湖店","address":"114臺北市內湖區港墘里江南街30號1樓","number":"A001251","phone":"(02)66068688#356","type":"連鎖型綠色商店","city":"台北市"}},{"type":"Feature","geometry":{"type":"Point","coordinates":[121.550853867806,25.046088469702]},"properties":{"name":"萊爾富國際股份有限公司-北市敦化店","address":"105臺北市松山區八德路三段12巷51弄2號","number":"A001349","phone":"(02)66068688#356","type":"連鎖型綠色商店","city":"台北市"}},{"type":"Feature","geometry":{"type":"Point","coordinates":[121.537713725836,24.999108866322]},"properties":{"name":"萊爾富國際股份有限公司-北市景福店","address":"116臺北市文山區景福街58號","number":"A001395","phone":"(02)66068688#356","type":"連鎖型綠色商店","city":"台北市"}},{"type":"Feature","geometry":{"type":"Point","coordinates":[121.581233070037,25.046508822146]},"properties":{"name":"萊爾富國際股份有限公司-北市港北店","address":"115臺北市南港區合成里中坡北路50巷1號1樓","number":"A001415","phone":"(02)66068688#356","type":"連鎖型綠色商店","city":"台北市"}},{"type":"Feature","geometry":{"type":"Point","coordinates":[121.592951060629,25.054494334487]},"properties":{"name":"萊爾富國際股份有限公司-北市港玉店","address":"116台北市南港區南港路三段8、10號一樓全部","number":"A001615","phone":"(02)89785453","type":"連鎖型綠色商店","city":"台北市"}},{"type":"Feature","geometry":{"type":"Point","coordinates":[121.581815360851,25.05050615177]},"properties":{"name":"萊爾富國際股份有限公司-北市港成店","address":"115臺北市南港區玉成街27之1號","number":"A001433","phone":"(02)66068688#356","type":"連鎖型綠色商店","city":"台北市"}},{"type":"Feature","geometry":{"type":"Point","coordinates":[121.616579555728,25.042681561337]},"properties":{"name":"萊爾富國際股份有限公司-北市港宏店","address":"115臺北市南港區研究院路二段110號","number":"A001332","phone":"(02)66068688#356","type":"連鎖型綠色商店","city":"台北市"}},{"type":"Feature","geometry":{"type":"Point","coordinates":[121.593054151904,25.054537889107]},"properties":{"name":"萊爾富國際股份有限公司-北市港東店","address":"115臺北市南港區南港路三段2號","number":"A001368","phone":"(02)66068688#356","type":"連鎖型綠色商店","city":"台北市"}},{"type":"Feature","geometry":{"type":"Point","coordinates":[121.622507740568,25.038234752155]},"properties":{"name":"萊爾富國際股份有限公司-北市港南店","address":"115臺北市南港區舊莊街一段212巷2號","number":"A001384","phone":"(02)66068688#356","type":"連鎖型綠色商店","city":"台北市"}},{"type":"Feature","geometry":{"type":"Point","coordinates":[121.61734465585,25.056376208112]},"properties":{"name":"萊爾富國際股份有限公司-北市港捷店","address":"115臺北市南港區經貿二路1號(南港展覽館)","number":"A001417","phone":"(02)66068688#356","type":"連鎖型綠色商店","city":"台北市"}},{"type":"Feature","geometry":{"type":"Point","coordinates":[121.581423674515,25.048077830602]},"properties":{"name":"萊爾富國際股份有限公司-北市港華店","address":"115臺北市南港區玉成街52巷2弄1號1樓","number":"A001333","phone":"(02)66068688#356","type":"連鎖型綠色商店","city":"台北市"}},{"type":"Feature","geometry":{"type":"Point","coordinates":[121.581447730577,25.047838233899]},"properties":{"name":"萊爾富國際股份有限公司-北市港運店","address":"115台北市南港區玉成街52巷2弄3號1樓全部、5號1樓","number":"A001619","phone":"(02)89783865","type":"連鎖型綠色商店","city":"台北市"}},{"type":"Feature","geometry":{"type":"Point","coordinates":[121.606027074906,25.054357845827]},"properties":{"name":"萊爾富國際股份有限公司-北市港漢店","address":"115臺北市南港區東明里南港路二段4號","number":"A001295","phone":"(02)66068688#356","type":"連鎖型綠色商店","city":"台北市"}},{"type":"Feature","geometry":{"type":"Point","coordinates":[121.586156516143,25.04650672667]},"properties":{"name":"萊爾富國際股份有限公司-北市港醫店","address":"115臺北市南港區同德路87號(忠孝醫院)","number":"A001374","phone":"(02)66068688#356","type":"連鎖型綠色商店","city":"台北市"}},{"type":"Feature","geometry":{"type":"Point","coordinates":[121.607334065068,25.053575101799]},"properties":{"name":"萊爾富國際股份有限公司-北市港鑫店","address":"115台北市南港區南港路一段313號地下二樓商場","number":"A001596","phone":"(02)27883443","type":"連鎖型綠色商店","city":"台北市"}},{"type":"Feature","geometry":{"type":"Point","coordinates":[121.57517647444,25.063147989597]},"properties":{"name":"萊爾富國際股份有限公司-北市湖元店","address":"114台北市內湖區新湖三路36號1樓","number":"A001595","phone":"(02)89787470","type":"連鎖型綠色商店","city":"台北市"}},{"type":"Feature","geometry":{"type":"Point","coordinates":[121.601207229123,25.088180124335]},"properties":{"name":"萊爾富國際股份有限公司-北市湖月店","address":"114台北市內湖區大湖山莊街179號1樓","number":"A001629","phone":"(02)89786741","type":"連鎖型綠色商店","city":"台北市"}},{"type":"Feature","geometry":{"type":"Point","coordinates":[121.574644810322,25.072641500771]},"properties":{"name":"萊爾富國際股份有限公司-北市湖玉店","address":"114台北市內湖區陽光街298號一樓部份","number":"A001603","phone":"(02)26586383","type":"連鎖型綠色商店","city":"台北市"}},{"type":"Feature","geometry":{"type":"Point","coordinates":[121.576326890651,25.073634379112]},"properties":{"name":"萊爾富國際股份有限公司-北市湖光店","address":"114臺北市內湖區瑞光路188巷60號","number":"A001341","phone":"(02)66068688#356","type":"連鎖型綠色商店","city":"台北市"}},{"type":"Feature","geometry":{"type":"Point","coordinates":[121.562717781199,25.082444471811]},"properties":{"name":"萊爾富國際股份有限公司-北市湖志店","address":"114臺北市內湖區內湖路一段120巷13號","number":"A001256","phone":"(02)66068688#356","type":"連鎖型綠色商店","city":"台北市"}},{"type":"Feature","geometry":{"type":"Point","coordinates":[121.579606813183,25.062925156701]},"properties":{"name":"萊爾富國際股份有限公司-北市湖宗店","address":"114台北市內湖區新湖二路160.162號一樓全部","number":"A001613","phone":"(02)27963773","type":"連鎖型綠色商店","city":"台北市"}},{"type":"Feature","geometry":{"type":"Point","coordinates":[121.618495574975,25.073362344444]},"properties":{"name":"萊爾富國際股份有限公司-北市湖泰店","address":"114台北市內湖區安泰街26.28號一樓全部","number":"A001605","phone":"(02)26326581","type":"連鎖型綠色商店","city":"台北市"}},{"type":"Feature","geometry":{"type":"Point","coordinates":[121.560543683153,25.086729510262]},"properties":{"name":"萊爾富國際股份有限公司-北市湖康店","address":"114台北市內湖區文湖街21巷26、28號1樓及地下1樓全部(不含停車位)","number":"A001631","phone":"(02)89783044","type":"連鎖型綠色商店","city":"台北市"}},{"type":"Feature","geometry":{"type":"Point","coordinates":[121.581351338691,25.069772584862]},"properties":{"name":"萊爾富國際股份有限公司-北市湖森店","address":"114臺北市內湖區湖元里瑞光路66巷33號","number":"A001367","phone":"(02)66068688#356","type":"連鎖型綠色商店","city":"台北市"}},{"type":"Feature","geometry":{"type":"Point","coordinates":[121.594255446267,25.08378033763]},"properties":{"name":"萊爾富國際股份有限公司-北市湖運店","address":"114臺北市內湖區成功路四段186號(捷運內湖線內湖站)","number":"A001318","phone":"(02)66068688#356","type":"連鎖型綠色商店","city":"台北市"}},{"type":"Feature","geometry":{"type":"Point","coordinates":[121.610060027619,25.075185366476]},"properties":{"name":"萊爾富國際股份有限公司-北市湖寧店","address":"114臺北市內湖區康寧路三段75巷137號第二教學大樓B1(康寧醫護暨管理專科學校)","number":"A001271","phone":"(02)66068688#356","type":"連鎖型綠色商店","city":"台北市"}},{"type":"Feature","geometry":{"type":"Point","coordinates":[121.57598851322,25.062652744848]},"properties":{"name":"萊爾富國際股份有限公司-北市湖潤店","address":"114臺北市內湖區舊宗路一段188號(內湖大潤發二館)","number":"A001423","phone":"(02)66068688#356","type":"連鎖型綠色商店","city":"台北市"}},{"type":"Feature","geometry":{"type":"Point","coordinates":[121.603950290756,25.073647119605]},"properties":{"name":"萊爾富國際股份有限公司-北市湖鑫店","address":"114台北市內湖區金湖路358、358-1號","number":"A001626","phone":"(02)26346037","type":"連鎖型綠色商店","city":"台北市"}},{"type":"Feature","geometry":{"type":"Point","coordinates":[121.56814891918,25.079246524293]},"properties":{"name":"萊爾富國際股份有限公司-北市湖鑽店","address":"114臺北市內湖區瑞光路502號","number":"A001328","phone":"(02)66068688#356","type":"連鎖型綠色商店","city":"台北市"}},{"type":"Feature","geometry":{"type":"Point","coordinates":[121.566970412696,25.035752011954]},"properties":{"name":"萊爾富國際股份有限公司-北市華納店","address":"110臺北市信義區松壽路16號1樓","number":"A001369","phone":"(02)66068688#356","type":"連鎖型綠色商店","city":"台北市"}},{"type":"Feature","geometry":{"type":"Point","coordinates":[121.492685387606,25.023223643668]},"properties":{"name":"萊爾富國際股份有限公司-北市華德店","address":"108台北市萬華區德昌街241、243、245號","number":"A001602","phone":"(02)89782941","type":"連鎖型綠色商店","city":"台北市"}},{"type":"Feature","geometry":{"type":"Point","coordinates":[121.504978202984,25.088475293055]},"properties":{"name":"萊爾富國際股份有限公司-北市開利店","address":"111臺北市士林區社子街142,144號","number":"A001445","phone":"(02)66068688#356","type":"連鎖型綠色商店","city":"台北市"}},{"type":"Feature","geometry":{"type":"Point","coordinates":[121.577711832513,25.073087837115]},"properties":{"name":"萊爾富國際股份有限公司-北市陽光店","address":"114臺北市內湖區陽光街347號","number":"A001403","phone":"(02)66068688#356","type":"連鎖型綠色商店","city":"台北市"}},{"type":"Feature","geometry":{"type":"Point","coordinates":[121.519584256001,25.070716512888]},"properties":{"name":"萊爾富國際股份有限公司-北市圓捷店","address":"103臺北市大同區酒泉街15號","number":"A001344","phone":"(02)66068688#356","type":"連鎖型綠色商店","city":"台北市"}},{"type":"Feature","geometry":{"type":"Point","coordinates":[121.58736267201,25.057931009241]},"properties":{"name":"萊爾富國際股份有限公司-北市新明店","address":"114台北市內湖區新明路241、241-1號","number":"A001630","phone":"(02)89786745","type":"連鎖型綠色商店","city":"台北市"}},{"type":"Feature","geometry":{"type":"Point","coordinates":[121.531691579861,25.066657576275]},"properties":{"name":"萊爾富國際股份有限公司-北市新喜店","address":"104臺北市中山區德惠街167巷2號","number":"A001330","phone":"(02)66068688#356","type":"連鎖型綠色商店","city":"台北市"}},{"type":"Feature","geometry":{"type":"Point","coordinates":[121.56997466533,25.080224231389]},"properties":{"name":"萊爾富國際股份有限公司-北市新瑞店","address":"114台北市內湖區瑞光路513巷36號一樓全部","number":"A001627","phone":"(02)26585946","type":"連鎖型綠色商店","city":"台北市"}},{"type":"Feature","geometry":{"type":"Point","coordinates":[121.554349037611,25.049639504892]},"properties":{"name":"萊爾富國際股份有限公司-北市新樸實店","address":"105台北市松山區寧安街12號(育達高職樸實樓一樓107教室)","number":"A001609","phone":"","type":"連鎖型綠色商店","city":"台北市"}},{"type":"Feature","geometry":{"type":"Point","coordinates":[121.528204121407,25.130538784494]},"properties":{"name":"萊爾富國際股份有限公司-北市溫泉店","address":"112臺北市北投區行義路154巷2號B1 ","number":"A001282","phone":"(02)66068688#356","type":"連鎖型綠色商店","city":"台北市"}},{"type":"Feature","geometry":{"type":"Point","coordinates":[121.506640166746,25.045591213296]},"properties":{"name":"萊爾富國際股份有限公司-北市獅子林店","address":"108臺北市萬華區西寧南路36之69號","number":"A001358","phone":"(02)66068688#356","type":"連鎖型綠色商店","city":"台北市"}},{"type":"Feature","geometry":{"type":"Point","coordinates":[121.499853926478,25.026279224561]},"properties":{"name":"萊爾富國際股份有限公司-北市萬和店","address":"108臺北市萬華區全德里民和街9號1樓","number":"A001404","phone":"(02)66068688#356","type":"連鎖型綠色商店","city":"台北市"}},{"type":"Feature","geometry":{"type":"Point","coordinates":[121.506792298288,25.04264841091]},"properties":{"name":"萊爾富國際股份有限公司-北市萬都店","address":"108臺北市萬華區成都路29.31號","number":"A001408","phone":"(02)66068688#356","type":"連鎖型綠色商店","city":"台北市"}},{"type":"Feature","geometry":{"type":"Point","coordinates":[121.499258308438,25.036788915767]},"properties":{"name":"萊爾富國際股份有限公司-北市萬園店","address":"108臺北市萬華區西園路一段170號1樓","number":"A001268","phone":"(02)66068688#356","type":"連鎖型綠色商店","city":"台北市"}},{"type":"Feature","geometry":{"type":"Point","coordinates":[121.505936170698,25.040582816601]},"properties":{"name":"萊爾富國際股份有限公司-北市萬寧店","address":"108台北市萬華區長沙街二段50號","number":"A001620","phone":"(02)89783407","type":"連鎖型綠色商店","city":"台北市"}},{"type":"Feature","geometry":{"type":"Point","coordinates":[121.556041762957,25.000057781581]},"properties":{"name":"萊爾富國際股份有限公司-北市萬興店","address":"116臺北市文山區興隆路三段58號","number":"A001389","phone":"(02)66068688#356","type":"連鎖型綠色商店","city":"台北市"}},{"type":"Feature","geometry":{"type":"Point","coordinates":[121.496178587588,25.030120273407]},"properties":{"name":"萊爾富國際股份有限公司-北市萬寶店","address":"108臺北市萬華區西園路二段146號1樓","number":"A001436","phone":"(02)66068688#356","type":"連鎖型綠色商店","city":"台北市"}},{"type":"Feature","geometry":{"type":"Point","coordinates":[121.496296814408,25.030441090944]},"properties":{"name":"萊爾富國際股份有限公司-北市萬鑫店","address":"108台北市萬華區西園路二段134、136、138號","number":"A001600","phone":"(02)23083401","type":"連鎖型綠色商店","city":"台北市"}},{"type":"Feature","geometry":{"type":"Point","coordinates":[121.547650555869,24.990032019555]},"properties":{"name":"萊爾富國際股份有限公司-北市試院店","address":"116臺北市文山區試院路104號","number":"A001300","phone":"(02)66068688#356","type":"連鎖型綠色商店","city":"台北市"}},{"type":"Feature","geometry":{"type":"Point","coordinates":[121.53398579058,25.06461851069]},"properties":{"name":"萊爾富國際股份有限公司-北市農安店","address":"104臺北市中山區農安街160號","number":"A001350","phone":"(02)66068688#356","type":"連鎖型綠色商店","city":"台北市"}},{"type":"Feature","geometry":{"type":"Point","coordinates":[121.551712929062,25.048069742065]},"properties":{"name":"萊爾富國際股份有限公司-北市旗艦店","address":"105臺北市松山區八德路三段32號","number":"A001357","phone":"(02)66068688#356","type":"連鎖型綠色商店","city":"台北市"}},{"type":"Feature","geometry":{"type":"Point","coordinates":[121.54124099833,25.06255559859]},"properties":{"name":"萊爾富國際股份有限公司-北市榮輝店","address":"104臺北市中山區民權東路三段7號1樓","number":"A001326","phone":"(02)66068688#356","type":"連鎖型綠色商店","city":"台北市"}},{"type":"Feature","geometry":{"type":"Point","coordinates":[121.585866669931,25.038882840909]},"properties":{"name":"萊爾富國際股份有限公司-北市福德店","address":"110臺北市信義區福德街266號","number":"A001315","phone":"(02)66068688#356","type":"連鎖型綠色商店","city":"台北市"}},{"type":"Feature","geometry":{"type":"Point","coordinates":[121.493949043329,25.030210923883]},"properties":{"name":"萊爾富國際股份有限公司-北市艋舺店","address":"108臺北市萬華區雙園街69號","number":"A001269","phone":"(02)66068688#356","type":"連鎖型綠色商店","city":"台北市"}},{"type":"Feature","geometry":{"type":"Point","coordinates":[121.527010035481,25.087199232116]},"properties":{"name":"萊爾富國際股份有限公司-北市銘傳店","address":"111臺北市士林區中山北路五段250號(銘傳大學)","number":"A001263","phone":"(02)66068688#356","type":"連鎖型綠色商店","city":"台北市"}},{"type":"Feature","geometry":{"type":"Point","coordinates":[121.492802063698,25.023467054136]},"properties":{"name":"萊爾富國際股份有限公司-北市德昌二店","address":"108臺北市萬華區西園路二段281巷31號","number":"A001305","phone":"(02)66068688#356","type":"連鎖型綠色商店","city":"台北市"}},{"type":"Feature","geometry":{"type":"Point","coordinates":[121.560588693973,25.086653109215]},"properties":{"name":"萊爾富國際股份有限公司-北市德湖店","address":"114臺北市內湖區文湖街21巷16號1樓.地下室","number":"A001307","phone":"(02)66068688#356","type":"連鎖型綠色商店","city":"台北市"}},{"type":"Feature","geometry":{"type":"Point","coordinates":[121.532881307198,25.056587725438]},"properties":{"name":"萊爾富國際股份有限公司-北市慶泰店","address":"104臺北市中山區松江路186號之1","number":"A001285","phone":"(02)66068688#356","type":"連鎖型綠色商店","city":"台北市"}},{"type":"Feature","geometry":{"type":"Point","coordinates":[121.554349037611,25.049639504892]},"properties":{"name":"萊爾富國際股份有限公司-北市樸實店","address":"105臺北市松山區寧安街12號(育達商職樸實樓一樓)","number":"A001325","phone":"(02)66068688#356","type":"連鎖型綠色商店","city":"台北市"}},{"type":"Feature","geometry":{"type":"Point","coordinates":[121.616414096959,25.068299591107]},"properties":{"name":"萊爾富國際股份有限公司-北市興湖店","address":"114臺北市內湖區東湖路121號","number":"A001309","phone":"(02)66068688#356","type":"連鎖型綠色商店","city":"台北市"}},{"type":"Feature","geometry":{"type":"Point","coordinates":[121.548681110865,25.002071827185]},"properties":{"name":"萊爾富國際股份有限公司-北市興隆店","address":"116臺北市文山區興隆路二段203巷16號","number":"A001401","phone":"(02)66068688#356","type":"連鎖型綠色商店","city":"台北市"}},{"type":"Feature","geometry":{"type":"Point","coordinates":[121.588316281134,24.968933595796]},"properties":{"name":"萊爾富國際股份有限公司-北市貓空店","address":"116台北市文山區指南路三段38巷35號","number":"A001633","phone":"(02)22346497","type":"連鎖型綠色商店","city":"台北市"}},{"type":"Feature","geometry":{"type":"Point","coordinates":[121.542318408164,25.052091379209]},"properties":{"name":"萊爾富國際股份有限公司-北市遼寧店","address":"104臺北市中山區南京東路三段195號","number":"A001290","phone":"(02)66068688#356","type":"連鎖型綠色商店","city":"台北市"}},{"type":"Feature","geometry":{"type":"Point","coordinates":[121.534987511828,25.060243618237]},"properties":{"name":"萊爾富國際股份有限公司-北市錦江店","address":"104臺北市中山區錦州街276號","number":"A001283","phone":"(02)66068688#356","type":"連鎖型綠色商店","city":"台北市"}},{"type":"Feature","geometry":{"type":"Point","coordinates":[121.51574584726,25.057145289638]},"properties":{"name":"萊爾富國際股份有限公司-北市靜修店","address":"103臺北市大同區民生西路231號","number":"A001312","phone":"(02)66068688#356","type":"連鎖型綠色商店","city":"台北市"}},{"type":"Feature","geometry":{"type":"Point","coordinates":[121.55619067572,25.029604466346]},"properties":{"name":"萊爾富國際股份有限公司-北市臨江店","address":"106臺北市大安區臨江街40巷2號","number":"A001287","phone":"(02)66068688#356","type":"連鎖型綠色商店","city":"台北市"}},{"type":"Feature","geometry":{"type":"Point","coordinates":[121.520892084353,25.057550009833]},"properties":{"name":"萊爾富國際股份有限公司-北市雙連店","address":"104臺北市中山區民生西路62號","number":"A001274","phone":"(02)66068688#356","type":"連鎖型綠色商店","city":"台北市"}},{"type":"Feature","geometry":{"type":"Point","coordinates":[121.5187826946,25.052398743598]},"properties":{"name":"萊爾富國際股份有限公司-北市雙蝶店","address":"103臺北市大同區南京西路64巷9弄2號","number":"A001353","phone":"(02)66068688#356","type":"連鎖型綠色商店","city":"台北市"}},{"type":"Feature","geometry":{"type":"Point","coordinates":[121.519183098115,25.111354577873]},"properties":{"name":"萊爾富國際股份有限公司-北市懷德店","address":"112臺北市北投區懷德街5號","number":"A001447","phone":"(02)66068688#356","type":"連鎖型綠色商店","city":"台北市"}},{"type":"Feature","geometry":{"type":"Point","coordinates":[121.52307129536,25.026557964751]},"properties":{"name":"萊爾富國際股份有限公司-北市羅斯福店","address":"106臺北市大安區羅斯福路二段75之1號","number":"A001352","phone":"(02)66068688#356","type":"連鎖型綠色商店","city":"台北市"}},{"type":"Feature","geometry":{"type":"Point","coordinates":[121.576504251722,24.987419212697]},"properties":{"name":"萊爾富國際股份有限公司-北市藝文店","address":"116台北市文山區指南路二段64號四樓","number":"A001606","phone":"(02)89781640","type":"連鎖型綠色商店","city":"台北市"}},{"type":"Feature","geometry":{"type":"Point","coordinates":[121.467263242913,25.12244245276]},"properties":{"name":"萊爾富國際股份有限公司-北市關渡店","address":"112臺北市北投區知行路314號","number":"A001438","phone":"(02)66068688#356","type":"連鎖型綠色商店","city":"台北市"}},{"type":"Feature","geometry":{"type":"Point","coordinates":[121.57084722145,25.081787456331]},"properties":{"name":"萊爾富國際股份有限公司-北市麗湖店","address":"114臺北市內湖區內湖路一段409之1號","number":"A001319","phone":"(02)66068688#356","type":"連鎖型綠色商店","city":"台北市"}},{"type":"Feature","geometry":{"type":"Point","coordinates":[121.559271310251,25.051717923513]},"properties":{"name":"萊爾富國際股份有限公司-北市寶德店","address":"105臺北市松山區南京東路5段61.63號","number":"A001402","phone":"(02)66068688#356","type":"連鎖型綠色商店","city":"台北市"}},{"type":"Feature","geometry":{"type":"Point","coordinates":[121.581718214593,25.064848510113]},"properties":{"name":"萊爾富國際股份有限公司-北市蘋果店","address":"114臺北市內湖區行愛路141巷39號B1","number":"A001378","phone":"(02)66068688#356","type":"連鎖型綠色商店","city":"台北市"}},{"type":"Feature","geometry":{"type":"Point","coordinates":[121.572436514111,25.050163122383]},"properties":{"name":"萊爾富國際股份有限公司-北市饒河店","address":"105臺北市松山區饒河街35號","number":"A001420","phone":"(02)66068688#356","type":"連鎖型綠色商店","city":"台北市"}},{"type":"Feature","geometry":{"type":"Point","coordinates":[121.584662777178,25.068688553324]},"properties":{"name":"萊爾富國際股份有限公司-北市權湖店","address":"114臺北市內湖區民權東路六段58號","number":"A001361","phone":"(02)66068688#356","type":"連鎖型綠色商店","city":"台北市"}},{"type":"Feature","geometry":{"type":"Point","coordinates":[121.524974238838,25.050152686914]},"properties":{"name":"萊爾富國際股份有限公司-北市鑫林森店","address":"104台北市中山區林森北路101號","number":"A001618","phone":"(02)89787591","type":"連鎖型綠色商店","city":"台北市"}},{"type":"Feature","geometry":{"type":"Point","coordinates":[121.497678990242,25.036009692138]},"properties":{"name":"萊爾富國際股份有限公司-北市鑫梧店","address":"108臺北市萬華區梧州街55號","number":"A001294","phone":"(02)66068688#356","type":"連鎖型綠色商店","city":"台北市"}},{"type":"Feature","geometry":{"type":"Point","coordinates":[121.56541599965,25.079818798732]},"properties":{"name":"萊爾富國際股份有限公司-北市鑫湖店","address":"114台北市內湖區基湖路35巷11號一樓全部","number":"A001640","phone":"(02)87518529","type":"連鎖型綠色商店","city":"台北市"}},{"type":"Feature","geometry":{"type":"Point","coordinates":[121.527640606057,25.093608831565]},"properties":{"name":"義德傢俱股份有限公司","address":"111臺北市士林區中山北路五段505巷2號","number":"A000101","phone":"(02)28831108","type":"連鎖型綠色商店","city":"台北市"}},{"type":"Feature","geometry":{"type":"Point","coordinates":[121.555540022233,25.081795461048]},"properties":{"name":"遠百企業股份有限公司大直分公司","address":"104臺北市中山區敬業三路123號","number":"A000001","phone":"(02)77015168","type":"連鎖型綠色商店","city":"台北市"}},{"type":"Feature","geometry":{"type":"Point","coordinates":[121.572849322843,25.041146709137]},"properties":{"name":"遠百企業股份有限公司忠孝分公司","address":"110臺北市信義區忠孝東路五段297號","number":"A000002","phone":"(02)25289388#501","type":"連鎖型綠色商店","city":"台北市"}},{"type":"Feature","geometry":{"type":"Point","coordinates":[121.542047756511,24.992250038773]},"properties":{"name":"遠百企業股份有限公司景美分公司","address":"116臺北市文山區景中街30巷12號","number":"A000003","phone":"(02)29332088","type":"連鎖型綠色商店","city":"台北市"}},{"type":"Feature","geometry":{"type":"Point","coordinates":[121.542478502515,25.046854994747]},"properties":{"name":"潤泰創新國際股份有限公司中崙分公司","address":"104臺北市中山區八德路二段306號地下2樓之3、地下3樓","number":"A000022","phone":"(02)27790006#501","type":"連鎖型綠色商店","city":"台北市"}},{"type":"Feature","geometry":{"type":"Point","coordinates":[121.532385769082,25.044136450181]},"properties":{"name":"燦坤實業股份有限公司八德分公司","address":"100台北市中正區八德路一段102號","number":"A001536","phone":"(02)27953988#10802","type":"連鎖型綠色商店","city":"台北市"}},{"type":"Feature","geometry":{"type":"Point","coordinates":[121.52855624516,25.095668851908]},"properties":{"name":"燦坤實業股份有限公司士林旗艦分公司","address":"111台北市士林區中正路115號","number":"A001538","phone":"(02)27953988#10802","type":"連鎖型綠色商店","city":"台北市"}},{"type":"Feature","geometry":{"type":"Point","coordinates":[121.542563914108,25.033627261889]},"properties":{"name":"燦坤實業股份有限公司大安分公司","address":"106台北市大安區信義路三段153號","number":"A001544","phone":"(02)27953988#10802","type":"連鎖型綠色商店","city":"台北市"}},{"type":"Feature","geometry":{"type":"Point","coordinates":[121.548990822187,25.083551427854]},"properties":{"name":"燦坤實業股份有限公司大直分公司","address":"104台北市中山區北安路633號1F、B1","number":"A001558","phone":"(02)27953988#10802","type":"連鎖型綠色商店","city":"台北市"}},{"type":"Feature","geometry":{"type":"Point","coordinates":[121.572950073319,25.062783418718]},"properties":{"name":"燦坤實業股份有限公司內湖旗艦分公司","address":"114台北市內湖區堤頂大道一段331號","number":"A001522","phone":"(02)27953988#10802","type":"連鎖型綠色商店","city":"台北市"}},{"type":"Feature","geometry":{"type":"Point","coordinates":[121.526378375258,25.120076157674]},"properties":{"name":"燦坤實業股份有限公司天母分公司","address":"111台北市士林區天母北路３０號","number":"A001532","phone":"(02)27953988#10802","type":"連鎖型綠色商店","city":"台北市"}},{"type":"Feature","geometry":{"type":"Point","coordinates":[121.525441865216,25.10892399359]},"properties":{"name":"燦坤實業股份有限公司天母蘭雅分公司","address":"111台北市士林區中山北路六段238號1-2F","number":"A001518","phone":"(02)27953988#10802","type":"連鎖型綠色商店","city":"台北市"}},{"type":"Feature","geometry":{"type":"Point","coordinates":[121.584047042571,25.078321246001]},"properties":{"name":"燦坤實業股份有限公司文德分公司","address":"114台北市內湖區文德路212號","number":"A001546","phone":"(02)27953988#10802","type":"連鎖型綠色商店","city":"台北市"}},{"type":"Feature","geometry":{"type":"Point","coordinates":[121.559653357398,24.981559466096]},"properties":{"name":"燦坤實業股份有限公司木新分公司","address":"116台北市文山區木新路3段212號","number":"A001525","phone":"(02)27953988#10802","type":"連鎖型綠色商店","city":"台北市"}},{"type":"Feature","geometry":{"type":"Point","coordinates":[121.498569567454,25.131038723109]},"properties":{"name":"燦坤實業股份有限公司北投旗艦分公司","address":"112台北市北投區北投路2段13號B1","number":"A001533","phone":"(02)27953988#10802","type":"連鎖型綠色商店","city":"台北市"}},{"type":"Feature","geometry":{"type":"Point","coordinates":[121.568114553377,25.083424735388]},"properties":{"name":"燦坤實業股份有限公司台北西湖分公司","address":"114台北市內湖區內湖路一段323巷11號1F.B1","number":"A001545","phone":"(02)27953988#10802","type":"連鎖型綠色商店","city":"台北市"}},{"type":"Feature","geometry":{"type":"Point","coordinates":[121.516273655703,25.068450591093]},"properties":{"name":"燦坤實業股份有限公司民族西分公司","address":"103台北市大同區民族西路136號1至3樓及138號2、3樓","number":"A001557","phone":"(02)27953988#10802","type":"連鎖型綠色商店","city":"台北市"}},{"type":"Feature","geometry":{"type":"Point","coordinates":[121.58164403475,25.042170181424]},"properties":{"name":"燦坤實業股份有限公司永春分公司","address":"110台北市信義區大道路16號、16號地下1樓","number":"A001514","phone":"(02)27953988#10802","type":"連鎖型綠色商店","city":"台北市"}},{"type":"Feature","geometry":{"type":"Point","coordinates":[121.516543133891,25.117703995257]},"properties":{"name":"燦坤實業股份有限公司石牌分公司","address":"112台北市北投區石牌路二段99巷1號","number":"A001551","phone":"(02)27953988#10802","type":"連鎖型綠色商店","city":"台北市"}},{"type":"Feature","geometry":{"type":"Point","coordinates":[121.559659057092,25.051303270762]},"properties":{"name":"燦坤實業股份有限公司吉祥分公司","address":"105台北市松山區南京東路五段40號2F","number":"A001531","phone":"(02)27953988#10802","type":"連鎖型綠色商店","city":"台北市"}},{"type":"Feature","geometry":{"type":"Point","coordinates":[121.494945400159,25.028648369493]},"properties":{"name":"燦坤實業股份有限公司西藏分公司","address":"108台北市萬華區西藏路217與219號B1-1F","number":"A001555","phone":"(02)27953988#10802","type":"連鎖型綠色商店","city":"台北市"}},{"type":"Feature","geometry":{"type":"Point","coordinates":[121.521436069869,25.027043444583]},"properties":{"name":"燦坤實業股份有限公司和平旗艦分公司","address":"100台北市中正區和平西路一段13號","number":"A001540","phone":"(02)27953988#10802","type":"連鎖型綠色商店","city":"台北市"}},{"type":"Feature","geometry":{"type":"Point","coordinates":[121.552794278391,25.046074178557]},"properties":{"name":"燦坤實業股份有限公司延吉分公司","address":"105台北市松山區延吉街30巷11號及9號地下1樓","number":"A001539","phone":"(02)27953988#10802","type":"連鎖型綠色商店","city":"台北市"}},{"type":"Feature","geometry":{"type":"Point","coordinates":[121.552764271178,25.041229983345]},"properties":{"name":"燦坤實業股份有限公司忠孝分公司","address":"106台北市大安區忠孝東路四段212號B1","number":"A001526","phone":"(02)27953988#10802","type":"連鎖型綠色商店","city":"台北市"}},{"type":"Feature","geometry":{"type":"Point","coordinates":[121.573207481566,25.041138159596]},"properties":{"name":"燦坤實業股份有限公司忠孝永春分公司","address":"110台北市信義區忠孝東路五段297-1號1 2F","number":"A001523","phone":"(02)27953988#10802","type":"連鎖型綠色商店","city":"台北市"}},{"type":"Feature","geometry":{"type":"Point","coordinates":[121.543498747769,25.039429760091]},"properties":{"name":"燦坤實業股份有限公司忠孝復興分公司","address":"106台北市大安區復興南路1段206號1-2F","number":"A001556","phone":"(02)27953988#10802","type":"連鎖型綠色商店","city":"台北市"}},{"type":"Feature","geometry":{"type":"Point","coordinates":[121.504863287092,25.043461497428]},"properties":{"name":"燦坤實業股份有限公司昆明分公司","address":"108台北市萬華區昆明街120號及122號1-2F","number":"A001524","phone":"(02)27953988#10802","type":"連鎖型綠色商店","city":"台北市"}},{"type":"Feature","geometry":{"type":"Point","coordinates":[121.527549243312,25.03466770753]},"properties":{"name":"燦坤實業股份有限公司東門分公司","address":"100台北市中正區金山南路一段155號B1","number":"A001528","phone":"(02)27953988#10802","type":"連鎖型綠色商店","city":"台北市"}},{"type":"Feature","geometry":{"type":"Point","coordinates":[121.611454021936,25.070059958412]},"properties":{"name":"燦坤實業股份有限公司東湖分公司","address":"114台北市內湖區康寧路三段74號1樓","number":"A001550","phone":"(02)27953988#10802","type":"連鎖型綠色商店","city":"台北市"}},{"type":"Feature","geometry":{"type":"Point","coordinates":[121.50976234186,25.085492886177]},"properties":{"name":"燦坤實業股份有限公司社子分公司","address":"111台北市士林區延平北路5段282號B1.1F","number":"A001548","phone":"(02)27953988#10802","type":"連鎖型綠色商店","city":"台北市"}},{"type":"Feature","geometry":{"type":"Point","coordinates":[121.557734236847,25.033282681849]},"properties":{"name":"燦坤實業股份有限公司信義分公司","address":"110臺北市信義區信義路4段375號","number":"A000026","phone":"(02)27953988#10802","type":"連鎖型綠色商店","city":"台北市"}},{"type":"Feature","geometry":{"type":"Point","coordinates":[121.537369900168,25.052186807176]},"properties":{"name":"燦坤實業股份有限公司南京分公司","address":"104台北市中山區南京東路三段9號","number":"A001559","phone":"(02)27953988#10802","type":"連鎖型綠色商店","city":"台北市"}},{"type":"Feature","geometry":{"type":"Point","coordinates":[121.528378297355,25.051881999267]},"properties":{"name":"燦坤實業股份有限公司南京旗艦分公司","address":"104台北市中山區南京東路二段6號","number":"A001527","phone":"(02)27953988#10802","type":"連鎖型綠色商店","city":"台北市"}},{"type":"Feature","geometry":{"type":"Point","coordinates":[121.60629252978,25.056473983012]},"properties":{"name":"燦坤實業股份有限公司南港興中分公司","address":"115台北市南港區興中路56巷11號及13號地下1樓","number":"A001541","phone":"(02)27953988#10802","type":"連鎖型綠色商店","city":"台北市"}},{"type":"Feature","geometry":{"type":"Point","coordinates":[121.574453367654,24.98799115186]},"properties":{"name":"燦坤實業股份有限公司政大營業所","address":"116台北市文山區指南路2段53號1-2F 51號2F","number":"A001530","phone":"(02)27953988#10802","type":"連鎖型綠色商店","city":"台北市"}},{"type":"Feature","geometry":{"type":"Point","coordinates":[121.559031839277,25.083035186437]},"properties":{"name":"燦坤實業股份有限公司美麗華營業所","address":"104台北市中山區樂群三路289號","number":"A001560","phone":"(02)27953988#10802","type":"連鎖型綠色商店","city":"台北市"}},{"type":"Feature","geometry":{"type":"Point","coordinates":[121.514892066603,25.046200871023]},"properties":{"name":"燦坤實業股份有限公司站前分公司","address":"100台北市中正區館前路4-6號","number":"A001554","phone":"(02)27953988#10802","type":"連鎖型綠色商店","city":"台北市"}},{"type":"Feature","geometry":{"type":"Point","coordinates":[121.552521028348,25.026076885418]},"properties":{"name":"燦坤實業股份有限公司通化分公司","address":"106台北市大安區通化街198號1F","number":"A001549","phone":"(02)27953988#10802","type":"連鎖型綠色商店","city":"台北市"}},{"type":"Feature","geometry":{"type":"Point","coordinates":[121.556451386566,25.021063501491]},"properties":{"name":"燦坤實業股份有限公司富陽分公司","address":"110台北市信義區和平東路3段333號B1","number":"A001535","phone":"(02)27953988#10802","type":"連鎖型綠色商店","city":"台北市"}},{"type":"Feature","geometry":{"type":"Point","coordinates":[121.544416733805,25.059553536149]},"properties":{"name":"燦坤實業股份有限公司復北分公司","address":"105台北市松山區復興北路325號","number":"A001515","phone":"(02)27953988#10802","type":"連鎖型綠色商店","city":"台北市"}},{"type":"Feature","geometry":{"type":"Point","coordinates":[121.543729417745,24.991817784026]},"properties":{"name":"燦坤實業股份有限公司景美分公司","address":"116台北市文山區景興路200號1樓","number":"A001534","phone":"(02)27953988#10802","type":"連鎖型綠色商店","city":"台北市"}},{"type":"Feature","geometry":{"type":"Point","coordinates":[121.503312718823,25.137665916764]},"properties":{"name":"燦坤實業股份有限公司新北投分公司","address":"112台北市北投區中和街14號1樓","number":"A001529","phone":"(02)27953988#10802","type":"連鎖型綠色商店","city":"台北市"}},{"type":"Feature","geometry":{"type":"Point","coordinates":[121.560799163562,25.058824645848]},"properties":{"name":"燦坤實業股份有限公司新民生分公司","address":"105台北市松山區民生東路五段119-2號1樓、B1","number":"A001537","phone":"(02)27953988#10802","type":"連鎖型綠色商店","city":"台北市"}},{"type":"Feature","geometry":{"type":"Point","coordinates":[121.5571473,25.0538432]},"properties":{"name":"燦坤實業股份有限公司新京華分公司","address":"105台北市松山區八德店四段171號1f.169-171號b1","number":"A001517","phone":"(02)27953988#10802","type":"連鎖型綠色商店","city":"台北市"}},{"type":"Feature","geometry":{"type":"Point","coordinates":[121.575045046199,25.049846076895]},"properties":{"name":"燦坤實業股份有限公司新松山分公司","address":"105台北市松山區八德路四段650號1樓","number":"A001521","phone":"(02)27953988#10802","type":"連鎖型綠色商店","city":"台北市"}},{"type":"Feature","geometry":{"type":"Point","coordinates":[121.500315936981,25.023942936689]},"properties":{"name":"燦坤實業股份有限公司萬大分公司","address":"108台北市萬華區萬大路331號1F","number":"A001552","phone":"(02)27953988#10802","type":"連鎖型綠色商店","city":"台北市"}},{"type":"Feature","geometry":{"type":"Point","coordinates":[121.523961704934,25.065048376594]},"properties":{"name":"燦坤實業股份有限公司農安分公司","address":"104台北市中山區農安街19號2樓","number":"A001543","phone":"(02)27953988#10802","type":"連鎖型綠色商店","city":"台北市"}},{"type":"Feature","geometry":{"type":"Point","coordinates":[121.51516850177,25.056909297154]},"properties":{"name":"燦坤實業股份有限公司寧夏分公司","address":"103台北市大同區民生西路204號1-3樓","number":"A001542","phone":"(02)27953988#10802","type":"連鎖型綠色商店","city":"台北市"}},{"type":"Feature","geometry":{"type":"Point","coordinates":[121.523648976127,25.082846300249]},"properties":{"name":"燦坤實業股份有限公司劍潭分公司","address":"111台北市士林區承德路4段83-1號及83-2號1-2F","number":"A001547","phone":"(02)27953988#10802","type":"連鎖型綠色商店","city":"台北市"}},{"type":"Feature","geometry":{"type":"Point","coordinates":[121.532957917793,25.109412616635]},"properties":{"name":"燦坤實業股份有限公司德行分公司","address":"111台北市士林區德行東路223號B1-1F","number":"A001519","phone":"(02)27953988#10802","type":"連鎖型綠色商店","city":"台北市"}},{"type":"Feature","geometry":{"type":"Point","coordinates":[121.552978177347,25.020233902624]},"properties":{"name":"燦坤實業股份有限公司樂業分公司","address":"106台北市大安區樂業街127號B1.1F","number":"A001553","phone":"(02)27953988#10802","type":"連鎖型綠色商店","city":"台北市"}},{"type":"Feature","geometry":{"type":"Point","coordinates":[121.554257591047,25.000682652463]},"properties":{"name":"燦坤實業股份有限公司興隆分公司","address":"116台北市文山區興隆路二段252號B1","number":"A001520","phone":"(02)27953988#10802","type":"連鎖型綠色商店","city":"台北市"}},{"type":"Feature","geometry":{"type":"Point","coordinates":[121.521352418475,25.060213694843]},"properties":{"name":"燦坤實業股份有限公司錦西分公司","address":"104台北市中山區錦西街14-1號B1.1F","number":"A001516","phone":"(02)27953988#10802","type":"連鎖型綠色商店","city":"台北市"}},{"type":"Feature","geometry":{"type":"Point","coordinates":[121.53306210485,25.036296520865]},"properties":{"name":"鴻源汽車股份有限公司大安分公司","address":"106台北市新生南路1段141-8號","number":"A001481","phone":"(02)25066898","type":"連鎖型綠色商店","city":"台北市"}},{"type":"Feature","geometry":{"type":"Point","coordinates":[121.457778029823,25.01754800557]},"properties":{"name":"台象股份有限公司-象印板橋服務中心","address":"220新北市板橋區國光路52號1樓","number":"F002166","phone":"02-2506-9009#217","type":"連鎖型綠色商店","city":"新北市"}},{"type":"Feature","geometry":{"type":"Point","coordinates":[121.4432848,25.0303904]},"properties":{"name":"7-11一級棒門市","address":"242新北市新莊區中山路3段488.490號","number":"F000941","phone":"02-27478711#3961","type":"連鎖型綠色商店","city":"新北市"}},{"type":"Feature","geometry":{"type":"Point","coordinates":[121.499168035341,25.004242991565]},"properties":{"name":"7-11一新門市","address":"235新北市中和區福祥里27鄰永和路56.58號1樓.","number":"F000520","phone":"02-27478711#3961","type":"連鎖型綠色商店","city":"新北市"}},{"type":"Feature","geometry":{"type":"Point","coordinates":[121.845214991758,25.109705019328]},"properties":{"name":"7-11九份門市","address":"224新北市瑞芳區基山街3號","number":"F000987","phone":"02-27478711#3961","type":"連鎖型綠色商店","city":"新北市"}},{"type":"Feature","geometry":{"type":"Point","coordinates":[121.46893601933,25.07841399176]},"properties":{"name":"7-11九芎門市","address":"247新北市蘆洲區中山二路272號.","number":"F001342","phone":"02-27478711#3961","type":"連鎖型綠色商店","city":"新北市"}},{"type":"Feature","geometry":{"type":"Point","coordinates":[121.338299029199,24.940904008663]},"properties":{"name":"7-11二橋門市","address":"239新北市鶯歌區中正三路93號","number":"F001627","phone":"02-27478711#3961","type":"連鎖型綠色商店","city":"新北市"}},{"type":"Feature","geometry":{"type":"Point","coordinates":[121.403858001066,25.148651993437]},"properties":{"name":"7-11八仙門市","address":"249新北市八里區中華路二段306號","number":"F001375","phone":"02-27478711#3961","type":"連鎖型綠色商店","city":"新北市"}},{"type":"Feature","geometry":{"type":"Point","coordinates":[121.3994799654,25.14724500717]},"properties":{"name":"7-11八里門市","address":"249新北市八里區中山路二段341號","number":"F001230","phone":"02-27478711#3961","type":"連鎖型綠色商店","city":"新北市"}},{"type":"Feature","geometry":{"type":"Point","coordinates":[121.432150025588,25.057661992059]},"properties":{"name":"7-11十八甲門市","address":"243新北市泰山區福興一街87號","number":"F001034","phone":"02-27478711#3961","type":"連鎖型綠色商店","city":"新北市"}},{"type":"Feature","geometry":{"type":"Point","coordinates":[121.805015638353,25.106090598307]},"properties":{"name":"7-11三爪坑門市","address":"224新北市瑞芳區三爪子坑路15、17號","number":"F000980","phone":"02-27478711#3961","type":"連鎖型綠色商店","city":"新北市"}},{"type":"Feature","geometry":{"type":"Point","coordinates":[121.491790032709,25.080268990751]},"properties":{"name":"7-11三好門市","address":"241新北市三重區溪美里仁愛街367號","number":"F000569","phone":"02-27478711#3961","type":"連鎖型綠色商店","city":"新北市"}},{"type":"Feature","geometry":{"type":"Point","coordinates":[121.49593396182,25.069229018441]},"properties":{"name":"7-11三安門市","address":"241新北市三重區正義北路235號","number":"F001652","phone":"02-27478711#3961","type":"連鎖型綠色商店","city":"新北市"}},{"type":"Feature","geometry":{"type":"Point","coordinates":[121.426289985621,25.030204008813]},"properties":{"name":"7-11三洋門市","address":"242新北市新莊區中正路612-1號","number":"F001485","phone":"02-27478711#3961","type":"連鎖型綠色商店","city":"新北市"}},{"type":"Feature","geometry":{"type":"Point","coordinates":[121.495064674642,25.0613704813]},"properties":{"name":"7-11三重門市","address":"241新北市三重區重新路3段18號","number":"F001420","phone":"02-27478711#3961","type":"連鎖型綠色商店","city":"新北市"}},{"type":"Feature","geometry":{"type":"Point","coordinates":[121.422934961237,24.994938995221]},"properties":{"name":"7-11三暉門市","address":"238新北市樹林區樹福里復興路1號","number":"F001182","phone":"02-27478711#3961","type":"連鎖型綠色商店","city":"新北市"}},{"type":"Feature","geometry":{"type":"Point","coordinates":[121.356883971652,24.941989004119]},"properties":{"name":"7-11三靖門市","address":"239新北市鶯歌區三鶯路52號一樓","number":"F001534","phone":"02-27478711#3961","type":"連鎖型綠色商店","city":"新北市"}},{"type":"Feature","geometry":{"type":"Point","coordinates":[121.480961368178,25.075523408631]},"properties":{"name":"7-11下竹圍門市","address":"241新北市三重區下竹圍街26號","number":"F001416","phone":"02-27478711#3961","type":"連鎖型綠色商店","city":"新北市"}},{"type":"Feature","geometry":{"type":"Point","coordinates":[121.460405212615,24.97741792268]},"properties":{"name":"7-11上北可門市","address":"236新北市土城區明德路一段232號","number":"F001651","phone":"02-27478711#3961","type":"連鎖型綠色商店","city":"新北市"}},{"type":"Feature","geometry":{"type":"Point","coordinates":[121.517603863737,24.972804693958]},"properties":{"name":"7-11凡賽絲門市","address":"231新北市新店區安民街248號","number":"F001428","phone":"02-27478711#3961","type":"連鎖型綠色商店","city":"新北市"}},{"type":"Feature","geometry":{"type":"Point","coordinates":[121.425402425893,24.996122813316]},"properties":{"name":"7-11千歲門市","address":"238新北市樹林區千歲街26-10號","number":"F001036","phone":"02-27478711#3961","type":"連鎖型綠色商店","city":"新北市"}},{"type":"Feature","geometry":{"type":"Point","coordinates":[121.475891993137,25.015182003852]},"properties":{"name":"7-11千群門市","address":"220新北市板橋區東丘里民享街53號","number":"F000532","phone":"02-27478711#3961","type":"連鎖型綠色商店","city":"新北市"}},{"type":"Feature","geometry":{"type":"Point","coordinates":[121.437295005395,24.967976214815]},"properties":{"name":"7-11土城門市","address":"236新北市土城區中央路三段42號","number":"F001583","phone":"02-27478711#3961","type":"連鎖型綠色商店","city":"新北市"}},{"type":"Feature","geometry":{"type":"Point","coordinates":[121.438034037798,25.083963985128]},"properties":{"name":"7-11大五股門市","address":"248新北市五股區成泰路2段81號","number":"F001604","phone":"02-27478711#3961","type":"連鎖型綠色商店","city":"新北市"}},{"type":"Feature","geometry":{"type":"Point","coordinates":[121.516723009533,25.008381011434]},"properties":{"name":"7-11大正門市","address":"234新北市永和區中正路555號","number":"F001352","phone":"02-27478711#3961","type":"連鎖型綠色商店","city":"新北市"}},{"type":"Feature","geometry":{"type":"Point","coordinates":[121.542048510882,24.983074788462]},"properties":{"name":"7-11大坪林門市","address":"231新北市新店區民權路18號","number":"F001439","phone":"02-27478711#3961","type":"連鎖型綠色商店","city":"新北市"}},{"type":"Feature","geometry":{"type":"Point","coordinates":[121.400374985021,24.958126011751]},"properties":{"name":"7-11大東圓門市","address":"238新北市樹林區柑園街一段67.67-1.67-2號1樓","number":"F001221","phone":"02-27478711#3961","type":"連鎖型綠色商店","city":"新北市"}},{"type":"Feature","geometry":{"type":"Point","coordinates":[121.367097991224,24.93595600358]},"properties":{"name":"7-11大勇門市","address":"237新北市三峽區文化路254號","number":"F001137","phone":"02-27478711#3961","type":"連鎖型綠色商店","city":"新北市"}},{"type":"Feature","geometry":{"type":"Point","coordinates":[121.424693987437,25.010728992061]},"properties":{"name":"7-11大展門市","address":"238新北市樹林區俊英街244.246號","number":"F001153","phone":"02-27478711#3961","type":"連鎖型綠色商店","city":"新北市"}},{"type":"Feature","geometry":{"type":"Point","coordinates":[121.377500687436,24.938679996384]},"properties":{"name":"7-11大峽門市","address":"237新北市三峽區大學路13鄰147號1樓","number":"F001249","phone":"02-27478711#3961","type":"連鎖型綠色商店","city":"新北市"}},{"type":"Feature","geometry":{"type":"Point","coordinates":[121.458990975031,25.018145006624]},"properties":{"name":"7-11大庭門市","address":"220新北市板橋區國光里6鄰國光路65號1樓","number":"F001116","phone":"02-27478711#3961","type":"連鎖型綠色商店","city":"新北市"}},{"type":"Feature","geometry":{"type":"Point","coordinates":[121.53920402822,24.978280004569]},"properties":{"name":"7-11大盛門市","address":"231新北市新店區建國路133號","number":"F001461","phone":"02-27478711#3961","type":"連鎖型綠色商店","city":"新北市"}},{"type":"Feature","geometry":{"type":"Point","coordinates":[121.495244969379,25.063504010934]},"properties":{"name":"7-11大智門市","address":"241新北市三重區大同北路63號","number":"F001511","phone":"02-27478711#3961","type":"連鎖型綠色商店","city":"新北市"}},{"type":"Feature","geometry":{"type":"Point","coordinates":[121.391316997535,24.962214997486]},"properties":{"name":"7-11大智通門市","address":"238新北市樹林區佳園路二段70-1號","number":"F001166","phone":"02-27478711#3961","type":"連鎖型綠色商店","city":"新北市"}},{"type":"Feature","geometry":{"type":"Point","coordinates":[121.450130968099,25.00862899004]},"properties":{"name":"7-11大觀門市","address":"220新北市板橋區大觀路1段26號","number":"F000989","phone":"02-27478711#3961","type":"連鎖型綠色商店","city":"新北市"}},{"type":"Feature","geometry":{"type":"Point","coordinates":[121.400270965602,24.974709984369]},"properties":{"name":"7-11山佳門市","address":"238新北市樹林區中山路3段87號","number":"F001219","phone":"02-27478711#3961","type":"連鎖型綠色商店","city":"新北市"}},{"type":"Feature","geometry":{"type":"Point","coordinates":[121.400168035831,25.077255989927]},"properties":{"name":"7-11工林門市","address":"244新北市林口區工六路76號","number":"F001569","phone":"02-27478711#3961","type":"連鎖型綠色商店","city":"新北市"}},{"type":"Feature","geometry":{"type":"Point","coordinates":[121.454097033224,25.022510008431]},"properties":{"name":"7-11中一門市","address":"220新北市板橋區中正里中正路411號","number":"F001044","phone":"02-27478711#3961","type":"連鎖型綠色商店","city":"新北市"}},{"type":"Feature","geometry":{"type":"Point","coordinates":[121.511608372215,24.997071183751]},"properties":{"name":"7-11中安門市","address":"235新北市中和區宜安路62.66號","number":"F001574","phone":"02-27478711#3961","type":"連鎖型綠色商店","city":"新北市"}},{"type":"Feature","geometry":{"type":"Point","coordinates":[121.543196161065,24.965215886461]},"properties":{"name":"7-11中行門市","address":"231新北市新店區中興路一段193.195號","number":"F001421","phone":"02-27478711#3961","type":"連鎖型綠色商店","city":"新北市"}},{"type":"Feature","geometry":{"type":"Point","coordinates":[121.443197038697,24.977745993518]},"properties":{"name":"7-11中林門市","address":"236新北市土城區員林街14號","number":"F001430","phone":"02-27478711#3961","type":"連鎖型綠色商店","city":"新北市"}},{"type":"Feature","geometry":{"type":"Point","coordinates":[121.49347798037,25.053721994652]},"properties":{"name":"7-11中南門市","address":"241新北市三重區中正南路248-1.248-2號","number":"F001611","phone":"02-27478711#3961","type":"連鎖型綠色商店","city":"新北市"}},{"type":"Feature","geometry":{"type":"Point","coordinates":[121.451642979612,25.045826996232]},"properties":{"name":"7-11中泰門市","address":"242新北市新莊區中港一街10.10-1號","number":"F001667","phone":"02-27478711#3961","type":"連鎖型綠色商店","city":"新北市"}},{"type":"Feature","geometry":{"type":"Point","coordinates":[121.455179891295,25.040264220461]},"properties":{"name":"7-11中港門市","address":"242新北市新莊區中港路133號","number":"F001668","phone":"02-27478711#3961","type":"連鎖型綠色商店","city":"新北市"}},{"type":"Feature","geometry":{"type":"Point","coordinates":[121.367930481847,24.927993195564]},"properties":{"name":"7-11中園門市","address":"237新北市三峽區民權街231號","number":"F001643","phone":"02-27478711#3961","type":"連鎖型綠色商店","city":"新北市"}},{"type":"Feature","geometry":{"type":"Point","coordinates":[121.4432848,25.0303904]},"properties":{"name":"7-11丹鳳門市","address":"242新北市新莊區雙鳳里中山路三段664號","number":"F001390","phone":"02-27478711#3961","type":"連鎖型綠色商店","city":"新北市"}},{"type":"Feature","geometry":{"type":"Point","coordinates":[121.45934511044,25.06658968286]},"properties":{"name":"7-11五工門市","address":"242新北市新莊區福基里17鄰五工二路91號","number":"F000927","phone":"02-27478711#3961","type":"連鎖型綠色商店","city":"新北市"}},{"type":"Feature","geometry":{"type":"Point","coordinates":[121.544695012991,24.966699986237]},"properties":{"name":"7-11五峰門市","address":"231新北市新店區中興路一段252號","number":"F001023","phone":"02-27478711#3961","type":"連鎖型綠色商店","city":"新北市"}},{"type":"Feature","geometry":{"type":"Point","coordinates":[121.491111014733,25.084013019262]},"properties":{"name":"7-11五華門市","address":"241新北市三重區五華街148號.","number":"F001070","phone":"02-27478711#3961","type":"連鎖型綠色商店","city":"新北市"}},{"type":"Feature","geometry":{"type":"Point","coordinates":[121.49588802899,25.072680979535]},"properties":{"name":"7-11仁仁門市","address":"241新北市三重區仁愛街52號","number":"F001558","phone":"02-27478711#3961","type":"連鎖型綠色商店","city":"新北市"}},{"type":"Feature","geometry":{"type":"Point","coordinates":[121.430297960262,25.053791019625]},"properties":{"name":"7-11仁泰門市","address":"243新北市泰山區明志路二段1號","number":"F000503","phone":"02-27478711#3961","type":"連鎖型綠色商店","city":"新北市"}},{"type":"Feature","geometry":{"type":"Point","coordinates":[121.397063965628,25.078527985643]},"properties":{"name":"7-11仁森門市","address":"244新北市林口區粉寮路1段64號","number":"F001289","phone":"02-27478711#3961","type":"連鎖型綠色商店","city":"新北市"}},{"type":"Feature","geometry":{"type":"Point","coordinates":[121.503392058887,25.00794862303]},"properties":{"name":"7-11仁寶門市","address":"234新北市永和區仁愛路302、304號","number":"F001641","phone":"02-27478711#3961","type":"連鎖型綠色商店","city":"新北市"}},{"type":"Feature","geometry":{"type":"Point","coordinates":[121.508745281728,25.015243107926]},"properties":{"name":"7-11元坊門市","address":"234新北市永和區保安路134.136號","number":"F001504","phone":"02-27478711#3961","type":"連鎖型綠色商店","city":"新北市"}},{"type":"Feature","geometry":{"type":"Point","coordinates":[121.472613998443,25.020766991666]},"properties":{"name":"7-11元秀門市","address":"220新北市板橋區莊敬路220巷17.19號","number":"F001115","phone":"02-27478711#3961","type":"連鎖型綠色商店","city":"新北市"}},{"type":"Feature","geometry":{"type":"Point","coordinates":[121.3546132,24.9515953]},"properties":{"name":"7-11元町門市","address":"239新北市鶯歌區光明路136號","number":"F001158","phone":"02-27478711#3961","type":"連鎖型綠色商店","city":"新北市"}},{"type":"Feature","geometry":{"type":"Point","coordinates":[121.432272066098,25.054853090576]},"properties":{"name":"7-11公園賞門市","address":"243新北市泰山區仁愛路66號","number":"F001054","phone":"02-27478711#3961","type":"連鎖型綠色商店","city":"新北市"}},{"type":"Feature","geometry":{"type":"Point","coordinates":[121.489328016289,25.082165983078]},"properties":{"name":"7-11分子尾門市","address":"241新北市三重區分子尾街45號","number":"F001413","phone":"02-27478711#3961","type":"連鎖型綠色商店","city":"新北市"}},{"type":"Feature","geometry":{"type":"Point","coordinates":[121.516587977073,24.966663189682]},"properties":{"name":"7-11及人門市","address":"231新北市新店區安民街72號","number":"F000922","phone":"02-27478711#3961","type":"連鎖型綠色商店","city":"新北市"}},{"type":"Feature","geometry":{"type":"Point","coordinates":[121.371776015205,24.927099014133]},"properties":{"name":"7-11天下門市","address":"237新北市三峽區中正路一段242.244號","number":"F001395","phone":"02-27478711#3961","type":"連鎖型綠色商店","city":"新北市"}},{"type":"Feature","geometry":{"type":"Point","coordinates":[121.483873995712,25.186743007594]},"properties":{"name":"7-11天元門市","address":"251新北市淡水區北新路三段34號","number":"F001066","phone":"02-27478711#3961","type":"連鎖型綠色商店","city":"新北市"}},{"type":"Feature","geometry":{"type":"Point","coordinates":[121.497949474257,25.061726502637]},"properties":{"name":"7-11天台門市","address":"241新北市三重區仁德里正義南路13.15號1樓","number":"F001196","phone":"02-27478711#3961","type":"連鎖型綠色商店","city":"新北市"}},{"type":"Feature","geometry":{"type":"Point","coordinates":[121.515352987459,24.993203983173]},"properties":{"name":"7-11天城門市","address":"235新北市中和區景平路240巷1弄4號","number":"F001628","phone":"02-27478711#3961","type":"連鎖型綠色商店","city":"新北市"}},{"type":"Feature","geometry":{"type":"Point","coordinates":[121.483318024074,25.080913014282]},"properties":{"name":"7-11天勝門市","address":"241新北市三重區仁愛街687號","number":"F001385","phone":"02-27478711#3961","type":"連鎖型綠色商店","city":"新北市"}},{"type":"Feature","geometry":{"type":"Point","coordinates":[121.500253994716,25.073342018329]},"properties":{"name":"7-11天龍門市","address":"241新北市三重區龍門路217.219.221號","number":"F000946","phone":"02-27478711#3961","type":"連鎖型綠色商店","city":"新北市"}},{"type":"Feature","geometry":{"type":"Point","coordinates":[121.537274933205,24.961673484632]},"properties":{"name":"7-11天闊門市","address":"231新北市新店區環河路16號","number":"F001267","phone":"02-27478711#3961","type":"連鎖型綠色商店","city":"新北市"}},{"type":"Feature","geometry":{"type":"Point","coordinates":[121.420619041389,24.962916981877]},"properties":{"name":"7-11太子門市","address":"236新北市土城區中山路47號","number":"F001348","phone":"02-27478711#3961","type":"連鎖型綠色商店","city":"新北市"}},{"type":"Feature","geometry":{"type":"Point","coordinates":[121.417885618945,24.979136383617]},"properties":{"name":"7-11太順門市","address":"238新北市樹林區太順街49巷2號","number":"F001529","phone":"02-27478711#3961","type":"連鎖型綠色商店","city":"新北市"}},{"type":"Feature","geometry":{"type":"Point","coordinates":[121.464194041427,25.005357994235]},"properties":{"name":"7-11心心門市","address":"220新北市板橋區實踐路105.107號","number":"F001615","phone":"02-27478711#3961","type":"連鎖型綠色商店","city":"新北市"}},{"type":"Feature","geometry":{"type":"Point","coordinates":[121.459139837632,24.981099802526]},"properties":{"name":"7-11文青門市","address":"236新北市土城區青雲路243.245號","number":"F001331","phone":"02-27478711#3961","type":"連鎖型綠色商店","city":"新北市"}},{"type":"Feature","geometry":{"type":"Point","coordinates":[121.47690201247,25.030697996277]},"properties":{"name":"7-11文聖門市","address":"220新北市板橋區文聖街64號","number":"F001446","phone":"02-27478711#3961","type":"連鎖型綠色商店","city":"新北市"}},{"type":"Feature","geometry":{"type":"Point","coordinates":[121.474324996338,25.091460004957]},"properties":{"name":"7-11文豪門市","address":"247新北市蘆洲區民族路321號","number":"F001224","phone":"02-27478711#3961","type":"連鎖型綠色商店","city":"新北市"}},{"type":"Feature","geometry":{"type":"Point","coordinates":[121.499937996967,25.062276020209]},"properties":{"name":"7-11文興門市","address":"241新北市三重區文化南路7號","number":"F000988","phone":"02-27478711#3961","type":"連鎖型綠色商店","city":"新北市"}},{"type":"Feature","geometry":{"type":"Point","coordinates":[121.424187971942,25.063695998426]},"properties":{"name":"7-11日勝門市","address":"243新北市泰山區山腳村泰林路2段515.517號.","number":"F001077","phone":"02-27478711#3961","type":"連鎖型綠色商店","city":"新北市"}},{"type":"Feature","geometry":{"type":"Point","coordinates":[121.488529975288,25.063210979599]},"properties":{"name":"7-11日揚門市","address":"241新北市三重區中正北路18-1號","number":"F001564","phone":"02-27478711#3961","type":"連鎖型綠色商店","city":"新北市"}},{"type":"Feature","geometry":{"type":"Point","coordinates":[121.510818964574,25.002052003984]},"properties":{"name":"7-11日福門市","address":"235新北市中和區中和路380號","number":"F001591","phone":"02-27478711#3961","type":"連鎖型綠色商店","city":"新北市"}},{"type":"Feature","geometry":{"type":"Point","coordinates":[121.503902972445,25.00482000178]},"properties":{"name":"7-11水源門市","address":"234新北市中和區中山路2段62號","number":"F001038","phone":"02-27478711#3961","type":"連鎖型綠色商店","city":"新北市"}},{"type":"Feature","geometry":{"type":"Point","coordinates":[121.433719034043,25.072482998982]},"properties":{"name":"7-11水碓門市","address":"248新北市五股區水碓路14號","number":"F001080","phone":"02-27478711#3961","type":"連鎖型綠色商店","city":"新北市"}},{"type":"Feature","geometry":{"type":"Point","coordinates":[121.446085023436,25.177586993751]},"properties":{"name":"7-11水鑫門市","address":"251新北市淡水區大忠街83號","number":"F001427","phone":"02-27478711#3961","type":"連鎖型綠色商店","city":"新北市"}},{"type":"Feature","geometry":{"type":"Point","coordinates":[121.444734077937,25.045358229268]},"properties":{"name":"7-11加州門市","address":"242新北市新莊區中平路81巷2號","number":"F001448","phone":"02-27478711#3961","type":"連鎖型綠色商店","city":"新北市"}},{"type":"Feature","geometry":{"type":"Point","coordinates":[121.554622036197,24.953336005543]},"properties":{"name":"7-11北宜門市","address":"231新北市新店區北宜路二段82號之2.","number":"F000574","phone":"02-27478711#3961","type":"連鎖型綠色商店","city":"新北市"}},{"type":"Feature","geometry":{"type":"Point","coordinates":[121.639581006784,25.21937601977]},"properties":{"name":"7-11北海門市","address":"208新北市金山鄉中山路105號","number":"F001542","phone":"02-27478711#3961","type":"連鎖型綠色商店","city":"新北市"}},{"type":"Feature","geometry":{"type":"Point","coordinates":[121.616706596044,25.00312019257]},"properties":{"name":"7-11北深門市","address":"222新北市深坑區北深路二段183號","number":"F001318","phone":"02-27478711#3961","type":"連鎖型綠色商店","city":"新北市"}},{"type":"Feature","geometry":{"type":"Point","coordinates":[121.541024996685,24.96713001978]},"properties":{"name":"7-11北新門市","address":"231新北市新店區北新路1段289.291號","number":"F001553","phone":"02-27478711#3961","type":"連鎖型綠色商店","city":"新北市"}},{"type":"Feature","geometry":{"type":"Point","coordinates":[121.521870839187,25.007967909336]},"properties":{"name":"7-11北福門市","address":"234新北市永和區福和路128號","number":"F001411","phone":"02-27478711#3961","type":"連鎖型綠色商店","city":"新北市"}},{"type":"Feature","geometry":{"type":"Point","coordinates":[121.372843787477,24.946081785044]},"properties":{"name":"7-11北學一門市","address":"237新北市三峽區大學路151號B1(商學大樓B1)","number":"F001151","phone":"02-27478711#3961","type":"連鎖型綠色商店","city":"新北市"}},{"type":"Feature","geometry":{"type":"Point","coordinates":[121.373161040886,24.945132008263]},"properties":{"name":"7-11北學二門市","address":"237新北市三峽區大學路151號1樓","number":"F001466","phone":"02-27478711#3961","type":"連鎖型綠色商店","city":"新北市"}},{"type":"Feature","geometry":{"type":"Point","coordinates":[121.447569123212,25.005889197349]},"properties":{"name":"7-11台藝大門市","address":"220新北市板橋區大觀路一段59號","number":"F001482","phone":"02-27478711#3961","type":"連鎖型綠色商店","city":"新北市"}},{"type":"Feature","geometry":{"type":"Point","coordinates":[121.491278988072,25.003478100991]},"properties":{"name":"7-11巨門門市","address":"235新北市中和區中山路二段380號之1","number":"F001261","phone":"02-27478711#3961","type":"連鎖型綠色商店","city":"新北市"}},{"type":"Feature","geometry":{"type":"Point","coordinates":[121.451059012418,25.177801989567]},"properties":{"name":"7-11巧立門市","address":"251新北市淡水區北新路184巷57.59號1樓","number":"F001043","phone":"02-27478711#3961","type":"連鎖型綠色商店","city":"新北市"}},{"type":"Feature","geometry":{"type":"Point","coordinates":[121.430137027721,25.158946018274]},"properties":{"name":"7-11左岸門市","address":"249新北市八里區龍米路2段246號","number":"F001528","phone":"02-27478711#3961","type":"連鎖型綠色商店","city":"新北市"}},{"type":"Feature","geometry":{"type":"Point","coordinates":[121.497456031617,25.064165007819]},"properties":{"name":"7-11平安門市","address":"241新北市三重區正義北路51號.","number":"F001531","phone":"02-27478711#3961","type":"連鎖型綠色商店","city":"新北市"}},{"type":"Feature","geometry":{"type":"Point","coordinates":[121.617862992742,25.002031007317]},"properties":{"name":"7-11平埔門市","address":"222新北市深坑區文化街82號","number":"F001141","phone":"02-27478711#3961","type":"連鎖型綠色商店","city":"新北市"}},{"type":"Feature","geometry":{"type":"Point","coordinates":[121.420748625612,25.022986519627]},"properties":{"name":"7-11弘安門市","address":"242新北市新莊區萬安街82.84號","number":"F001078","phone":"02-27478711#3961","type":"連鎖型綠色商店","city":"新北市"}},{"type":"Feature","geometry":{"type":"Point","coordinates":[121.439739000723,25.083257013505]},"properties":{"name":"7-11弘龍門市","address":"248新北市五股區工商路16號","number":"F001210","phone":"02-27478711#3961","type":"連鎖型綠色商店","city":"新北市"}},{"type":"Feature","geometry":{"type":"Point","coordinates":[121.374585964426,25.077194005753]},"properties":{"name":"7-11未來門市","address":"244新北市林口區文化二路一段553號","number":"F001244","phone":"02-27478711#3961","type":"連鎖型綠色商店","city":"新北市"}},{"type":"Feature","geometry":{"type":"Point","coordinates":[121.47576098399,25.070522388011]},"properties":{"name":"7-11正大門市","address":"241新北市三重區中正北路235號","number":"F001464","phone":"02-27478711#3961","type":"連鎖型綠色商店","city":"新北市"}},{"type":"Feature","geometry":{"type":"Point","coordinates":[121.533980007066,24.982920980539]},"properties":{"name":"7-11正民門市","address":"231新北市新店區中正路506號","number":"F001619","phone":"02-27478711#3961","type":"連鎖型綠色商店","city":"新北市"}},{"type":"Feature","geometry":{"type":"Point","coordinates":[121.482291995307,25.067913017733]},"properties":{"name":"7-11正孝門市","address":"241新北市三重區忠孝路2段160號","number":"F000936","phone":"02-27478711#3961","type":"連鎖型綠色商店","city":"新北市"}},{"type":"Feature","geometry":{"type":"Point","coordinates":[121.498233034042,25.060176982107]},"properties":{"name":"7-11正南門市","address":"241新北市三重區正義南路67.69號","number":"F001371","phone":"02-27478711#3961","type":"連鎖型綠色商店","city":"新北市"}},{"type":"Feature","geometry":{"type":"Point","coordinates":[121.478777966219,25.013473017613]},"properties":{"name":"7-11正泰門市","address":"220新北市板橋區三民路二段202-18號","number":"F001350","phone":"02-27478711#3961","type":"連鎖型綠色商店","city":"新北市"}},{"type":"Feature","geometry":{"type":"Point","coordinates":[121.455311990089,25.019937015614]},"properties":{"name":"7-11正華門市","address":"220新北市板橋區中正路274.276號","number":"F001665","phone":"02-27478711#3961","type":"連鎖型綠色商店","city":"新北市"}},{"type":"Feature","geometry":{"type":"Point","coordinates":[121.493149996499,25.071467992417]},"properties":{"name":"7-11正陽門市","address":"241新北市三重區正義北路386.388號","number":"F000506","phone":"02-27478711#3961","type":"連鎖型綠色商店","city":"新北市"}},{"type":"Feature","geometry":{"type":"Point","coordinates":[121.475440962927,25.012864994357]},"properties":{"name":"7-11正隆門市","address":"220新北市板橋區民生路一段53號","number":"F001176","phone":"02-27478711#3961","type":"連鎖型綠色商店","city":"新北市"}},{"type":"Feature","geometry":{"type":"Point","coordinates":[121.494527981381,25.070674016639]},"properties":{"name":"7-11正龍門市","address":"241新北市三重區正義北路332號","number":"F001363","phone":"02-27478711#3961","type":"連鎖型綠色商店","city":"新北市"}},{"type":"Feature","geometry":{"type":"Point","coordinates":[121.471998012379,25.092991001482]},"properties":{"name":"7-11民仁門市","address":"247新北市蘆洲區仁愛街41號","number":"F001557","phone":"02-27478711#3961","type":"連鎖型綠色商店","city":"新北市"}},{"type":"Feature","geometry":{"type":"Point","coordinates":[121.414613994497,24.960690999851]},"properties":{"name":"7-11民生廠門市","address":"236新北市土城區民生街4號B1","number":"F001119","phone":"02-27478711#3961","type":"連鎖型綠色商店","city":"新北市"}},{"type":"Feature","geometry":{"type":"Point","coordinates":[121.515165987199,24.996542998122]},"properties":{"name":"7-11民光門市","address":"234新北市永和區中正路166號","number":"F000998","phone":"02-27478711#3961","type":"連鎖型綠色商店","city":"新北市"}},{"type":"Feature","geometry":{"type":"Point","coordinates":[121.473777238966,25.003048989458]},"properties":{"name":"7-11民自門市","address":"235新北市中和區冠穗里民享街38.38之1號","number":"F001274","phone":"02-27478711#3961","type":"連鎖型綠色商店","city":"新北市"}},{"type":"Feature","geometry":{"type":"Point","coordinates":[121.470694039702,25.006570981353]},"properties":{"name":"7-11民族門市","address":"220新北市板橋區福祿里民族路310號","number":"F001653","phone":"02-27478711#3961","type":"連鎖型綠色商店","city":"新北市"}},{"type":"Feature","geometry":{"type":"Point","coordinates":[121.468983041807,25.002024008428]},"properties":{"name":"7-11民德門市","address":"235新北市中和區民德路47.47-1號","number":"F001184","phone":"02-27478711#3961","type":"連鎖型綠色商店","city":"新北市"}},{"type":"Feature","geometry":{"type":"Point","coordinates":[121.512981998507,25.01080698567]},"properties":{"name":"7-11永中門市","address":"234新北市永和區中山路一段58號","number":"F001320","phone":"02-27478711#3961","type":"連鎖型綠色商店","city":"新北市"}},{"type":"Feature","geometry":{"type":"Point","coordinates":[121.510018995735,25.009386001625]},"properties":{"name":"7-11永平門市","address":"234新北市永和區中山路一段149-153號","number":"F000511","phone":"02-27478711#3961","type":"連鎖型綠色商店","city":"新北市"}},{"type":"Feature","geometry":{"type":"Point","coordinates":[121.520194458552,25.010583398403]},"properties":{"name":"7-11永竹門市","address":"234新北市永和區竹林路146號","number":"F001403","phone":"02-27478711#3961","type":"連鎖型綠色商店","city":"新北市"}},{"type":"Feature","geometry":{"type":"Point","coordinates":[121.522320025378,25.001692001243]},"properties":{"name":"7-11永利門市","address":"234新北市永和區永元里永元路93號","number":"F001231","phone":"02-27478711#3961","type":"連鎖型綠色商店","city":"新北市"}},{"type":"Feature","geometry":{"type":"Point","coordinates":[121.51539699245,25.014899994719]},"properties":{"name":"7-11永和門市","address":"234新北市永和區文化路7號","number":"F001060","phone":"02-27478711#3961","type":"連鎖型綠色商店","city":"新北市"}},{"type":"Feature","geometry":{"type":"Point","coordinates":[121.502735038056,24.99558398267]},"properties":{"name":"7-11永振門市","address":"235新北市中和區南華路16號","number":"F001157","phone":"02-27478711#3961","type":"連鎖型綠色商店","city":"新北市"}},{"type":"Feature","geometry":{"type":"Point","coordinates":[121.519462969862,25.012079987215]},"properties":{"name":"7-11永興門市","address":"234新北市永和區竹林路98號","number":"F001165","phone":"02-27478711#3961","type":"連鎖型綠色商店","city":"新北市"}},{"type":"Feature","geometry":{"type":"Point","coordinates":[121.520007039197,24.998409019317]},"properties":{"name":"7-11永權門市","address":"234新北市永和區民權路52.54號","number":"F001470","phone":"02-27478711#3961","type":"連鎖型綠色商店","city":"新北市"}},{"type":"Feature","geometry":{"type":"Point","coordinates":[121.619242989281,25.047962998528]},"properties":{"name":"7-11白雲門市","address":"221新北市汐止區民權街二段79號之1","number":"F001298","phone":"02-27478711#3961","type":"連鎖型綠色商店","city":"新北市"}},{"type":"Feature","geometry":{"type":"Point","coordinates":[121.442998974325,25.170679006339]},"properties":{"name":"7-11石門門市","address":"251新北市石門區中山路78號","number":"F000975","phone":"02-27478711#3961","type":"連鎖型綠色商店","city":"新北市"}},{"type":"Feature","geometry":{"type":"Point","coordinates":[121.461768570105,25.135928306326]},"properties":{"name":"7-11立竹門市","address":"251新北市淡水區民族路56號","number":"F001055","phone":"02-27478711#3961","type":"連鎖型綠色商店","city":"新北市"}},{"type":"Feature","geometry":{"type":"Point","coordinates":[121.482620985006,25.076436994167]},"properties":{"name":"7-11立行門市","address":"241新北市三重區力行路2段160號","number":"F001017","phone":"02-27478711#3961","type":"連鎖型綠色商店","city":"新北市"}},{"type":"Feature","geometry":{"type":"Point","coordinates":[121.484200219384,25.006345508157]},"properties":{"name":"7-11立言門市","address":"235新北市中和區中正路872號","number":"F001198","phone":"02-27478711#3961","type":"連鎖型綠色商店","city":"新北市"}},{"type":"Feature","geometry":{"type":"Point","coordinates":[121.443004003467,25.178138020066]},"properties":{"name":"7-11立征門市","address":"251新北市淡水區中山北路1段149巷26.28號","number":"F001136","phone":"02-27478711#3961","type":"連鎖型綠色商店","city":"新北市"}},{"type":"Feature","geometry":{"type":"Point","coordinates":[121.464073006745,24.986745014315]},"properties":{"name":"7-11立金門市","address":"236新北市土城區立德路70.72號","number":"F000970","phone":"02-27478711#3961","type":"連鎖型綠色商店","city":"新北市"}},{"type":"Feature","geometry":{"type":"Point","coordinates":[121.486061588622,25.008519103289]},"properties":{"name":"7-11立德門市","address":"235新北市中和區立德街103號","number":"F001321","phone":"02-27478711#3961","type":"連鎖型綠色商店","city":"新北市"}},{"type":"Feature","geometry":{"type":"Point","coordinates":[121.477801725957,25.017920790714]},"properties":{"name":"7-11光仁門市","address":"220新北市板橋區中山路二段273號","number":"F001356","phone":"02-27478711#3961","type":"連鎖型綠色商店","city":"新北市"}},{"type":"Feature","geometry":{"type":"Point","coordinates":[121.442110073493,24.974558313831]},"properties":{"name":"7-11光員門市","address":"236新北市土城區光明街15號","number":"F001498","phone":"02-27478711#3961","type":"連鎖型綠色商店","city":"新北市"}},{"type":"Feature","geometry":{"type":"Point","coordinates":[121.428230312387,25.01039149473]},"properties":{"name":"7-11光華門市","address":"242新北市新莊區民安西路390號","number":"F001179","phone":"02-27478711#3961","type":"連鎖型綠色商店","city":"新北市"}},{"type":"Feature","geometry":{"type":"Point","coordinates":[121.483681463396,24.995518603826]},"properties":{"name":"7-11全茂門市","address":"235新北市中和區連城路469巷9.11號","number":"F001456","phone":"02-27478711#3961","type":"連鎖型綠色商店","city":"新北市"}},{"type":"Feature","geometry":{"type":"Point","coordinates":[121.510846708673,24.959911482856]},"properties":{"name":"7-11全新門市","address":"231新北市新店區安康路2段196-1號","number":"F000949","phone":"02-27478711#3961","type":"連鎖型綠色商店","city":"新北市"}},{"type":"Feature","geometry":{"type":"Point","coordinates":[121.462570969696,25.128130998988]},"properties":{"name":"7-11吉發門市","address":"251新北市淡水區自強路275號","number":"F001572","phone":"02-27478711#3961","type":"連鎖型綠色商店","city":"新北市"}},{"type":"Feature","geometry":{"type":"Point","coordinates":[121.536623994604,24.983152991619]},"properties":{"name":"7-11同仁門市","address":"231新北市新店區民權路96號","number":"F001626","phone":"02-27478711#3961","type":"連鎖型綠色商店","city":"新北市"}},{"type":"Feature","geometry":{"type":"Point","coordinates":[121.642037994062,25.065045987752]},"properties":{"name":"7-11名帥門市","address":"221新北市汐止區樟樹一路131號1樓","number":"F001399","phone":"02-27478711#3961","type":"連鎖型綠色商店","city":"新北市"}},{"type":"Feature","geometry":{"type":"Point","coordinates":[121.479512975309,25.074694019311]},"properties":{"name":"7-11合康門市","address":"241新北市三重區永福街199及201-2號","number":"F001315","phone":"02-27478711#3961","type":"連鎖型綠色商店","city":"新北市"}},{"type":"Feature","geometry":{"type":"Point","coordinates":[121.404908002077,25.016306980986]},"properties":{"name":"7-11合喬門市","address":"238新北市樹林區三福街68號","number":"F001309","phone":"02-27478711#3961","type":"連鎖型綠色商店","city":"新北市"}},{"type":"Feature","geometry":{"type":"Point","coordinates":[121.425152980455,25.026169002534]},"properties":{"name":"7-11后福門市","address":"242新北市新莊區後港一路29號","number":"F001565","phone":"02-27478711#3961","type":"連鎖型綠色商店","city":"新北市"}},{"type":"Feature","geometry":{"type":"Point","coordinates":[121.431279984038,24.991260010279]},"properties":{"name":"7-11存德門市","address":"220新北市板橋區篤行路二段104.106號","number":"F001204","phone":"02-27478711#3961","type":"連鎖型綠色商店","city":"新北市"}},{"type":"Feature","geometry":{"type":"Point","coordinates":[121.521247225591,25.003608481495]},"properties":{"name":"7-11宇陽門市","address":"234新北市永和區永利路77號","number":"F001404","phone":"02-27478711#3961","type":"連鎖型綠色商店","city":"新北市"}},{"type":"Feature","geometry":{"type":"Point","coordinates":[121.5315433,24.9585927]},"properties":{"name":"7-11安民門市","address":"231新北市新店區安民路133巷9.11號","number":"F001245","phone":"02-27478711#3961","type":"連鎖型綠色商店","city":"新北市"}},{"type":"Feature","geometry":{"type":"Point","coordinates":[121.509834929141,24.96107111916]},"properties":{"name":"7-11安成門市","address":"231新北市新店區安成街35.29號","number":"F000976","phone":"02-27478711#3961","type":"連鎖型綠色商店","city":"新北市"}},{"type":"Feature","geometry":{"type":"Point","coordinates":[121.475463929342,24.956840814537]},"properties":{"name":"7-11安佳門市","address":"231新北市新店區安祥路111號","number":"F001669","phone":"02-27478711#3961","type":"連鎖型綠色商店","city":"新北市"}},{"type":"Feature","geometry":{"type":"Point","coordinates":[121.514430978109,24.962027997226]},"properties":{"name":"7-11安忠門市","address":"231新北市新店區安忠路20號","number":"F001562","phone":"02-27478711#3961","type":"連鎖型綠色商店","city":"新北市"}},{"type":"Feature","geometry":{"type":"Point","coordinates":[121.364925234283,25.067413707761]},"properties":{"name":"7-11安林門市","address":"244新北市林口區文化二路一段24.26號","number":"F001567","phone":"02-27478711#3961","type":"連鎖型綠色商店","city":"新北市"}},{"type":"Feature","geometry":{"type":"Point","coordinates":[121.523654508183,24.963446005696]},"properties":{"name":"7-11安城門市","address":"231新北市新店區安康路一段283號","number":"F001215","phone":"02-27478711#3961","type":"連鎖型綠色商店","city":"新北市"}},{"type":"Feature","geometry":{"type":"Point","coordinates":[121.4524629812,25.043861984761]},"properties":{"name":"7-11安復門市","address":"242新北市新莊區復興路1段213號","number":"F000957","phone":"02-27478711#3961","type":"連鎖型綠色商店","city":"新北市"}},{"type":"Feature","geometry":{"type":"Point","coordinates":[121.511728903983,25.001401191112]},"properties":{"name":"7-11安斌門市","address":"235新北市中和區中安街96號","number":"F001510","phone":"02-27478711#3961","type":"連鎖型綠色商店","city":"新北市"}},{"type":"Feature","geometry":{"type":"Point","coordinates":[121.519197012074,25.007410009861]},"properties":{"name":"7-11安福門市","address":"234新北市永和區福和路213號","number":"F001142","phone":"02-27478711#3961","type":"連鎖型綠色商店","city":"新北市"}},{"type":"Feature","geometry":{"type":"Point","coordinates":[121.338309338939,24.973709688044]},"properties":{"name":"7-11尖山門市","address":"239新北市鶯歌區國際二路6巷1號","number":"F001521","phone":"02-27478711#3961","type":"連鎖型綠色商店","city":"新北市"}},{"type":"Feature","geometry":{"type":"Point","coordinates":[121.433242019933,24.993499990084]},"properties":{"name":"7-11成合門市","address":"220新北市板橋區金門街40號","number":"F001229","phone":"02-27478711#3961","type":"連鎖型綠色商店","city":"新北市"}},{"type":"Feature","geometry":{"type":"Point","coordinates":[121.449333709943,25.103984585327]},"properties":{"name":"7-11成洲門市","address":"248新北市五股區成泰路三段577巷92、94號","number":"F001306","phone":"02-27478711#3961","type":"連鎖型綠色商店","city":"新北市"}},{"type":"Feature","geometry":{"type":"Point","coordinates":[121.437249994575,25.082165102978]},"properties":{"name":"7-11成泰門市","address":"248新北市五股區成泰路二段45.47號","number":"F000566","phone":"02-27478711#3961","type":"連鎖型綠色商店","city":"新北市"}},{"type":"Feature","geometry":{"type":"Point","coordinates":[121.679385994412,25.070963988579]},"properties":{"name":"7-11旭昇門市","address":"221新北市汐止區大同路三段332號","number":"F001475","phone":"02-27478711#3961","type":"連鎖型綠色商店","city":"新北市"}},{"type":"Feature","geometry":{"type":"Point","coordinates":[121.516673747991,24.996464820314]},"properties":{"name":"7-11有民門市","address":"234新北市永和區民有街26、28號","number":"F001090","phone":"02-27478711#3961","type":"連鎖型綠色商店","city":"新北市"}},{"type":"Feature","geometry":{"type":"Point","coordinates":[121.479222961459,25.08826800859]},"properties":{"name":"7-11池田門市","address":"247新北市蘆洲區民族路165號","number":"F001222","phone":"02-27478711#3961","type":"連鎖型綠色商店","city":"新北市"}},{"type":"Feature","geometry":{"type":"Point","coordinates":[121.662363019615,25.069092016234]},"properties":{"name":"7-11汐止站門市","address":"221新北市汐止區信義路1號","number":"F001462","phone":"02-27478711#3961","type":"連鎖型綠色商店","city":"新北市"}},{"type":"Feature","geometry":{"type":"Point","coordinates":[121.663760031417,25.068183711296]},"properties":{"name":"7-11汐忠門市","address":"221新北市汐止區忠孝東路282號","number":"F000579","phone":"02-27478711#3961","type":"連鎖型綠色商店","city":"新北市"}},{"type":"Feature","geometry":{"type":"Point","coordinates":[121.632218594492,25.064752998326]},"properties":{"name":"7-11汐旺門市","address":"221新北市汐止區中興里6鄰中興路105號","number":"F000940","phone":"02-27478711#3961","type":"連鎖型綠色商店","city":"新北市"}},{"type":"Feature","geometry":{"type":"Point","coordinates":[121.651761001745,25.072990020305]},"properties":{"name":"7-11汐政門市","address":"221新北市汐止區汐萬路一段222號","number":"F000948","phone":"02-27478711#3961","type":"連鎖型綠色商店","city":"新北市"}},{"type":"Feature","geometry":{"type":"Point","coordinates":[121.651097993204,25.064143005323]},"properties":{"name":"7-11汐科門市","address":"221新北市汐止區大同路二段167-1號1樓","number":"F001460","phone":"02-27478711#3961","type":"連鎖型綠色商店","city":"新北市"}},{"type":"Feature","geometry":{"type":"Point","coordinates":[121.63390419522,25.064766283643]},"properties":{"name":"7-11汐福門市","address":"221新北市汐止區福德一路243號","number":"F000984","phone":"02-27478711#3961","type":"連鎖型綠色商店","city":"新北市"}},{"type":"Feature","geometry":{"type":"Point","coordinates":[121.496295976218,25.082179980856]},"properties":{"name":"7-11百利門市","address":"241新北市三重區仁義街208號","number":"F001366","phone":"02-27478711#3961","type":"連鎖型綠色商店","city":"新北市"}},{"type":"Feature","geometry":{"type":"Point","coordinates":[121.537461011455,24.974668996862]},"properties":{"name":"7-11百和門市","address":"231新北市新店區中正路306.308號","number":"F001509","phone":"02-27478711#3961","type":"連鎖型綠色商店","city":"新北市"}},{"type":"Feature","geometry":{"type":"Point","coordinates":[121.494450029682,25.08506499002]},"properties":{"name":"7-11百義門市","address":"241新北市三重區仁義街232號","number":"F001545","phone":"02-27478711#3961","type":"連鎖型綠色商店","city":"新北市"}},{"type":"Feature","geometry":{"type":"Point","coordinates":[121.4648439742,25.018737900545]},"properties":{"name":"7-11百壽門市","address":"220新北市板橋區公館里2鄰文化路一段287號1樓","number":"F001419","phone":"02-27478711#3961","type":"連鎖型綠色商店","city":"新北市"}},{"type":"Feature","geometry":{"type":"Point","coordinates":[121.53585998413,24.971431989675]},"properties":{"name":"7-11百福門市","address":"231新北市新店區三民路77號","number":"F001296","phone":"02-27478711#3961","type":"連鎖型綠色商店","city":"新北市"}},{"type":"Feature","geometry":{"type":"Point","coordinates":[121.526187016408,24.963108005451]},"properties":{"name":"7-11百豐門市","address":"231新北市新店區安康路一段160號","number":"F001018","phone":"02-27478711#3961","type":"連鎖型綠色商店","city":"新北市"}},{"type":"Feature","geometry":{"type":"Point","coordinates":[121.520766439624,25.008885015272]},"properties":{"name":"7-11竹林門市","address":"234新北市永和區竹林路211號","number":"F001502","phone":"02-27478711#3961","type":"連鎖型綠色商店","city":"新北市"}},{"type":"Feature","geometry":{"type":"Point","coordinates":[121.460530982102,25.13672098291]},"properties":{"name":"7-11竹捷門市","address":"251新北市淡水區竹圍里民族路10號","number":"F001217","phone":"02-27478711#3961","type":"連鎖型綠色商店","city":"新北市"}},{"type":"Feature","geometry":{"type":"Point","coordinates":[121.460224958817,25.137495009758]},"properties":{"name":"7-11竹圍門市","address":"251新北市淡水區民權路109.111號","number":"F001333","phone":"02-27478711#3961","type":"連鎖型綠色商店","city":"新北市"}},{"type":"Feature","geometry":{"type":"Point","coordinates":[121.443451429458,25.16863771955]},"properties":{"name":"7-11老街門市","address":"251新北市淡水區公明街54號","number":"F001512","phone":"02-27478711#3961","type":"連鎖型綠色商店","city":"新北市"}},{"type":"Feature","geometry":{"type":"Point","coordinates":[121.670198171246,25.069048597975]},"properties":{"name":"7-11艾科卡門市","address":"221新北市汐止區茄苳路196號","number":"F001365","phone":"02-27478711#3961","type":"連鎖型綠色商店","city":"新北市"}},{"type":"Feature","geometry":{"type":"Point","coordinates":[121.485594968072,24.997868009376]},"properties":{"name":"7-11艾德蒙門市","address":"235新北市中和區中正路736號","number":"F001068","phone":"02-27478711#3961","type":"連鎖型綠色商店","city":"新北市"}},{"type":"Feature","geometry":{"type":"Point","coordinates":[121.42678342826,25.018126398799]},"properties":{"name":"7-11西盛門市","address":"242新北市新莊區民安西路113號之1","number":"F000992","phone":"02-27478711#3961","type":"連鎖型綠色商店","city":"新北市"}},{"type":"Feature","geometry":{"type":"Point","coordinates":[121.384797143764,25.079908065568]},"properties":{"name":"7-11西堤門市","address":"243新北市泰山區中山路二段476號","number":"F001636","phone":"02-27478711#3961","type":"連鎖型綠色商店","city":"新北市"}},{"type":"Feature","geometry":{"type":"Point","coordinates":[121.40493197432,25.151036980167]},"properties":{"name":"7-11西雅圖門市","address":"249新北市八里區中山路2段276號","number":"F001337","phone":"02-27478711#3961","type":"連鎖型綠色商店","city":"新北市"}},{"type":"Feature","geometry":{"type":"Point","coordinates":[121.464705002245,24.993763014206]},"properties":{"name":"7-11佑容門市","address":"220新北市板橋區五權里五權街49.51號.","number":"F001238","phone":"02-27478711#3961","type":"連鎖型綠色商店","city":"新北市"}},{"type":"Feature","geometry":{"type":"Point","coordinates":[121.635062406601,25.071528216392]},"properties":{"name":"7-11伯爵門市","address":"221新北市汐止區明峰街12號","number":"F001379","phone":"02-27478711#3961","type":"連鎖型綠色商店","city":"新北市"}},{"type":"Feature","geometry":{"type":"Point","coordinates":[121.44959150881,25.097338107926]},"properties":{"name":"7-11利客來門市","address":"248新北市五股區成泰路3段419號","number":"F001150","phone":"02-27478711#3961","type":"連鎖型綠色商店","city":"新北市"}},{"type":"Feature","geometry":{"type":"Point","coordinates":[121.441835314707,25.180155292703]},"properties":{"name":"7-11利璋門市","address":"251新北市淡水區新興街64號","number":"F001288","phone":"02-27478711#3961","type":"連鎖型綠色商店","city":"新北市"}},{"type":"Feature","geometry":{"type":"Point","coordinates":[121.511172010336,24.983690020155]},"properties":{"name":"7-11孝忠門市","address":"235新北市中和區忠孝街37巷2號","number":"F001473","phone":"02-27478711#3961","type":"連鎖型綠色商店","city":"新北市"}},{"type":"Feature","geometry":{"type":"Point","coordinates":[121.447438030246,25.047073008049]},"properties":{"name":"7-11宏全門市","address":"242新北市新莊區中和街61號","number":"F001094","phone":"02-27478711#3961","type":"連鎖型綠色商店","city":"新北市"}},{"type":"Feature","geometry":{"type":"Point","coordinates":[121.513311994035,25.007348989606]},"properties":{"name":"7-11宏圖門市","address":"234新北市永和區永和路一段85號","number":"F001535","phone":"02-27478711#3961","type":"連鎖型綠色商店","city":"新北市"}},{"type":"Feature","geometry":{"type":"Point","coordinates":[121.44346601397,25.035476016363]},"properties":{"name":"7-11宏福門市","address":"242新北市新莊區公園一路38號","number":"F001200","phone":"02-27478711#3961","type":"連鎖型綠色商店","city":"新北市"}},{"type":"Feature","geometry":{"type":"Point","coordinates":[121.42728298969,25.020451999745]},"properties":{"name":"7-11宏懋門市","address":"242新北市新莊區民安里18鄰民安西路58號1樓","number":"F000536","phone":"02-27478711#3961","type":"連鎖型綠色商店","city":"新北市"}},{"type":"Feature","geometry":{"type":"Point","coordinates":[121.501454031794,24.99530700268]},"properties":{"name":"7-11宏禧門市","address":"235新北市中和區景平路429號1樓","number":"F001035","phone":"02-27478711#3961","type":"連鎖型綠色商店","city":"新北市"}},{"type":"Feature","geometry":{"type":"Point","coordinates":[121.484599030337,25.002350986471]},"properties":{"name":"7-11宏鑫門市","address":"235新北市中和區中正路837號","number":"F001276","phone":"02-27478711#3961","type":"連鎖型綠色商店","city":"新北市"}},{"type":"Feature","geometry":{"type":"Point","coordinates":[121.461257022555,24.983133000779]},"properties":{"name":"7-11廷寮門市","address":"236新北市土城區清水路237號","number":"F000933","phone":"02-27478711#3961","type":"連鎖型綠色商店","city":"新北市"}},{"type":"Feature","geometry":{"type":"Point","coordinates":[121.5220030218,24.993666999505]},"properties":{"name":"7-11志一門市","address":"235新北市中和區自立路16號","number":"F001552","phone":"02-27478711#3961","type":"連鎖型綠色商店","city":"新北市"}},{"type":"Feature","geometry":{"type":"Point","coordinates":[121.471654186711,24.990044299043]},"properties":{"name":"7-11志城門市","address":"236新北市土城區金城路三段249.251號","number":"F001541","phone":"02-27478711#3961","type":"連鎖型綠色商店","city":"新北市"}},{"type":"Feature","geometry":{"type":"Point","coordinates":[121.659680978237,25.064671987232]},"properties":{"name":"7-11秀峰門市","address":"221新北市汐止區秀峰路60號","number":"F001161","phone":"02-27478711#3961","type":"連鎖型綠色商店","city":"新北市"}},{"type":"Feature","geometry":{"type":"Point","coordinates":[121.524857981841,24.999408016447]},"properties":{"name":"7-11秀朗門市","address":"234新北市永和區得和路377號","number":"F001609","phone":"02-27478711#3961","type":"連鎖型綠色商店","city":"新北市"}},{"type":"Feature","geometry":{"type":"Point","coordinates":[121.4928304,25.003819]},"properties":{"name":"7-11秀景門市","address":"235新北市中和區成功南路115.117號","number":"F001338","phone":"02-27478711#3961","type":"連鎖型綠色商店","city":"新北市"}},{"type":"Feature","geometry":{"type":"Point","coordinates":[121.3866428,25.0821866]},"properties":{"name":"7-11貝比門市","address":"244新北市林口區湖南村8鄰頭湖70-9號","number":"F001277","phone":"02-27478711#3961","type":"連鎖型綠色商店","city":"新北市"}},{"type":"Feature","geometry":{"type":"Point","coordinates":[121.4901462,25.0678289]},"properties":{"name":"7-11車路頭門市","address":"241新北市三重區車頭街135號.","number":"F001014","phone":"02-27478711#3961","type":"連鎖型綠色商店","city":"新北市"}},{"type":"Feature","geometry":{"type":"Point","coordinates":[121.550692013256,24.86186601448]},"properties":{"name":"7-11那魯灣門市","address":"233新北市烏來區烏來村溫泉街80號","number":"F001135","phone":"02-27478711#3961","type":"連鎖型綠色商店","city":"新北市"}},{"type":"Feature","geometry":{"type":"Point","coordinates":[121.453770977191,24.995137981603]},"properties":{"name":"7-11亞苑門市","address":"220新北市板橋區四川路2段51號","number":"F000932","phone":"02-27478711#3961","type":"連鎖型綠色商店","city":"新北市"}},{"type":"Feature","geometry":{"type":"Point","coordinates":[121.452311771667,24.997313420753]},"properties":{"name":"7-11亞醫門市","address":"220新北市板橋區南雅南路二段21號(亞東醫院內)","number":"F001058","phone":"02-27478711#3961","type":"連鎖型綠色商店","city":"新北市"}},{"type":"Feature","geometry":{"type":"Point","coordinates":[121.418418037434,24.977908015707]},"properties":{"name":"7-11佳宏門市","address":"238新北市樹林區太平路150巷1號","number":"F001092","phone":"02-27478711#3961","type":"連鎖型綠色商店","city":"新北市"}},{"type":"Feature","geometry":{"type":"Point","coordinates":[121.382472329485,24.944349096596]},"properties":{"name":"7-11佳辰門市","address":"238新北市樹林區佳園路三段488號","number":"F001639","phone":"02-27478711#3961","type":"連鎖型綠色商店","city":"新北市"}},{"type":"Feature","geometry":{"type":"Point","coordinates":[121.387488982355,25.082496020516]},"properties":{"name":"7-11佳林門市","address":"244新北市林口區林口路197號","number":"F000939","phone":"02-27478711#3961","type":"連鎖型綠色商店","city":"新北市"}},{"type":"Feature","geometry":{"type":"Point","coordinates":[121.46874901907,25.001126013231]},"properties":{"name":"7-11佳客門市","address":"235新北市中和區民德路126.126之1號","number":"F001145","phone":"02-27478711#3961","type":"連鎖型綠色商店","city":"新北市"}},{"type":"Feature","geometry":{"type":"Point","coordinates":[121.387429973757,24.951317014616]},"properties":{"name":"7-11佳園門市","address":"238新北市樹林區佳園路三段103號","number":"F001631","phone":"02-27478711#3961","type":"連鎖型綠色商店","city":"新北市"}},{"type":"Feature","geometry":{"type":"Point","coordinates":[121.45899198086,24.983346990768]},"properties":{"name":"7-11佳福門市","address":"236新北市土城區青雲路152號","number":"F001432","phone":"02-27478711#3961","type":"連鎖型綠色商店","city":"新北市"}},{"type":"Feature","geometry":{"type":"Point","coordinates":[121.43508796647,25.074147980229]},"properties":{"name":"7-11來峰門市","address":"248新北市五股區成泰路一段157號","number":"F001345","phone":"02-27478711#3961","type":"連鎖型綠色商店","city":"新北市"}},{"type":"Feature","geometry":{"type":"Point","coordinates":[121.5515147,24.8614938]},"properties":{"name":"7-11來鑫門市","address":"233新北市烏來區忠治村堰堤.9.11號","number":"F001211","phone":"02-27478711#3961","type":"連鎖型綠色商店","city":"新北市"}},{"type":"Feature","geometry":{"type":"Point","coordinates":[121.44152686067,25.174417586613]},"properties":{"name":"7-11協元門市","address":"251新北市淡水區中山路188號","number":"F001467","phone":"02-27478711#3961","type":"連鎖型綠色商店","city":"新北市"}},{"type":"Feature","geometry":{"type":"Point","coordinates":[121.924527996185,25.055695010841]},"properties":{"name":"7-11和川門市","address":"228新北市貢寮區延平街63號","number":"F000571","phone":"02-27478711#3961","type":"連鎖型綠色商店","city":"新北市"}},{"type":"Feature","geometry":{"type":"Point","coordinates":[121.524913218582,25.001503115055]},"properties":{"name":"7-11和和門市","address":"234新北市永和區秀朗路2段128號","number":"F001442","phone":"02-27478711#3961","type":"連鎖型綠色商店","city":"新北市"}},{"type":"Feature","geometry":{"type":"Point","coordinates":[121.505686976717,24.989663006267]},"properties":{"name":"7-11和復門市","address":"235新北市中和區復興路19號","number":"F001561","phone":"02-27478711#3961","type":"連鎖型綠色商店","city":"新北市"}},{"type":"Feature","geometry":{"type":"Point","coordinates":[121.469674967914,25.082194020544]},"properties":{"name":"7-11和華門市","address":"247新北市蘆洲區正和街28號","number":"F001197","phone":"02-27478711#3961","type":"連鎖型綠色商店","city":"新北市"}},{"type":"Feature","geometry":{"type":"Point","coordinates":[121.491014951704,24.989846702408]},"properties":{"name":"7-11和錦門市","address":"235新北市中和區錦和路406、410號","number":"F001087","phone":"02-27478711#3961","type":"連鎖型綠色商店","city":"新北市"}},{"type":"Feature","geometry":{"type":"Point","coordinates":[121.493555732419,24.993744694091]},"properties":{"name":"7-11和醫門市","address":"235新北市中和區中正路291號B1","number":"F001402","phone":"02-27478711#3961","type":"連鎖型綠色商店","city":"新北市"}},{"type":"Feature","geometry":{"type":"Point","coordinates":[121.7132525,24.9382857]},"properties":{"name":"7-11坪林門市","address":"232新北市坪林區水柳腳路159號","number":"F001062","phone":"02-27478711#3961","type":"連鎖型綠色商店","city":"新北市"}},{"type":"Feature","geometry":{"type":"Point","coordinates":[121.457362035968,25.008698015012]},"properties":{"name":"7-11坤耀門市","address":"220新北市板橋區南門街39號1F","number":"F001401","phone":"02-27478711#3961","type":"連鎖型綠色商店","city":"新北市"}},{"type":"Feature","geometry":{"type":"Point","coordinates":[121.52389800247,25.004242991565]},"properties":{"name":"7-11孟揚門市","address":"234新北市永和區秀和里林森路62號","number":"F001546","phone":"02-27478711#3961","type":"連鎖型綠色商店","city":"新北市"}},{"type":"Feature","geometry":{"type":"Point","coordinates":[121.433876027089,25.056818018228]},"properties":{"name":"7-11季欣門市","address":"243新北市泰山區全興路109號","number":"F001024","phone":"02-27478711#3961","type":"連鎖型綠色商店","city":"新北市"}},{"type":"Feature","geometry":{"type":"Point","coordinates":[121.509451037976,24.998662110883]},"properties":{"name":"7-11宜安門市","address":"235新北市中和區宜安路148號","number":"F001479","phone":"02-27478711#3961","type":"連鎖型綠色商店","city":"新北市"}},{"type":"Feature","geometry":{"type":"Point","coordinates":[121.558232205714,24.954177800079]},"properties":{"name":"7-11宜峰門市","address":"231新北市新店區北宜路二段353號","number":"F001589","phone":"02-27478711#3961","type":"連鎖型綠色商店","city":"新北市"}},{"type":"Feature","geometry":{"type":"Point","coordinates":[121.44498095915,25.048233985458]},"properties":{"name":"7-11宜增門市","address":"242新北市新莊區立基里33鄰中平路192號","number":"F001104","phone":"02-27478711#3961","type":"連鎖型綠色商店","city":"新北市"}},{"type":"Feature","geometry":{"type":"Point","coordinates":[121.409806973026,24.930653988817]},"properties":{"name":"7-11岩昇門市","address":"237新北市三峽區溪東路300號","number":"F001220","phone":"02-27478711#3961","type":"連鎖型綠色商店","city":"新北市"}},{"type":"Feature","geometry":{"type":"Point","coordinates":[121.491415529275,25.075551488006]},"properties":{"name":"7-11幸亞門市","address":"241新北市三重區溪尾街29號","number":"F001285","phone":"02-27478711#3961","type":"連鎖型綠色商店","city":"新北市"}},{"type":"Feature","geometry":{"type":"Point","coordinates":[121.447195038873,25.049581711669]},"properties":{"name":"7-11幸和門市","address":"242新北市新莊區中和街153號","number":"F001100","phone":"02-27478711#3961","type":"連鎖型綠色商店","city":"新北市"}},{"type":"Feature","geometry":{"type":"Point","coordinates":[121.465809988541,25.010200010152]},"properties":{"name":"7-11幸運門市","address":"220新北市板橋區區運路21號","number":"F001452","phone":"02-27478711#3961","type":"連鎖型綠色商店","city":"新北市"}},{"type":"Feature","geometry":{"type":"Point","coordinates":[121.492048027689,25.067712019695]},"properties":{"name":"7-11幸福門市","address":"241新北市三重區自強路1段272號","number":"F001260","phone":"02-27478711#3961","type":"連鎖型綠色商店","city":"新北市"}},{"type":"Feature","geometry":{"type":"Point","coordinates":[121.45602696643,25.00946001383]},"properties":{"name":"7-11府中門市","address":"220新北市板橋區赤松里府中路127號","number":"F001039","phone":"02-27478711#3961","type":"連鎖型綠色商店","city":"新北市"}},{"type":"Feature","geometry":{"type":"Point","coordinates":[121.460866006771,25.007783004552]},"properties":{"name":"7-11府運門市","address":"220新北市板橋區重慶路18.20號1樓","number":"F001659","phone":"02-27478711#3961","type":"連鎖型綠色商店","city":"新北市"}},{"type":"Feature","geometry":{"type":"Point","coordinates":[121.46704103866,24.989696994885]},"properties":{"name":"7-11延和門市","address":"236新北市土城區平和里延和路106號","number":"F000517","phone":"02-27478711#3961","type":"連鎖型綠色商店","city":"新北市"}},{"type":"Feature","geometry":{"type":"Point","coordinates":[121.46758896367,24.990302000656]},"properties":{"name":"7-11延城門市","address":"236新北市土城區延和路103號","number":"F001580","phone":"02-27478711#3961","type":"連鎖型綠色商店","city":"新北市"}},{"type":"Feature","geometry":{"type":"Point","coordinates":[121.46815080264,24.991937016599]},"properties":{"name":"7-11延福門市","address":"236新北市土城區延平街36號","number":"F001544","phone":"02-27478711#3961","type":"連鎖型綠色商店","city":"新北市"}},{"type":"Feature","geometry":{"type":"Point","coordinates":[121.517971661649,25.012103414634]},"properties":{"name":"7-11忠信門市","address":"234新北市永和區中興街101號","number":"F001408","phone":"02-27478711#3961","type":"連鎖型綠色商店","city":"新北市"}},{"type":"Feature","geometry":{"type":"Point","coordinates":[121.37888026488,25.068321803151]},"properties":{"name":"7-11忠柯門市","address":"244新北市林口區忠孝路642號","number":"F001241","phone":"02-27478711#3961","type":"連鎖型綠色商店","city":"新北市"}},{"type":"Feature","geometry":{"type":"Point","coordinates":[121.443393007593,24.98541401]},"properties":{"name":"7-11忠華門市","address":"236新北市土城區中華路1段193號","number":"F001192","phone":"02-27478711#3961","type":"連鎖型綠色商店","city":"新北市"}},{"type":"Feature","geometry":{"type":"Point","coordinates":[121.435949039383,24.966392999034]},"properties":{"name":"7-11承天門市","address":"236新北市土城區承天路1號","number":"F001433","phone":"02-27478711#3961","type":"連鎖型綠色商店","city":"新北市"}},{"type":"Feature","geometry":{"type":"Point","coordinates":[121.454716958783,25.050986979646]},"properties":{"name":"7-11昌宏門市","address":"242新北市新莊區昌隆街31號","number":"F001233","phone":"02-27478711#3961","type":"連鎖型綠色商店","city":"新北市"}},{"type":"Feature","geometry":{"type":"Point","coordinates":[121.4738729603,25.01003999962]},"properties":{"name":"7-11昌林門市","address":"220新北市板橋區長安街138巷一弄50號","number":"F001079","phone":"02-27478711#3961","type":"連鎖型綠色商店","city":"新北市"}},{"type":"Feature","geometry":{"type":"Point","coordinates":[121.419381788661,24.987725110253]},"properties":{"name":"7-11昌聖門市","address":"238新北市樹林區文化街26號","number":"F001188","phone":"02-27478711#3961","type":"連鎖型綠色商店","city":"新北市"}},{"type":"Feature","geometry":{"type":"Point","coordinates":[121.422641007892,25.040580008664]},"properties":{"name":"7-11明志門市","address":"243新北市泰山區工專路72號","number":"F001486","phone":"02-27478711#3961","type":"連鎖型綠色商店","city":"新北市"}},{"type":"Feature","geometry":{"type":"Point","coordinates":[121.628028984008,25.06979701811]},"properties":{"name":"7-11明峰門市","address":"221新北市汐止區明峰街190號","number":"F000973","phone":"02-27478711#3961","type":"連鎖型綠色商店","city":"新北市"}},{"type":"Feature","geometry":{"type":"Point","coordinates":[121.480797166694,25.066317606283]},"properties":{"name":"7-11明益門市","address":"241新北市三重區忠孝路三段61號","number":"F000985","phone":"02-27478711#3961","type":"連鎖型綠色商店","city":"新北市"}},{"type":"Feature","geometry":{"type":"Point","coordinates":[121.425057762035,25.041900996604]},"properties":{"name":"7-11明貴門市","address":"243新北市泰山區明志路3段77號","number":"F001033","phone":"02-27478711#3961","type":"連鎖型綠色商店","city":"新北市"}},{"type":"Feature","geometry":{"type":"Point","coordinates":[121.462552026595,25.025201018446]},"properties":{"name":"7-11明陽門市","address":"220新北市板橋區新翠里陽明街251號","number":"F001201","phone":"02-27478711#3961","type":"連鎖型綠色商店","city":"新北市"}},{"type":"Feature","geometry":{"type":"Point","coordinates":[121.64987599554,25.08231300166]},"properties":{"name":"7-11明園門市","address":"221新北市汐止區汐萬路二段62巷1號1樓","number":"F001519","phone":"02-27478711#3961","type":"連鎖型綠色商店","city":"新北市"}},{"type":"Feature","geometry":{"type":"Point","coordinates":[121.516214982381,25.004319015427]},"properties":{"name":"7-11昇庚門市","address":"234新北市永和區永貞路182.184號","number":"F001107","phone":"02-27478711#3961","type":"連鎖型綠色商店","city":"新北市"}},{"type":"Feature","geometry":{"type":"Point","coordinates":[121.463687020104,24.997345020528]},"properties":{"name":"7-11昇容門市","address":"220新北市板橋區重慶路346巷8號","number":"F001218","phone":"02-27478711#3961","type":"連鎖型綠色商店","city":"新北市"}},{"type":"Feature","geometry":{"type":"Point","coordinates":[121.509165969449,25.000661991071]},"properties":{"name":"7-11昇陽門市","address":"234新北市永和區雙和里1鄰中和路417.419號","number":"F001577","phone":"02-27478711#3961","type":"連鎖型綠色商店","city":"新北市"}},{"type":"Feature","geometry":{"type":"Point","coordinates":[121.412382983329,25.006251002199]},"properties":{"name":"7-11東明門市","address":"238新北市樹林區保安街二段293-1號","number":"F001086","phone":"02-27478711#3961","type":"連鎖型綠色商店","city":"新北市"}},{"type":"Feature","geometry":{"type":"Point","coordinates":[121.662344663247,25.065798598838]},"properties":{"name":"7-11東晴門市","address":"221新北市汐止區新台五路2段80號","number":"F001323","phone":"02-27478711#3961","type":"連鎖型綠色商店","city":"新北市"}},{"type":"Feature","geometry":{"type":"Point","coordinates":[121.426033667021,25.021947918004]},"properties":{"name":"7-11林宏門市","address":"242新北市新莊區成功街1號","number":"F001520","phone":"02-27478711#3961","type":"連鎖型綠色商店","city":"新北市"}},{"type":"Feature","geometry":{"type":"Point","coordinates":[121.499010958476,24.999658006709]},"properties":{"name":"7-11杰明門市","address":"235新北市中和區泰和街48號","number":"F001586","phone":"02-27478711#3961","type":"連鎖型綠色商店","city":"新北市"}},{"type":"Feature","geometry":{"type":"Point","coordinates":[121.457219962709,25.025920982019]},"properties":{"name":"7-11杰朋門市","address":"220新北市板橋區龍泉街53號","number":"F001457","phone":"02-27478711#3961","type":"連鎖型綠色商店","city":"新北市"}},{"type":"Feature","geometry":{"type":"Point","coordinates":[121.455100011758,25.011611983651]},"properties":{"name":"7-11板林門市","address":"220新北市板橋區自強里中正路1巷18號","number":"F001263","phone":"02-27478711#3961","type":"連鎖型綠色商店","city":"新北市"}},{"type":"Feature","geometry":{"type":"Point","coordinates":[121.458723005587,24.991812000513]},"properties":{"name":"7-11板信門市","address":"220新北市板橋區信義路148號","number":"F000572","phone":"02-27478711#3961","type":"連鎖型綠色商店","city":"新北市"}},{"type":"Feature","geometry":{"type":"Point","coordinates":[121.488116998918,25.006536992735]},"properties":{"name":"7-11板南門市","address":"235新北市中和區板南路486號","number":"F001195","phone":"02-27478711#3961","type":"連鎖型綠色商店","city":"新北市"}},{"type":"Feature","geometry":{"type":"Point","coordinates":[121.46069996127,25.013056981849]},"properties":{"name":"7-11板站北門市","address":"220新北市板橋區文化路一段54號","number":"F001144","phone":"02-27478711#3961","type":"連鎖型綠色商店","city":"新北市"}},{"type":"Feature","geometry":{"type":"Point","coordinates":[121.46069996127,25.013056981849]},"properties":{"name":"7-11板站東門市","address":"220新北市板橋區文化路一段54號","number":"F001621","phone":"02-27478711#3961","type":"連鎖型綠色商店","city":"新北市"}},{"type":"Feature","geometry":{"type":"Point","coordinates":[121.46069996127,25.013056981849]},"properties":{"name":"7-11板站門市","address":"220新北市板橋區文化路一段54號","number":"F001444","phone":"02-27478711#3961","type":"連鎖型綠色商店","city":"新北市"}},{"type":"Feature","geometry":{"type":"Point","coordinates":[121.494425470705,24.997172479051]},"properties":{"name":"7-11板勝門市","address":"235新北市中和區連城路219巷4號","number":"F001031","phone":"02-27478711#3961","type":"連鎖型綠色商店","city":"新北市"}},{"type":"Feature","geometry":{"type":"Point","coordinates":[121.475106608809,25.032704917264]},"properties":{"name":"7-11板聖門市","address":"220新北市板橋區文化路二段472號","number":"F000526","phone":"02-27478711#3961","type":"連鎖型綠色商店","city":"新北市"}},{"type":"Feature","geometry":{"type":"Point","coordinates":[121.460401984612,25.001795014833]},"properties":{"name":"7-11板慶門市","address":"220新北市板橋區忠孝路40號","number":"F000999","phone":"02-27478711#3961","type":"連鎖型綠色商店","city":"新北市"}},{"type":"Feature","geometry":{"type":"Point","coordinates":[121.459076470444,25.0137675996]},"properties":{"name":"7-11板權門市","address":"220新北市板橋區民權路198-200號","number":"F001376","phone":"02-27478711#3961","type":"連鎖型綠色商店","city":"新北市"}},{"type":"Feature","geometry":{"type":"Point","coordinates":[121.476788018586,25.006320991091]},"properties":{"name":"7-11松旺門市","address":"235新北市中和區中山路三段108號","number":"F000971","phone":"02-27478711#3961","type":"連鎖型綠色商店","city":"新北市"}},{"type":"Feature","geometry":{"type":"Point","coordinates":[121.469129976569,25.030362007688]},"properties":{"name":"7-11松林門市","address":"220新北市板橋區江翠里松江街118號","number":"F001258","phone":"02-27478711#3961","type":"連鎖型綠色商店","city":"新北市"}},{"type":"Feature","geometry":{"type":"Point","coordinates":[121.454250002957,25.179856980769]},"properties":{"name":"7-11欣聯門市","address":"251新北市淡水區淡金路一段166號","number":"F000931","phone":"02-27478711#3961","type":"連鎖型綠色商店","city":"新北市"}},{"type":"Feature","geometry":{"type":"Point","coordinates":[121.433476828114,25.054966113492]},"properties":{"name":"7-11武仁門市","address":"243新北市泰山區仁愛路100巷28、30號","number":"F001012","phone":"02-27478711#3961","type":"連鎖型綠色商店","city":"新北市"}},{"type":"Feature","geometry":{"type":"Point","coordinates":[121.468430003835,25.024806985177]},"properties":{"name":"7-11武江門市","address":"220新北市板橋區光武街2巷2號","number":"F001172","phone":"02-27478711#3961","type":"連鎖型綠色商店","city":"新北市"}},{"type":"Feature","geometry":{"type":"Point","coordinates":[121.413460225525,25.0037578051]},"properties":{"name":"7-11武林門市","address":"238新北市樹林區光華街2.4號","number":"F001543","phone":"02-27478711#3961","type":"連鎖型綠色商店","city":"新北市"}},{"type":"Feature","geometry":{"type":"Point","coordinates":[121.465272037995,25.133666994578]},"properties":{"name":"7-11武強門市","address":"251新北市淡水區自強路152號","number":"F000937","phone":"02-27478711#3961","type":"連鎖型綠色商店","city":"新北市"}},{"type":"Feature","geometry":{"type":"Point","coordinates":[121.469444968491,24.978869000906]},"properties":{"name":"7-11泳豐門市","address":"236新北市土城區永豐路264之1號","number":"F001223","phone":"02-27478711#3961","type":"連鎖型綠色商店","city":"新北市"}},{"type":"Feature","geometry":{"type":"Point","coordinates":[121.634736266748,25.057477883556]},"properties":{"name":"7-11矽功門市","address":"221新北市汐止區大同路1段284號","number":"F001013","phone":"02-27478711#3961","type":"連鎖型綠色商店","city":"新北市"}},{"type":"Feature","geometry":{"type":"Point","coordinates":[121.631676033899,25.065816997115]},"properties":{"name":"7-11社后門市","address":"221新北市汐止區中興里中興路190號","number":"F001638","phone":"02-27478711#3961","type":"連鎖型綠色商店","city":"新北市"}},{"type":"Feature","geometry":{"type":"Point","coordinates":[121.469599027871,25.072107992634]},"properties":{"name":"7-11股興門市","address":"248新北市五股區中興路一段3號","number":"F000972","phone":"02-27478711#3961","type":"連鎖型綠色商店","city":"新北市"}},{"type":"Feature","geometry":{"type":"Point","coordinates":[121.3752277,24.9304674]},"properties":{"name":"7-11芳榮門市","address":"237新北市三峽區中正路536.538號","number":"F001423","phone":"02-27478711#3961","type":"連鎖型綠色商店","city":"新北市"}},{"type":"Feature","geometry":{"type":"Point","coordinates":[121.456428040497,25.040733020306]},"properties":{"name":"7-11花旗門市","address":"242新北市新莊區中港路132巷26號","number":"F000529","phone":"02-27478711#3961","type":"連鎖型綠色商店","city":"新北市"}},{"type":"Feature","geometry":{"type":"Point","coordinates":[121.415892989103,25.029448003056]},"properties":{"name":"7-11采旺門市","address":"242新北市新莊區天祥街74號","number":"F001027","phone":"02-27478711#3961","type":"連鎖型綠色商店","city":"新北市"}},{"type":"Feature","geometry":{"type":"Point","coordinates":[121.364518125246,25.072035782538]},"properties":{"name":"7-11采鋺門市","address":"244新北市林口區文化三路一段368號","number":"F001325","phone":"02-27478711#3961","type":"連鎖型綠色商店","city":"新北市"}},{"type":"Feature","geometry":{"type":"Point","coordinates":[121.635732036846,25.223491995234]},"properties":{"name":"7-11金中門市","address":"208新北市金山鄉中山路305.307號","number":"F001016","phone":"02-27478711#3961","type":"連鎖型綠色商店","city":"新北市"}},{"type":"Feature","geometry":{"type":"Point","coordinates":[121.449069986795,25.206395008232]},"properties":{"name":"7-11金旦門市","address":"251新北市淡水區淡金路三段254.256號","number":"F001126","phone":"02-27478711#3961","type":"連鎖型綠色商店","city":"新北市"}},{"type":"Feature","geometry":{"type":"Point","coordinates":[121.630125968545,25.235036013292]},"properties":{"name":"7-11金全門市","address":"208新北市金山鄉清水路52號","number":"F000963","phone":"02-27478711#3961","type":"連鎖型綠色商店","city":"新北市"}},{"type":"Feature","geometry":{"type":"Point","coordinates":[121.422827002324,25.182803010187]},"properties":{"name":"7-11金沙門市","address":"251新北市淡水區沙崙路133號.","number":"F001149","phone":"02-27478711#3961","type":"連鎖型綠色商店","city":"新北市"}},{"type":"Feature","geometry":{"type":"Point","coordinates":[121.430056980546,24.986436979373]},"properties":{"name":"7-11金林門市","address":"220新北市板橋區金門街303.305號","number":"F001291","phone":"02-27478711#3961","type":"連鎖型綠色商店","city":"新北市"}},{"type":"Feature","geometry":{"type":"Point","coordinates":[121.497639008564,25.259645993477]},"properties":{"name":"7-11金芝門市","address":"252新北市三芝區中興街一段2號","number":"F000929","phone":"02-27478711#3961","type":"連鎖型綠色商店","city":"新北市"}},{"type":"Feature","geometry":{"type":"Point","coordinates":[121.466290919599,24.987102053452]},"properties":{"name":"7-11金城門市","address":"236新北市土城區金城路3段71號","number":"F001073","phone":"02-27478711#3961","type":"連鎖型綠色商店","city":"新北市"}},{"type":"Feature","geometry":{"type":"Point","coordinates":[121.446008999574,25.178387004499]},"properties":{"name":"7-11金星門市","address":"251新北市淡水區北新路65號","number":"F001329","phone":"02-27478711#3961","type":"連鎖型綠色商店","city":"新北市"}},{"type":"Feature","geometry":{"type":"Point","coordinates":[121.446853979233,25.197777992672]},"properties":{"name":"7-11金紅門市","address":"251新北市淡水區淡金路3段2號","number":"F001003","phone":"02-27478711#3961","type":"連鎖型綠色商店","city":"新北市"}},{"type":"Feature","geometry":{"type":"Point","coordinates":[121.465681996879,24.98588498914]},"properties":{"name":"7-11金峰門市","address":"236新北市土城區明峰街9.11號","number":"F001305","phone":"02-27478711#3961","type":"連鎖型綠色商店","city":"新北市"}},{"type":"Feature","geometry":{"type":"Point","coordinates":[121.459595896983,25.04238609925]},"properties":{"name":"7-11金座門市","address":"242新北市新莊區思源路123號","number":"F001392","phone":"02-27478711#3961","type":"連鎖型綠色商店","city":"新北市"}},{"type":"Feature","geometry":{"type":"Point","coordinates":[121.421440970815,25.18130000922]},"properties":{"name":"7-11金崙門市","address":"251新北市淡水區沙崙路26-28號","number":"F001666","phone":"02-27478711#3961","type":"連鎖型綠色商店","city":"新北市"}},{"type":"Feature","geometry":{"type":"Point","coordinates":[121.639713021759,25.216916015007]},"properties":{"name":"7-11金強門市","address":"208新北市金山鄉自強路18-2號","number":"F001563","phone":"02-27478711#3961","type":"連鎖型綠色商店","city":"新北市"}},{"type":"Feature","geometry":{"type":"Point","coordinates":[121.632016506806,25.221332397881]},"properties":{"name":"7-11金祥門市","address":"208新北市金山鄉中正路145號","number":"F001128","phone":"02-27478711#3961","type":"連鎖型綠色商店","city":"新北市"}},{"type":"Feature","geometry":{"type":"Point","coordinates":[121.432546992522,24.990049998737]},"properties":{"name":"7-11金園門市","address":"220新北市板橋區金門街175號","number":"F001635","phone":"02-27478711#3961","type":"連鎖型綠色商店","city":"新北市"}},{"type":"Feature","geometry":{"type":"Point","coordinates":[121.440382982344,24.97587599092]},"properties":{"name":"7-11金源門市","address":"236新北市土城區水源街59號","number":"F001259","phone":"02-27478711#3961","type":"連鎖型綠色商店","city":"新北市"}},{"type":"Feature","geometry":{"type":"Point","coordinates":[121.454913011498,24.982818008858]},"properties":{"name":"7-11金裕門市","address":"236新北市土城區柑林里8鄰裕民路257之1號","number":"F000983","phone":"02-27478711#3961","type":"連鎖型綠色商店","city":"新北市"}},{"type":"Feature","geometry":{"type":"Point","coordinates":[121.375625990972,24.933259000505]},"properties":{"name":"7-11金銘門市","address":"237新北市三峽區介壽路一段27號","number":"F000964","phone":"02-27478711#3961","type":"連鎖型綠色商店","city":"新北市"}},{"type":"Feature","geometry":{"type":"Point","coordinates":[121.347068008663,24.953494004418]},"properties":{"name":"7-11金億門市","address":"239新北市鶯歌區建國路278號","number":"F001629","phone":"02-27478711#3961","type":"連鎖型綠色商店","city":"新北市"}},{"type":"Feature","geometry":{"type":"Point","coordinates":[121.438694196492,25.171091605523]},"properties":{"name":"7-11金寶門市","address":"251新北市淡水區中正路169號","number":"F001123","phone":"02-27478711#3961","type":"連鎖型綠色商店","city":"新北市"}},{"type":"Feature","geometry":{"type":"Point","coordinates":[121.338092834381,24.95457941897]},"properties":{"name":"7-11金鶯門市","address":"238新北市鶯歌區鶯桃路131-133號","number":"F001396","phone":"02-27478711#3961","type":"連鎖型綠色商店","city":"新北市"}},{"type":"Feature","geometry":{"type":"Point","coordinates":[121.498847008449,25.06590400127]},"properties":{"name":"7-11長元門市","address":"241新北市三重區長元街2-2號","number":"F001490","phone":"02-27478711#3961","type":"連鎖型綠色商店","city":"新北市"}},{"type":"Feature","geometry":{"type":"Point","coordinates":[121.469911002307,25.032774989974]},"properties":{"name":"7-11長江門市","address":"220新北市板橋區長江路2段280號之1","number":"F001159","phone":"02-27478711#3961","type":"連鎖型綠色商店","city":"新北市"}},{"type":"Feature","geometry":{"type":"Point","coordinates":[121.392240468253,25.129897422996]},"properties":{"name":"7-11長坑門市","address":"249新北市八里區中華路3段168號","number":"F001156","phone":"02-27478711#3961","type":"連鎖型綠色商店","city":"新北市"}},{"type":"Feature","geometry":{"type":"Point","coordinates":[121.371523971377,25.069598995647]},"properties":{"name":"7-11長坤門市","address":"244新北市林口區文化一路一段52號","number":"F001592","phone":"02-27478711#3961","type":"連鎖型綠色商店","city":"新北市"}},{"type":"Feature","geometry":{"type":"Point","coordinates":[121.333431238929,24.96401878305]},"properties":{"name":"7-11長虹門市","address":"239新北市鶯歌區鶯桃路412號一樓","number":"F001121","phone":"02-27478711#3961","type":"連鎖型綠色商店","city":"新北市"}},{"type":"Feature","geometry":{"type":"Point","coordinates":[121.499146996764,25.069021985433]},"properties":{"name":"7-11長泰門市","address":"241新北市三重區介壽路1號","number":"F000472","phone":"02-27478711#3961","type":"連鎖型綠色商店","city":"新北市"}},{"type":"Feature","geometry":{"type":"Point","coordinates":[121.501357220812,25.06660870978]},"properties":{"name":"7-11長揚門市","address":"241新北市三重區三和路二段6號之2","number":"F001434","phone":"02-27478711#3961","type":"連鎖型綠色商店","city":"新北市"}},{"type":"Feature","geometry":{"type":"Point","coordinates":[121.496585990068,25.067187019189]},"properties":{"name":"7-11長壽門市","address":"241新北市三重區正義北路159號","number":"F001170","phone":"02-27478711#3961","type":"連鎖型綠色商店","city":"新北市"}},{"type":"Feature","geometry":{"type":"Point","coordinates":[121.458496023649,25.083927984854]},"properties":{"name":"7-11長樂門市","address":"247新北市蘆洲區長安街269號","number":"F000491","phone":"02-27478711#3961","type":"連鎖型綠色商店","city":"新北市"}},{"type":"Feature","geometry":{"type":"Point","coordinates":[121.458847476849,24.973375501564]},"properties":{"name":"7-11青雲門市","address":"236新北市土城區青雲路499.501號","number":"F001435","phone":"02-27478711#3961","type":"連鎖型綠色商店","city":"新北市"}},{"type":"Feature","geometry":{"type":"Point","coordinates":[121.538466001646,24.957322019598]},"properties":{"name":"7-11青潭門市","address":"231新北市新店區北宜路一段41-1號","number":"F001412","phone":"02-27478711#3961","type":"連鎖型綠色商店","city":"新北市"}},{"type":"Feature","geometry":{"type":"Point","coordinates":[121.482203985323,25.022061995707]},"properties":{"name":"7-11青蘋果門市","address":"220新北市板橋區中山路2段531巷17弄20號","number":"F000928","phone":"02-27478711#3961","type":"連鎖型綠色商店","city":"新北市"}},{"type":"Feature","geometry":{"type":"Point","coordinates":[121.44035649553,24.971780090114]},"properties":{"name":"7-11信利門市","address":"236新北市土城區興城路96巷4號","number":"F001264","phone":"02-27478711#3961","type":"連鎖型綠色商店","city":"新北市"}},{"type":"Feature","geometry":{"type":"Point","coordinates":[121.510331975999,25.006112994163]},"properties":{"name":"7-11保平門市","address":"234新北市永和區保平路135號","number":"F001587","phone":"02-27478711#3961","type":"連鎖型綠色商店","city":"新北市"}},{"type":"Feature","geometry":{"type":"Point","coordinates":[121.506477976919,25.007090994626]},"properties":{"name":"7-11保生門市","address":"234新北市永和區保安里保生路1號.","number":"F000508","phone":"02-27478711#3961","type":"連鎖型綠色商店","city":"新北市"}},{"type":"Feature","geometry":{"type":"Point","coordinates":[121.503147008597,25.010705983737]},"properties":{"name":"7-11保順門市","address":"234新北市永和區保順路39號、保順路37巷2號","number":"F001286","phone":"02-27478711#3961","type":"連鎖型綠色商店","city":"新北市"}},{"type":"Feature","geometry":{"type":"Point","coordinates":[121.514332993661,25.012289995799]},"properties":{"name":"7-11保騰門市","address":"234新北市永和區信義路16號","number":"F001020","phone":"02-27478711#3961","type":"連鎖型綠色商店","city":"新北市"}},{"type":"Feature","geometry":{"type":"Point","coordinates":[121.514234003385,25.000258989167]},"properties":{"name":"7-11保鑽門市","address":"234新北市永和區潭墘里安樂路138.140號","number":"F001614","phone":"02-27478711#3961","type":"連鎖型綠色商店","city":"新北市"}},{"type":"Feature","geometry":{"type":"Point","coordinates":[121.426830031642,25.006701990499]},"properties":{"name":"7-11俊安門市","address":"238新北市樹林區俊英街162-162-1號","number":"F001029","phone":"02-27478711#3961","type":"連鎖型綠色商店","city":"新北市"}},{"type":"Feature","geometry":{"type":"Point","coordinates":[121.417968013053,25.015311001341]},"properties":{"name":"7-11俊興門市","address":"238新北市樹林區圳安里19鄰俊興街232號","number":"F001581","phone":"02-27478711#3961","type":"連鎖型綠色商店","city":"新北市"}},{"type":"Feature","geometry":{"type":"Point","coordinates":[121.414304031718,25.015355006333]},"properties":{"name":"7-11俊龍門市","address":"238新北市樹林區三俊街96號1樓","number":"F001097","phone":"02-27478711#3961","type":"連鎖型綠色商店","city":"新北市"}},{"type":"Feature","geometry":{"type":"Point","coordinates":[121.540529961484,24.965648979398]},"properties":{"name":"7-11冠冠門市","address":"231新北市新店區北新路1段231號","number":"F001301","phone":"02-27478711#3961","type":"連鎖型綠色商店","city":"新北市"}},{"type":"Feature","geometry":{"type":"Point","coordinates":[121.372029986871,24.930525997156]},"properties":{"name":"7-11冠綸門市","address":"237新北市三峽區中華路46.46-1號","number":"F001206","phone":"02-27478711#3961","type":"連鎖型綠色商店","city":"新北市"}},{"type":"Feature","geometry":{"type":"Point","coordinates":[121.518837009333,24.991461008318]},"properties":{"name":"7-11冠德門市","address":"235新北市中和區景平路71-5號","number":"F001547","phone":"02-27478711#3961","type":"連鎖型綠色商店","city":"新北市"}},{"type":"Feature","geometry":{"type":"Point","coordinates":[121.467978973625,25.085068007505]},"properties":{"name":"7-11前進門市","address":"247新北市蘆洲區光華路22巷57號","number":"F000954","phone":"02-27478711#3961","type":"連鎖型綠色商店","city":"新北市"}},{"type":"Feature","geometry":{"type":"Point","coordinates":[121.4901462,25.0678289]},"properties":{"name":"7-11前瞻門市","address":"241新北市三重區中山路375號","number":"F001186","phone":"02-27478711#3961","type":"連鎖型綠色商店","city":"新北市"}},{"type":"Feature","geometry":{"type":"Point","coordinates":[121.445650002661,24.956709009109]},"properties":{"name":"7-11南天母門市","address":"236新北市土城區南天母路8.10號","number":"F001599","phone":"02-27478711#3961","type":"連鎖型綠色商店","city":"新北市"}},{"type":"Feature","geometry":{"type":"Point","coordinates":[121.505120024786,24.999891987536]},"properties":{"name":"7-11南谷門市","address":"235新北市中和區中和路257號","number":"F000991","phone":"02-27478711#3961","type":"連鎖型綠色商店","city":"新北市"}},{"type":"Feature","geometry":{"type":"Point","coordinates":[121.413868005115,25.048950009536]},"properties":{"name":"7-11南亞三門市","address":"243新北市泰山區南林路98號8樓","number":"F001147","phone":"02-27478711#3961","type":"連鎖型綠色商店","city":"新北市"}},{"type":"Feature","geometry":{"type":"Point","coordinates":[121.544554029379,24.980658998238]},"properties":{"name":"7-11南強門市","address":"231新北市新店區中興路3段156號","number":"F001089","phone":"02-27478711#3961","type":"連鎖型綠色商店","city":"新北市"}},{"type":"Feature","geometry":{"type":"Point","coordinates":[121.455756985329,25.005464989229]},"properties":{"name":"7-11南雅門市","address":"220新北市板橋區新興里南雅南路一段8號1樓.","number":"F001603","phone":"02-27478711#3961","type":"連鎖型綠色商店","city":"新北市"}},{"type":"Feature","geometry":{"type":"Point","coordinates":[121.510915021184,24.990133985407]},"properties":{"name":"7-11南勢角門市","address":"235新北市中和區興南路1段55號","number":"F001480","phone":"02-27478711#3961","type":"連鎖型綠色商店","city":"新北市"}},{"type":"Feature","geometry":{"type":"Point","coordinates":[121.44028198041,25.030062019373]},"properties":{"name":"7-11品嘉門市","address":"242新北市新莊區新樹路69號之6","number":"F001187","phone":"02-27478711#3961","type":"連鎖型綠色商店","city":"新北市"}},{"type":"Feature","geometry":{"type":"Point","coordinates":[121.437064000143,24.964648012521]},"properties":{"name":"7-11城運門市","address":"236新北市土城區承天路10號","number":"F001495","phone":"02-27478711#3961","type":"連鎖型綠色商店","city":"新北市"}},{"type":"Feature","geometry":{"type":"Point","coordinates":[121.427686997423,25.049462982011]},"properties":{"name":"7-11奕真門市","address":"243新北市泰山區明志路二段187號","number":"F001045","phone":"02-27478711#3961","type":"連鎖型綠色商店","city":"新北市"}},{"type":"Feature","geometry":{"type":"Point","coordinates":[121.488185237051,25.000302972826]},"properties":{"name":"7-11建一門市","address":"235新北市中和區健康路101號","number":"F001183","phone":"02-27478711#3961","type":"連鎖型綠色商店","city":"新北市"}},{"type":"Feature","geometry":{"type":"Point","coordinates":[121.450072965329,25.037592991738]},"properties":{"name":"7-11建中門市","address":"242新北市新莊區建興街42號","number":"F000938","phone":"02-27478711#3961","type":"連鎖型綠色商店","city":"新北市"}},{"type":"Feature","geometry":{"type":"Point","coordinates":[121.486197962186,25.001934992616]},"properties":{"name":"7-11建六門市","address":"235新北市中和區建六路62號","number":"F001133","phone":"02-27478711#3961","type":"連鎖型綠色商店","city":"新北市"}},{"type":"Feature","geometry":{"type":"Point","coordinates":[121.427768972436,24.985761020792]},"properties":{"name":"7-11建宗門市","address":"220新北市板橋區溪福里篤行路3段玉平巷76弄8號及10號","number":"F001610","phone":"02-27478711#3961","type":"連鎖型綠色商店","city":"新北市"}},{"type":"Feature","geometry":{"type":"Point","coordinates":[121.459577959711,25.004588996528]},"properties":{"name":"7-11建茗門市","address":"220新北市板橋區四川路一段104號","number":"F001114","phone":"02-27478711#3961","type":"連鎖型綠色商店","city":"新北市"}},{"type":"Feature","geometry":{"type":"Point","coordinates":[121.539786989586,24.973069017275]},"properties":{"name":"7-11建國門市","address":"231新北市新店區中正路236號","number":"F000558","phone":"02-27478711#3961","type":"連鎖型綠色商店","city":"新北市"}},{"type":"Feature","geometry":{"type":"Point","coordinates":[121.623966024082,25.061518002796]},"properties":{"name":"7-11建陽門市","address":"221新北市汐止區南陽街105-107號","number":"F001143","phone":"02-27478711#3961","type":"連鎖型綠色商店","city":"新北市"}},{"type":"Feature","geometry":{"type":"Point","coordinates":[121.627517017362,25.060744017857]},"properties":{"name":"7-11建德門市","address":"221新北市汐止區福德一路394號","number":"F000923","phone":"02-27478711#3961","type":"連鎖型綠色商店","city":"新北市"}},{"type":"Feature","geometry":{"type":"Point","coordinates":[121.427152986371,25.026422010281]},"properties":{"name":"7-11後港門市","address":"242新北市新莊區後港一路78號","number":"F000551","phone":"02-27478711#3961","type":"連鎖型綠色商店","city":"新北市"}},{"type":"Feature","geometry":{"type":"Point","coordinates":[121.45794097402,25.049506987002]},"properties":{"name":"7-11思源門市","address":"242新北市新莊區幸福路40.42號","number":"F001384","phone":"02-27478711#3961","type":"連鎖型綠色商店","city":"新北市"}},{"type":"Feature","geometry":{"type":"Point","coordinates":[121.487965035014,24.99887098791]},"properties":{"name":"7-11春吉門市","address":"235新北市中和區建一路148號","number":"F001252","phone":"02-27478711#3961","type":"連鎖型綠色商店","city":"新北市"}},{"type":"Feature","geometry":{"type":"Point","coordinates":[121.520002010055,25.007917995103]},"properties":{"name":"7-11春福門市","address":"234新北市永和區光明里14鄰福和路196號","number":"F001505","phone":"02-27478711#3961","type":"連鎖型綠色商店","city":"新北市"}},{"type":"Feature","geometry":{"type":"Point","coordinates":[121.384890005637,24.954673002919]},"properties":{"name":"7-11柏園門市","address":"238新北市樹林區柑園街二段119.121號1樓","number":"F001292","phone":"02-27478711#3961","type":"連鎖型綠色商店","city":"新北市"}},{"type":"Feature","geometry":{"type":"Point","coordinates":[121.507333014862,24.999791991431]},"properties":{"name":"7-11界和門市","address":"234新北市永和區中和路331.333號","number":"F001019","phone":"02-27478711#3961","type":"連鎖型綠色商店","city":"新北市"}},{"type":"Feature","geometry":{"type":"Point","coordinates":[121.438916987478,25.182649998545]},"properties":{"name":"7-11皇后門市","address":"251新北市淡水區新春街87號","number":"F001281","phone":"02-27478711#3961","type":"連鎖型綠色商店","city":"新北市"}},{"type":"Feature","geometry":{"type":"Point","coordinates":[121.446829001162,24.988805998577]},"properties":{"name":"7-11皇翔門市","address":"236新北市土城區中央路一段92.94號","number":"F000986","phone":"02-27478711#3961","type":"連鎖型綠色商店","city":"新北市"}},{"type":"Feature","geometry":{"type":"Point","coordinates":[121.450445038011,24.986080497031]},"properties":{"name":"7-11皇裕門市","address":"236新北市土城區裕民路114巷16號1樓","number":"F001501","phone":"02-27478711#3961","type":"連鎖型綠色商店","city":"新北市"}},{"type":"Feature","geometry":{"type":"Point","coordinates":[121.496638041687,25.006872017405]},"properties":{"name":"7-11秋閔門市","address":"235新北市中和區橋和路288.290號","number":"F001266","phone":"02-27478711#3961","type":"連鎖型綠色商店","city":"新北市"}},{"type":"Feature","geometry":{"type":"Point","coordinates":[121.45076103576,24.995827015953]},"properties":{"name":"7-11秋雅門市","address":"220新北市板橋區南雅南路二段144巷16號","number":"F001483","phone":"02-27478711#3961","type":"連鎖型綠色商店","city":"新北市"}},{"type":"Feature","geometry":{"type":"Point","coordinates":[121.492299987698,25.056014989994]},"properties":{"name":"7-11美吉門市","address":"241新北市三重區光明里8鄰重安街81號1樓","number":"F001387","phone":"02-27478711#3961","type":"連鎖型綠色商店","city":"新北市"}},{"type":"Feature","geometry":{"type":"Point","coordinates":[121.370960036931,25.073441008606]},"properties":{"name":"7-11美雅仕門市","address":"244新北市林口區文化二路一段260巷2號","number":"F001171","phone":"02-27478711#3961","type":"連鎖型綠色商店","city":"新北市"}},{"type":"Feature","geometry":{"type":"Point","coordinates":[121.48624096135,25.079279004167]},"properties":{"name":"7-11美慈門市","address":"241新北市三重區慈愛街52號","number":"F001474","phone":"02-27478711#3961","type":"連鎖型綠色商店","city":"新北市"}},{"type":"Feature","geometry":{"type":"Point","coordinates":[121.453474006361,25.043722006978]},"properties":{"name":"7-11美新門市","address":"242新北市新莊區中港路264號1F","number":"F001630","phone":"02-27478711#3961","type":"連鎖型綠色商店","city":"新北市"}},{"type":"Feature","geometry":{"type":"Point","coordinates":[121.481878013109,25.090263991193]},"properties":{"name":"7-11美禎門市","address":"247新北市蘆洲區復興路322號","number":"F000943","phone":"02-27478711#3961","type":"連鎖型綠色商店","city":"新北市"}},{"type":"Feature","geometry":{"type":"Point","coordinates":[121.465896992695,25.020572992517]},"properties":{"name":"7-11致理門市","address":"220新北市板橋區陽明街23巷29號1樓","number":"F001290","phone":"02-27478711#3961","type":"連鎖型綠色商店","city":"新北市"}},{"type":"Feature","geometry":{"type":"Point","coordinates":[121.66594997126,25.070724014691]},"properties":{"name":"7-11茄苳門市","address":"221新北市汐止區茄苳路42號","number":"F001065","phone":"02-27478711#3961","type":"連鎖型綠色商店","city":"新北市"}},{"type":"Feature","geometry":{"type":"Point","coordinates":[121.460276507521,25.043283591533]},"properties":{"name":"7-11茂源門市","address":"242新北市新莊區思源路40-1號","number":"F000959","phone":"02-27478711#3961","type":"連鎖型綠色商店","city":"新北市"}},{"type":"Feature","geometry":{"type":"Point","coordinates":[121.460211966867,25.024490987428]},"properties":{"name":"7-11英海門市","address":"220新北市板橋區新海路344號","number":"F001226","phone":"02-27478711#3961","type":"連鎖型綠色商店","city":"新北市"}},{"type":"Feature","geometry":{"type":"Point","coordinates":[121.416451978225,24.957530980444]},"properties":{"name":"7-11虹海門市","address":"236新北市土城區中央路4段121號","number":"F001607","phone":"02-27478711#3961","type":"連鎖型綠色商店","city":"新北市"}},{"type":"Feature","geometry":{"type":"Point","coordinates":[121.479601572025,25.071845303789]},"properties":{"name":"7-11虹諭門市","address":"241新北市三重區大勇街82巷17號","number":"F001295","phone":"02-27478711#3961","type":"連鎖型綠色商店","city":"新北市"}},{"type":"Feature","geometry":{"type":"Point","coordinates":[121.491069524312,25.05742729877]},"properties":{"name":"7-11重安門市","address":"241新北市三重區重安街60號及60-1號","number":"F001381","phone":"02-27478711#3961","type":"連鎖型綠色商店","city":"新北市"}},{"type":"Feature","geometry":{"type":"Point","coordinates":[121.489252998256,25.072989014477]},"properties":{"name":"7-11重智門市","address":"241新北市三重區大智街240號","number":"F000547","phone":"02-27478711#3961","type":"連鎖型綠色商店","city":"新北市"}},{"type":"Feature","geometry":{"type":"Point","coordinates":[121.487828996725,25.057544016772]},"properties":{"name":"7-11重新門市","address":"241新北市三重區重新路四段45號","number":"F000982","phone":"02-27478711#3961","type":"連鎖型綠色商店","city":"新北市"}},{"type":"Feature","geometry":{"type":"Point","coordinates":[121.456791982733,25.083190000189]},"properties":{"name":"7-11飛龍門市","address":"247新北市蘆洲區永安南路二段330號","number":"F001370","phone":"02-27478711#3961","type":"連鎖型綠色商店","city":"新北市"}},{"type":"Feature","geometry":{"type":"Point","coordinates":[121.452081017872,25.015600009363]},"properties":{"name":"7-11香雅門市","address":"220新北市板橋區南雅西路2段297.299號","number":"F001634","phone":"02-27478711#3961","type":"連鎖型綠色商店","city":"新北市"}},{"type":"Feature","geometry":{"type":"Point","coordinates":[121.368798260283,25.071622009888]},"properties":{"name":"7-11香賓門市","address":"244新北市林口區文化二路一段170號","number":"F001341","phone":"02-27478711#3961","type":"連鎖型綠色商店","city":"新北市"}},{"type":"Feature","geometry":{"type":"Point","coordinates":[121.475707004534,25.086903979577]},"properties":{"name":"7-11珈英門市","address":"247新北市蘆洲區復興路92號","number":"F001160","phone":"02-27478711#3961","type":"連鎖型綠色商店","city":"新北市"}},{"type":"Feature","geometry":{"type":"Point","coordinates":[121.496298993703,25.071794006541]},"properties":{"name":"7-11竑嘉門市","address":"241新北市三重區仁愛街32號之1","number":"F001513","phone":"02-27478711#3961","type":"連鎖型綠色商店","city":"新北市"}},{"type":"Feature","geometry":{"type":"Point","coordinates":[121.489092987724,25.066387008441]},"properties":{"name":"7-11修德門市","address":"241新北市三重區重陽路3段7-2號","number":"F001175","phone":"02-27478711#3961","type":"連鎖型綠色商店","city":"新北市"}},{"type":"Feature","geometry":{"type":"Point","coordinates":[121.387170972949,25.077597007657]},"properties":{"name":"7-11卿斳門市","address":"244新北市林口區竹林路48號","number":"F000919","phone":"02-27478711#3961","type":"連鎖型綠色商店","city":"新北市"}},{"type":"Feature","geometry":{"type":"Point","coordinates":[121.465919037101,25.054523011229]},"properties":{"name":"7-11原成門市","address":"242新北市新莊區化成路279號","number":"F001120","phone":"02-27478711#3961","type":"連鎖型綠色商店","city":"新北市"}},{"type":"Feature","geometry":{"type":"Point","coordinates":[121.480987016801,24.996652004773]},"properties":{"name":"7-11員山門市","address":"235新北市中和區員山路163號","number":"F001662","phone":"02-27478711#3961","type":"連鎖型綠色商店","city":"新北市"}},{"type":"Feature","geometry":{"type":"Point","coordinates":[121.479553962815,25.008095984817]},"properties":{"name":"7-11員新門市","address":"235新北市中和區員山路504號","number":"F001326","phone":"02-27478711#3961","type":"連鎖型綠色商店","city":"新北市"}},{"type":"Feature","geometry":{"type":"Point","coordinates":[121.365002012516,24.907642018473]},"properties":{"name":"7-11埔大門市","address":"237新北市三峽區中正路2段397號","number":"F001311","phone":"02-27478711#3961","type":"連鎖型綠色商店","city":"新北市"}},{"type":"Feature","geometry":{"type":"Point","coordinates":[121.467636983434,25.022636265079]},"properties":{"name":"7-11埔西門市","address":"220新北市板橋區文化路一段423號","number":"F001098","phone":"02-27478711#3961","type":"連鎖型綠色商店","city":"新北市"}},{"type":"Feature","geometry":{"type":"Point","coordinates":[121.620184277007,25.002374581528]},"properties":{"name":"7-11埔昇門市","address":"222新北市深坑區埔新街63號","number":"F000925","phone":"02-27478711#3961","type":"連鎖型綠色商店","city":"新北市"}},{"type":"Feature","geometry":{"type":"Point","coordinates":[121.47835507412,25.021285544069]},"properties":{"name":"7-11埔墘門市","address":"220新北市板橋區永豐街87號","number":"F001343","phone":"02-27478711#3961","type":"連鎖型綠色商店","city":"新北市"}},{"type":"Feature","geometry":{"type":"Point","coordinates":[121.493778890694,25.001993582119]},"properties":{"name":"7-11家美門市","address":"235新北市中和區中山路二段317號之1","number":"F001125","phone":"02-27478711#3961","type":"連鎖型綠色商店","city":"新北市"}},{"type":"Feature","geometry":{"type":"Point","coordinates":[121.390307062022,25.078932412471]},"properties":{"name":"7-11家園門市","address":"244新北市林口區中山路164號","number":"F000533","phone":"02-27478711#3961","type":"連鎖型綠色商店","city":"新北市"}},{"type":"Feature","geometry":{"type":"Point","coordinates":[121.475333004014,25.016681987334]},"properties":{"name":"7-11家豐門市","address":"220新北市板橋區中山路二段141號","number":"F001112","phone":"02-27478711#3961","type":"連鎖型綠色商店","city":"新北市"}},{"type":"Feature","geometry":{"type":"Point","coordinates":[121.467724499045,25.031576880734]},"properties":{"name":"7-11家麒門市","address":"220新北市板橋區宏國路27號","number":"F001340","phone":"02-27478711#3961","type":"連鎖型綠色商店","city":"新北市"}},{"type":"Feature","geometry":{"type":"Point","coordinates":[121.377584422649,24.92890510472]},"properties":{"name":"7-11峽北門市","address":"237新北市三峽區大同路7號","number":"F000979","phone":"02-27478711#3961","type":"連鎖型綠色商店","city":"新北市"}},{"type":"Feature","geometry":{"type":"Point","coordinates":[121.375011010736,24.929064989523]},"properties":{"name":"7-11峽光門市","address":"237新北市三峽區光明路62號1樓","number":"F001314","phone":"02-27478711#3961","type":"連鎖型綠色商店","city":"新北市"}},{"type":"Feature","geometry":{"type":"Point","coordinates":[121.362733366602,24.938424683613]},"properties":{"name":"7-11恩主門市","address":"237新北市三峽區鳶山里21鄰復興路447號","number":"F001415","phone":"02-27478711#3961","type":"連鎖型綠色商店","city":"新北市"}},{"type":"Feature","geometry":{"type":"Point","coordinates":[121.433362414647,25.062702837768]},"properties":{"name":"7-11泰山門市","address":"243新北市泰山區明志路1段149.151號","number":"F001648","phone":"02-27478711#3961","type":"連鎖型綠色商店","city":"新北市"}},{"type":"Feature","geometry":{"type":"Point","coordinates":[121.501421007096,25.067282991981]},"properties":{"name":"7-11泰和門市","address":"241新北市三重區長安街71號1樓","number":"F000967","phone":"02-27478711#3961","type":"連鎖型綠色商店","city":"新北市"}},{"type":"Feature","geometry":{"type":"Point","coordinates":[121.451553041791,25.103016009137]},"properties":{"name":"7-11泰股門市","address":"248新北市五股區成泰路3段577巷24號","number":"F001139","phone":"02-27478711#3961","type":"連鎖型綠色商店","city":"新北市"}},{"type":"Feature","geometry":{"type":"Point","coordinates":[121.457374525004,25.08711319188]},"properties":{"name":"7-11泰星門市","address":"247新北市蘆洲區成功里長安街276號","number":"F001138","phone":"02-27478711#3961","type":"連鎖型綠色商店","city":"新北市"}},{"type":"Feature","geometry":{"type":"Point","coordinates":[121.390004978231,25.07866498785]},"properties":{"name":"7-11泰陽門市","address":"243新北市泰山區中山路二段832號","number":"F001069","phone":"02-27478711#3961","type":"連鎖型綠色商店","city":"新北市"}},{"type":"Feature","geometry":{"type":"Point","coordinates":[121.487010000966,25.008356997281]},"properties":{"name":"7-11泰隆門市","address":"235新北市中和區立德街102號","number":"F001000","phone":"02-27478711#3961","type":"連鎖型綠色商店","city":"新北市"}},{"type":"Feature","geometry":{"type":"Point","coordinates":[121.471326370477,25.008678694725]},"properties":{"name":"7-11海山門市","address":"220新北市板橋區漢生東路310號","number":"F001344","phone":"02-27478711#3961","type":"連鎖型綠色商店","city":"新北市"}},{"type":"Feature","geometry":{"type":"Point","coordinates":[121.397579983129,25.146490855127]},"properties":{"name":"7-11益彰門市","address":"249新北市八里區中山路二段409、411號","number":"F001154","phone":"02-27478711#3961","type":"連鎖型綠色商店","city":"新北市"}},{"type":"Feature","geometry":{"type":"Point","coordinates":[121.488753017731,25.050392996078]},"properties":{"name":"7-11真旺門市","address":"241新北市三重區成功路50巷1號","number":"F001181","phone":"02-27478711#3961","type":"連鎖型綠色商店","city":"新北市"}},{"type":"Feature","geometry":{"type":"Point","coordinates":[121.59891000092,25.004289008213]},"properties":{"name":"7-11真誠門市","address":"222新北市深坑區北深路三段263號","number":"F000968","phone":"02-27478711#3961","type":"連鎖型綠色商店","city":"新北市"}},{"type":"Feature","geometry":{"type":"Point","coordinates":[121.452232981777,25.039942984022]},"properties":{"name":"7-11真豪門市","address":"242新北市新莊區中華路1段73號","number":"F001503","phone":"02-27478711#3961","type":"連鎖型綠色商店","city":"新北市"}},{"type":"Feature","geometry":{"type":"Point","coordinates":[121.452387963167,25.126072990301]},"properties":{"name":"7-11神州門市","address":"249新北市八里區龍米路一段113號","number":"F000981","phone":"02-27478711#3961","type":"連鎖型綠色商店","city":"新北市"}},{"type":"Feature","geometry":{"type":"Point","coordinates":[121.40335558979,25.086666981264]},"properties":{"name":"7-11粉寮門市","address":"244新北市林口區粉寮路二段36號","number":"F001056","phone":"02-27478711#3961","type":"連鎖型綠色商店","city":"新北市"}},{"type":"Feature","geometry":{"type":"Point","coordinates":[121.47701801801,25.069190000682]},"properties":{"name":"7-11陡門頭門市","address":"241新北市三重區三民街329號","number":"F001468","phone":"02-27478711#3961","type":"連鎖型綠色商店","city":"新北市"}},{"type":"Feature","geometry":{"type":"Point","coordinates":[121.492680023188,25.078643991183]},"properties":{"name":"7-11高仁門市","address":"241新北市三重區仁愛街274號.","number":"F001661","phone":"02-27478711#3961","type":"連鎖型綠色商店","city":"新北市"}},{"type":"Feature","geometry":{"type":"Point","coordinates":[121.442143265829,24.975770588487]},"properties":{"name":"7-11高峰門市","address":"236新北市土城區中央路二段187號","number":"F000576","phone":"02-27478711#3961","type":"連鎖型綠色商店","city":"新北市"}},{"type":"Feature","geometry":{"type":"Point","coordinates":[121.46764093147,25.020865018024]},"properties":{"name":"7-11偉嘉門市","address":"220新北市板橋區文化路一段270巷3弄2號","number":"F001360","phone":"02-27478711#3961","type":"連鎖型綠色商店","city":"新北市"}},{"type":"Feature","geometry":{"type":"Point","coordinates":[121.468493035747,25.089595995419]},"properties":{"name":"7-11健倫門市","address":"247新北市蘆洲區保新里4鄰三民路230號","number":"F000502","phone":"02-27478711#3961","type":"連鎖型綠色商店","city":"新北市"}},{"type":"Feature","geometry":{"type":"Point","coordinates":[121.484911004773,25.070654989719]},"properties":{"name":"7-11健華門市","address":"241新北市三重區忠孝路二段63號","number":"F001426","phone":"02-27478711#3961","type":"連鎖型綠色商店","city":"新北市"}},{"type":"Feature","geometry":{"type":"Point","coordinates":[121.461903015832,25.137742988364]},"properties":{"name":"7-11偕成門市","address":"251新北市淡水區民生路54號","number":"F000562","phone":"02-27478711#3961","type":"連鎖型綠色商店","city":"新北市"}},{"type":"Feature","geometry":{"type":"Point","coordinates":[121.459831009367,24.99556499766]},"properties":{"name":"7-11國和門市","address":"220新北市板橋區和平路29號","number":"F001316","phone":"02-27478711#3961","type":"連鎖型綠色商店","city":"新北市"}},{"type":"Feature","geometry":{"type":"Point","coordinates":[121.461074967618,25.018595994924]},"properties":{"name":"7-11國府門市","address":"220新北市板橋區國光路189號","number":"F001105","phone":"02-27478711#3961","type":"連鎖型綠色商店","city":"新北市"}},{"type":"Feature","geometry":{"type":"Point","coordinates":[121.432738183733,25.006676509514]},"properties":{"name":"7-11國瑞門市","address":"242新北市新莊區新樹路300號之5","number":"F001088","phone":"02-27478711#3961","type":"連鎖型綠色商店","city":"新北市"}},{"type":"Feature","geometry":{"type":"Point","coordinates":[121.461512000049,24.996127004268]},"properties":{"name":"7-11國慶門市","address":"220新北市板橋區國慶路151號","number":"F001007","phone":"02-27478711#3961","type":"連鎖型綠色商店","city":"新北市"}},{"type":"Feature","geometry":{"type":"Point","coordinates":[121.349887010339,24.957140006571]},"properties":{"name":"7-11國鶯門市","address":"239新北市鶯歌區中山路142號1F","number":"F001214","phone":"02-27478711#3961","type":"連鎖型綠色商店","city":"新北市"}},{"type":"Feature","geometry":{"type":"Point","coordinates":[121.632837011308,25.068369999094]},"properties":{"name":"7-11康湖門市","address":"221新北市汐止區康寧街490號","number":"F001164","phone":"02-27478711#3961","type":"連鎖型綠色商店","city":"新北市"}},{"type":"Feature","geometry":{"type":"Point","coordinates":[121.492927624608,24.952769388888]},"properties":{"name":"7-11康曜門市","address":"231新北市新店區安康路三段41號","number":"F001650","phone":"02-27478711#3961","type":"連鎖型綠色商店","city":"新北市"}},{"type":"Feature","geometry":{"type":"Point","coordinates":[121.517837970293,25.000285014976]},"properties":{"name":"7-11得和門市","address":"234新北市永和區中正路342號","number":"F000428","phone":"02-27478711#3961","type":"連鎖型綠色商店","city":"新北市"}},{"type":"Feature","geometry":{"type":"Point","coordinates":[121.509665027964,24.992392992132]},"properties":{"name":"7-11得晴門市","address":"235新北市中和區景平路239巷1號1樓","number":"F001355","phone":"02-27478711#3961","type":"連鎖型綠色商店","city":"新北市"}},{"type":"Feature","geometry":{"type":"Point","coordinates":[121.520318007805,25.00013401499]},"properties":{"name":"7-11得福門市","address":"234新北市永和區得和路241號","number":"F001431","phone":"02-27478711#3961","type":"連鎖型綠色商店","city":"新北市"}},{"type":"Feature","geometry":{"type":"Point","coordinates":[121.375153000176,24.937248995964]},"properties":{"name":"7-11御成門市","address":"237新北市三峽區國光街35號","number":"F001364","phone":"02-27478711#3961","type":"連鎖型綠色商店","city":"新北市"}},{"type":"Feature","geometry":{"type":"Point","coordinates":[121.391270980887,24.96205800444]},"properties":{"name":"7-11御昇門市","address":"238新北市樹林區佳園路二段34號1樓","number":"F001612","phone":"02-27478711#3961","type":"連鎖型綠色商店","city":"新北市"}},{"type":"Feature","geometry":{"type":"Point","coordinates":[121.510030981856,24.989034992172]},"properties":{"name":"7-11捷興門市","address":"235新北市中和區興南路1段81號","number":"F001227","phone":"02-27478711#3961","type":"連鎖型綠色商店","city":"新北市"}},{"type":"Feature","geometry":{"type":"Point","coordinates":[121.449222034518,25.177123013501]},"properties":{"name":"7-11淡大門市","address":"251新北市淡水區北新路182巷5弄39號","number":"F000539","phone":"02-27478711#3961","type":"連鎖型綠色商店","city":"新北市"}},{"type":"Feature","geometry":{"type":"Point","coordinates":[121.445484040978,25.168709007636]},"properties":{"name":"7-11淡水門市","address":"251新北市淡水區中正東路3號","number":"F000995","phone":"02-27478711#3961","type":"連鎖型綠色商店","city":"新北市"}},{"type":"Feature","geometry":{"type":"Point","coordinates":[121.446328014809,25.175582000602]},"properties":{"name":"7-11淡江門市","address":"251新北市淡水區學府路207號","number":"F001382","phone":"02-27478711#3961","type":"連鎖型綠色商店","city":"新北市"}},{"type":"Feature","geometry":{"type":"Point","coordinates":[121.452260474419,25.174451994325]},"properties":{"name":"7-11淡欣門市","address":"251新北市淡水區水源街2段104號","number":"F001273","phone":"02-27478711#3961","type":"連鎖型綠色商店","city":"新北市"}},{"type":"Feature","geometry":{"type":"Point","coordinates":[121.456403984435,25.236301010119]},"properties":{"name":"7-11淡芝門市","address":"251新北市淡水區淡金路5段100.102號","number":"F001397","phone":"02-27478711#3961","type":"連鎖型綠色商店","city":"新北市"}},{"type":"Feature","geometry":{"type":"Point","coordinates":[121.50845166366,25.008109898776]},"properties":{"name":"7-11添丁門市","address":"234新北市永和區中山路一段213號1樓","number":"F001168","phone":"02-27478711#3961","type":"連鎖型綠色商店","city":"新北市"}},{"type":"Feature","geometry":{"type":"Point","coordinates":[121.4974012,25.2502025]},"properties":{"name":"7-11淺水灣門市","address":"252新北市三芝區北勢子42號","number":"F001189","phone":"02-27478711#3961","type":"連鎖型綠色商店","city":"新北市"}},{"type":"Feature","geometry":{"type":"Point","coordinates":[121.457637968221,24.981451004269]},"properties":{"name":"7-11清和門市","address":"236新北市土城區清水路100號","number":"F001247","phone":"02-27478711#3961","type":"連鎖型綠色商店","city":"新北市"}},{"type":"Feature","geometry":{"type":"Point","coordinates":[121.487228098087,25.05146101818]},"properties":{"name":"7-11清茂門市","address":"241新北市三重區成功路106號之2","number":"F000577","phone":"02-27478711#3961","type":"連鎖型綠色商店","city":"新北市"}},{"type":"Feature","geometry":{"type":"Point","coordinates":[121.534089977636,24.95634800054]},"properties":{"name":"7-11涵碧門市","address":"231新北市新店區碧潭路39.41號","number":"F001549","phone":"02-27478711#3961","type":"連鎖型綠色商店","city":"新北市"}},{"type":"Feature","geometry":{"type":"Point","coordinates":[121.534080003171,24.956325998044]},"properties":{"name":"7-11涵碧門市","address":"231新北市新店區碧潭路37號","number":"F001084","phone":"02-27478711#3961","type":"連鎖型綠色商店","city":"新北市"}},{"type":"Feature","geometry":{"type":"Point","coordinates":[121.603358025478,25.002743008082]},"properties":{"name":"7-11深坑門市","address":"222新北市深坑區北深路三段145號","number":"F000498","phone":"02-27478711#3961","type":"連鎖型綠色商店","city":"新北市"}},{"type":"Feature","geometry":{"type":"Point","coordinates":[121.467880989177,24.985216993366]},"properties":{"name":"7-11祥吉門市","address":"236新北市土城區延吉街194號","number":"F001317","phone":"02-27478711#3961","type":"連鎖型綠色商店","city":"新北市"}},{"type":"Feature","geometry":{"type":"Point","coordinates":[121.425564699539,24.964222002292]},"properties":{"name":"7-11祥泰門市","address":"236新北市土城區中山路38號","number":"F001152","phone":"02-27478711#3961","type":"連鎖型綠色商店","city":"新北市"}},{"type":"Feature","geometry":{"type":"Point","coordinates":[121.422568001516,24.990585015617]},"properties":{"name":"7-11統友門市","address":"238新北市樹林區中山路一段86號","number":"F000951","phone":"02-27478711#3961","type":"連鎖型綠色商店","city":"新北市"}},{"type":"Feature","geometry":{"type":"Point","coordinates":[121.459248970011,25.091505015777]},"properties":{"name":"7-11統吉門市","address":"247新北市蘆洲區永平街32巷12弄1號","number":"F000527","phone":"02-27478711#3961","type":"連鎖型綠色商店","city":"新北市"}},{"type":"Feature","geometry":{"type":"Point","coordinates":[121.517150989509,24.974795982696]},"properties":{"name":"7-11統和門市","address":"231新北市新店區安和里安民街335.337號","number":"F001255","phone":"02-27478711#3961","type":"連鎖型綠色商店","city":"新北市"}},{"type":"Feature","geometry":{"type":"Point","coordinates":[121.549275639257,24.973330490744]},"properties":{"name":"7-11統客門市","address":"231新北市新店區寶興路47號","number":"F001608","phone":"02-27478711#3961","type":"連鎖型綠色商店","city":"新北市"}},{"type":"Feature","geometry":{"type":"Point","coordinates":[121.430860888879,25.06284649254]},"properties":{"name":"7-11羚陽門市","address":"243新北市泰山區泰林路二段302.304號","number":"F001251","phone":"02-27478711#3961","type":"連鎖型綠色商店","city":"新北市"}},{"type":"Feature","geometry":{"type":"Point","coordinates":[121.472781971783,25.001019982156]},"properties":{"name":"7-11莒光門市","address":"235新北市中和區莒光路149號","number":"F000540","phone":"02-27478711#3961","type":"連鎖型綠色商店","city":"新北市"}},{"type":"Feature","geometry":{"type":"Point","coordinates":[121.472447030932,25.003172999715]},"properties":{"name":"7-11莒城門市","address":"235新北市中和區莒光路91.93號1樓","number":"F001146","phone":"02-27478711#3961","type":"連鎖型綠色商店","city":"新北市"}},{"type":"Feature","geometry":{"type":"Point","coordinates":[121.465901267466,25.049190695886]},"properties":{"name":"7-11莊成門市","address":"242新北市新莊區化成路354號","number":"F001488","phone":"02-27478711#3961","type":"連鎖型綠色商店","city":"新北市"}},{"type":"Feature","geometry":{"type":"Point","coordinates":[121.449610619549,25.032824988027]},"properties":{"name":"7-11莊泰門市","address":"242新北市新莊區新泰路21號","number":"F001109","phone":"02-27478711#3961","type":"連鎖型綠色商店","city":"新北市"}},{"type":"Feature","geometry":{"type":"Point","coordinates":[121.415227968905,25.0214409805]},"properties":{"name":"7-11莊龍門市","address":"242新北市新莊區龍安路66號","number":"F001028","phone":"02-27478711#3961","type":"連鎖型綠色商店","city":"新北市"}},{"type":"Feature","geometry":{"type":"Point","coordinates":[121.533499724014,24.985012516838]},"properties":{"name":"7-11莊鑫門市","address":"231新北市新店區中正路519號","number":"F001209","phone":"02-27478711#3961","type":"連鎖型綠色商店","city":"新北市"}},{"type":"Feature","geometry":{"type":"Point","coordinates":[121.430065027173,24.970324991723]},"properties":{"name":"7-11連宇門市","address":"236新北市土城區自強街11巷2號","number":"F001570","phone":"02-27478711#3961","type":"連鎖型綠色商店","city":"新北市"}},{"type":"Feature","geometry":{"type":"Point","coordinates":[121.494972976621,24.992492401503]},"properties":{"name":"7-11連通門市","address":"235新北市中和區圓通路293號","number":"F001645","phone":"02-27478711#3961","type":"連鎖型綠色商店","city":"新北市"}},{"type":"Feature","geometry":{"type":"Point","coordinates":[121.499370039208,24.998663996811]},"properties":{"name":"7-11連勝門市","address":"235新北市中和區景平路513號","number":"F001250","phone":"02-27478711#3961","type":"連鎖型綠色商店","city":"新北市"}},{"type":"Feature","geometry":{"type":"Point","coordinates":[121.541119963648,24.980339019085]},"properties":{"name":"7-11連豐門市","address":"231新北市新店區大豐路12號","number":"F001235","phone":"02-27478711#3961","type":"連鎖型綠色商店","city":"新北市"}},{"type":"Feature","geometry":{"type":"Point","coordinates":[121.414204035613,24.956473016625]},"properties":{"name":"7-11頂埔門市","address":"236新北市土城區頂埔里中央路四段290號","number":"F001163","phone":"02-27478711#3961","type":"連鎖型綠色商店","city":"新北市"}},{"type":"Feature","geometry":{"type":"Point","coordinates":[121.471902877778,25.049435698916]},"properties":{"name":"7-11頂崁門市","address":"241新北市三重區光復路一段70號1樓","number":"F001037","phone":"02-27478711#3961","type":"連鎖型綠色商店","city":"新北市"}},{"type":"Feature","geometry":{"type":"Point","coordinates":[121.477641966882,25.066469989282]},"properties":{"name":"7-11頂華門市","address":"241新北市三重區頂崁街189號","number":"F000683","phone":"02-27478711#3961","type":"連鎖型綠色商店","city":"新北市"}},{"type":"Feature","geometry":{"type":"Point","coordinates":[121.507650437536,24.984637300942]},"properties":{"name":"7-11頂新門市","address":"235新北市中和區華新街28號之1.2.3.","number":"F001310","phone":"02-27478711#3961","type":"連鎖型綠色商店","city":"新北市"}},{"type":"Feature","geometry":{"type":"Point","coordinates":[121.411365001188,25.019947995907]},"properties":{"name":"7-11傑元門市","address":"242新北市新莊區中正路929巷27號","number":"F000952","phone":"02-27478711#3961","type":"連鎖型綠色商店","city":"新北市"}},{"type":"Feature","geometry":{"type":"Point","coordinates":[121.454576981,25.053538011878]},"properties":{"name":"7-11傑出門市","address":"242新北市新莊區昌平街69號","number":"F001637","phone":"02-27478711#3961","type":"連鎖型綠色商店","city":"新北市"}},{"type":"Feature","geometry":{"type":"Point","coordinates":[121.419775989568,24.978707020627]},"properties":{"name":"7-11凱園門市","address":"238新北市樹林區名園街45號","number":"F001414","phone":"02-27478711#3961","type":"連鎖型綠色商店","city":"新北市"}},{"type":"Feature","geometry":{"type":"Point","coordinates":[121.478185030389,25.023295015573]},"properties":{"name":"7-11勝多門市","address":"220新北市板橋區縣民大道三段270巷2-6號","number":"F001443","phone":"02-27478711#3961","type":"連鎖型綠色商店","city":"新北市"}},{"type":"Feature","geometry":{"type":"Point","coordinates":[121.638049409048,25.068427067251]},"properties":{"name":"7-11勝福門市","address":"221新北市汐止區福德一路89、91號","number":"F001328","phone":"02-27478711#3961","type":"連鎖型綠色商店","city":"新北市"}},{"type":"Feature","geometry":{"type":"Point","coordinates":[121.331002833942,24.93714371926]},"properties":{"name":"7-11博鑫門市","address":"239新北市鶯歌區中正三路283-1.283-2號1樓","number":"F001515","phone":"02-27478711#3961","type":"連鎖型綠色商店","city":"新北市"}},{"type":"Feature","geometry":{"type":"Point","coordinates":[121.398727605771,25.144901217495]},"properties":{"name":"7-11喜城門市","address":"249新北市八里區中華路二段562號","number":"F001174","phone":"02-27478711#3961","type":"連鎖型綠色商店","city":"新北市"}},{"type":"Feature","geometry":{"type":"Point","coordinates":[121.476216037514,25.052063006466]},"properties":{"name":"7-11富仟門市","address":"241新北市三重區五谷王北街139號","number":"F001225","phone":"02-27478711#3961","type":"連鎖型綠色商店","city":"新北市"}},{"type":"Feature","geometry":{"type":"Point","coordinates":[121.455739718608,25.045367709848]},"properties":{"name":"7-11富旺門市","address":"242新北市新莊區自立街172號","number":"F001242","phone":"02-27478711#3961","type":"連鎖型綠色商店","city":"新北市"}},{"type":"Feature","geometry":{"type":"Point","coordinates":[121.515214015504,25.012055009143]},"properties":{"name":"7-11富朋門市","address":"234新北市永和區永和路二段116號","number":"F001440","phone":"02-27478711#3961","type":"連鎖型綠色商店","city":"新北市"}},{"type":"Feature","geometry":{"type":"Point","coordinates":[121.45003298365,25.066818005902]},"properties":{"name":"7-11富美門市","address":"248新北市五股區五股工業區五權路23號","number":"F000953","phone":"02-27478711#3961","type":"連鎖型綠色商店","city":"新北市"}},{"type":"Feature","geometry":{"type":"Point","coordinates":[121.453410387716,25.06845951782]},"properties":{"name":"7-11富得門市","address":"248新北市五股區五權路48號1樓","number":"F001548","phone":"02-27478711#3961","type":"連鎖型綠色商店","city":"新北市"}},{"type":"Feature","geometry":{"type":"Point","coordinates":[121.433759015721,25.011376996996]},"properties":{"name":"7-11富新門市","address":"242新北市新莊區瓊林南路118-5號","number":"F001336","phone":"02-27478711#3961","type":"連鎖型綠色商店","city":"新北市"}},{"type":"Feature","geometry":{"type":"Point","coordinates":[121.621205025176,25.041339995824]},"properties":{"name":"7-11富鄰門市","address":"221新北市汐止區宜興街8號","number":"F001319","phone":"02-27478711#3961","type":"連鎖型綠色商店","city":"新北市"}},{"type":"Feature","geometry":{"type":"Point","coordinates":[121.502319966211,24.99013201566]},"properties":{"name":"7-11富興門市","address":"235新北市中和區中興里復興路277-1.279號","number":"F001346","phone":"02-27478711#3961","type":"連鎖型綠色商店","city":"新北市"}},{"type":"Feature","geometry":{"type":"Point","coordinates":[121.418393981372,25.026311997802]},"properties":{"name":"7-11富營門市","address":"242新北市新莊區富國路20號1樓","number":"F001593","phone":"02-27478711#3961","type":"連鎖型綠色商店","city":"新北市"}},{"type":"Feature","geometry":{"type":"Point","coordinates":[121.639075997117,25.07836898094]},"properties":{"name":"7-11尊爵門市","address":"221新北市汐止區伯爵街32號","number":"F001099","phone":"02-27478711#3961","type":"連鎖型綠色商店","city":"新北市"}},{"type":"Feature","geometry":{"type":"Point","coordinates":[121.423006877966,24.961869579256]},"properties":{"name":"7-11崴城門市","address":"236新北市土城區中央路4段35-3號","number":"F001057","phone":"02-27478711#3961","type":"連鎖型綠色商店","city":"新北市"}},{"type":"Feature","geometry":{"type":"Point","coordinates":[121.41918196409,24.989537990181]},"properties":{"name":"7-11復育門市","address":"238新北市樹林區樹西里13鄰育英街146號1樓.","number":"F001117","phone":"02-27478711#3961","type":"連鎖型綠色商店","city":"新北市"}},{"type":"Feature","geometry":{"type":"Point","coordinates":[121.518164026327,25.003248981667]},"properties":{"name":"7-11復美門市","address":"234新北市永和區秀朗路1段146號","number":"F001532","phone":"02-27478711#3961","type":"連鎖型綠色商店","city":"新北市"}},{"type":"Feature","geometry":{"type":"Point","coordinates":[121.370580001441,24.938289986429]},"properties":{"name":"7-11復峽門市","address":"237新北市三峽區復興路157.159號","number":"F001453","phone":"02-27478711#3961","type":"連鎖型綠色商店","city":"新北市"}},{"type":"Feature","geometry":{"type":"Point","coordinates":[121.471921988517,25.059702985482]},"properties":{"name":"7-11復貴門市","address":"241新北市三重區頂崁里光復路2段140-1號","number":"F001613","phone":"02-27478711#3961","type":"連鎖型綠色商店","city":"新北市"}},{"type":"Feature","geometry":{"type":"Point","coordinates":[121.511399495188,24.957364515847]},"properties":{"name":"7-11景大門市","address":"231新北市新店區安忠路71巷1號1樓","number":"F001110","phone":"02-27478711#3961","type":"連鎖型綠色商店","city":"新北市"}},{"type":"Feature","geometry":{"type":"Point","coordinates":[121.51183300722,24.986372983542]},"properties":{"name":"7-11景仁門市","address":"235新北市中和區東南里14鄰忠孝街103號1樓","number":"F000512","phone":"02-27478711#3961","type":"連鎖型綠色商店","city":"新北市"}},{"type":"Feature","geometry":{"type":"Point","coordinates":[121.503871959403,24.99085998395]},"properties":{"name":"7-11景安門市","address":"235新北市中和區景安路210號","number":"F000518","phone":"02-27478711#3961","type":"連鎖型綠色商店","city":"新北市"}},{"type":"Feature","geometry":{"type":"Point","coordinates":[121.4928304,25.003819]},"properties":{"name":"7-11景旺門市","address":"235新北市中和區成功南路1號","number":"F001032","phone":"02-27478711#3961","type":"連鎖型綠色商店","city":"新北市"}},{"type":"Feature","geometry":{"type":"Point","coordinates":[121.517155934832,24.992265084289]},"properties":{"name":"7-11景勇門市","address":"235新北市中和區景平路166號","number":"F001302","phone":"02-27478711#3961","type":"連鎖型綠色商店","city":"新北市"}},{"type":"Feature","geometry":{"type":"Point","coordinates":[121.484781085274,25.000144618098]},"properties":{"name":"7-11景順門市","address":"235新北市中和區平河里中正路755之1號","number":"F001347","phone":"02-27478711#3961","type":"連鎖型綠色商店","city":"新北市"}},{"type":"Feature","geometry":{"type":"Point","coordinates":[121.497506993589,24.995373010168]},"properties":{"name":"7-11景圓門市","address":"235新北市中和區圓通路162-1.162-21F","number":"F001148","phone":"02-27478711#3961","type":"連鎖型綠色商店","city":"新北市"}},{"type":"Feature","geometry":{"type":"Point","coordinates":[121.513052993227,24.988297007507]},"properties":{"name":"7-11景新門市","address":"235新北市中和區景新街436號","number":"F001180","phone":"02-27478711#3961","type":"連鎖型綠色商店","city":"新北市"}},{"type":"Feature","geometry":{"type":"Point","coordinates":[121.509274179819,24.951987902146]},"properties":{"name":"7-11景愿門市","address":"231新北市新店區安忠路99號1樓","number":"F001422","phone":"02-27478711#3961","type":"連鎖型綠色商店","city":"新北市"}},{"type":"Feature","geometry":{"type":"Point","coordinates":[121.514251018648,24.98833568999]},"properties":{"name":"7-11景福門市","address":"235新北市中和區景新街467巷22號","number":"F000935","phone":"02-27478711#3961","type":"連鎖型綠色商店","city":"新北市"}},{"type":"Feature","geometry":{"type":"Point","coordinates":[121.505389000059,24.995632010976]},"properties":{"name":"7-11景禮門市","address":"235新北市中和區景安路100.102號","number":"F000942","phone":"02-27478711#3961","type":"連鎖型綠色商店","city":"新北市"}},{"type":"Feature","geometry":{"type":"Point","coordinates":[121.48493983852,24.997753093484]},"properties":{"name":"7-11景鑫門市","address":"235新北市中和區中正路683號","number":"F001155","phone":"02-27478711#3961","type":"連鎖型綠色商店","city":"新北市"}},{"type":"Feature","geometry":{"type":"Point","coordinates":[121.514038034488,24.995288981588]},"properties":{"name":"7-11智光門市","address":"234新北市永和區中正路88號","number":"F001524","phone":"02-27478711#3961","type":"連鎖型綠色商店","city":"新北市"}},{"type":"Feature","geometry":{"type":"Point","coordinates":[121.467892975299,25.082836996337]},"properties":{"name":"7-11智華門市","address":"247新北市蘆洲區光華路72號","number":"F001284","phone":"02-27478711#3961","type":"連鎖型綠色商店","city":"新北市"}},{"type":"Feature","geometry":{"type":"Point","coordinates":[121.653597979645,25.066542995659]},"properties":{"name":"7-11智慧門市","address":"221新北市汐止區大同路2段281號","number":"F001022","phone":"02-27478711#3961","type":"連鎖型綠色商店","city":"新北市"}},{"type":"Feature","geometry":{"type":"Point","coordinates":[121.458128980109,25.021968998491]},"properties":{"name":"7-11智樂門市","address":"220新北市板橋區新生街89巷2號","number":"F000960","phone":"02-27478711#3961","type":"連鎖型綠色商店","city":"新北市"}},{"type":"Feature","geometry":{"type":"Point","coordinates":[121.451706011524,25.051291997103]},"properties":{"name":"7-11港義門市","address":"242新北市新莊區中港路527號","number":"F000966","phone":"02-27478711#3961","type":"連鎖型綠色商店","city":"新北市"}},{"type":"Feature","geometry":{"type":"Point","coordinates":[121.459990014071,25.138990006009]},"properties":{"name":"7-11渡船頭門市","address":"251新北市淡水區中正路57.59號","number":"F001293","phone":"02-27478711#3961","type":"連鎖型綠色商店","city":"新北市"}},{"type":"Feature","geometry":{"type":"Point","coordinates":[121.631330028936,25.07097601661]},"properties":{"name":"7-11湖前門市","address":"221新北市汐止區湖前街99.101號","number":"F000514","phone":"02-27478711#3961","type":"連鎖型綠色商店","city":"新北市"}},{"type":"Feature","geometry":{"type":"Point","coordinates":[121.468505021869,25.045459994602]},"properties":{"name":"7-11湯旺門市","address":"241新北市三重區中興里重新路5段609巷2-1號","number":"F001278","phone":"02-27478711#3961","type":"連鎖型綠色商店","city":"新北市"}},{"type":"Feature","geometry":{"type":"Point","coordinates":[121.468502591117,25.045900882709]},"properties":{"name":"7-11湯城門市","address":"241新北市三重區重新路5段609巷10號之6","number":"F001006","phone":"02-27478711#3961","type":"連鎖型綠色商店","city":"新北市"}},{"type":"Feature","geometry":{"type":"Point","coordinates":[121.397341993357,25.079351004716]},"properties":{"name":"7-11登林門市","address":"244新北市林口區粉寮路1段84號","number":"F001373","phone":"02-27478711#3961","type":"連鎖型綠色商店","city":"新北市"}},{"type":"Feature","geometry":{"type":"Point","coordinates":[121.653483985762,25.062417003821]},"properties":{"name":"7-11登峰門市","address":"221新北市汐止區新台五路1段151號","number":"F001040","phone":"02-27478711#3961","type":"連鎖型綠色商店","city":"新北市"}},{"type":"Feature","geometry":{"type":"Point","coordinates":[121.471939674333,25.05345209737]},"properties":{"name":"7-11登頂門市","address":"241新北市三重區光復路2段2號","number":"F001494","phone":"02-27478711#3961","type":"連鎖型綠色商店","city":"新北市"}},{"type":"Feature","geometry":{"type":"Point","coordinates":[121.429321971456,25.070405711918]},"properties":{"name":"7-11登福門市","address":"248新北市五股區登林路76之3號","number":"F001400","phone":"02-27478711#3961","type":"連鎖型綠色商店","city":"新北市"}},{"type":"Feature","geometry":{"type":"Point","coordinates":[121.462183977227,25.080436000172]},"properties":{"name":"7-11華安門市","address":"247新北市蘆洲區長安街82號","number":"F001026","phone":"02-27478711#3961","type":"連鎖型綠色商店","city":"新北市"}},{"type":"Feature","geometry":{"type":"Point","coordinates":[121.471336009666,25.024381980777]},"properties":{"name":"7-11華翠門市","address":"220新北市板橋區莒光路63號","number":"F001063","phone":"02-27478711#3961","type":"連鎖型綠色商店","city":"新北市"}},{"type":"Feature","geometry":{"type":"Point","coordinates":[121.421259167335,25.031385689523]},"properties":{"name":"7-11貴鳳門市","address":"243新北市泰山區貴鳳街2號","number":"F001294","phone":"02-27478711#3961","type":"連鎖型綠色商店","city":"新北市"}},{"type":"Feature","geometry":{"type":"Point","coordinates":[121.45784055882,25.004368384836]},"properties":{"name":"7-11貴興門市","address":"220新北市板橋區貴興路7號","number":"F001004","phone":"02-27478711#3961","type":"連鎖型綠色商店","city":"新北市"}},{"type":"Feature","geometry":{"type":"Point","coordinates":[121.65571499693,25.066578995933]},"properties":{"name":"7-11進益門市","address":"221新北市汐止區大同路二段314號","number":"F001254","phone":"02-27478711#3961","type":"連鎖型綠色商店","city":"新北市"}},{"type":"Feature","geometry":{"type":"Point","coordinates":[121.668718010964,25.081344011743]},"properties":{"name":"7-11鄉長門市","address":"221新北市汐止區鄉長路二段16號","number":"F001595","phone":"02-27478711#3961","type":"連鎖型綠色商店","city":"新北市"}},{"type":"Feature","geometry":{"type":"Point","coordinates":[121.453397982499,24.982966997187]},"properties":{"name":"7-11隆城門市","address":"236新北市土城區學士路14號","number":"F001517","phone":"02-27478711#3961","type":"連鎖型綠色商店","city":"新北市"}},{"type":"Feature","geometry":{"type":"Point","coordinates":[121.469784016474,25.011804013053]},"properties":{"name":"7-11雅盛門市","address":"220新北市板橋區長安里漢生東路187號","number":"F001484","phone":"02-27478711#3961","type":"連鎖型綠色商店","city":"新北市"}},{"type":"Feature","geometry":{"type":"Point","coordinates":[121.489462797292,25.052941681376]},"properties":{"name":"7-11集美門市","address":"241新北市三重區集美街107號","number":"F001101","phone":"02-27478711#3961","type":"連鎖型綠色商店","city":"新北市"}},{"type":"Feature","geometry":{"type":"Point","coordinates":[121.481114002634,25.083690986542]},"properties":{"name":"7-11集賢門市","address":"247新北市蘆洲區集賢路271號","number":"F001193","phone":"02-27478711#3961","type":"連鎖型綠色商店","city":"新北市"}},{"type":"Feature","geometry":{"type":"Point","coordinates":[121.491011018628,25.053983007117]},"properties":{"name":"7-11集興門市","address":"241新北市三重區光明里24鄰集美街202號","number":"F001445","phone":"02-27478711#3961","type":"連鎖型綠色商店","city":"新北市"}},{"type":"Feature","geometry":{"type":"Point","coordinates":[121.410588920773,24.977889617429]},"properties":{"name":"7-11順興門市","address":"238新北市樹林區東興街41號","number":"F001526","phone":"02-27478711#3961","type":"連鎖型綠色商店","city":"新北市"}},{"type":"Feature","geometry":{"type":"Point","coordinates":[121.481926963423,25.078869003374]},"properties":{"name":"7-11匯和門市","address":"241新北市三重區三和路4段390巷2號","number":"F001477","phone":"02-27478711#3961","type":"連鎖型綠色商店","city":"新北市"}},{"type":"Feature","geometry":{"type":"Point","coordinates":[121.453737030483,25.009268990256]},"properties":{"name":"7-11園林門市","address":"220新北市板橋區光華里林園街1號","number":"F001525","phone":"02-27478711#3961","type":"連鎖型綠色商店","city":"新北市"}},{"type":"Feature","geometry":{"type":"Point","coordinates":[121.368056797128,24.926933513455]},"properties":{"name":"7-11園道門市","address":"237新北市三峽區中園街22號","number":"F001061","phone":"02-27478711#3961","type":"連鎖型綠色商店","city":"新北市"}},{"type":"Feature","geometry":{"type":"Point","coordinates":[121.491645025784,24.990729016713]},"properties":{"name":"7-11圓通門市","address":"235新北市中和區圓通路280.282號","number":"F000559","phone":"02-27478711#3961","type":"連鎖型綠色商店","city":"新北市"}},{"type":"Feature","geometry":{"type":"Point","coordinates":[121.469175993218,25.049391987291]},"properties":{"name":"7-11愛家門市","address":"241新北市三重區中興北街42巷11號","number":"F001270","phone":"02-27478711#3961","type":"連鎖型綠色商店","city":"新北市"}},{"type":"Feature","geometry":{"type":"Point","coordinates":[121.389177013835,25.076484016644]},"properties":{"name":"7-11愛鄉門市","address":"244新北市林口區仁愛路1段635號","number":"F001555","phone":"02-27478711#3961","type":"連鎖型綠色商店","city":"新北市"}},{"type":"Feature","geometry":{"type":"Point","coordinates":[121.635538331063,25.061368804919]},"properties":{"name":"7-11新工建門市","address":"221新北市汐止區中興路60號","number":"F001332","phone":"02-27478711#3961","type":"連鎖型綠色商店","city":"新北市"}},{"type":"Feature","geometry":{"type":"Point","coordinates":[121.541645006063,24.97180900768]},"properties":{"name":"7-11新中門市","address":"231新北市新店區中正路152號","number":"F001213","phone":"02-27478711#3961","type":"連鎖型綠色商店","city":"新北市"}},{"type":"Feature","geometry":{"type":"Point","coordinates":[121.466496969325,25.052136012843]},"properties":{"name":"7-11新化成門市","address":"242新北市新莊區化成路500號","number":"F001391","phone":"02-27478711#3961","type":"連鎖型綠色商店","city":"新北市"}},{"type":"Feature","geometry":{"type":"Point","coordinates":[121.450724406843,25.062059389922]},"properties":{"name":"7-11新台門市","address":"248新北市五股區五工六路14號","number":"F001506","phone":"02-27478711#3961","type":"連鎖型綠色商店","city":"新北市"}},{"type":"Feature","geometry":{"type":"Point","coordinates":[121.463139262732,25.031078995686]},"properties":{"name":"7-11新巨蛋門市","address":"220新北市板橋區長江路一段419.421.423號","number":"F001487","phone":"02-27478711#3961","type":"連鎖型綠色商店","city":"新北市"}},{"type":"Feature","geometry":{"type":"Point","coordinates":[121.444773004132,25.182711982719]},"properties":{"name":"7-11新市鎮門市","address":"251新北市淡水區中山北路一段382號","number":"F001429","phone":"02-27478711#3961","type":"連鎖型綠色商店","city":"新北市"}},{"type":"Feature","geometry":{"type":"Point","coordinates":[121.53415803869,24.989984997078]},"properties":{"name":"7-11新正門市","address":"231新北市新店區中正路682號","number":"F000564","phone":"02-27478711#3961","type":"連鎖型綠色商店","city":"新北市"}},{"type":"Feature","geometry":{"type":"Point","coordinates":[121.474419041292,25.001486979891]},"properties":{"name":"7-11新民享門市","address":"235新北市中和區民享街91號","number":"F001127","phone":"02-27478711#3961","type":"連鎖型綠色商店","city":"新北市"}},{"type":"Feature","geometry":{"type":"Point","coordinates":[121.522175306675,25.000619448704]},"properties":{"name":"7-11新永元門市","address":"234新北市永和區永元路28、30號","number":"F001354","phone":"02-27478711#3961","type":"連鎖型綠色商店","city":"新北市"}},{"type":"Feature","geometry":{"type":"Point","coordinates":[121.430707667689,24.964868582303]},"properties":{"name":"7-11新永寧門市","address":"236新北市土城區中央路三段191之1號、永寧路1、3號","number":"F001624","phone":"02-27478711#3961","type":"連鎖型綠色商店","city":"新北市"}},{"type":"Feature","geometry":{"type":"Point","coordinates":[121.463538995694,25.007084792018]},"properties":{"name":"7-11新兆圓門市","address":"220新北市板橋區實踐路34.34-1號1樓","number":"F001508","phone":"02-27478711#3961","type":"連鎖型綠色商店","city":"新北市"}},{"type":"Feature","geometry":{"type":"Point","coordinates":[121.473424025566,25.080912008454]},"properties":{"name":"7-11新吉麗門市","address":"247新北市蘆洲區中山一路204號1樓","number":"F001205","phone":"02-27478711#3961","type":"連鎖型綠色商店","city":"新北市"}},{"type":"Feature","geometry":{"type":"Point","coordinates":[121.422554674289,24.997698192018]},"properties":{"name":"7-11新宇鈞門市","address":"238新北市樹林區大安路115.117號1樓","number":"F001380","phone":"02-27478711#3961","type":"連鎖型綠色商店","city":"新北市"}},{"type":"Feature","geometry":{"type":"Point","coordinates":[121.430941019874,25.020824994436]},"properties":{"name":"7-11新安門市","address":"242新北市新莊區民安東路127號","number":"F001349","phone":"02-27478711#3961","type":"連鎖型綠色商店","city":"新北市"}},{"type":"Feature","geometry":{"type":"Point","coordinates":[121.446380988437,25.031728006448]},"properties":{"name":"7-11新年門市","address":"242新北市新莊區豐年街54號","number":"F000521","phone":"02-27478711#3961","type":"連鎖型綠色商店","city":"新北市"}},{"type":"Feature","geometry":{"type":"Point","coordinates":[121.661825991078,25.073567994439]},"properties":{"name":"7-11新旭勝門市","address":"221新北市汐止區建成路160巷2號","number":"F001177","phone":"02-27478711#3961","type":"連鎖型綠色商店","city":"新北市"}},{"type":"Feature","geometry":{"type":"Point","coordinates":[121.641994231522,25.064055634979]},"properties":{"name":"7-11新汐農門市","address":"221新北市汐止區樟樹一路113、115號","number":"F001053","phone":"02-27478711#3961","type":"連鎖型綠色商店","city":"新北市"}},{"type":"Feature","geometry":{"type":"Point","coordinates":[121.428672960693,25.026972994687]},"properties":{"name":"7-11新宏盛門市","address":"242新北市新莊區後港一路114號","number":"F001015","phone":"02-27478711#3961","type":"連鎖型綠色商店","city":"新北市"}},{"type":"Feature","geometry":{"type":"Point","coordinates":[121.434276598242,24.97242449083]},"properties":{"name":"7-11新亞洲門市","address":"236新北市土城區亞洲路104號","number":"F001246","phone":"02-27478711#3961","type":"連鎖型綠色商店","city":"新北市"}},{"type":"Feature","geometry":{"type":"Point","coordinates":[121.519853985645,24.985527584788]},"properties":{"name":"7-11新和門市","address":"231新北市新店區新和街57號","number":"F001410","phone":"02-27478711#3961","type":"連鎖型綠色商店","city":"新北市"}},{"type":"Feature","geometry":{"type":"Point","coordinates":[121.488736002468,24.994575011076]},"properties":{"name":"7-11新和高門市","address":"235新北市中和區中正路502號1樓","number":"F001478","phone":"02-27478711#3961","type":"連鎖型綠色商店","city":"新北市"}},{"type":"Feature","geometry":{"type":"Point","coordinates":[121.547594983851,24.95184901401]},"properties":{"name":"7-11新宜門市","address":"231新北市新店區北宜路二段4.6號","number":"F001041","phone":"02-27478711#3961","type":"連鎖型綠色商店","city":"新北市"}},{"type":"Feature","geometry":{"type":"Point","coordinates":[121.53778438528,24.957871118075]},"properties":{"name":"7-11新店站門市","address":"231新北市新店區北宜路一段2號","number":"F001571","phone":"02-27478711#3961","type":"連鎖型綠色商店","city":"新北市"}},{"type":"Feature","geometry":{"type":"Point","coordinates":[121.394695994162,25.077222001309]},"properties":{"name":"7-11新林口門市","address":"244新北市林口區中正路83號","number":"F001476","phone":"02-27478711#3961","type":"連鎖型綠色商店","city":"新北市"}},{"type":"Feature","geometry":{"type":"Point","coordinates":[121.461985996674,25.015259997461]},"properties":{"name":"7-11新板橋門市","address":"220新北市板橋區文化路1段135號","number":"F001067","phone":"02-27478711#3961","type":"連鎖型綠色商店","city":"新北市"}},{"type":"Feature","geometry":{"type":"Point","coordinates":[121.540586958425,24.984945000608]},"properties":{"name":"7-11新矽谷門市","address":"231新北市新店區北新路三段205-1號","number":"F001359","phone":"02-27478711#3961","type":"連鎖型綠色商店","city":"新北市"}},{"type":"Feature","geometry":{"type":"Point","coordinates":[121.507292362632,25.008388806604]},"properties":{"name":"7-11新保捷門市","address":"234新北市永和區保生路22巷2號1樓","number":"F001169","phone":"02-27478711#3961","type":"連鎖型綠色商店","city":"新北市"}},{"type":"Feature","geometry":{"type":"Point","coordinates":[121.507236958252,25.013609013992]},"properties":{"name":"7-11新保福門市","address":"234新北市永和區保安路220號","number":"F000961","phone":"02-27478711#3961","type":"連鎖型綠色商店","city":"新北市"}},{"type":"Feature","geometry":{"type":"Point","coordinates":[121.761840033234,25.100830008788]},"properties":{"name":"7-11新建興門市","address":"224新北市瑞芳區大埔路138號","number":"F001536","phone":"02-27478711#3961","type":"連鎖型綠色商店","city":"新北市"}},{"type":"Feature","geometry":{"type":"Point","coordinates":[121.441729535089,25.181648989758]},"properties":{"name":"7-11新春門市","address":"251新北市淡水區新春街140號","number":"F001324","phone":"02-27478711#3961","type":"連鎖型綠色商店","city":"新北市"}},{"type":"Feature","geometry":{"type":"Point","coordinates":[121.483680038472,25.063098997373]},"properties":{"name":"7-11新洛華門市","address":"241新北市三重區中華路95號","number":"F001496","phone":"02-27478711#3961","type":"連鎖型綠色商店","city":"新北市"}},{"type":"Feature","geometry":{"type":"Point","coordinates":[121.465470018548,25.044544984142]},"properties":{"name":"7-11新茂門市","address":"242新北市新莊區化成路118.120號","number":"F001108","phone":"02-27478711#3961","type":"連鎖型綠色商店","city":"新北市"}},{"type":"Feature","geometry":{"type":"Point","coordinates":[121.428140961299,25.01462900779]},"properties":{"name":"7-11新展盛門市","address":"242新北市新莊區西盛街325.327號1樓","number":"F001596","phone":"02-27478711#3961","type":"連鎖型綠色商店","city":"新北市"}},{"type":"Feature","geometry":{"type":"Point","coordinates":[121.44572803818,25.040152992606]},"properties":{"name":"7-11新泰門市","address":"242新北市新莊區新泰路267號","number":"F001656","phone":"02-27478711#3961","type":"連鎖型綠色商店","city":"新北市"}},{"type":"Feature","geometry":{"type":"Point","coordinates":[121.460955022583,25.023313288122]},"properties":{"name":"7-11新海門市","address":"220新北市板橋區文德里新海路138號","number":"F001334","phone":"02-27478711#3961","type":"連鎖型綠色商店","city":"新北市"}},{"type":"Feature","geometry":{"type":"Point","coordinates":[121.438197987824,25.177172005725]},"properties":{"name":"7-11新真理門市","address":"251新北市淡水區新民街102.104號","number":"F000978","phone":"02-27478711#3961","type":"連鎖型綠色商店","city":"新北市"}},{"type":"Feature","geometry":{"type":"Point","coordinates":[121.437422997056,25.178886985024]},"properties":{"name":"7-11新淡專門市","address":"251新北市淡水區新民街180巷12.16號","number":"F001497","phone":"02-27478711#3961","type":"連鎖型綠色商店","city":"新北市"}},{"type":"Feature","geometry":{"type":"Point","coordinates":[121.654704474683,25.071329984381]},"properties":{"name":"7-11新盛昌門市","address":"221新北市汐止區長江街13巷1號","number":"F001516","phone":"02-27478711#3961","type":"連鎖型綠色商店","city":"新北市"}},{"type":"Feature","geometry":{"type":"Point","coordinates":[121.446867977011,25.036748012079]},"properties":{"name":"7-11新統義門市","address":"242新北市新莊區建中街92號1樓","number":"F001424","phone":"02-27478711#3961","type":"連鎖型綠色商店","city":"新北市"}},{"type":"Feature","geometry":{"type":"Point","coordinates":[121.419290006822,24.959889019355]},"properties":{"name":"7-11新通信門市","address":"236新北市土城區中央路四段70.72號","number":"F001644","phone":"02-27478711#3961","type":"連鎖型綠色商店","city":"新北市"}},{"type":"Feature","geometry":{"type":"Point","coordinates":[121.487991102733,24.995899016501]},"properties":{"name":"7-11新連正門市","address":"235新北市中和區連城路347巷2號","number":"F001300","phone":"02-27478711#3961","type":"連鎖型綠色商店","city":"新北市"}},{"type":"Feature","geometry":{"type":"Point","coordinates":[121.68985826042,25.204886810484]},"properties":{"name":"7-11新野柳門市","address":"207新北市萬里鄉野柳港東路158號","number":"F001507","phone":"02-27478711#3961","type":"連鎖型綠色商店","city":"新北市"}},{"type":"Feature","geometry":{"type":"Point","coordinates":[121.509021968352,24.983078979414]},"properties":{"name":"7-11新景和門市","address":"235新北市中和區忠孝街1-2號","number":"F001234","phone":"02-27478711#3961","type":"連鎖型綠色商店","city":"新北市"}},{"type":"Feature","geometry":{"type":"Point","coordinates":[121.451364029875,25.054072986848]},"properties":{"name":"7-11新港原門市","address":"242新北市新莊區中原路201.203號1樓","number":"F001472","phone":"02-27478711#3961","type":"連鎖型綠色商店","city":"新北市"}},{"type":"Feature","geometry":{"type":"Point","coordinates":[121.419164026817,24.964889998066]},"properties":{"name":"7-11新紫城門市","address":"236新北市土城區福安街38、40號","number":"F001076","phone":"02-27478711#3961","type":"連鎖型綠色商店","city":"新北市"}},{"type":"Feature","geometry":{"type":"Point","coordinates":[121.428583022872,25.063948000345]},"properties":{"name":"7-11新陽光門市","address":"243新北市泰山區泰林路2段368.370號","number":"F001632","phone":"02-27478711#3961","type":"連鎖型綠色商店","city":"新北市"}},{"type":"Feature","geometry":{"type":"Point","coordinates":[121.54072509219,24.986279399593]},"properties":{"name":"7-11新順安門市","address":"231新北市新店區順安街57號","number":"F001052","phone":"02-27478711#3961","type":"連鎖型綠色商店","city":"新北市"}},{"type":"Feature","geometry":{"type":"Point","coordinates":[121.92350599073,25.048599017341]},"properties":{"name":"7-11新順興門市","address":"228新北市貢寮區仁和路2號","number":"F001579","phone":"02-27478711#3961","type":"連鎖型綠色商店","city":"新北市"}},{"type":"Feature","geometry":{"type":"Point","coordinates":[121.434944300649,25.076565991657]},"properties":{"name":"7-11新圓山門市","address":"248新北市五股區成泰路一段191號","number":"F001377","phone":"02-27478711#3961","type":"連鎖型綠色商店","city":"新北市"}},{"type":"Feature","geometry":{"type":"Point","coordinates":[121.542903297368,24.97806790051]},"properties":{"name":"7-11新極景門市","address":"231新北市新店區北新路2段252-1號","number":"F001649","phone":"02-27478711#3961","type":"連鎖型綠色商店","city":"新北市"}},{"type":"Feature","geometry":{"type":"Point","coordinates":[121.517740321121,24.983629712362]},"properties":{"name":"7-11新猷門市","address":"231新北市新店區安和路三段77號","number":"F001093","phone":"02-27478711#3961","type":"連鎖型綠色商店","city":"新北市"}},{"type":"Feature","geometry":{"type":"Point","coordinates":[121.478979970086,25.08553500524]},"properties":{"name":"7-11新義民門市","address":"247新北市蘆洲區民族路122.124號","number":"F001216","phone":"02-27478711#3961","type":"連鎖型綠色商店","city":"新北市"}},{"type":"Feature","geometry":{"type":"Point","coordinates":[121.449224968184,24.988060009195]},"properties":{"name":"7-11新裕生門市","address":"236新北市土城區裕民路57號、55巷2號","number":"F001199","phone":"02-27478711#3961","type":"連鎖型綠色商店","city":"新北市"}},{"type":"Feature","geometry":{"type":"Point","coordinates":[121.445737006816,25.012298000517]},"properties":{"name":"7-11新僑中門市","address":"220新北市板橋區僑中一街124巷3弄3號","number":"F001539","phone":"02-27478711#3961","type":"連鎖型綠色商店","city":"新北市"}},{"type":"Feature","geometry":{"type":"Point","coordinates":[121.530493973536,24.973714004724]},"properties":{"name":"7-11新福民門市","address":"231新北市新店區中央路135號","number":"F001560","phone":"02-27478711#3961","type":"連鎖型綠色商店","city":"新北市"}},{"type":"Feature","geometry":{"type":"Point","coordinates":[121.944520930734,25.016770416413]},"properties":{"name":"7-11新福隆門市","address":"228新北市貢寮區福隆村興隆街24-1號","number":"F001438","phone":"02-27478711#3961","type":"連鎖型綠色商店","city":"新北市"}},{"type":"Feature","geometry":{"type":"Point","coordinates":[121.458279938185,25.065394591105]},"properties":{"name":"7-11新福圓門市","address":"242新北市新莊區五工三路93號1樓","number":"F001304","phone":"02-27478711#3961","type":"連鎖型綠色商店","city":"新北市"}},{"type":"Feature","geometry":{"type":"Point","coordinates":[121.479970430761,25.023080165185]},"properties":{"name":"7-11新翠華門市","address":"220新北市板橋區三民路一段31巷14、16號","number":"F001576","phone":"02-27478711#3961","type":"連鎖型綠色商店","city":"新北市"}},{"type":"Feature","geometry":{"type":"Point","coordinates":[121.429819185953,25.031007581871]},"properties":{"name":"7-11新遠門市","address":"242新北市新莊區中正路651號之8號","number":"F001050","phone":"02-27478711#3961","type":"連鎖型綠色商店","city":"新北市"}},{"type":"Feature","geometry":{"type":"Point","coordinates":[121.533785882189,24.984545602922]},"properties":{"name":"7-11新廣門市","address":"231新北市新店區中正路542之2號","number":"F001441","phone":"02-27478711#3961","type":"連鎖型綠色商店","city":"新北市"}},{"type":"Feature","geometry":{"type":"Point","coordinates":[121.640735027213,25.068412998257]},"properties":{"name":"7-11新樟樹門市","address":"221新北市汐止區樟樹二路255號","number":"F001001","phone":"02-27478711#3961","type":"連鎖型綠色商店","city":"新北市"}},{"type":"Feature","geometry":{"type":"Point","coordinates":[121.452867994762,24.985521004994]},"properties":{"name":"7-11新學府門市","address":"236新北市土城區學府路1段169號","number":"F001312","phone":"02-27478711#3961","type":"連鎖型綠色商店","city":"新北市"}},{"type":"Feature","geometry":{"type":"Point","coordinates":[121.416180991296,25.000918016304]},"properties":{"name":"7-11新樹工門市","address":"238新北市樹林區保安街二段6號","number":"F001471","phone":"02-27478711#3961","type":"連鎖型綠色商店","city":"新北市"}},{"type":"Feature","geometry":{"type":"Point","coordinates":[121.434883867127,25.022635108336]},"properties":{"name":"7-11新樹門市","address":"242新北市新莊區新樹路166號.民安路461號","number":"F000977","phone":"02-27478711#3961","type":"連鎖型綠色商店","city":"新北市"}},{"type":"Feature","geometry":{"type":"Point","coordinates":[121.551188976295,24.909401002763]},"properties":{"name":"7-11新燕門市","address":"231新北市新店區新烏路2段382.384號1樓","number":"F001367","phone":"02-27478711#3961","type":"連鎖型綠色商店","city":"新北市"}},{"type":"Feature","geometry":{"type":"Point","coordinates":[121.48028159583,25.000448420178]},"properties":{"name":"7-11新積穗門市","address":"235新北市中和區民安街27.29號1樓","number":"F001436","phone":"02-27478711#3961","type":"連鎖型綠色商店","city":"新北市"}},{"type":"Feature","geometry":{"type":"Point","coordinates":[121.479480034429,24.94480498831]},"properties":{"name":"7-11新錦秀門市","address":"231新北市新店區錦秀路13.15號1樓","number":"F001642","phone":"02-27478711#3961","type":"連鎖型綠色商店","city":"新北市"}},{"type":"Feature","geometry":{"type":"Point","coordinates":[121.425888995373,25.014327804099]},"properties":{"name":"7-11新龍門市","address":"242新北市新莊區光明里民安西路232號","number":"F001243","phone":"02-27478711#3961","type":"連鎖型綠色商店","city":"新北市"}},{"type":"Feature","geometry":{"type":"Point","coordinates":[121.422971087239,25.019209214961]},"properties":{"name":"7-11新龍俊門市","address":"242新北市新莊區龍安路351.353號1樓","number":"F001106","phone":"02-27478711#3961","type":"連鎖型綠色商店","city":"新北市"}},{"type":"Feature","geometry":{"type":"Point","coordinates":[121.534170024811,24.990535017564]},"properties":{"name":"7-11新鵬門市","address":"231新北市新店區中正路696號1樓","number":"F001132","phone":"02-27478711#3961","type":"連鎖型綠色商店","city":"新北市"}},{"type":"Feature","geometry":{"type":"Point","coordinates":[121.550692013256,24.978173009575]},"properties":{"name":"7-11新寶橋門市","address":"231新北市新店區寶橋路192號","number":"F001011","phone":"02-27478711#3961","type":"連鎖型綠色商店","city":"新北市"}},{"type":"Feature","geometry":{"type":"Point","coordinates":[121.355523002034,24.954339989905]},"properties":{"name":"7-11新鶯歌站門市","address":"239新北市鶯歌區文化路68號之1","number":"F001265","phone":"02-27478711#3961","type":"連鎖型綠色商店","city":"新北市"}},{"type":"Feature","geometry":{"type":"Point","coordinates":[121.44686202586,25.002778002528]},"properties":{"name":"7-11新觀和門市","address":"220新北市板橋區大觀路二段55.57號1樓","number":"F001602","phone":"02-27478711#3961","type":"連鎖型綠色商店","city":"新北市"}},{"type":"Feature","geometry":{"type":"Point","coordinates":[121.509889914426,24.995446100363]},"properties":{"name":"7-11椰城門市","address":"235新北市中和區安平路61號","number":"F001618","phone":"02-27478711#3961","type":"連鎖型綠色商店","city":"新北市"}},{"type":"Feature","geometry":{"type":"Point","coordinates":[121.644246096912,25.215466249705]},"properties":{"name":"7-11溫泉門市","address":"207新北市萬里鄉加投路197-2號","number":"F001357","phone":"02-27478711#3961","type":"連鎖型綠色商店","city":"新北市"}},{"type":"Feature","geometry":{"type":"Point","coordinates":[121.429796135719,24.992224893063]},"properties":{"name":"7-11溪崑門市","address":"220新北市板橋區大觀路三段236號1F之6","number":"F001489","phone":"02-27478711#3961","type":"連鎖型綠色商店","city":"新北市"}},{"type":"Feature","geometry":{"type":"Point","coordinates":[121.478928002286,25.027631015995]},"properties":{"name":"7-11瑞林門市","address":"220新北市板橋區龍翠里大同街52號","number":"F001236","phone":"02-27478711#3961","type":"連鎖型綠色商店","city":"新北市"}},{"type":"Feature","geometry":{"type":"Point","coordinates":[121.80716819214,25.107993979523]},"properties":{"name":"7-11瑞芳門市","address":"224新北市瑞芳區明燈路3段50號.","number":"F001102","phone":"02-27478711#3961","type":"連鎖型綠色商店","city":"新北市"}},{"type":"Feature","geometry":{"type":"Point","coordinates":[121.806179965756,25.107349997902]},"properties":{"name":"7-11瑞信門市","address":"224新北市瑞芳區民生街23號","number":"F001383","phone":"02-27478711#3961","type":"連鎖型綠色商店","city":"新北市"}},{"type":"Feature","geometry":{"type":"Point","coordinates":[121.455633016981,25.021263996615]},"properties":{"name":"7-11瑞新門市","address":"220新北市板橋區瑞安街75號","number":"F001657","phone":"02-27478711#3961","type":"連鎖型綠色商店","city":"新北市"}},{"type":"Feature","geometry":{"type":"Point","coordinates":[121.829402028504,25.121749981829]},"properties":{"name":"7-11瑞濱門市","address":"224新北市瑞芳區海濱路157號","number":"F000493","phone":"02-27478711#3961","type":"連鎖型綠色商店","city":"新北市"}},{"type":"Feature","geometry":{"type":"Point","coordinates":[121.329097040616,24.969343009856]},"properties":{"name":"7-11萬全門市","address":"239新北市鶯歌區鶯桃路660號","number":"F001307","phone":"02-27478711#3961","type":"連鎖型綠色商店","city":"新北市"}},{"type":"Feature","geometry":{"type":"Point","coordinates":[121.6780014,25.1919422]},"properties":{"name":"7-11萬里門市","address":"207新北市萬里鄉瑪鍊路49.51號","number":"F001550","phone":"02-27478711#3961","type":"連鎖型綠色商店","city":"新北市"}},{"type":"Feature","geometry":{"type":"Point","coordinates":[121.474221039238,25.022558321176]},"properties":{"name":"7-11萬板門市","address":"220新北市板橋區莒光路221、223號","number":"F001584","phone":"02-27478711#3961","type":"連鎖型綠色商店","city":"新北市"}},{"type":"Feature","geometry":{"type":"Point","coordinates":[121.376047013968,24.936326986615]},"properties":{"name":"7-11萬誠門市","address":"237新北市三峽區民生街25號.27巷1號","number":"F001083","phone":"02-27478711#3961","type":"連鎖型綠色商店","city":"新北市"}},{"type":"Feature","geometry":{"type":"Point","coordinates":[121.471632980496,25.022227999299]},"properties":{"name":"7-11萬鄰門市","address":"220新北市板橋區華江里民生路二段226巷46號1樓","number":"F001537","phone":"02-27478711#3961","type":"連鎖型綠色商店","city":"新北市"}},{"type":"Feature","geometry":{"type":"Point","coordinates":[121.428791564623,25.05249119599]},"properties":{"name":"7-11義學門市","address":"243新北市泰山區明志路2段74.76號","number":"F000934","phone":"02-27478711#3961","type":"連鎖型綠色商店","city":"新北市"}},{"type":"Feature","geometry":{"type":"Point","coordinates":[121.461740993644,25.08971799402]},"properties":{"name":"7-11群英門市","address":"247新北市蘆洲區長樂路231號","number":"F000921","phone":"02-27478711#3961","type":"連鎖型綠色商店","city":"新北市"}},{"type":"Feature","geometry":{"type":"Point","coordinates":[121.483234037405,25.002778002528]},"properties":{"name":"7-11聖武門市","address":"235新北市中和區新生街112號","number":"F000542","phone":"02-27478711#3961","type":"連鎖型綠色商店","city":"新北市"}},{"type":"Feature","geometry":{"type":"Point","coordinates":[121.451992002061,25.226647991327]},"properties":{"name":"7-11聖約翰門市","address":"251新北市淡水區淡金路四段532號","number":"F001095","phone":"02-27478711#3961","type":"連鎖型綠色商店","city":"新北市"}},{"type":"Feature","geometry":{"type":"Point","coordinates":[121.353220325593,24.949439510214]},"properties":{"name":"7-11聖陶門市","address":"239新北市鶯歌區文化路407.411號","number":"F001594","phone":"02-27478711#3961","type":"連鎖型綠色商店","city":"新北市"}},{"type":"Feature","geometry":{"type":"Point","coordinates":[121.44807396524,24.982906018842]},"properties":{"name":"7-11聖運門市","address":"236新北市土城區柑林里明德路二段159號","number":"F001500","phone":"02-27478711#3961","type":"連鎖型綠色商店","city":"新北市"}},{"type":"Feature","geometry":{"type":"Point","coordinates":[121.44807396524,24.982906018842]},"properties":{"name":"7-11聖運門市","address":"236新北市土城區柑林里明德路二段159號","number":"F001330","phone":"02-27478711#3961","type":"連鎖型綠色商店","city":"新北市"}},{"type":"Feature","geometry":{"type":"Point","coordinates":[121.459051995286,25.027543006012]},"properties":{"name":"7-11裕民門市","address":"220新北市板橋區裕民街126號","number":"F001492","phone":"02-27478711#3961","type":"連鎖型綠色商店","city":"新北市"}},{"type":"Feature","geometry":{"type":"Point","coordinates":[121.455524974249,25.016675994274]},"properties":{"name":"7-11路加門市","address":"220新北市板橋區大仁街27號","number":"F000945","phone":"02-27478711#3961","type":"連鎖型綠色商店","city":"新北市"}},{"type":"Feature","geometry":{"type":"Point","coordinates":[121.505190013677,24.942674015156]},"properties":{"name":"7-11達冠門市","address":"231新北市新店區達觀路6號地下壹樓之一","number":"F001664","phone":"02-27478711#3961","type":"連鎖型綠色商店","city":"新北市"}},{"type":"Feature","geometry":{"type":"Point","coordinates":[121.446586009789,25.01182500972]},"properties":{"name":"7-11僑一門市","address":"220新北市板橋區僑中一街104號","number":"F001582","phone":"02-27478711#3961","type":"連鎖型綠色商店","city":"新北市"}},{"type":"Feature","geometry":{"type":"Point","coordinates":[121.429141726669,24.89925712324]},"properties":{"name":"7-11嘉添門市","address":"237新北市三峽區嘉添109-2號","number":"F001339","phone":"02-27478711#3961","type":"連鎖型綠色商店","city":"新北市"}},{"type":"Feature","geometry":{"type":"Point","coordinates":[121.508087972881,24.986726993223]},"properties":{"name":"7-11壽南門市","address":"235新北市中和區興南路1段164號","number":"F001287","phone":"02-27478711#3961","type":"連鎖型綠色商店","city":"新北市"}},{"type":"Feature","geometry":{"type":"Point","coordinates":[121.465990031821,25.004991579338]},"properties":{"name":"7-11實全門市","address":"220新北市板橋區實踐路93巷52號","number":"F001129","phone":"02-27478711#3961","type":"連鎖型綠色商店","city":"新北市"}},{"type":"Feature","geometry":{"type":"Point","coordinates":[121.544288909782,24.969917715047]},"properties":{"name":"7-11嶄新門市","address":"231新北市新店區中正路57-2號1樓","number":"F001049","phone":"02-27478711#3961","type":"連鎖型綠色商店","city":"新北市"}},{"type":"Feature","geometry":{"type":"Point","coordinates":[121.44811897606,25.050858987985]},"properties":{"name":"7-11榮和門市","address":"242新北市新莊區中和街216號","number":"F001418","phone":"02-27478711#3961","type":"連鎖型綠色商店","city":"新北市"}},{"type":"Feature","geometry":{"type":"Point","coordinates":[121.449726038356,25.052669018066]},"properties":{"name":"7-11榮富門市","address":"242新北市新莊區中榮街43.47號","number":"F000926","phone":"02-27478711#3961","type":"連鎖型綠色商店","city":"新北市"}},{"type":"Feature","geometry":{"type":"Point","coordinates":[121.418164987777,24.983786998775]},"properties":{"name":"7-11榮德門市","address":"238新北市樹林區東榮街8-10號","number":"F001173","phone":"02-27478711#3961","type":"連鎖型綠色商店","city":"新北市"}},{"type":"Feature","geometry":{"type":"Point","coordinates":[121.346408688159,24.948572192783]},"properties":{"name":"7-11歌亭門市","address":"239新北市鶯歌區尖山里尖山路150號","number":"F001275","phone":"02-27478711#3961","type":"連鎖型綠色商店","city":"新北市"}},{"type":"Feature","geometry":{"type":"Point","coordinates":[121.342968000724,24.955651296748]},"properties":{"name":"7-11歌園門市","address":"239新北市鶯歌區國華路31號","number":"F001556","phone":"02-27478711#3961","type":"連鎖型綠色商店","city":"新北市"}},{"type":"Feature","geometry":{"type":"Point","coordinates":[121.333459821219,24.957843080609]},"properties":{"name":"7-11歌德門市","address":"239新北市鶯歌區德昌二街77號之1","number":"F001046","phone":"02-27478711#3961","type":"連鎖型綠色商店","city":"新北市"}},{"type":"Feature","geometry":{"type":"Point","coordinates":[121.502503026977,25.003181004433]},"properties":{"name":"7-11漳和門市","address":"235新北市中和區中山路2段131-6號","number":"F001091","phone":"02-27478711#3961","type":"連鎖型綠色商店","city":"新北市"}},{"type":"Feature","geometry":{"type":"Point","coordinates":[121.465291986924,25.031437992599]},"properties":{"name":"7-11漢江門市","address":"220新北市板橋區柏翠里長江路二段110號","number":"F001009","phone":"02-27478711#3961","type":"連鎖型綠色商店","city":"新北市"}},{"type":"Feature","geometry":{"type":"Point","coordinates":[121.462847321044,25.019342487221]},"properties":{"name":"7-11漢西門市","address":"220新北市板橋區漢生西路82號","number":"F001407","phone":"02-27478711#3961","type":"連鎖型綠色商店","city":"新北市"}},{"type":"Feature","geometry":{"type":"Point","coordinates":[121.471815035432,25.008224018388]},"properties":{"name":"7-11漢東門市","address":"220新北市板橋區漢生東路309號","number":"F001523","phone":"02-27478711#3961","type":"連鎖型綠色商店","city":"新北市"}},{"type":"Feature","geometry":{"type":"Point","coordinates":[121.433438994658,25.065488007416]},"properties":{"name":"7-11滿泰門市","address":"243新北市泰山區明志路1段28號","number":"F001064","phone":"02-27478711#3961","type":"連鎖型綠色商店","city":"新北市"}},{"type":"Feature","geometry":{"type":"Point","coordinates":[121.445552688765,25.168225204185]},"properties":{"name":"7-11滬站門市","address":"251新北市淡水區中正路1號","number":"F001131","phone":"02-27478711#3961","type":"連鎖型綠色商店","city":"新北市"}},{"type":"Feature","geometry":{"type":"Point","coordinates":[121.53722858128,24.956441584489]},"properties":{"name":"7-11碧湖門市","address":"231新北市新店區新店路208號","number":"F000944","phone":"02-27478711#3961","type":"連鎖型綠色商店","city":"新北市"}},{"type":"Feature","geometry":{"type":"Point","coordinates":[121.538118990854,24.956883981338]},"properties":{"name":"7-11碧潭門市","address":"231新北市新店區北宜路一段28號","number":"F001047","phone":"02-27478711#3961","type":"連鎖型綠色商店","city":"新北市"}},{"type":"Feature","geometry":{"type":"Point","coordinates":[121.539039407642,24.955183293184]},"properties":{"name":"7-11碧興門市","address":"231新北市新店區北宜路一段110號","number":"F000955","phone":"02-27478711#3961","type":"連鎖型綠色商店","city":"新北市"}},{"type":"Feature","geometry":{"type":"Point","coordinates":[121.66337798427,25.064488004457]},"properties":{"name":"7-11福仁門市","address":"221新北市汐止區仁愛路143號","number":"F001491","phone":"02-27478711#3961","type":"連鎖型綠色商店","city":"新北市"}},{"type":"Feature","geometry":{"type":"Point","coordinates":[121.408226816639,25.016534507748]},"properties":{"name":"7-11福多門市","address":"238新北市樹林區三福里12鄰三福街45號","number":"F001409","phone":"02-27478711#3961","type":"連鎖型綠色商店","city":"新北市"}},{"type":"Feature","geometry":{"type":"Point","coordinates":[121.636377024295,25.066338016217]},"properties":{"name":"7-11福百門市","address":"221新北市汐止區福德一路161號","number":"F001538","phone":"02-27478711#3961","type":"連鎖型綠色商店","city":"新北市"}},{"type":"Feature","geometry":{"type":"Point","coordinates":[121.477151709365,25.017216920395]},"properties":{"name":"7-11福利門市","address":"220新北市板橋區中山路二段172號","number":"F001134","phone":"02-27478711#3961","type":"連鎖型綠色商店","city":"新北市"}},{"type":"Feature","geometry":{"type":"Point","coordinates":[121.456786031582,25.064656983625]},"properties":{"name":"7-11福來門市","address":"242新北市新莊區五工路98號","number":"F000962","phone":"02-27478711#3961","type":"連鎖型綠色商店","city":"新北市"}},{"type":"Feature","geometry":{"type":"Point","coordinates":[121.517108996174,24.993128001221]},"properties":{"name":"7-11福和門市","address":"235新北市中和區秀朗里大勇街25巷1號","number":"F001269","phone":"02-27478711#3961","type":"連鎖型綠色商店","city":"新北市"}},{"type":"Feature","geometry":{"type":"Point","coordinates":[121.458962979475,25.066855012005]},"properties":{"name":"7-11福旺門市","address":"242新北市新莊區福基里17鄰五權一路80號","number":"F001256","phone":"02-27478711#3961","type":"連鎖型綠色商店","city":"新北市"}},{"type":"Feature","geometry":{"type":"Point","coordinates":[121.496456992578,25.004844979851]},"properties":{"name":"7-11福美門市","address":"235新北市中和區景平路756.758號","number":"F001002","phone":"02-27478711#3961","type":"連鎖型綠色商店","city":"新北市"}},{"type":"Feature","geometry":{"type":"Point","coordinates":[121.433533039612,25.089732997627]},"properties":{"name":"7-11福泰門市","address":"248新北市五股區五福路54號","number":"F001202","phone":"02-27478711#3961","type":"連鎖型綠色商店","city":"新北市"}},{"type":"Feature","geometry":{"type":"Point","coordinates":[121.458000988447,25.063683006476]},"properties":{"name":"7-11福基門市","address":"242新北市新莊區福基里五工路70號","number":"F001616","phone":"02-27478711#3961","type":"連鎖型綠色商店","city":"新北市"}},{"type":"Feature","geometry":{"type":"Point","coordinates":[121.53390867707,24.973078488825]},"properties":{"name":"7-11福強門市","address":"231新北市新店區三民路149-1號","number":"F001353","phone":"02-27478711#3961","type":"連鎖型綠色商店","city":"新北市"}},{"type":"Feature","geometry":{"type":"Point","coordinates":[121.443143813612,24.981656779992]},"properties":{"name":"7-11福祥門市","address":"236新北市土城區中央路一段320.322號","number":"F001240","phone":"02-27478711#3961","type":"連鎖型綠色商店","city":"新北市"}},{"type":"Feature","geometry":{"type":"Point","coordinates":[121.498609968228,25.007572995968]},"properties":{"name":"7-11福勝門市","address":"235新北市中和區福祥路158號","number":"F001248","phone":"02-27478711#3961","type":"連鎖型綠色商店","city":"新北市"}},{"type":"Feature","geometry":{"type":"Point","coordinates":[121.452435991472,25.049353011441]},"properties":{"name":"7-11福港門市","address":"242新北市新莊區中港路390號","number":"F000947","phone":"02-27478711#3961","type":"連鎖型綠色商店","city":"新北市"}},{"type":"Feature","geometry":{"type":"Point","coordinates":[121.674682992359,25.073764005245]},"properties":{"name":"7-11福菖門市","address":"221新北市汐止區大同路三段188號","number":"F001021","phone":"02-27478711#3961","type":"連鎖型綠色商店","city":"新北市"}},{"type":"Feature","geometry":{"type":"Point","coordinates":[121.503968016014,25.00844198978]},"properties":{"name":"7-11福愛門市","address":"234新北市永和區永平路274號仁愛路242號","number":"F001518","phone":"02-27478711#3961","type":"連鎖型綠色商店","city":"新北市"}},{"type":"Feature","geometry":{"type":"Point","coordinates":[121.502241427778,25.065320201714]},"properties":{"name":"7-11福運門市","address":"241新北市三重區福德北路55號","number":"F001598","phone":"02-27478711#3961","type":"連鎖型綠色商店","city":"新北市"}},{"type":"Feature","geometry":{"type":"Point","coordinates":[121.457896969029,25.051792983455]},"properties":{"name":"7-11福壽門市","address":"242新北市新莊區福壽街140號","number":"F001372","phone":"02-27478711#3961","type":"連鎖型綠色商店","city":"新北市"}},{"type":"Feature","geometry":{"type":"Point","coordinates":[121.535254978358,24.975619001768]},"properties":{"name":"7-11福德門市","address":"231新北市新店區三民路189號","number":"F001378","phone":"02-27478711#3961","type":"連鎖型綠色商店","city":"新北市"}},{"type":"Feature","geometry":{"type":"Point","coordinates":[121.433966803101,25.031222619597]},"properties":{"name":"7-11福營門市","address":"242新北市新莊區福營里建國一路50.52號","number":"F000974","phone":"02-27478711#3961","type":"連鎖型綠色商店","city":"新北市"}},{"type":"Feature","geometry":{"type":"Point","coordinates":[121.433331035745,25.087364020332]},"properties":{"name":"7-11福臨門市","address":"248新北市五股區工商路150號","number":"F001253","phone":"02-27478711#3961","type":"連鎖型綠色商店","city":"新北市"}},{"type":"Feature","geometry":{"type":"Point","coordinates":[121.363874981815,24.936905002658]},"properties":{"name":"7-11綠洲門市","address":"237新北市三峽區鳶山里12鄰中山路186號1樓","number":"F000495","phone":"02-27478711#3961","type":"連鎖型綠色商店","city":"新北市"}},{"type":"Feature","geometry":{"type":"Point","coordinates":[121.370932963384,24.93636897995]},"properties":{"name":"7-11綠雅門市","address":"237新北市三峽區文化路122號","number":"F001437","phone":"02-27478711#3961","type":"連鎖型綠色商店","city":"新北市"}},{"type":"Feature","geometry":{"type":"Point","coordinates":[121.467947792945,25.074720296578]},"properties":{"name":"7-11維中門市","address":"248新北市五股區四維路120號","number":"F001257","phone":"02-27478711#3961","type":"連鎖型綠色商店","city":"新北市"}},{"type":"Feature","geometry":{"type":"Point","coordinates":[121.423782623105,25.024032287776]},"properties":{"name":"7-11維妮門市","address":"242新北市新莊區四維路17.19號","number":"F001103","phone":"02-27478711#3961","type":"連鎖型綠色商店","city":"新北市"}},{"type":"Feature","geometry":{"type":"Point","coordinates":[121.463435982104,25.023772993602]},"properties":{"name":"7-11維陽門市","address":"220新北市板橋區陽明街131號","number":"F001578","phone":"02-27478711#3961","type":"連鎖型綠色商店","city":"新北市"}},{"type":"Feature","geometry":{"type":"Point","coordinates":[121.46494698779,25.025452014536]},"properties":{"name":"7-11維群門市","address":"220新北市板橋區四維路139號","number":"F000956","phone":"02-27478711#3961","type":"連鎖型綠色商店","city":"新北市"}},{"type":"Feature","geometry":{"type":"Point","coordinates":[121.463162983518,25.028916003662]},"properties":{"name":"7-11維禮門市","address":"220新北市板橋區四維路282號","number":"F001167","phone":"02-27478711#3961","type":"連鎖型綠色商店","city":"新北市"}},{"type":"Feature","geometry":{"type":"Point","coordinates":[121.6780014,25.1919422]},"properties":{"name":"7-11翡翠灣門市","address":"207新北市萬里鄉龜吼村美崙38.39號","number":"F001262","phone":"02-27478711#3961","type":"連鎖型綠色商店","city":"新北市"}},{"type":"Feature","geometry":{"type":"Point","coordinates":[121.433420973566,25.032491011095]},"properties":{"name":"7-11輔大門市","address":"242新北市新莊區中正路516-1號","number":"F001646","phone":"02-27478711#3961","type":"連鎖型綠色商店","city":"新北市"}},{"type":"Feature","geometry":{"type":"Point","coordinates":[121.430886034589,25.034448981767]},"properties":{"name":"7-11輔明門市","address":"242新北市新莊區中正路514巷99號","number":"F001203","phone":"02-27478711#3961","type":"連鎖型綠色商店","city":"新北市"}},{"type":"Feature","geometry":{"type":"Point","coordinates":[121.43929517895,25.034486113598]},"properties":{"name":"7-11輔泰門市","address":"242新北市新莊區三泰路11號","number":"F001633","phone":"02-27478711#3961","type":"連鎖型綠色商店","city":"新北市"}},{"type":"Feature","geometry":{"type":"Point","coordinates":[121.434193030668,25.032931019102]},"properties":{"name":"7-11輔進門市","address":"242新北市新莊區中正路510號","number":"F001096","phone":"02-27478711#3961","type":"連鎖型綠色商店","city":"新北市"}},{"type":"Feature","geometry":{"type":"Point","coordinates":[121.381731484033,25.081367449731]},"properties":{"name":"7-11輔新門市","address":"243新北市泰山區中山路2段487號","number":"F001082","phone":"02-27478711#3961","type":"連鎖型綠色商店","city":"新北市"}},{"type":"Feature","geometry":{"type":"Point","coordinates":[121.451994013717,24.997029986697]},"properties":{"name":"7-11遠揚門市","address":"220新北市板橋區南雅南路2段124號","number":"F001280","phone":"02-27478711#3961","type":"連鎖型綠色商店","city":"新北市"}},{"type":"Feature","geometry":{"type":"Point","coordinates":[121.499014981789,25.064667]},"properties":{"name":"7-11銀座門市","address":"241新北市三重區信義西街4號","number":"F001425","phone":"02-27478711#3961","type":"連鎖型綠色商店","city":"新北市"}},{"type":"Feature","geometry":{"type":"Point","coordinates":[121.480964972396,25.088002008893]},"properties":{"name":"7-11領袖門市","address":"247新北市蘆洲區集賢路224巷60.62號","number":"F001597","phone":"02-27478711#3961","type":"連鎖型綠色商店","city":"新北市"}},{"type":"Feature","geometry":{"type":"Point","coordinates":[121.334924894075,24.969391582985]},"properties":{"name":"7-11鳳鳴門市","address":"239新北市鶯歌區永和街126.128號","number":"F001178","phone":"02-27478711#3961","type":"連鎖型綠色商店","city":"新北市"}},{"type":"Feature","geometry":{"type":"Point","coordinates":[121.422458030946,25.021433981611]},"properties":{"name":"7-11廣進門市","address":"242新北市新莊區四維路173號","number":"F001640","phone":"02-27478711#3961","type":"連鎖型綠色商店","city":"新北市"}},{"type":"Feature","geometry":{"type":"Point","coordinates":[121.502867975041,25.001572014299]},"properties":{"name":"7-11廣麗門市","address":"235新北市中和區廣福路82號","number":"F001617","phone":"02-27478711#3961","type":"連鎖型綠色商店","city":"新北市"}},{"type":"Feature","geometry":{"type":"Point","coordinates":[121.54414792617,24.971998312963]},"properties":{"name":"7-11德正門市","address":"231新北市新店區德正街23巷1號","number":"F001268","phone":"02-27478711#3961","type":"連鎖型綠色商店","city":"新北市"}},{"type":"Feature","geometry":{"type":"Point","coordinates":[121.488028988935,24.951563987393]},"properties":{"name":"7-11德玉門市","address":"231新北市新店區安康路三段195號","number":"F000994","phone":"02-27478711#3961","type":"連鎖型綠色商店","city":"新北市"}},{"type":"Feature","geometry":{"type":"Point","coordinates":[121.465312019673,24.98021299717]},"properties":{"name":"7-11德城門市","address":"236新北市土城區明德路一段139.141號","number":"F001081","phone":"02-27478711#3961","type":"連鎖型綠色商店","city":"新北市"}},{"type":"Feature","geometry":{"type":"Point","coordinates":[121.49978100392,24.992087010756]},"properties":{"name":"7-11德偉門市","address":"235新北市中和區中興街134號","number":"F001481","phone":"02-27478711#3961","type":"連鎖型綠色商店","city":"新北市"}},{"type":"Feature","geometry":{"type":"Point","coordinates":[121.369129010182,25.070351983919]},"properties":{"name":"7-11德園門市","address":"244新北市林口區公園路129號","number":"F001361","phone":"02-27478711#3961","type":"連鎖型綠色商店","city":"新北市"}},{"type":"Feature","geometry":{"type":"Point","coordinates":[121.366619971286,25.067626985287]},"properties":{"name":"7-11德聖門市","address":"244新北市林口區公園路17號","number":"F001389","phone":"02-27478711#3961","type":"連鎖型綠色商店","city":"新北市"}},{"type":"Feature","geometry":{"type":"Point","coordinates":[121.462682616647,25.00288168667]},"properties":{"name":"7-11慶中門市","address":"220新北市板橋區重慶路159.161號","number":"F001663","phone":"02-27478711#3961","type":"連鎖型綠色商店","city":"新北市"}},{"type":"Feature","geometry":{"type":"Point","coordinates":[121.438125987276,24.97499299933]},"properties":{"name":"7-11慶祥門市","address":"236新北市土城區慶祥街2號","number":"F001279","phone":"02-27478711#3961","type":"連鎖型綠色商店","city":"新北市"}},{"type":"Feature","geometry":{"type":"Point","coordinates":[121.396663562114,24.970956987222]},"properties":{"name":"7-11慶斌門市","address":"238新北市樹林區中洲街51巷1號","number":"F001451","phone":"02-27478711#3961","type":"連鎖型綠色商店","city":"新北市"}},{"type":"Feature","geometry":{"type":"Point","coordinates":[121.416145032931,24.999769988935]},"properties":{"name":"7-11慶嶸門市","address":"238新北市樹林區保安街二段33號","number":"F001362","phone":"02-27478711#3961","type":"連鎖型綠色商店","city":"新北市"}},{"type":"Feature","geometry":{"type":"Point","coordinates":[121.642682981511,25.068015989413]},"properties":{"name":"7-11樟福門市","address":"221新北市汐止區樟樹一路268號之3.4","number":"F001140","phone":"02-27478711#3961","type":"連鎖型綠色商店","city":"新北市"}},{"type":"Feature","geometry":{"type":"Point","coordinates":[121.480114041586,25.018995979344]},"properties":{"name":"7-11樂福門市","address":"220新北市板橋區中山路二段316號","number":"F001533","phone":"02-27478711#3961","type":"連鎖型綠色商店","city":"新北市"}},{"type":"Feature","geometry":{"type":"Point","coordinates":[121.483454984372,25.000789018814]},"properties":{"name":"7-11樂鑫門市","address":"235新北市中和區新生街146號","number":"F001406","phone":"02-27478711#3961","type":"連鎖型綠色商店","city":"新北市"}},{"type":"Feature","geometry":{"type":"Point","coordinates":[121.378714470835,24.941939886167]},"properties":{"name":"7-11歐洲門市","address":"237新北市三峽區三樹路199號","number":"F001025","phone":"02-27478711#3961","type":"連鎖型綠色商店","city":"新北市"}},{"type":"Feature","geometry":{"type":"Point","coordinates":[121.516489992624,24.998610981274]},"properties":{"name":"7-11潭安門市","address":"234新北市永和區中正路167號.","number":"F001455","phone":"02-27478711#3961","type":"連鎖型綠色商店","city":"新北市"}},{"type":"Feature","geometry":{"type":"Point","coordinates":[121.655000020589,25.064024988126]},"properties":{"name":"7-11潤安門市","address":"221新北市汐止區龍安路32號","number":"F001568","phone":"02-27478711#3961","type":"連鎖型綠色商店","city":"新北市"}},{"type":"Feature","geometry":{"type":"Point","coordinates":[121.456096033312,25.012531017425]},"properties":{"name":"7-11緯中門市","address":"220新北市板橋區中正路21.23號","number":"F001308","phone":"02-27478711#3961","type":"連鎖型綠色商店","city":"新北市"}},{"type":"Feature","geometry":{"type":"Point","coordinates":[121.455449034206,24.987703987857]},"properties":{"name":"7-11學城門市","address":"236新北市土城區學府路一段118號","number":"F000483","phone":"02-27478711#3961","type":"連鎖型綠色商店","city":"新北市"}},{"type":"Feature","geometry":{"type":"Point","coordinates":[121.376434006438,24.944041019745]},"properties":{"name":"7-11學勤門市","address":"237新北市三峽區學勤路105號.大德路211號1樓","number":"F001237","phone":"02-27478711#3961","type":"連鎖型綠色商店","city":"新北市"}},{"type":"Feature","geometry":{"type":"Point","coordinates":[121.469383026226,25.083532987667]},"properties":{"name":"7-11憲金門市","address":"247新北市蘆洲區光華路22巷1號","number":"F001575","phone":"02-27478711#3961","type":"連鎖型綠色商店","city":"新北市"}},{"type":"Feature","geometry":{"type":"Point","coordinates":[121.477114662978,25.021301641429]},"properties":{"name":"7-11戰國門市","address":"220新北市板橋區永豐街173、175號","number":"F001554","phone":"02-27478711#3961","type":"連鎖型綠色商店","city":"新北市"}},{"type":"Feature","geometry":{"type":"Point","coordinates":[121.398401968832,24.935511008341]},"properties":{"name":"7-11橫溪門市","address":"237新北市三峽區溪北街109號","number":"F001030","phone":"02-27478711#3961","type":"連鎖型綠色商店","city":"新北市"}},{"type":"Feature","geometry":{"type":"Point","coordinates":[121.422213027916,24.982502011108]},"properties":{"name":"7-11樹中門市","address":"238新北市樹林區中華路117號","number":"F000996","phone":"02-27478711#3961","type":"連鎖型綠色商店","city":"新北市"}},{"type":"Feature","geometry":{"type":"Point","coordinates":[121.42128900691,24.99295499874]},"properties":{"name":"7-11樹仁門市","address":"238新北市樹林區復興路102號","number":"F001601","phone":"02-27478711#3961","type":"連鎖型綠色商店","city":"新北市"}},{"type":"Feature","geometry":{"type":"Point","coordinates":[121.412770981627,25.012769985484]},"properties":{"name":"7-11樹正門市","address":"238新北市樹林區中正路464號1F","number":"F001522","phone":"02-27478711#3961","type":"連鎖型綠色商店","city":"新北市"}},{"type":"Feature","geometry":{"type":"Point","coordinates":[121.413943106967,24.98641648562]},"properties":{"name":"7-11樹安門市","address":"238新北市樹林區大安路502號","number":"F001394","phone":"02-27478711#3961","type":"連鎖型綠色商店","city":"新北市"}},{"type":"Feature","geometry":{"type":"Point","coordinates":[121.424875036546,24.991212987803]},"properties":{"name":"7-11樹林(一)門市","address":"238新北市樹林區鎮前街112號","number":"F001625","phone":"02-27478711#3961","type":"連鎖型綠色商店","city":"新北市"}},{"type":"Feature","geometry":{"type":"Point","coordinates":[121.42723797887,24.993297986217]},"properties":{"name":"7-11樹林門市","address":"238新北市樹林區保安街1段3號","number":"F001228","phone":"02-27478711#3961","type":"連鎖型綠色商店","city":"新北市"}},{"type":"Feature","geometry":{"type":"Point","coordinates":[121.41245297222,25.009955007122]},"properties":{"name":"7-11樹保門市","address":"238新北市樹林區保安街二段357號","number":"F001074","phone":"02-27478711#3961","type":"連鎖型綠色商店","city":"新北市"}},{"type":"Feature","geometry":{"type":"Point","coordinates":[121.417773720537,24.980580292167]},"properties":{"name":"7-11樹英門市","address":"238新北市樹林區大同里中華路120號","number":"F001190","phone":"02-27478711#3961","type":"連鎖型綠色商店","city":"新北市"}},{"type":"Feature","geometry":{"type":"Point","coordinates":[121.416443009589,24.986794006539]},"properties":{"name":"7-11樹復門市","address":"238新北市樹林區復興路340號","number":"F001374","phone":"02-27478711#3961","type":"連鎖型綠色商店","city":"新北市"}},{"type":"Feature","geometry":{"type":"Point","coordinates":[121.392958006539,24.970622004462]},"properties":{"name":"7-11樹園門市","address":"238新北市樹林區佳園路一段52號1樓","number":"F000997","phone":"02-27478711#3961","type":"連鎖型綠色商店","city":"新北市"}},{"type":"Feature","geometry":{"type":"Point","coordinates":[121.431031041514,25.000861983281]},"properties":{"name":"7-11樹新門市","address":"238新北市樹林區樹新路245號","number":"F001358","phone":"02-27478711#3961","type":"連鎖型綠色商店","city":"新北市"}},{"type":"Feature","geometry":{"type":"Point","coordinates":[121.415657960538,24.980043012174]},"properties":{"name":"7-11樹樺門市","address":"238新北市樹林區中華路341之5.341之6號一樓","number":"F001272","phone":"02-27478711#3961","type":"連鎖型綠色商店","city":"新北市"}},{"type":"Feature","geometry":{"type":"Point","coordinates":[121.418964118426,25.006639419592]},"properties":{"name":"7-11樹龍門市","address":"238新北市樹林區中正路222號1樓","number":"F001313","phone":"02-27478711#3961","type":"連鎖型綠色商店","city":"新北市"}},{"type":"Feature","geometry":{"type":"Point","coordinates":[121.664221036092,25.072798996732]},"properties":{"name":"7-11橋東門市","address":"221新北市汐止區建成路30號","number":"F001605","phone":"02-27478711#3961","type":"連鎖型綠色商店","city":"新北市"}},{"type":"Feature","geometry":{"type":"Point","coordinates":[121.465608885885,25.01197063029]},"properties":{"name":"7-11縣政府門市","address":"220新北市板橋區中山路一段161號B1","number":"F001655","phone":"02-27478711#3961","type":"連鎖型綠色商店","city":"新北市"}},{"type":"Feature","geometry":{"type":"Point","coordinates":[121.471657036558,25.015898991849]},"properties":{"name":"7-11縣道門市","address":"220新北市板橋區觀光街92巷2號","number":"F001005","phone":"02-27478711#3961","type":"連鎖型綠色商店","city":"新北市"}},{"type":"Feature","geometry":{"type":"Point","coordinates":[121.496983040821,25.056362000786]},"properties":{"name":"7-11興光門市","address":"241新北市三重區大同南路220號","number":"F001122","phone":"02-27478711#3961","type":"連鎖型綠色商店","city":"新北市"}},{"type":"Feature","geometry":{"type":"Point","coordinates":[121.524197990785,24.991396006658]},"properties":{"name":"7-11興和門市","address":"235新北市中和區秀景里自立路193號","number":"F000545","phone":"02-27478711#3961","type":"連鎖型綠色商店","city":"新北市"}},{"type":"Feature","geometry":{"type":"Point","coordinates":[121.357709002382,25.076320988627]},"properties":{"name":"7-11興林門市","address":"244新北市林口區南勢村南勢街280號","number":"F001388","phone":"02-27478711#3961","type":"連鎖型綠色商店","city":"新北市"}},{"type":"Feature","geometry":{"type":"Point","coordinates":[121.453392770639,24.993864660363]},"properties":{"name":"7-11興板門市","address":"220新北市板橋區德興街22、24號","number":"F001660","phone":"02-27478711#3961","type":"連鎖型綠色商店","city":"新北市"}},{"type":"Feature","geometry":{"type":"Point","coordinates":[121.443140963764,25.045278987403]},"properties":{"name":"7-11興洲門市","address":"242新北市新莊區新泰路472號1樓","number":"F001085","phone":"02-27478711#3961","type":"連鎖型綠色商店","city":"新北市"}},{"type":"Feature","geometry":{"type":"Point","coordinates":[121.374269966676,25.076118984761]},"properties":{"name":"7-11興都門市","address":"244新北市林口區文化二路一段378號1樓之一.二.三","number":"F001623","phone":"02-27478711#3961","type":"連鎖型綠色商店","city":"新北市"}},{"type":"Feature","geometry":{"type":"Point","coordinates":[121.469164007096,25.056104005806]},"properties":{"name":"7-11興頂門市","address":"241新北市三重區中興北街177號","number":"F001393","phone":"02-27478711#3961","type":"連鎖型綠色商店","city":"新北市"}},{"type":"Feature","geometry":{"type":"Point","coordinates":[121.48658889415,25.060179790044]},"properties":{"name":"7-11興園門市","address":"241新北市三重區重陽路一段122號","number":"F001303","phone":"02-27478711#3961","type":"連鎖型綠色商店","city":"新北市"}},{"type":"Feature","geometry":{"type":"Point","coordinates":[121.505408026979,24.984560019795]},"properties":{"name":"7-11興榮門市","address":"235新北市中和區福南里21鄰興南路二段90號1樓","number":"F001600","phone":"02-27478711#3961","type":"連鎖型綠色商店","city":"新北市"}},{"type":"Feature","geometry":{"type":"Point","coordinates":[121.516227974331,25.010009992407]},"properties":{"name":"7-11豫溪門市","address":"234新北市永和區中正路704.706.708號","number":"F001271","phone":"02-27478711#3961","type":"連鎖型綠色商店","city":"新北市"}},{"type":"Feature","geometry":{"type":"Point","coordinates":[121.6722225,24.9818877]},"properties":{"name":"7-11錠富門市","address":"223新北市石碇區隆盛村雙溪58號","number":"F001493","phone":"02-27478711#3961","type":"連鎖型綠色商店","city":"新北市"}},{"type":"Feature","geometry":{"type":"Point","coordinates":[121.493325010637,24.990427016742]},"properties":{"name":"7-11錦盛門市","address":"235新北市中和區錦盛里圓通路335巷三弄21號","number":"F001048","phone":"02-27478711#3961","type":"連鎖型綠色商店","city":"新北市"}},{"type":"Feature","geometry":{"type":"Point","coordinates":[121.459647026593,25.04542898156]},"properties":{"name":"7-11錦興門市","address":"242新北市新莊區思源路181號","number":"F001232","phone":"02-27478711#3961","type":"連鎖型綠色商店","city":"新北市"}},{"type":"Feature","geometry":{"type":"Point","coordinates":[121.46489585818,25.059739782037]},"properties":{"name":"7-11頭前門市","address":"242新北市新莊區化成路429-4號","number":"F001010","phone":"02-27478711#3961","type":"連鎖型綠色商店","city":"新北市"}},{"type":"Feature","geometry":{"type":"Point","coordinates":[121.460066959942,25.007311983503]},"properties":{"name":"7-11館東門市","address":"220新北市板橋區館前東路17號","number":"F001620","phone":"02-27478711#3961","type":"連鎖型綠色商店","city":"新北市"}},{"type":"Feature","geometry":{"type":"Point","coordinates":[121.460490162233,25.007131018214]},"properties":{"name":"7-11館慶門市","address":"220新北市板橋區館前東路26號","number":"F001622","phone":"02-27478711#3961","type":"連鎖型綠色商店","city":"新北市"}},{"type":"Feature","geometry":{"type":"Point","coordinates":[121.449663006444,25.102304008371]},"properties":{"name":"7-11龍五門市","address":"248新北市五股區凌雲路一段136號","number":"F000969","phone":"02-27478711#3961","type":"連鎖型綠色商店","city":"新北市"}},{"type":"Feature","geometry":{"type":"Point","coordinates":[121.421419764599,25.019515196336]},"properties":{"name":"7-11龍安門市","address":"242新北市新莊區龍安路256號","number":"F001573","phone":"02-27478711#3961","type":"連鎖型綠色商店","city":"新北市"}},{"type":"Feature","geometry":{"type":"Point","coordinates":[121.51118894178,25.01612400404]},"properties":{"name":"7-11龍馬門市","address":"234新北市永和區文化路188號","number":"F001566","phone":"02-27478711#3961","type":"連鎖型綠色商店","city":"新北市"}},{"type":"Feature","geometry":{"type":"Point","coordinates":[121.473746980295,25.029100992265]},"properties":{"name":"7-11龍翠門市","address":"220新北市板橋區雙十路二段138-1之2號","number":"F001463","phone":"02-27478711#3961","type":"連鎖型綠色商店","city":"新北市"}},{"type":"Feature","geometry":{"type":"Point","coordinates":[121.403083429394,25.015851508368]},"properties":{"name":"7-11龍興門市","address":"238新北市樹林區三興里龍興街33號","number":"F001113","phone":"02-27478711#3961","type":"連鎖型綠色商店","city":"新北市"}},{"type":"Feature","geometry":{"type":"Point","coordinates":[121.502519706964,25.070064317002]},"properties":{"name":"7-11龍濱門市","address":"241新北市三重區河邊北街100巷32號.","number":"F000920","phone":"02-27478711#3961","type":"連鎖型綠色商店","city":"新北市"}},{"type":"Feature","geometry":{"type":"Point","coordinates":[121.456092009999,24.99179837992]},"properties":{"name":"7-11濬家門市","address":"236新北市土城區廣明街2號","number":"F001118","phone":"02-27478711#3961","type":"連鎖型綠色商店","city":"新北市"}},{"type":"Feature","geometry":{"type":"Point","coordinates":[121.475642969816,25.006021172086]},"properties":{"name":"7-11環冠門市","address":"235新北市中和區中山路3段122號B2","number":"F001527","phone":"02-27478711#3961","type":"連鎖型綠色商店","city":"新北市"}},{"type":"Feature","geometry":{"type":"Point","coordinates":[121.503054975301,25.062451998267]},"properties":{"name":"7-11環德門市","address":"241新北市三重區福德南路46.48號","number":"F001191","phone":"02-27478711#3961","type":"連鎖型綠色商店","city":"新北市"}},{"type":"Feature","geometry":{"type":"Point","coordinates":[121.507556979315,24.982467016663]},"properties":{"name":"7-11禧緻門市","address":"235新北市中和區華新街156號","number":"F001283","phone":"02-27478711#3961","type":"連鎖型綠色商店","city":"新北市"}},{"type":"Feature","geometry":{"type":"Point","coordinates":[121.640754976143,25.060921001742]},"properties":{"name":"7-11聯合報門市","address":"221新北市汐止區大同路一段369號1樓","number":"F001450","phone":"02-27478711#3961","type":"連鎖型綠色商店","city":"新北市"}},{"type":"Feature","geometry":{"type":"Point","coordinates":[121.522350032591,24.996798981445]},"properties":{"name":"7-11邁群門市","address":"234新北市永和區民生路42號","number":"F001551","phone":"02-27478711#3961","type":"連鎖型綠色商店","city":"新北市"}},{"type":"Feature","geometry":{"type":"Point","coordinates":[121.456272975288,25.160602994804]},"properties":{"name":"7-11霞關門市","address":"251新北市淡水區淡金路59-61號B1","number":"F001282","phone":"02-27478711#3961","type":"連鎖型綠色商店","city":"新北市"}},{"type":"Feature","geometry":{"type":"Point","coordinates":[121.458160998979,24.988601983054]},"properties":{"name":"7-11鴻成門市","address":"236新北市土城區埤林里學府路一段34號","number":"F000557","phone":"02-27478711#3961","type":"連鎖型綠色商店","city":"新北市"}},{"type":"Feature","geometry":{"type":"Point","coordinates":[121.458300976762,25.009036015258]},"properties":{"name":"7-11鴻府門市","address":"220新北市板橋區挹秀里府中路53號","number":"F001212","phone":"02-27478711#3961","type":"連鎖型綠色商店","city":"新北市"}},{"type":"Feature","geometry":{"type":"Point","coordinates":[121.48721393267,24.998236519749]},"properties":{"name":"7-11鴻陞門市","address":"235新北市中和區建八路28號","number":"F001194","phone":"02-27478711#3961","type":"連鎖型綠色商店","city":"新北市"}},{"type":"Feature","geometry":{"type":"Point","coordinates":[121.456969427623,25.024694709584]},"properties":{"name":"7-11糧驛門市","address":"220新北市板橋區德翠里龍泉街93號","number":"F001459","phone":"02-27478711#3961","type":"連鎖型綠色商店","city":"新北市"}},{"type":"Feature","geometry":{"type":"Point","coordinates":[121.482878896167,25.020817492633]},"properties":{"name":"7-11舊社門市","address":"220新北市板橋區中山路2段412號","number":"F001297","phone":"02-27478711#3961","type":"連鎖型綠色商店","city":"新北市"}},{"type":"Feature","geometry":{"type":"Point","coordinates":[121.502272021725,24.998745007906]},"properties":{"name":"7-11藍山門市","address":"235新北市中和區南山路41號.37巷2號","number":"F001042","phone":"02-27478711#3961","type":"連鎖型綠色商店","city":"新北市"}},{"type":"Feature","geometry":{"type":"Point","coordinates":[121.481991001164,25.023646007769]},"properties":{"name":"7-11豐成門市","address":"220新北市板橋區三民路1段31巷89弄18、20號","number":"F001130","phone":"02-27478711#3961","type":"連鎖型綠色商店","city":"新北市"}},{"type":"Feature","geometry":{"type":"Point","coordinates":[121.426917035797,24.925703385345]},"properties":{"name":"7-11豐康門市","address":"237新北市三峽區成福路241號","number":"F001458","phone":"02-27478711#3961","type":"連鎖型綠色商店","city":"新北市"}},{"type":"Feature","geometry":{"type":"Point","coordinates":[121.456880998545,24.995094982439]},"properties":{"name":"7-11鎮板橋門市","address":"220新北市板橋區信義路28號","number":"F000993","phone":"02-27478711#3961","type":"連鎖型綠色商店","city":"新北市"}},{"type":"Feature","geometry":{"type":"Point","coordinates":[121.545445025687,24.968827019897]},"properties":{"name":"7-11鎮鑫門市","address":"231新北市新店區中興路1段289號","number":"F000930","phone":"02-27478711#3961","type":"連鎖型綠色商店","city":"新北市"}},{"type":"Feature","geometry":{"type":"Point","coordinates":[121.536704041779,24.98023898107]},"properties":{"name":"7-11雙建門市","address":"231新北市新店區二十張路62號","number":"F000581","phone":"02-27478711#3961","type":"連鎖型綠色商店","city":"新北市"}},{"type":"Feature","geometry":{"type":"Point","coordinates":[121.444975175636,25.04204679981]},"properties":{"name":"7-11雙泰門市","address":"242新北市新莊區新泰路330號","number":"F001447","phone":"02-27478711#3961","type":"連鎖型綠色商店","city":"新北市"}},{"type":"Feature","geometry":{"type":"Point","coordinates":[121.864912380401,25.035820386855]},"properties":{"name":"7-11雙祥門市","address":"227新北市雙溪區雙溪村太平路65.67號","number":"F001075","phone":"02-27478711#3961","type":"連鎖型綠色商店","city":"新北市"}},{"type":"Feature","geometry":{"type":"Point","coordinates":[121.463235989894,25.081674007271]},"properties":{"name":"7-11雙華門市","address":"247新北市蘆洲區中華街8號","number":"F001299","phone":"02-27478711#3961","type":"連鎖型綠色商店","city":"新北市"}},{"type":"Feature","geometry":{"type":"Point","coordinates":[121.475207245123,25.025491641622]},"properties":{"name":"7-11雙源門市","address":"220新北市板橋區雙十路二段47巷30、32號","number":"F001606","phone":"02-27478711#3961","type":"連鎖型綠色商店","city":"新北市"}},{"type":"Feature","geometry":{"type":"Point","coordinates":[121.866209982832,25.03913899187]},"properties":{"name":"7-11雙溪門市","address":"227新北市雙溪區自強路7號","number":"F001072","phone":"02-27478711#3961","type":"連鎖型綠色商店","city":"新北市"}},{"type":"Feature","geometry":{"type":"Point","coordinates":[121.413500039565,25.028293018708]},"properties":{"name":"7-11雙鳳門市","address":"242新北市新莊區雙鳳路114號1樓","number":"F001405","phone":"02-27478711#3961","type":"連鎖型綠色商店","city":"新北市"}},{"type":"Feature","geometry":{"type":"Point","coordinates":[121.542704310987,24.976382802695]},"properties":{"name":"7-11雙鑫門市","address":"231新北市新店區北新路二段169號","number":"F001590","phone":"02-27478711#3961","type":"連鎖型綠色商店","city":"新北市"}},{"type":"Feature","geometry":{"type":"Point","coordinates":[121.480321996603,25.019681996209]},"properties":{"name":"7-11馥都門市","address":"220新北市板橋區中山路二段399.401號","number":"F001208","phone":"02-27478711#3961","type":"連鎖型綠色商店","city":"新北市"}},{"type":"Feature","geometry":{"type":"Point","coordinates":[121.425073017098,25.18411599341]},"properties":{"name":"7-11鯊魚門市","address":"251新北市淡水區沙崙路214號","number":"F000965","phone":"02-27478711#3961","type":"連鎖型綠色商店","city":"新北市"}},{"type":"Feature","geometry":{"type":"Point","coordinates":[121.478618039507,25.031068979311]},"properties":{"name":"7-11懷民門市","address":"220新北市板橋區民治街111號","number":"F001111","phone":"02-27478711#3961","type":"連鎖型綠色商店","city":"新北市"}},{"type":"Feature","geometry":{"type":"Point","coordinates":[121.480131978858,25.030350985485]},"properties":{"name":"7-11懷翠門市","address":"220新北市板橋區懷德街181巷23號","number":"F001398","phone":"02-27478711#3961","type":"連鎖型綠色商店","city":"新北市"}},{"type":"Feature","geometry":{"type":"Point","coordinates":[121.477341978567,25.032705001083]},"properties":{"name":"7-11懷德門市","address":"220新北市板橋區懷德街55.57號","number":"F000553","phone":"02-27478711#3961","type":"連鎖型綠色商店","city":"新北市"}},{"type":"Feature","geometry":{"type":"Point","coordinates":[121.444622213694,25.051584483614]},"properties":{"name":"7-11藝高門市","address":"242新北市新莊區中平路357號","number":"F001059","phone":"02-27478711#3961","type":"連鎖型綠色商店","city":"新北市"}},{"type":"Feature","geometry":{"type":"Point","coordinates":[121.444491372185,25.050322294724]},"properties":{"name":"7-11藝寶門市","address":"242新北市新莊區立信三街8號","number":"F001647","phone":"02-27478711#3961","type":"連鎖型綠色商店","city":"新北市"}},{"type":"Feature","geometry":{"type":"Point","coordinates":[121.379704038324,25.082241001112]},"properties":{"name":"7-11麗池門市","address":"244新北市林口區文化二路2段120號","number":"F001008","phone":"02-27478711#3961","type":"連鎖型綠色商店","city":"新北市"}},{"type":"Feature","geometry":{"type":"Point","coordinates":[121.527103996615,25.002802980599]},"properties":{"name":"7-11麗金門市","address":"234新北市永和區成功路一段91號","number":"F001351","phone":"02-27478711#3961","type":"連鎖型綠色商店","city":"新北市"}},{"type":"Feature","geometry":{"type":"Point","coordinates":[121.374241384386,25.071509692386]},"properties":{"name":"7-11麗園門市","address":"244新北市林口區文化一路一段118號","number":"F001585","phone":"02-27478711#3961","type":"連鎖型綠色商店","city":"新北市"}},{"type":"Feature","geometry":{"type":"Point","coordinates":[121.378677003728,25.0708020083]},"properties":{"name":"7-11麗興門市","address":"244新北市林口區麗園一街11巷1號1樓之2","number":"F000950","phone":"02-27478711#3961","type":"連鎖型綠色商店","city":"新北市"}},{"type":"Feature","geometry":{"type":"Point","coordinates":[121.541858996051,24.986878999037]},"properties":{"name":"7-11寶中門市","address":"231新北市新店區寶慶街66號","number":"F001368","phone":"02-27478711#3961","type":"連鎖型綠色商店","city":"新北市"}},{"type":"Feature","geometry":{"type":"Point","coordinates":[121.542747980702,24.973184016986]},"properties":{"name":"7-11寶新門市","address":"231新北市新店區北新路二段57號","number":"F001499","phone":"02-27478711#3961","type":"連鎖型綠色商店","city":"新北市"}},{"type":"Feature","geometry":{"type":"Point","coordinates":[121.461399011994,25.008912005]},"properties":{"name":"7-11耀心門市","address":"220新北市板橋區中山路一段50巷11號","number":"F001207","phone":"02-27478711#3961","type":"連鎖型綠色商店","city":"新北市"}},{"type":"Feature","geometry":{"type":"Point","coordinates":[121.475837929862,25.082722289992]},"properties":{"name":"7-11蘆三門市","address":"247新北市蘆洲區三民路28號","number":"F001514","phone":"02-27478711#3961","type":"連鎖型綠色商店","city":"新北市"}},{"type":"Feature","geometry":{"type":"Point","coordinates":[121.467420990331,25.08716599787]},"properties":{"name":"7-11蘆正門市","address":"247新北市蘆洲區中正路261號","number":"F001530","phone":"02-27478711#3961","type":"連鎖型綠色商店","city":"新北市"}},{"type":"Feature","geometry":{"type":"Point","coordinates":[121.467593992812,25.077212990763]},"properties":{"name":"7-11蘆永門市","address":"247新北市蘆洲區永安南路二段18號","number":"F001658","phone":"02-27478711#3961","type":"連鎖型綠色商店","city":"新北市"}},{"type":"Feature","geometry":{"type":"Point","coordinates":[121.464139978152,25.078900016415]},"properties":{"name":"7-11蘆安門市","address":"247新北市蘆洲區長安街11號","number":"F001449","phone":"02-27478711#3961","type":"連鎖型綠色商店","city":"新北市"}},{"type":"Feature","geometry":{"type":"Point","coordinates":[121.460247003222,25.084820992818]},"properties":{"name":"7-11蘆荻門市","address":"247新北市蘆洲區永康街1巷37號","number":"F000958","phone":"02-27478711#3961","type":"連鎖型綠色商店","city":"新北市"}},{"type":"Feature","geometry":{"type":"Point","coordinates":[121.474545021297,25.078906009476]},"properties":{"name":"7-11蘆揚門市","address":"247新北市蘆洲區民生街30號","number":"F001417","phone":"02-27478711#3961","type":"連鎖型綠色商店","city":"新北市"}},{"type":"Feature","geometry":{"type":"Point","coordinates":[121.459994959393,25.082114015278]},"properties":{"name":"7-11蘆華門市","address":"247新北市蘆洲區長安街205號","number":"F001465","phone":"02-27478711#3961","type":"連鎖型綠色商店","city":"新北市"}},{"type":"Feature","geometry":{"type":"Point","coordinates":[121.462931307714,25.08610811787]},"properties":{"name":"7-11蘆樂門市","address":"247新北市蘆洲區長樂路55號1樓","number":"F001386","phone":"02-27478711#3961","type":"連鎖型綠色商店","city":"新北市"}},{"type":"Feature","geometry":{"type":"Point","coordinates":[121.470479965895,25.080602003765]},"properties":{"name":"7-11蘆讚門市","address":"247新北市蘆洲區中山二路184號","number":"F001369","phone":"02-27478711#3961","type":"連鎖型綠色商店","city":"新北市"}},{"type":"Feature","geometry":{"type":"Point","coordinates":[121.4725900262,25.026711018303]},"properties":{"name":"7-11議會門市","address":"220新北市板橋區莊敬路60號","number":"F000549","phone":"02-27478711#3961","type":"連鎖型綠色商店","city":"新北市"}},{"type":"Feature","geometry":{"type":"Point","coordinates":[121.432990479019,25.013549795846]},"properties":{"name":"7-11儷新門市","address":"242新北市新莊區新樹路451號","number":"F001162","phone":"02-27478711#3961","type":"連鎖型綠色商店","city":"新北市"}},{"type":"Feature","geometry":{"type":"Point","coordinates":[121.348912027361,24.954275994075]},"properties":{"name":"7-11鶯育門市","address":"239新北市鶯歌區南雅路35號","number":"F001327","phone":"02-27478711#3961","type":"連鎖型綠色商店","city":"新北市"}},{"type":"Feature","geometry":{"type":"Point","coordinates":[121.325973021484,24.971931006281]},"properties":{"name":"7-11鶯桃門市","address":"239新北市鶯歌區鶯桃路二段7號","number":"F001540","phone":"02-27478711#3961","type":"連鎖型綠色商店","city":"新北市"}},{"type":"Feature","geometry":{"type":"Point","coordinates":[121.347461958112,24.951160985488]},"properties":{"name":"7-11鶯瓷門市","address":"239新北市鶯歌區尖山埔路100.102號","number":"F001559","phone":"02-27478711#3961","type":"連鎖型綠色商店","city":"新北市"}},{"type":"Feature","geometry":{"type":"Point","coordinates":[121.350931982208,24.953683016335]},"properties":{"name":"7-11鶯歌門市","address":"239新北市鶯歌區國慶街139號","number":"F001124","phone":"02-27478711#3961","type":"連鎖型綠色商店","city":"新北市"}},{"type":"Feature","geometry":{"type":"Point","coordinates":[121.460201992402,25.092161989348]},"properties":{"name":"7-11鷺江門市","address":"247新北市蘆洲區長榮路679號1樓","number":"F001051","phone":"02-27478711#3961","type":"連鎖型綠色商店","city":"新北市"}},{"type":"Feature","geometry":{"type":"Point","coordinates":[121.444545016365,24.987481993152]},"properties":{"name":"7-11鑫城門市","address":"236新北市土城區中華路1段94號","number":"F001071","phone":"02-27478711#3961","type":"連鎖型綠色商店","city":"新北市"}},{"type":"Feature","geometry":{"type":"Point","coordinates":[121.635272037999,25.010752000385]},"properties":{"name":"7-11鑫庫門市","address":"222新北市深坑區北深路一段118.120號","number":"F001454","phone":"02-27478711#3961","type":"連鎖型綠色商店","city":"新北市"}},{"type":"Feature","geometry":{"type":"Point","coordinates":[121.486818474478,25.072467911557]},"properties":{"name":"7-11鑫強門市","address":"241新北市三重區自強路三段30.32號","number":"F001335","phone":"02-27478711#3961","type":"連鎖型綠色商店","city":"新北市"}},{"type":"Feature","geometry":{"type":"Point","coordinates":[121.535583968058,24.982676983337]},"properties":{"name":"7-11鑫權門市","address":"231新北市新店區民權路125號","number":"F000990","phone":"02-27478711#3961","type":"連鎖型綠色商店","city":"新北市"}},{"type":"Feature","geometry":{"type":"Point","coordinates":[121.451334022661,25.174073006573]},"properties":{"name":"7-11鑫鑫門市","address":"251新北市淡水區水源街2段76號","number":"F001185","phone":"02-27478711#3961","type":"連鎖型綠色商店","city":"新北市"}},{"type":"Feature","geometry":{"type":"Point","coordinates":[121.389173409617,25.080750908275]},"properties":{"name":"7-11觀林門市","address":"244新北市林口區林口路78.80號","number":"F001469","phone":"02-27478711#3961","type":"連鎖型綠色商店","city":"新北市"}},{"type":"Feature","geometry":{"type":"Point","coordinates":[121.441906979979,25.003174005543]},"properties":{"name":"7-11觀泰門市","address":"220新北市板橋區大觀路2段174巷166弄2.4號","number":"F001588","phone":"02-27478711#3961","type":"連鎖型綠色商店","city":"新北市"}},{"type":"Feature","geometry":{"type":"Point","coordinates":[121.453035968101,25.125668018649]},"properties":{"name":"7-11觀海門市","address":"249新北市八里區龍米路一段140號","number":"F001239","phone":"02-27478711#3961","type":"連鎖型綠色商店","city":"新北市"}},{"type":"Feature","geometry":{"type":"Point","coordinates":[121.427830998519,25.161621982773]},"properties":{"name":"7-11觀景門市","address":"249新北市八里區觀海大道61.63號","number":"F001322","phone":"02-27478711#3961","type":"連鎖型綠色商店","city":"新北市"}},{"type":"Feature","geometry":{"type":"Point","coordinates":[121.443068963216,25.000200986397]},"properties":{"name":"7-11觀龍門市","address":"220新北市板橋區龍興街24號","number":"F000924","phone":"02-27478711#3961","type":"連鎖型綠色商店","city":"新北市"}},{"type":"Feature","geometry":{"type":"Point","coordinates":[121.497109020826,25.001132006292]},"properties":{"name":"一俐車業有限公司","address":"235新北市中和區景平路670號","number":"F002054","phone":"22405252","type":"連鎖型綠色商店","city":"新北市"}},{"type":"Feature","geometry":{"type":"Point","coordinates":[121.524788998777,25.004777002616]},"properties":{"name":"一楓車業有限公司","address":"234新北市永和區林森路48巷2號","number":"F002095","phone":"29239582","type":"連鎖型綠色商店","city":"新北市"}},{"type":"Feature","geometry":{"type":"Point","coordinates":[121.467938991947,24.99756299192]},"properties":{"name":"力昌機車行","address":"235新北市中和區民德路236號","number":"F002129","phone":"29531099","type":"連鎖型綠色商店","city":"新北市"}},{"type":"Feature","geometry":{"type":"Point","coordinates":[121.443244983183,24.98198941582]},"properties":{"name":"力溢車業有限公司","address":"236新北市土城區中央路一段302號","number":"F002157","phone":"22616577","type":"連鎖型綠色商店","city":"新北市"}},{"type":"Feature","geometry":{"type":"Point","coordinates":[121.512300968874,24.993265003428]},"properties":{"name":"久川車業有限公司","address":"235新北市中和區安樂路68號","number":"F002070","phone":"29428322","type":"連鎖型綠色商店","city":"新北市"}},{"type":"Feature","geometry":{"type":"Point","coordinates":[121.496570902642,25.066181400356]},"properties":{"name":"大同綜合訊電股份有限公司-大同3C_三重正義門市","address":"241新北市三重區正義北路150號","number":"F001972","phone":"02-29836377","type":"連鎖型綠色商店","city":"新北市"}},{"type":"Feature","geometry":{"type":"Point","coordinates":[121.372808581857,24.936207209218]},"properties":{"name":"大同綜合訊電股份有限公司-大同3C_三峽門市","address":"237新北市三峽區文化路48號","number":"F001959","phone":"02-26711210","type":"連鎖型綠色商店","city":"新北市"}},{"type":"Feature","geometry":{"type":"Point","coordinates":[121.44186188534,24.976146307297]},"properties":{"name":"大同綜合訊電股份有限公司-大同3C_土城中央門市","address":"236新北市土城區中央路二段186號","number":"F001974","phone":"02-22602344","type":"連鎖型綠色商店","city":"新北市"}},{"type":"Feature","geometry":{"type":"Point","coordinates":[121.504730014831,24.99952201033]},"properties":{"name":"大同綜合訊電股份有限公司-大同3C_中和雙和門市","address":"235新北市中和區中和路176號","number":"F002328","phone":"02-22451320","type":"連鎖型綠色商店","city":"新北市"}},{"type":"Feature","geometry":{"type":"Point","coordinates":[121.512783012126,25.010483989031]},"properties":{"name":"大同綜合訊電股份有限公司-大同3C_永和中山門市","address":"234新北市永和區中山路一段65號","number":"F001954","phone":"02-29213392","type":"連鎖型綠色商店","city":"新北市"}},{"type":"Feature","geometry":{"type":"Point","coordinates":[121.517360034174,24.999240001198]},"properties":{"name":"大同綜合訊電股份有限公司-大同3C_永和中正門市","address":"234新北市永和區中正路306號","number":"F001981","phone":"0930255170","type":"連鎖型綠色商店","city":"新北市"}},{"type":"Feature","geometry":{"type":"Point","coordinates":[121.661006492405,25.06870020417]},"properties":{"name":"大同綜合訊電股份有限公司-大同3C_汐止大同門市","address":"221新北市汐止區大同路二段497號","number":"F001977","phone":"02-26412423","type":"連鎖型綠色商店","city":"新北市"}},{"type":"Feature","geometry":{"type":"Point","coordinates":[121.633655001239,25.064588000562]},"properties":{"name":"大同綜合訊電股份有限公司-大同3C_汐止福德門市","address":"221新北市汐止區福德一路249號","number":"F001975","phone":"02-86934966","type":"連鎖型綠色商店","city":"新北市"}},{"type":"Feature","geometry":{"type":"Point","coordinates":[121.456687041305,25.016924014789]},"properties":{"name":"大同綜合訊電股份有限公司-大同3C_板橋中正門市","address":"220新北市板橋區中正路162號","number":"F001958","phone":"02-22710873","type":"連鎖型綠色商店","city":"新北市"}},{"type":"Feature","geometry":{"type":"Point","coordinates":[121.461203378374,24.996095194945]},"properties":{"name":"大同綜合訊電股份有限公司-大同3C_板橋國慶門市","address":"220新北市板橋區國慶路143號","number":"F001979","phone":"02-29512903","type":"連鎖型綠色商店","city":"新北市"}},{"type":"Feature","geometry":{"type":"Point","coordinates":[121.429219963695,25.052634987539]},"properties":{"name":"大同綜合訊電股份有限公司-大同3C_泰山門市","address":"243新北市泰山區明志路二段59號","number":"F001960","phone":"02-29098442","type":"連鎖型綠色商店","city":"新北市"}},{"type":"Feature","geometry":{"type":"Point","coordinates":[121.536574038461,24.974837012112]},"properties":{"name":"大同綜合訊電股份有限公司-大同3C_新店中正門市","address":"231新北市新店區中正路309號","number":"F001971","phone":"02-29154814","type":"連鎖型綠色商店","city":"新北市"}},{"type":"Feature","geometry":{"type":"Point","coordinates":[121.445323024618,25.040940011405]},"properties":{"name":"大同綜合訊電股份有限公司-大同3C_新莊新泰門市","address":"242新北市新莊區新泰路303號","number":"F001973","phone":"02-29938989","type":"連鎖型綠色商店","city":"新北市"}},{"type":"Feature","geometry":{"type":"Point","coordinates":[121.42458200521,25.024274985783]},"properties":{"name":"大同綜合訊電股份有限公司-大同3C_新莊鴻金寶門市","address":"242新北市新莊區富國路188號","number":"F001956","phone":"02-22067657","type":"連鎖型綠色商店","city":"新北市"}},{"type":"Feature","geometry":{"type":"Point","coordinates":[121.425965186873,24.99297490576]},"properties":{"name":"大同綜合訊電股份有限公司-大同3C_樹林門市","address":"238新北市樹林區鎮前街32號","number":"F001970","phone":"02-26812538","type":"連鎖型綠色商店","city":"新北市"}},{"type":"Feature","geometry":{"type":"Point","coordinates":[121.464635910494,25.08195011537]},"properties":{"name":"大同綜合訊電股份有限公司-大同3C_蘆洲光華門市","address":"247新北市蘆洲區光華路188、190號","number":"F001965","phone":"02-22810868","type":"連鎖型綠色商店","city":"新北市"}},{"type":"Feature","geometry":{"type":"Point","coordinates":[121.516453196069,24.992377192244]},"properties":{"name":"大潤發流通事業股分有限公司中和分公司景平店","address":"235新北市中和區景平路182號地下1樓","number":"F000015","phone":"02-29436000#501","type":"連鎖型綠色商店","city":"新北市"}},{"type":"Feature","geometry":{"type":"Point","coordinates":[121.433359930802,24.964461439228]},"properties":{"name":"大潤發流通事業股份有限公司土城分公司","address":"236新北市土城區永安街25號","number":"F001999","phone":"02-22674750","type":"連鎖型綠色商店","city":"新北市"}},{"type":"Feature","geometry":{"type":"Point","coordinates":[121.537136674629,24.961960880973]},"properties":{"name":"大潤發流通事業股份有限公司新店分公司","address":"231新北市新店區環河路22號B1","number":"F000010","phone":"02-89122188#501","type":"連鎖型綠色商店","city":"新北市"}},{"type":"Feature","geometry":{"type":"Point","coordinates":[121.516906977626,25.006825466035]},"properties":{"name":"大鑫車業有限公司","address":"234新北市永和區中正路40號","number":"F002093","phone":"29468888","type":"連鎖型綠色商店","city":"新北市"}},{"type":"Feature","geometry":{"type":"Point","coordinates":[121.505959975303,24.997088995295]},"properties":{"name":"川吉機車行","address":"235新北市中和區景新街133號","number":"F002111","phone":"22402909","type":"連鎖型綠色商店","city":"新北市"}},{"type":"Feature","geometry":{"type":"Point","coordinates":[121.499877395807,25.002021116671]},"properties":{"name":"中和地區農會超市","address":"235新北市中和區中和路25號","number":"F000249","phone":"02-22491000","type":"連鎖型綠色商店","city":"新北市"}},{"type":"Feature","geometry":{"type":"Point","coordinates":[121.494482719104,25.061571688886]},"properties":{"name":"中華電信股份有限公司（股）新北營運處三重服務中心","address":"241新北市三重區重新路三段27號","number":"F002254","phone":"02-23445862","type":"連鎖型綠色商店","city":"新北市"}},{"type":"Feature","geometry":{"type":"Point","coordinates":[121.410014128936,25.157059559588]},"properties":{"name":"中華電信股份有限公司台北營運處八里服務中心","address":"249新北市八里區中山路二段356巷12號","number":"F002238","phone":"02-23445862","type":"連鎖型綠色商店","city":"新北市"}},{"type":"Feature","geometry":{"type":"Point","coordinates":[121.500101611717,25.257966008623]},"properties":{"name":"中華電信股份有限公司台北營運處三芝服務中心","address":"252新北市三芝區公正街1號","number":"F002234","phone":"02-23445862","type":"連鎖型綠色商店","city":"新北市"}},{"type":"Feature","geometry":{"type":"Point","coordinates":[121.539731166111,24.983061503145]},"properties":{"name":"中華電信股份有限公司台北營運處大坪林服務中心","address":"231新北市新店區民權路48號","number":"F002273","phone":"02-23445862","type":"連鎖型綠色商店","city":"新北市"}},{"type":"Feature","geometry":{"type":"Point","coordinates":[121.568182782069,25.292453810243]},"properties":{"name":"中華電信股份有限公司台北營運處石門洞服務中心","address":"253新北市石門區中央路32號","number":"F002233","phone":"02-23445862","type":"連鎖型綠色商店","city":"新北市"}},{"type":"Feature","geometry":{"type":"Point","coordinates":[121.498879111139,24.9554744805]},"properties":{"name":"中華電信股份有限公司台北營運處安康服務中心","address":"231新北市新店區安康路二段337號","number":"F002270","phone":"02-23445862","type":"連鎖型綠色商店","city":"新北市"}},{"type":"Feature","geometry":{"type":"Point","coordinates":[121.46011297659,25.136022016004]},"properties":{"name":"中華電信股份有限公司台北營運處竹圍服務中心","address":"251新北市淡水區民權路157號","number":"F002235","phone":"02-23445862","type":"連鎖型綠色商店","city":"新北市"}},{"type":"Feature","geometry":{"type":"Point","coordinates":[121.446695309806,25.168035479806]},"properties":{"name":"中華電信股份有限公司台北營運處淡水服務中心","address":"251新北市淡水區中正東路51號","number":"F002236","phone":"02-23445862","type":"連鎖型綠色商店","city":"新北市"}},{"type":"Feature","geometry":{"type":"Point","coordinates":[121.446695309806,25.168035479806]},"properties":{"name":"中華電信股份有限公司台北營運處淡水捷運服務中心","address":"251新北市淡水區中正東路51號","number":"F002237","phone":"02-23445862","type":"連鎖型綠色商店","city":"新北市"}},{"type":"Feature","geometry":{"type":"Point","coordinates":[121.444002120497,25.185352701314]},"properties":{"name":"中華電信股份有限公司台北營運處淡水新市服務中心","address":"251新北市淡水區中山北路二段191號","number":"F002329","phone":"0800-080-123","type":"連鎖型綠色商店","city":"新北市"}},{"type":"Feature","geometry":{"type":"Point","coordinates":[121.615707334883,25.002388914582]},"properties":{"name":"中華電信股份有限公司台北營運處深坑服務中心","address":"222新北市深坑區深坑街14號","number":"F002278","phone":"02-23445862","type":"連鎖型綠色商店","city":"新北市"}},{"type":"Feature","geometry":{"type":"Point","coordinates":[121.539731166111,24.983061503145]},"properties":{"name":"中華電信股份有限公司台北營運處新店服務中心","address":"231新北市新店區民權路48號","number":"F002272","phone":"02-23445862","type":"連鎖型綠色商店","city":"新北市"}},{"type":"Feature","geometry":{"type":"Point","coordinates":[121.659319299115,25.063531587396]},"properties":{"name":"中華電信股份有限公司基隆營運處汐止服務中心","address":"221新北市汐止區仁愛路12號","number":"F002279","phone":"02-23445862","type":"連鎖型綠色商店","city":"新北市"}},{"type":"Feature","geometry":{"type":"Point","coordinates":[121.632529982195,25.064110986453]},"properties":{"name":"中華電信股份有限公司基隆營運處汐止福德服務中心","address":"221新北市汐止區福德一路264號","number":"F002311","phone":"0800-080-123","type":"連鎖型綠色商店","city":"新北市"}},{"type":"Feature","geometry":{"type":"Point","coordinates":[121.806062367654,25.10733981389]},"properties":{"name":"中華電信股份有限公司基隆營運處金山服務中心","address":"224新北市瑞芳區中正路65號2樓","number":"F002277","phone":"02-23445862","type":"連鎖型綠色商店","city":"新北市"}},{"type":"Feature","geometry":{"type":"Point","coordinates":[121.66395801197,25.068253993554]},"properties":{"name":"中華電信股份有限公司基隆營運處站前服務中心","address":"221新北市汐止區忠孝東路286號","number":"F002310","phone":"0800-080-123","type":"連鎖型綠色商店","city":"新北市"}},{"type":"Feature","geometry":{"type":"Point","coordinates":[121.905484037737,25.020905206418]},"properties":{"name":"中華電信股份有限公司基隆營運處貢寮服務中心","address":"228新北市貢寮區長泰路18號","number":"F002274","phone":"02-23445862","type":"連鎖型綠色商店","city":"新北市"}},{"type":"Feature","geometry":{"type":"Point","coordinates":[121.806062367654,25.10733981389]},"properties":{"name":"中華電信股份有限公司基隆營運處瑞芳服務中心","address":"224新北市瑞芳區中正路65號2樓","number":"F002276","phone":"02-23445862","type":"連鎖型綠色商店","city":"新北市"}},{"type":"Feature","geometry":{"type":"Point","coordinates":[121.6780014,25.1919422]},"properties":{"name":"中華電信股份有限公司基隆營運處萬里服務中心","address":"207新北市萬里區瑪鍊路16號","number":"F002288","phone":"02-23445862","type":"連鎖型綠色商店","city":"新北市"}},{"type":"Feature","geometry":{"type":"Point","coordinates":[121.865835982312,25.038991009369]},"properties":{"name":"中華電信股份有限公司基隆營運處雙溪服務中心","address":"227新北市雙溪區中華路107號","number":"F002275","phone":"02-23445862","type":"連鎖型綠色商店","city":"新北市"}},{"type":"Feature","geometry":{"type":"Point","coordinates":[121.497819973853,25.063058009866]},"properties":{"name":"中華電信股份有限公司新北營運處三重正義服務中心","address":"241新北市三重區正義北路15-3號","number":"F002253","phone":"02-23445862","type":"連鎖型綠色商店","city":"新北市"}},{"type":"Feature","geometry":{"type":"Point","coordinates":[121.36976201151,24.933937012653]},"properties":{"name":"中華電信股份有限公司新北營運處三峽服務中心","address":"237新北市三峽區民權街36號","number":"F002259","phone":"02-23445862","type":"連鎖型綠色商店","city":"新北市"}},{"type":"Feature","geometry":{"type":"Point","coordinates":[121.370802373332,24.938563194563]},"properties":{"name":"中華電信股份有限公司新北營運處三峽復興服務中心","address":"237新北市三峽區復興路172號","number":"F002258","phone":"02-23445862","type":"連鎖型綠色商店","city":"新北市"}},{"type":"Feature","geometry":{"type":"Point","coordinates":[121.458841022783,24.985264979762]},"properties":{"name":"中華電信股份有限公司新北營運處土城服務中心","address":"236新北市土城區青雲路136號","number":"F002262","phone":"02-23445862","type":"連鎖型綠色商店","city":"新北市"}},{"type":"Feature","geometry":{"type":"Point","coordinates":[121.503743297189,24.999614881817]},"properties":{"name":"中華電信股份有限公司新北營運處中和南山服務中心","address":"235新北市中和區中和路138號","number":"F002290","phone":"02-23445862","type":"連鎖型綠色商店","city":"新北市"}},{"type":"Feature","geometry":{"type":"Point","coordinates":[121.441975963042,25.088202001102]},"properties":{"name":"中華電信股份有限公司新北營運處五股服務中心","address":"248新北市五股區成泰路三段18號","number":"F002239","phone":"02-23445862","type":"連鎖型綠色商店","city":"新北市"}},{"type":"Feature","geometry":{"type":"Point","coordinates":[121.372832218824,24.946412888796]},"properties":{"name":"中華電信股份有限公司新北營運處北大服務中心","address":"237新北市三峽區大學路168號","number":"F002260","phone":"02-23445862","type":"連鎖型綠色商店","city":"新北市"}},{"type":"Feature","geometry":{"type":"Point","coordinates":[121.517548291719,25.000682191458]},"properties":{"name":"中華電信股份有限公司新北營運處永和中正服務中心","address":"234新北市永和區中正路261號","number":"F002267","phone":"02-23445862","type":"連鎖型綠色商店","city":"新北市"}},{"type":"Feature","geometry":{"type":"Point","coordinates":[121.51945701871,25.008620985322]},"properties":{"name":"中華電信股份有限公司新北營運處永和服務中心","address":"234新北市永和區國光路8號","number":"F002268","phone":"02-23445862","type":"連鎖型綠色商店","city":"新北市"}},{"type":"Feature","geometry":{"type":"Point","coordinates":[121.475415901037,25.028203499982]},"properties":{"name":"中華電信股份有限公司新北營運處江翠服務中心","address":"220新北市板橋區雙十路二段70巷2號","number":"F002286","phone":"02-23445862","type":"連鎖型綠色商店","city":"新北市"}},{"type":"Feature","geometry":{"type":"Point","coordinates":[121.459375033835,25.009954001293]},"properties":{"name":"中華電信股份有限公司新北營運處府中服務中心","address":"220新北市板橋區府後街1號","number":"F002282","phone":"02-23445862","type":"連鎖型綠色商店","city":"新北市"}},{"type":"Feature","geometry":{"type":"Point","coordinates":[121.424862966605,25.039670991264]},"properties":{"name":"中華電信股份有限公司新北營運處明志服務中心","address":"243新北市泰山區明志路三段155號","number":"F002245","phone":"02-23445862","type":"連鎖型綠色商店","city":"新北市"}},{"type":"Feature","geometry":{"type":"Point","coordinates":[121.369134039324,25.071432997972]},"properties":{"name":"中華電信股份有限公司新北營運處林口忠孝服務中心","address":"244新北市林口區忠孝路370號1樓","number":"F002243","phone":"02-23445862","type":"連鎖型綠色商店","city":"新北市"}},{"type":"Feature","geometry":{"type":"Point","coordinates":[121.384806438063,25.080021179784]},"properties":{"name":"中華電信股份有限公司新北營運處林口服務中心","address":"244新北市林口區中山路262號","number":"F002244","phone":"02-23445862","type":"連鎖型綠色商店","city":"新北市"}},{"type":"Feature","geometry":{"type":"Point","coordinates":[121.479248693902,25.014429099399]},"properties":{"name":"中華電信股份有限公司新北營運處板橋三民服務中心","address":"220新北市板橋區三民路2段171號","number":"F002280","phone":"02-23445862","type":"連鎖型綠色商店","city":"新北市"}},{"type":"Feature","geometry":{"type":"Point","coordinates":[121.463816017594,25.027368997702]},"properties":{"name":"中華電信股份有限公司新北營運處板橋四維服務中心","address":"220新北市板橋區四維路229號","number":"F002284","phone":"02-23445862","type":"連鎖型綠色商店","city":"新北市"}},{"type":"Feature","geometry":{"type":"Point","coordinates":[121.465183022183,25.008471284531]},"properties":{"name":"中華電信股份有限公司新北營運處板橋服務中心","address":"220新北市板橋區民族路166號","number":"F002287","phone":"02-23445862","type":"連鎖型綠色商店","city":"新北市"}},{"type":"Feature","geometry":{"type":"Point","coordinates":[121.469116939882,25.025261114188]},"properties":{"name":"中華電信股份有限公司新北營運處板橋新埔服務中心","address":"220新北市板橋區文化路二段51 號","number":"F002285","phone":"02-23445862","type":"連鎖型綠色商店","city":"新北市"}},{"type":"Feature","geometry":{"type":"Point","coordinates":[121.513324985985,24.992209009357]},"properties":{"name":"中華電信股份有限公司新北營運處南勢角服務中心","address":"235新北市中和區景平路155號","number":"F002264","phone":"02-23445862","type":"連鎖型綠色商店","city":"新北市"}},{"type":"Feature","geometry":{"type":"Point","coordinates":[121.423990997218,25.024533986591]},"properties":{"name":"中華電信股份有限公司新北營運處後港服務中心","address":"242新北市新莊區四維路7號","number":"F002248","phone":"02-23445862","type":"連鎖型綠色商店","city":"新北市"}},{"type":"Feature","geometry":{"type":"Point","coordinates":[121.433176976365,25.062260094593]},"properties":{"name":"中華電信股份有限公司新北營運處泰明服務中心","address":"243新北市泰山區明志路一段167號1樓","number":"F002246","phone":"02-23445862","type":"連鎖型綠色商店","city":"新北市"}},{"type":"Feature","geometry":{"type":"Point","coordinates":[121.449687984516,24.987632993137]},"properties":{"name":"中華電信股份有限公司新北營運處海山捷運服務中心","address":"236新北市土城區裕民路73號","number":"F002261","phone":"02-23445862","type":"連鎖型綠色商店","city":"新北市"}},{"type":"Feature","geometry":{"type":"Point","coordinates":[121.496712975901,25.000508979429]},"properties":{"name":"中華電信股份有限公司新北營運處連城服務中心","address":"235新北市中和區連城路94號","number":"F002265","phone":"02-23445862","type":"連鎖型綠色商店","city":"新北市"}},{"type":"Feature","geometry":{"type":"Point","coordinates":[121.505290009782,24.993686990344]},"properties":{"name":"中華電信股份有限公司新北營運處景安捷運服務中心","address":"235新北市中和區景平路476號","number":"F002263","phone":"02-23445862","type":"連鎖型綠色商店","city":"新北市"}},{"type":"Feature","geometry":{"type":"Point","coordinates":[121.481072931309,25.084437814115]},"properties":{"name":"中華電信股份有限公司新北營運處集賢服務中心","address":"247新北市蘆洲區集賢路338號1樓","number":"F002242","phone":"02-23445862","type":"連鎖型綠色商店","city":"新北市"}},{"type":"Feature","geometry":{"type":"Point","coordinates":[121.444618860932,25.052213713085]},"properties":{"name":"中華電信股份有限公司新北營運處新莊中平服務中心","address":"242新北市新莊區中平路369號","number":"F002250","phone":"02-23445862","type":"連鎖型綠色商店","city":"新北市"}},{"type":"Feature","geometry":{"type":"Point","coordinates":[121.425870974281,25.022664989821]},"properties":{"name":"中華電信股份有限公司新北營運處新莊民安服務中心","address":"242新北市新莊區民安路214號1樓","number":"F002247","phone":"02-23445862","type":"連鎖型綠色商店","city":"新北市"}},{"type":"Feature","geometry":{"type":"Point","coordinates":[121.451717997646,25.049258002569]},"properties":{"name":"中華電信股份有限公司新北營運處新莊幸福服務中心","address":"242新北市新莊區幸福路612號1樓","number":"F002289","phone":"02-23445862","type":"連鎖型綠色商店","city":"新北市"}},{"type":"Feature","geometry":{"type":"Point","coordinates":[121.451829979872,25.038897886425]},"properties":{"name":"中華電信股份有限公司新北營運處新莊服務中心","address":"242新北市新莊區中華路一段57號","number":"F002251","phone":"02-23445862","type":"連鎖型綠色商店","city":"新北市"}},{"type":"Feature","geometry":{"type":"Point","coordinates":[121.512911003788,25.006770009644]},"properties":{"name":"中華電信股份有限公司新北營運處樂華夜市服務中心","address":"234新北市永和區永和路一段57號","number":"F002269","phone":"02-23445862","type":"連鎖型綠色商店","city":"新北市"}},{"type":"Feature","geometry":{"type":"Point","coordinates":[121.426520990872,24.994093009734]},"properties":{"name":"中華電信股份有限公司新北營運處樹林中華服務中心","address":"238新北市樹林區樹新路15號","number":"F002257","phone":"02-23445862","type":"連鎖型綠色商店","city":"新北市"}},{"type":"Feature","geometry":{"type":"Point","coordinates":[121.416846598227,24.980396602759]},"properties":{"name":"中華電信股份有限公司新北營運處樹林服務中心","address":"238新北市樹林區中華路144號","number":"F002256","phone":"02-23445862","type":"連鎖型綠色商店","city":"新北市"}},{"type":"Feature","geometry":{"type":"Point","coordinates":[121.474554157974,25.005975765783]},"properties":{"name":"中華電信股份有限公司新北營運處環球服務中心","address":"235新北市中和區中山路三段117 號","number":"F002266","phone":"02-23445862","type":"連鎖型綠色商店","city":"新北市"}},{"type":"Feature","geometry":{"type":"Point","coordinates":[121.462198980833,25.080577989612]},"properties":{"name":"中華電信股份有限公司新北營運處蘆洲中華服務中心","address":"247新北市蘆洲區中華街73號1樓","number":"F002241","phone":"02-23445862","type":"連鎖型綠色商店","city":"新北市"}},{"type":"Feature","geometry":{"type":"Point","coordinates":[121.462198980833,25.080577989612]},"properties":{"name":"中華電信股份有限公司新北營運處蘆洲服務中心","address":"247新北市蘆洲區中華街73號1樓","number":"F002240","phone":"02-23445862","type":"連鎖型綠色商店","city":"新北市"}},{"type":"Feature","geometry":{"type":"Point","coordinates":[121.350600980851,24.954827984308]},"properties":{"name":"中華電信股份有限公司新北營運處鶯歌服務中心","address":"239新北市鶯歌區國慶街93號","number":"F002255","phone":"02-23445862","type":"連鎖型綠色商店","city":"新北市"}},{"type":"Feature","geometry":{"type":"Point","coordinates":[121.52617301863,24.994196987243]},"properties":{"name":"元宏機車行","address":"235新北市中和區秀朗路3段74-3號","number":"F002112","phone":"29481535","type":"連鎖型綠色商店","city":"新北市"}},{"type":"Feature","geometry":{"type":"Point","coordinates":[121.455462026156,24.981966281767]},"properties":{"name":"元泓機車行","address":"236新北市土城區裕民路282號","number":"F002135","phone":"22730268","type":"連鎖型綠色商店","city":"新北市"}},{"type":"Feature","geometry":{"type":"Point","coordinates":[121.453799978576,25.010301012085]},"properties":{"name":"日日興車業行","address":"220新北市板橋區林園街40號","number":"F002147","phone":"29660591","type":"連鎖型綠色商店","city":"新北市"}},{"type":"Feature","geometry":{"type":"Point","coordinates":[121.51371499594,24.988682994148]},"properties":{"name":"世昌車業行","address":"235新北市中和區景新街467巷15弄1號1樓","number":"F002091","phone":"86682975","type":"連鎖型綠色商店","city":"新北市"}},{"type":"Feature","geometry":{"type":"Point","coordinates":[121.505427975909,24.993260980115]},"properties":{"name":"世揚車業有限公司","address":"235新北市中和區景平路337號","number":"F002067","phone":"29424490","type":"連鎖型綠色商店","city":"新北市"}},{"type":"Feature","geometry":{"type":"Point","coordinates":[121.443191087545,24.981099802526]},"properties":{"name":"世煇車業有限公司","address":"236新北市土城區中央路一段357號","number":"F002149","phone":"02-22631818","type":"連鎖型綠色商店","city":"新北市"}},{"type":"Feature","geometry":{"type":"Point","coordinates":[121.455553975634,25.011685995856]},"properties":{"name":"北門車業有限公司","address":"220新北市板橋區西門街12號","number":"F002145","phone":"29651205","type":"連鎖型綠色商店","city":"新北市"}},{"type":"Feature","geometry":{"type":"Point","coordinates":[121.516498961261,24.977777383746]},"properties":{"name":"北都汽車股份有限公司-安坑營業所","address":"231新北市新店區安和路2段251號","number":"F002006","phone":"02-2211-3480","type":"連鎖型綠色商店","city":"新北市"}},{"type":"Feature","geometry":{"type":"Point","coordinates":[121.670896970514,25.077076994384]},"properties":{"name":"北都汽車股份有限公司-汐止營業所","address":"221新北市汐止區大同路3段110號","number":"F002008","phone":"02-8648-9696","type":"連鎖型綠色商店","city":"新北市"}},{"type":"Feature","geometry":{"type":"Point","coordinates":[121.551776212431,24.979257711665]},"properties":{"name":"北都汽車股份有限公司-新店營業所","address":"231新北市新店區寶橋路233-1號1樓","number":"F002007","phone":"02-2917-9707","type":"連鎖型綠色商店","city":"新北市"}},{"type":"Feature","geometry":{"type":"Point","coordinates":[121.465727091518,25.031615479398]},"properties":{"name":"仟松車業有限公司","address":"220新北市板橋區長江路2段128號","number":"F002050","phone":"22525332","type":"連鎖型綠色商店","city":"新北市"}},{"type":"Feature","geometry":{"type":"Point","coordinates":[121.44335000843,25.172591002273]},"properties":{"name":"台北縣淡水鎮農會生鮮超級市場","address":"251新北市淡水區水源街1段31號","number":"F000101","phone":"02-26239307","type":"連鎖型綠色商店","city":"新北市"}},{"type":"Feature","geometry":{"type":"Point","coordinates":[121.466619009835,25.013677997055]},"properties":{"name":"台象股份有限公司-象印大遠百板橋據點","address":"220新北市板橋區新站路28號7樓","number":"F002171","phone":"02-2506-9009#217","type":"連鎖型綠色商店","city":"新北市"}},{"type":"Feature","geometry":{"type":"Point","coordinates":[121.448990191076,25.069365308187]},"properties":{"name":"台象股份有限公司-象印五股服務中心","address":"248新北市五股區五權八路41號1樓","number":"F002167","phone":"02-2506-9009#217","type":"連鎖型綠色商店","city":"新北市"}},{"type":"Feature","geometry":{"type":"Point","coordinates":[121.507646078946,25.007836481094]},"properties":{"name":"台象股份有限公司-象印比漾廣場據點","address":"234新北市永和區中山路一段238號?5樓","number":"F002169","phone":"02-2506-9009#217","type":"連鎖型綠色商店","city":"新北市"}},{"type":"Feature","geometry":{"type":"Point","coordinates":[121.449451028113,25.059944007108]},"properties":{"name":"台象股份有限公司-象印宏匯據點","address":"242新北市新莊區新北大道四段3號","number":"F002331","phone":"02-25069009#276","type":"連鎖型綠色商店","city":"新北市"}},{"type":"Feature","geometry":{"type":"Point","coordinates":[121.464423035022,25.011040002578]},"properties":{"name":"台象股份有限公司-象印遠東板橋據點","address":"220新北市板橋區中山路一段152號10樓","number":"F002170","phone":"02-2506-9009#217","type":"連鎖型綠色商店","city":"新北市"}},{"type":"Feature","geometry":{"type":"Point","coordinates":[121.475688899623,25.006077203437]},"properties":{"name":"台象股份有限公司-象印環球中和據點","address":"235新北市中和區中山路三段122號","number":"F002330","phone":"02-25069009#276","type":"連鎖型綠色商店","city":"新北市"}},{"type":"Feature","geometry":{"type":"Point","coordinates":[121.512584025745,24.99292901484]},"properties":{"name":"台灣歐德家具","address":"235新北市中和區景平路306號","number":"F000226","phone":"(02)86681038","type":"連鎖型綠色商店","city":"新北市"}},{"type":"Feature","geometry":{"type":"Point","coordinates":[121.510993978712,25.005854999184]},"properties":{"name":"弘安車業有限公司","address":"234新北市永和區永貞路344號","number":"F002108","phone":"29238884","type":"連鎖型綠色商店","city":"新北市"}},{"type":"Feature","geometry":{"type":"Point","coordinates":[121.467686026109,25.007685900204]},"properties":{"name":"永督機車行","address":"220新北市板橋區民族路178號","number":"F002142","phone":"29500229","type":"連鎖型綠色商店","city":"新北市"}},{"type":"Feature","geometry":{"type":"Point","coordinates":[121.512928019051,25.015170981649]},"properties":{"name":"永諭車行","address":"234新北市永和區文化路105號","number":"F002127","phone":"29241721","type":"連鎖型綠色商店","city":"新北市"}},{"type":"Feature","geometry":{"type":"Point","coordinates":[121.565195974691,25.291064006878]},"properties":{"name":"石門鄉農會超市","address":"253新北市石門區石門村中央路2號","number":"F000104","phone":"02-26381005","type":"連鎖型綠色商店","city":"新北市"}},{"type":"Feature","geometry":{"type":"Point","coordinates":[121.518560993261,25.01476399834]},"properties":{"name":"立志機車行","address":"234新北市永和區竹林路39巷15號","number":"F002128","phone":"89283808","type":"連鎖型綠色商店","city":"新北市"}},{"type":"Feature","geometry":{"type":"Point","coordinates":[121.508532968121,25.004698003179]},"properties":{"name":"立晟車業有限公司","address":"234新北市永和區保平路213號","number":"F002125","phone":"29240832","type":"連鎖型綠色商店","city":"新北市"}},{"type":"Feature","geometry":{"type":"Point","coordinates":[121.459021988073,24.988599007478]},"properties":{"name":"任峰機車行","address":"236新北市土城區學府路一段16號","number":"F002144","phone":"22625619","type":"連鎖型綠色商店","city":"新北市"}},{"type":"Feature","geometry":{"type":"Point","coordinates":[121.452048915183,25.128178901564]},"properties":{"name":"全家便利商店股份有限公司-八里春池店","address":"249新北市八里區龍源村龍米路一段２０６號１樓","number":"F000689","phone":"02-29029199","type":"連鎖型綠色商店","city":"新北市"}},{"type":"Feature","geometry":{"type":"Point","coordinates":[121.434464688149,25.158349603954]},"properties":{"name":"全家便利商店股份有限公司-八里船頭店","address":"249新北市八里區渡船頭街１號","number":"F000815","phone":"02-29029199","type":"連鎖型綠色商店","city":"新北市"}},{"type":"Feature","geometry":{"type":"Point","coordinates":[121.325579994044,24.972309994033]},"properties":{"name":"全家便利商店股份有限公司-八德鳳福店","address":"239新北市鶯歌區鶯桃路二段２７號","number":"F000612","phone":"03-4684211","type":"連鎖型綠色商店","city":"新北市"}},{"type":"Feature","geometry":{"type":"Point","coordinates":[121.501797581071,25.258746485096]},"properties":{"name":"全家便利商店股份有限公司-三芝吉祥店","address":"252新北市三芝區淡金路一段７３，７５，７７號","number":"F000767","phone":"02-25221128","type":"連鎖型綠色商店","city":"新北市"}},{"type":"Feature","geometry":{"type":"Point","coordinates":[121.486131996608,25.067935020229]},"properties":{"name":"全家便利商店股份有限公司-三重力行店","address":"241新北市三重區力行路一段４０號","number":"F000476","phone":"02-29029199","type":"連鎖型綠色商店","city":"新北市"}},{"type":"Feature","geometry":{"type":"Point","coordinates":[121.485024328104,25.063423586573]},"properties":{"name":"全家便利商店股份有限公司-三重三民店","address":"241新北市三重區三民街１１２號","number":"F000300","phone":"02-29029199","type":"連鎖型綠色商店","city":"新北市"}},{"type":"Feature","geometry":{"type":"Point","coordinates":[121.50043898332,25.065504016851]},"properties":{"name":"全家便利商店股份有限公司-三重三佾店","address":"241新北市三重區中央北路５８號１樓","number":"F000779","phone":"02-29029199","type":"連鎖型綠色商店","city":"新北市"}},{"type":"Feature","geometry":{"type":"Point","coordinates":[121.484314297086,25.078167396168]},"properties":{"name":"全家便利商店股份有限公司-三重三和店","address":"241新北市三重區三和路四段１４３之１號","number":"F000674","phone":"02-29029199","type":"連鎖型綠色商店","city":"新北市"}},{"type":"Feature","geometry":{"type":"Point","coordinates":[121.488933983021,25.086548000149]},"properties":{"name":"全家便利商店股份有限公司-三重三信店","address":"241新北市三重區五華街２５７號１樓","number":"F000679","phone":"02-29029199","type":"連鎖型綠色商店","city":"新北市"}},{"type":"Feature","geometry":{"type":"Point","coordinates":[121.485824967495,25.05894999721]},"properties":{"name":"全家便利商店股份有限公司-三重三陽店","address":"241新北市三重區三陽路１３巷２號","number":"F000761","phone":"02-29029199","type":"連鎖型綠色商店","city":"新北市"}},{"type":"Feature","geometry":{"type":"Point","coordinates":[121.495515034299,25.062319019373]},"properties":{"name":"全家便利商店股份有限公司-三重大成店","address":"241新北市三重區大同北路１號１樓","number":"F000376","phone":"02-29029199","type":"連鎖型綠色商店","city":"新北市"}},{"type":"Feature","geometry":{"type":"Point","coordinates":[121.482001981457,25.072613002301]},"properties":{"name":"全家便利商店股份有限公司-三重大勇店","address":"241新北市三重區永發里力行路二段２號一樓","number":"F000680","phone":"02-29029199","type":"連鎖型綠色商店","city":"新北市"}},{"type":"Feature","geometry":{"type":"Point","coordinates":[121.493422995086,25.066324018438]},"properties":{"name":"全家便利商店股份有限公司-三重大智店","address":"241新北市三重區大智街９４號","number":"F000852","phone":"02-29029199","type":"連鎖型綠色商店","city":"新北市"}},{"type":"Feature","geometry":{"type":"Point","coordinates":[121.480757804515,25.061420631711]},"properties":{"name":"全家便利商店股份有限公司-三重中山店","address":"241新北市三重區中山路１１９，１２１號","number":"F000622","phone":"02-29029199","type":"連鎖型綠色商店","city":"新北市"}},{"type":"Feature","geometry":{"type":"Point","coordinates":[121.494076532076,25.056416399338]},"properties":{"name":"全家便利商店股份有限公司-三重中正店","address":"241新北市三重區中正南路１８４號１樓","number":"F000860","phone":"02-29029199","type":"連鎖型綠色商店","city":"新北市"}},{"type":"Feature","geometry":{"type":"Point","coordinates":[121.469601039528,25.045767987634]},"properties":{"name":"全家便利商店股份有限公司-三重中興店","address":"241新北市三重區重新路五段５９５，５９７號","number":"F000485","phone":"02-29029199","type":"連鎖型綠色商店","city":"新北市"}},{"type":"Feature","geometry":{"type":"Point","coordinates":[121.49206697079,25.083393009884]},"properties":{"name":"全家便利商店股份有限公司-三重五華店","address":"241新北市三重區五華街８９號","number":"F000697","phone":"02-29029199","type":"連鎖型綠色商店","city":"新北市"}},{"type":"Feature","geometry":{"type":"Point","coordinates":[121.48205101559,25.080626981836]},"properties":{"name":"全家便利商店股份有限公司-三重仁華店","address":"241新北市三重區仁愛街７１９之１號","number":"F000344","phone":"02-29029199","type":"連鎖型綠色商店","city":"新北市"}},{"type":"Feature","geometry":{"type":"Point","coordinates":[121.497199241018,25.080995738955]},"properties":{"name":"全家便利商店股份有限公司-三重仁義店","address":"241新北市三重區仁義街１５３號、１５５號１樓","number":"F000501","phone":"02-29029199","type":"連鎖型綠色商店","city":"新北市"}},{"type":"Feature","geometry":{"type":"Point","coordinates":[121.492990907977,25.069924800224]},"properties":{"name":"全家便利商店股份有限公司-三重六張店","address":"241新北市三重區六張街９０巷１號","number":"F000393","phone":"02-29029199","type":"連鎖型綠色商店","city":"新北市"}},{"type":"Feature","geometry":{"type":"Point","coordinates":[121.485615000821,25.070696983054]},"properties":{"name":"全家便利商店股份有限公司-三重公園店","address":"241新北市三重區忠孝路二段３４號","number":"F000645","phone":"02-29029199","type":"連鎖型綠色商店","city":"新北市"}},{"type":"Feature","geometry":{"type":"Point","coordinates":[121.49729308742,25.061885381612]},"properties":{"name":"全家便利商店股份有限公司-三重天臺店","address":"241新北市三重區重新路二段７８號","number":"F000890","phone":"02-29029199","type":"連鎖型綠色商店","city":"新北市"}},{"type":"Feature","geometry":{"type":"Point","coordinates":[121.492553037355,25.068299004374]},"properties":{"name":"全家便利商店股份有限公司-三重民生店","address":"241新北市三重區民生東街２號","number":"F000295","phone":"02-29029199","type":"連鎖型綠色商店","city":"新北市"}},{"type":"Feature","geometry":{"type":"Point","coordinates":[121.481926041414,25.081292882134]},"properties":{"name":"全家便利商店股份有限公司-三重永安店","address":"241新北市三重區永安北路二段１１號１樓","number":"F000642","phone":"02-29029199","type":"連鎖型綠色商店","city":"新北市"}},{"type":"Feature","geometry":{"type":"Point","coordinates":[121.483987989595,25.076490009705]},"properties":{"name":"全家便利商店股份有限公司-三重永盛店","address":"241新北市三重區車路頭街１４１號","number":"F000621","phone":"02-29029199","type":"連鎖型綠色商店","city":"新北市"}},{"type":"Feature","geometry":{"type":"Point","coordinates":[121.479277024734,25.075059386471]},"properties":{"name":"全家便利商店股份有限公司-三重永福店","address":"241新北市三重區永福街１２４號","number":"F000608","phone":"02-29029199","type":"連鎖型綠色商店","city":"新北市"}},{"type":"Feature","geometry":{"type":"Point","coordinates":[121.477845982405,25.069298420599]},"properties":{"name":"全家便利商店股份有限公司-三重永德店","address":"241新北市三重區中正北路３４６號","number":"F000318","phone":"02-29029199","type":"連鎖型綠色商店","city":"新北市"}},{"type":"Feature","geometry":{"type":"Point","coordinates":[121.483093724345,25.064452884283]},"properties":{"name":"全家便利商店股份有限公司-三重田心店","address":"241新北市三重區田心里忠孝路三段５０巷８２號一樓","number":"F000723","phone":"02-29029199","type":"連鎖型綠色商店","city":"新北市"}},{"type":"Feature","geometry":{"type":"Point","coordinates":[121.493697837691,25.054697690091]},"properties":{"name":"全家便利商店股份有限公司-三重光正店","address":"241新北市三重區光正里中正南路２２４號，２２６號","number":"F000613","phone":"02-29029199","type":"連鎖型綠色商店","city":"新北市"}},{"type":"Feature","geometry":{"type":"Point","coordinates":[121.483427994644,25.05855701168]},"properties":{"name":"全家便利商店股份有限公司-三重光陽店","address":"241新北市三重區三陽路１０２號","number":"F000650","phone":"02-29029199","type":"連鎖型綠色商店","city":"新北市"}},{"type":"Feature","geometry":{"type":"Point","coordinates":[121.501058192667,25.069041422461]},"properties":{"name":"全家便利商店股份有限公司-三重光榮店","address":"241新北市三重區長興街６０號１樓","number":"F000776","phone":"02-29029199","type":"連鎖型綠色商店","city":"新北市"}},{"type":"Feature","geometry":{"type":"Point","coordinates":[121.487891022809,25.053580005212]},"properties":{"name":"全家便利商店股份有限公司-三重成功店","address":"241新北市三重區福德里成功路１４５巷４５號４７號一樓","number":"F000710","phone":"02-29029199","type":"連鎖型綠色商店","city":"新北市"}},{"type":"Feature","geometry":{"type":"Point","coordinates":[121.486914531089,25.072053091168]},"properties":{"name":"全家便利商店股份有限公司-三重自強店","address":"241新北市三重區自強路三段１６號","number":"F000480","phone":"02-29029199","type":"連鎖型綠色商店","city":"新北市"}},{"type":"Feature","geometry":{"type":"Point","coordinates":[121.489584083431,25.069159113369]},"properties":{"name":"全家便利商店股份有限公司-三重欣田店","address":"241新北市三重區自強路二段２４號","number":"F000826","phone":"02-29029199","type":"連鎖型綠色商店","city":"新北市"}},{"type":"Feature","geometry":{"type":"Point","coordinates":[121.49802197772,25.067688005542]},"properties":{"name":"全家便利商店股份有限公司-三重長壽店","address":"241新北市三重區雙園里長壽西街１號","number":"F000764","phone":"02-29029199","type":"連鎖型綠色商店","city":"新北市"}},{"type":"Feature","geometry":{"type":"Point","coordinates":[121.48108491743,25.066772617896]},"properties":{"name":"全家便利商店股份有限公司-三重珍寶店","address":"241新北市三重區忠孝路三段４７號．４９號","number":"F000499","phone":"02-29029199","type":"連鎖型綠色商店","city":"新北市"}},{"type":"Feature","geometry":{"type":"Point","coordinates":[121.491409159029,25.065290487867]},"properties":{"name":"全家便利商店股份有限公司-三重重仁店","address":"241新北市三重區重陽路三段５巷３０號","number":"F000487","phone":"02-29029199","type":"連鎖型綠色商店","city":"新北市"}},{"type":"Feature","geometry":{"type":"Point","coordinates":[121.48689801874,25.059743386255]},"properties":{"name":"全家便利商店股份有限公司-三重重陽店","address":"241新北市三重區重陽路一段１０９，１１１號","number":"F000585","phone":"02-29029199","type":"連鎖型綠色商店","city":"新北市"}},{"type":"Feature","geometry":{"type":"Point","coordinates":[121.48679408314,25.067913394919]},"properties":{"name":"全家便利商店股份有限公司-三重首里店","address":"241新北市三重區力行路一段８７號","number":"F000541","phone":"02-29029199","type":"連鎖型綠色商店","city":"新北市"}},{"type":"Feature","geometry":{"type":"Point","coordinates":[121.488968013548,25.073544986115]},"properties":{"name":"全家便利商店股份有限公司-三重格致店","address":"241新北市三重區三和路四段２０巷７９號","number":"F000670","phone":"02-29029199","type":"連鎖型綠色商店","city":"新北市"}},{"type":"Feature","geometry":{"type":"Point","coordinates":[121.48459098371,25.056214982204]},"properties":{"name":"全家便利商店股份有限公司-三重捷運店","address":"241新北市三重區捷運路１９巷２弄１５號１樓","number":"F000311","phone":"02-29029199","type":"連鎖型綠色商店","city":"新北市"}},{"type":"Feature","geometry":{"type":"Point","coordinates":[121.475558980124,25.068241001604]},"properties":{"name":"全家便利商店股份有限公司-三重頂崁店","address":"241新北市三重區博愛里２２鄰頂崁街２１０巷３１號１樓","number":"F000292","phone":"02-29029199","type":"連鎖型綠色商店","city":"新北市"}},{"type":"Feature","geometry":{"type":"Point","coordinates":[121.485369997791,25.086714003741]},"properties":{"name":"全家便利商店股份有限公司-三重富貴店","address":"241新北市三重區三賢街２０１號","number":"F000340","phone":"02-29029199","type":"連鎖型綠色商店","city":"新北市"}},{"type":"Feature","geometry":{"type":"Point","coordinates":[121.494166839802,25.08560395564]},"properties":{"name":"全家便利商店股份有限公司-三重華義店","address":"241新北市三重區仁義街２４４號、富華街１９３號１樓","number":"F000732","phone":"02-29029199","type":"連鎖型綠色商店","city":"新北市"}},{"type":"Feature","geometry":{"type":"Point","coordinates":[121.49445799249,25.081204997879]},"properties":{"name":"全家便利商店股份有限公司-三重華興店","address":"241新北市三重區五華街４５號．４７號１樓","number":"F000447","phone":"02-29029199","type":"連鎖型綠色商店","city":"新北市"}},{"type":"Feature","geometry":{"type":"Point","coordinates":[121.489586011269,25.051540981537]},"properties":{"name":"全家便利商店股份有限公司-三重集成店","address":"241新北市三重區環河南路２５４巷４３號之１、２號","number":"F000377","phone":"02-29029199","type":"連鎖型綠色商店","city":"新北市"}},{"type":"Feature","geometry":{"type":"Point","coordinates":[121.488757963054,25.053875006295]},"properties":{"name":"全家便利商店股份有限公司-三重集明店","address":"241新北市三重區集美街１１６號１樓","number":"F000379","phone":"02-29029199","type":"連鎖型綠色商店","city":"新北市"}},{"type":"Feature","geometry":{"type":"Point","coordinates":[121.49069401505,25.053067996657]},"properties":{"name":"全家便利商店股份有限公司-三重集美店","address":"241新北市三重區集美街１４９號１樓","number":"F000802","phone":"02-29029199","type":"連鎖型綠色商店","city":"新北市"}},{"type":"Feature","geometry":{"type":"Point","coordinates":[121.488796184533,25.080175406803]},"properties":{"name":"全家便利商店股份有限公司-三重溪尾店","address":"241新北市三重區溪尾街１６０號１樓","number":"F000522","phone":"02-29029199","type":"連鎖型綠色商店","city":"新北市"}},{"type":"Feature","geometry":{"type":"Point","coordinates":[121.489268001862,25.058788016932]},"properties":{"name":"全家便利商店股份有限公司-三重過圳店","address":"241新北市三重區過圳街３號１樓","number":"F000917","phone":"02-29029199","type":"連鎖型綠色商店","city":"新北市"}},{"type":"Feature","geometry":{"type":"Point","coordinates":[121.491208999181,25.084372016175]},"properties":{"name":"全家便利商店股份有限公司-三重碧華店","address":"241新北市三重區五華街１３１號１樓","number":"F000463","phone":"02-29029199","type":"連鎖型綠色商店","city":"新北市"}},{"type":"Feature","geometry":{"type":"Point","coordinates":[121.478903024215,25.068440993814]},"properties":{"name":"全家便利商店股份有限公司-三重福田店","address":"241新北市三重區三民街２８５號一樓","number":"F000373","phone":"02-29029199","type":"連鎖型綠色商店","city":"新北市"}},{"type":"Feature","geometry":{"type":"Point","coordinates":[121.478953986186,25.077074018809]},"properties":{"name":"全家便利商店股份有限公司-三重福旺店","address":"241新北市三重區永福街１２３號１樓","number":"F000343","phone":"02-29029199","type":"連鎖型綠色商店","city":"新北市"}},{"type":"Feature","geometry":{"type":"Point","coordinates":[121.490537022003,25.077590008768]},"properties":{"name":"全家便利商店股份有限公司-三重福溪店","address":"241新北市三重區溪尾街５６號","number":"F000651","phone":"02-29029199","type":"連鎖型綠色商店","city":"新北市"}},{"type":"Feature","geometry":{"type":"Point","coordinates":[121.501281029313,25.061700015823]},"properties":{"name":"全家便利商店股份有限公司-三重福德店","address":"241新北市三重區中央南路５１號１樓","number":"F000638","phone":"02-29029199","type":"連鎖型綠色商店","city":"新北市"}},{"type":"Feature","geometry":{"type":"Point","coordinates":[121.482573962529,25.07863900395]},"properties":{"name":"全家便利商店股份有限公司-三重銀行店","address":"241新北市三重區三和路四段３７６號","number":"F000693","phone":"02-29029199","type":"連鎖型綠色商店","city":"新北市"}},{"type":"Feature","geometry":{"type":"Point","coordinates":[121.502789017513,25.068809001273]},"properties":{"name":"全家便利商店股份有限公司-三重龍成店","address":"241新北市三重區龍濱路５１＆５３號１樓","number":"F000834","phone":"02-29029199","type":"連鎖型綠色商店","city":"新北市"}},{"type":"Feature","geometry":{"type":"Point","coordinates":[121.501342971577,25.072565015905]},"properties":{"name":"全家便利商店股份有限公司-三重龍明店","address":"241新北市三重區龍濱路１６８號１樓","number":"F000395","phone":"02-29029199","type":"連鎖型綠色商店","city":"新北市"}},{"type":"Feature","geometry":{"type":"Point","coordinates":[121.501718983753,25.074219980777]},"properties":{"name":"全家便利商店股份有限公司-三重龍門店","address":"241新北市三重區龍門路２７６號","number":"F000842","phone":"02-29029199","type":"連鎖型綠色商店","city":"新北市"}},{"type":"Feature","geometry":{"type":"Point","coordinates":[121.501857033699,25.070952002458]},"properties":{"name":"全家便利商店股份有限公司-三重龍美店","address":"241新北市三重區龍濱路１２０號１樓","number":"F000578","phone":"02-29029199","type":"連鎖型綠色商店","city":"新北市"}},{"type":"Feature","geometry":{"type":"Point","coordinates":[121.501942696749,25.071751007378]},"properties":{"name":"全家便利商店股份有限公司-三重龍濱店","address":"241新北市三重區龍濱路２０７號１樓","number":"F000913","phone":"02-29029199","type":"連鎖型綠色商店","city":"新北市"}},{"type":"Feature","geometry":{"type":"Point","coordinates":[121.491125012511,25.050670017978]},"properties":{"name":"全家便利商店股份有限公司-三重環北店","address":"241新北市三重區成功里環河南路２５３號一樓","number":"F000877","phone":"02-29029199","type":"連鎖型綠色商店","city":"新北市"}},{"type":"Feature","geometry":{"type":"Point","coordinates":[121.488864999958,25.050621989672]},"properties":{"name":"全家便利商店股份有限公司-三重環南店","address":"241新北市三重區成功路５２號，５４號，５６號１樓","number":"F000698","phone":"02-29029199","type":"連鎖型綠色商店","city":"新北市"}},{"type":"Feature","geometry":{"type":"Point","coordinates":[121.378848916562,24.94310911975]},"properties":{"name":"全家便利商店股份有限公司-三峽三樹店","address":"237新北市三峽區龍埔里三樹路２５７號２５９號一樓","number":"F000666","phone":"02-29029199","type":"連鎖型綠色商店","city":"新北市"}},{"type":"Feature","geometry":{"type":"Point","coordinates":[121.375791030645,24.92819000265]},"properties":{"name":"全家便利商店股份有限公司-三峽大同店","address":"237新北市三峽區光明路１００之６號","number":"F000652","phone":"02-29029199","type":"連鎖型綠色商店","city":"新北市"}},{"type":"Feature","geometry":{"type":"Point","coordinates":[121.374602979689,24.943390584059]},"properties":{"name":"全家便利商店股份有限公司-三峽大寧店","address":"237新北市三峽區大學路１２５號１樓","number":"F000404","phone":"02-29029199","type":"連鎖型綠色商店","city":"新北市"}},{"type":"Feature","geometry":{"type":"Point","coordinates":[121.402456965951,24.94397999949]},"properties":{"name":"全家便利商店股份有限公司-三峽介壽店","address":"237新北市三峽區溪北里介壽路三段１７４號一樓","number":"F000280","phone":"02-29029199","type":"連鎖型綠色商店","city":"新北市"}},{"type":"Feature","geometry":{"type":"Point","coordinates":[121.370131569621,24.936019999411]},"properties":{"name":"全家便利商店股份有限公司-三峽文化店","address":"237新北市三峽區文化路１１７號１樓","number":"F000819","phone":"02-29029199","type":"連鎖型綠色商店","city":"新北市"}},{"type":"Feature","geometry":{"type":"Point","coordinates":[121.373014022304,24.931183012636]},"properties":{"name":"全家便利商店股份有限公司-三峽光明店","address":"237新北市三峽區光明路６號，８號１樓","number":"F000798","phone":"02-29029199","type":"連鎖型綠色商店","city":"新北市"}},{"type":"Feature","geometry":{"type":"Point","coordinates":[121.362439999991,24.93749001759]},"properties":{"name":"全家便利商店股份有限公司-三峽金寶店","address":"237新北市三峽區中山路２４０號","number":"F000481","phone":"02-29029199","type":"連鎖型綠色商店","city":"新北市"}},{"type":"Feature","geometry":{"type":"Point","coordinates":[121.361252032854,24.937711006467]},"properties":{"name":"全家便利商店股份有限公司-三峽峇里店","address":"237新北市三峽區鳶山里中山路３０３號一樓","number":"F000591","phone":"02-29029199","type":"連鎖型綠色商店","city":"新北市"}},{"type":"Feature","geometry":{"type":"Point","coordinates":[121.363410521195,24.93856075689]},"properties":{"name":"全家便利商店股份有限公司-三峽恩主店","address":"237新北市三峽區復興路３７３、３７５號１樓","number":"F000742","phone":"02-29029199","type":"連鎖型綠色商店","city":"新北市"}},{"type":"Feature","geometry":{"type":"Point","coordinates":[121.372793997346,24.942294985495]},"properties":{"name":"全家便利商店股份有限公司-三峽國寧店","address":"237新北市三峽區國學街３１．３３號","number":"F000386","phone":"02-29029199","type":"連鎖型綠色商店","city":"新北市"}},{"type":"Feature","geometry":{"type":"Point","coordinates":[121.359719988592,24.908039991235]},"properties":{"name":"全家便利商店股份有限公司-三峽莉雅店","address":"237新北市三峽區二鬮路１３４號","number":"F000835","phone":"02-29029199","type":"連鎖型綠色商店","city":"新北市"}},{"type":"Feature","geometry":{"type":"Point","coordinates":[121.373572005599,24.937159016233]},"properties":{"name":"全家便利商店股份有限公司-三峽復興店","address":"237新北市三峽區復興路５６號１樓","number":"F000589","phone":"02-29029199","type":"連鎖型綠色商店","city":"新北市"}},{"type":"Feature","geometry":{"type":"Point","coordinates":[121.374153039127,24.946296003156]},"properties":{"name":"全家便利商店股份有限公司-三峽觀成店","address":"237新北市三峽區大觀路８０號１樓","number":"F000378","phone":"02-29029199","type":"連鎖型綠色商店","city":"新北市"}},{"type":"Feature","geometry":{"type":"Point","coordinates":[121.449590000068,24.987738018384]},"properties":{"name":"全家便利商店股份有限公司-土城八洋店","address":"236新北市土城區裕民路６９號","number":"F000851","phone":"02-82571522","type":"連鎖型綠色商店","city":"新北市"}},{"type":"Feature","geometry":{"type":"Point","coordinates":[121.442332026289,24.978073013471]},"properties":{"name":"全家便利商店股份有限公司-土城中央店","address":"236新北市土城區員林里中央路二段８９號","number":"F000911","phone":"02-82571522","type":"連鎖型綠色商店","city":"新北市"}},{"type":"Feature","geometry":{"type":"Point","coordinates":[121.439294005483,24.976851979725]},"properties":{"name":"全家便利商店股份有限公司-土城中華店","address":"236新北市土城區中華路二段１１７號","number":"F000743","phone":"02-82571522","type":"連鎖型綠色商店","city":"新北市"}},{"type":"Feature","geometry":{"type":"Point","coordinates":[121.459807037124,24.981463996219]},"properties":{"name":"全家便利商店股份有限公司-土城仁愛店","address":"236新北市土城區清水路１６６號","number":"F000605","phone":"02-82571522","type":"連鎖型綠色商店","city":"新北市"}},{"type":"Feature","geometry":{"type":"Point","coordinates":[121.446711989793,24.983393007416]},"properties":{"name":"全家便利商店股份有限公司-土城玉山店","address":"236新北市土城區明德里明德路二段２０３號１樓","number":"F000774","phone":"02-82571522","type":"連鎖型綠色商店","city":"新北市"}},{"type":"Feature","geometry":{"type":"Point","coordinates":[121.4443359717,24.984575107221]},"properties":{"name":"全家便利商店股份有限公司-土城多德店","address":"236新北市土城區中央路一段２５２號１樓","number":"F000436","phone":"02-82571522","type":"連鎖型綠色商店","city":"新北市"}},{"type":"Feature","geometry":{"type":"Point","coordinates":[121.469902033671,24.986129992169]},"properties":{"name":"全家便利商店股份有限公司-土城延吉店","address":"236新北市土城區延吉街１２０號","number":"F000791","phone":"02-82571522","type":"連鎖型綠色商店","city":"新北市"}},{"type":"Feature","geometry":{"type":"Point","coordinates":[121.469535995959,24.990181594617]},"properties":{"name":"全家便利商店股份有限公司-土城延和店","address":"236新北市土城區延和路２０１號","number":"F000888","phone":"02-82571522","type":"連鎖型綠色商店","city":"新北市"}},{"type":"Feature","geometry":{"type":"Point","coordinates":[121.471297033816,24.9903960037]},"properties":{"name":"全家便利商店股份有限公司-土城延壽店","address":"236新北市土城區延壽路１１號１樓","number":"F000435","phone":"02-82571522","type":"連鎖型綠色商店","city":"新北市"}},{"type":"Feature","geometry":{"type":"Point","coordinates":[121.465862040159,24.984583992038]},"properties":{"name":"全家便利商店股份有限公司-土城延豐店","address":"236新北市土城區延吉街２７０號１樓","number":"F000561","phone":"02-82571522","type":"連鎖型綠色商店","city":"新北市"}},{"type":"Feature","geometry":{"type":"Point","coordinates":[121.426541023621,24.963179000171]},"properties":{"name":"全家便利商店股份有限公司-土城欣隆店","address":"236新北市土城區中央路三段２８３號１樓","number":"F000278","phone":"02-82571522","type":"連鎖型綠色商店","city":"新北市"}},{"type":"Feature","geometry":{"type":"Point","coordinates":[121.46840703742,24.988399979187]},"properties":{"name":"全家便利商店股份有限公司-土城金和店","address":"236新北市土城區金城路三段１４７號","number":"F000672","phone":"02-82571522","type":"連鎖型綠色商店","city":"新北市"}},{"type":"Feature","geometry":{"type":"Point","coordinates":[121.459781975234,24.988276304206]},"properties":{"name":"全家便利商店股份有限公司-土城青雲店","address":"236新北市土城區青雲路４２號，４４號","number":"F000413","phone":"02-82571522","type":"連鎖型綠色商店","city":"新北市"}},{"type":"Feature","geometry":{"type":"Point","coordinates":[121.467870008884,24.990419012024]},"properties":{"name":"全家便利商店股份有限公司-土城冠延店","address":"236新北市土城區延和路１１１號","number":"F000701","phone":"02-82571522","type":"連鎖型綠色商店","city":"新北市"}},{"type":"Feature","geometry":{"type":"Point","coordinates":[121.439518975764,24.975088008202]},"properties":{"name":"全家便利商店股份有限公司-土城城堡店","address":"236新北市土城區福仁街５０巷１號","number":"F000554","phone":"02-82571522","type":"連鎖型綠色商店","city":"新北市"}},{"type":"Feature","geometry":{"type":"Point","coordinates":[121.452145977622,24.984781008672]},"properties":{"name":"全家便利商店股份有限公司-土城城學店","address":"236新北市土城區學府路一段１９１號１樓","number":"F000389","phone":"02-82571522","type":"連鎖型綠色商店","city":"新北市"}},{"type":"Feature","geometry":{"type":"Point","coordinates":[121.41249546847,24.953671700765]},"properties":{"name":"全家便利商店股份有限公司-土城恆山店","address":"236新北市土城區中央路４段２８１號１樓","number":"F000818","phone":"02-82571522","type":"連鎖型綠色商店","city":"新北市"}},{"type":"Feature","geometry":{"type":"Point","coordinates":[121.449213987891,24.981761008958]},"properties":{"name":"全家便利商店股份有限公司-土城美仁店","address":"236新北市土城區學府路２段２１號１樓","number":"F000891","phone":"02-82571522","type":"連鎖型綠色商店","city":"新北市"}},{"type":"Feature","geometry":{"type":"Point","coordinates":[121.424763473414,24.9639555835]},"properties":{"name":"全家便利商店股份有限公司-土城美生店","address":"236新北市土城區中山路６１號１樓","number":"F000905","phone":"02-82571522","type":"連鎖型綠色商店","city":"新北市"}},{"type":"Feature","geometry":{"type":"Point","coordinates":[121.441345560104,24.974451402656]},"properties":{"name":"全家便利商店股份有限公司-土城員林店","address":"236新北市土城區中央路二段２６８號","number":"F000596","phone":"02-82571522","type":"連鎖型綠色商店","city":"新北市"}},{"type":"Feature","geometry":{"type":"Point","coordinates":[121.449491009791,24.982574011657]},"properties":{"name":"全家便利商店股份有限公司-土城海山店","address":"236新北市土城區學府路一段２９４號","number":"F000685","phone":"02-82571522","type":"連鎖型綠色商店","city":"新北市"}},{"type":"Feature","geometry":{"type":"Point","coordinates":[121.448414019052,24.987378979562]},"properties":{"name":"全家便利商店股份有限公司-土城御前店","address":"236新北市土城區裕生路１９號１樓","number":"F000426","phone":"02-82571522","type":"連鎖型綠色商店","city":"新北市"}},{"type":"Feature","geometry":{"type":"Point","coordinates":[121.459306302229,24.982569192062]},"properties":{"name":"全家便利商店股份有限公司-土城雲陽店","address":"236新北市土城區青雲路１８５號１樓","number":"F000384","phone":"02-82571522","type":"連鎖型綠色商店","city":"新北市"}},{"type":"Feature","geometry":{"type":"Point","coordinates":[121.441825004966,24.97674599056]},"properties":{"name":"全家便利商店股份有限公司-土城順風店","address":"236新北市土城區中央路二段１５４號","number":"F000871","phone":"02-82571522","type":"連鎖型綠色商店","city":"新北市"}},{"type":"Feature","geometry":{"type":"Point","coordinates":[121.459634034643,24.976962998033]},"properties":{"name":"全家便利商店股份有限公司-土城義鴻店","address":"236新北市土城區明德路一段３１１號１樓","number":"F000468","phone":"02-82571522","type":"連鎖型綠色商店","city":"新北市"}},{"type":"Feature","geometry":{"type":"Point","coordinates":[121.447813036594,24.986190006596]},"properties":{"name":"全家便利商店股份有限公司-土城裕生店","address":"236新北市土城區裕生路６１號","number":"F000597","phone":"02-82571522","type":"連鎖型綠色商店","city":"新北市"}},{"type":"Feature","geometry":{"type":"Point","coordinates":[121.4496279,24.9797798]},"properties":{"name":"全家便利商店股份有限公司-土城福祥店","address":"236新北市土城區福祥路４６號一樓","number":"F000631","phone":"02-82571522","type":"連鎖型綠色商店","city":"新北市"}},{"type":"Feature","geometry":{"type":"Point","coordinates":[121.458681012252,24.973241013928]},"properties":{"name":"全家便利商店股份有限公司-土城寬樺店","address":"236新北市土城區青雲路３８２號","number":"F000712","phone":"02-82571522","type":"連鎖型綠色商店","city":"新北市"}},{"type":"Feature","geometry":{"type":"Point","coordinates":[121.454215888611,24.986783612979]},"properties":{"name":"全家便利商店股份有限公司-土城廣福店","address":"236新北市土城區學府路一段１６２號","number":"F000739","phone":"02-82571522","type":"連鎖型綠色商店","city":"新北市"}},{"type":"Feature","geometry":{"type":"Point","coordinates":[121.455950020559,24.988068013912]},"properties":{"name":"全家便利商店股份有限公司-土城廣興店","address":"236新北市土城區廣興里學府路一段１００號","number":"F000745","phone":"02-82571522","type":"連鎖型綠色商店","city":"新北市"}},{"type":"Feature","geometry":{"type":"Point","coordinates":[121.462679012428,24.978456988455]},"properties":{"name":"全家便利商店股份有限公司-土城德陽店","address":"236新北市土城區青山里仁愛路２５號１樓","number":"F000265","phone":"02-82571522","type":"連鎖型綠色商店","city":"新北市"}},{"type":"Feature","geometry":{"type":"Point","coordinates":[121.450457024132,24.986206016031]},"properties":{"name":"全家便利商店股份有限公司-土城樂利店","address":"236新北市土城區裕民路１１４巷１２號１樓","number":"F000702","phone":"02-82571522","type":"連鎖型綠色商店","city":"新北市"}},{"type":"Feature","geometry":{"type":"Point","coordinates":[121.452344964003,24.987644979259]},"properties":{"name":"全家便利商店股份有限公司-土城學成店","address":"236新北市土城區學成路４６號","number":"F000431","phone":"02-82571522","type":"連鎖型綠色商店","city":"新北市"}},{"type":"Feature","geometry":{"type":"Point","coordinates":[121.421795022405,24.966136009882]},"properties":{"name":"全家便利商店股份有限公司-土城鴻海店","address":"236新北市土城區自由街２號５樓","number":"F000629","phone":"02-82571522","type":"連鎖型綠色商店","city":"新北市"}},{"type":"Feature","geometry":{"type":"Point","coordinates":[121.419224041244,24.958983019441]},"properties":{"name":"全家便利商店股份有限公司-土城鴻海附店","address":"236新北市土城區中央路四段５３－１號１樓","number":"F000769","phone":"02-82571522","type":"連鎖型綠色商店","city":"新北市"}},{"type":"Feature","geometry":{"type":"Point","coordinates":[121.516484041473,24.993694995061]},"properties":{"name":"全家便利商店股份有限公司-中和大勇店","address":"235新北市中和區秀明里大勇街２７巷２號１樓","number":"F000715","phone":"02-82571522","type":"連鎖型綠色商店","city":"新北市"}},{"type":"Feature","geometry":{"type":"Point","coordinates":[121.503696023255,25.005057000092]},"properties":{"name":"全家便利商店股份有限公司-中和山水店","address":"235新北市中和區佳和里中山路二段６４巷８號一樓","number":"F000904","phone":"02-82571522","type":"連鎖型綠色商店","city":"新北市"}},{"type":"Feature","geometry":{"type":"Point","coordinates":[121.511382982839,24.999159995932]},"properties":{"name":"全家便利商店股份有限公司-中和中安店","address":"235新北市中和區中安街１９２號","number":"F000305","phone":"02-82571522","type":"連鎖型綠色商店","city":"新北市"}},{"type":"Feature","geometry":{"type":"Point","coordinates":[121.512543960247,25.004149994349]},"properties":{"name":"全家便利商店股份有限公司-中和中和店","address":"235新北市中和區中和路４８０號１Ｆ","number":"F000775","phone":"02-82571522","type":"連鎖型綠色商店","city":"新北市"}},{"type":"Feature","geometry":{"type":"Point","coordinates":[121.472872999251,25.000544979703]},"properties":{"name":"全家便利商店股份有限公司-中和中城店","address":"235新北市中和區民享街８６巷３８號１樓","number":"F000758","phone":"02-82571522","type":"連鎖型綠色商店","city":"新北市"}},{"type":"Feature","geometry":{"type":"Point","coordinates":[121.46823302911,25.001491003205]},"properties":{"name":"全家便利商店股份有限公司-中和中海店","address":"235新北市中和區國光街１４４號．１４６號．１４６－１號","number":"F000821","phone":"02-82571522","type":"連鎖型綠色商店","city":"新北市"}},{"type":"Feature","geometry":{"type":"Point","coordinates":[121.487039002351,25.004706007896]},"properties":{"name":"全家便利商店股份有限公司-中和中業店","address":"235新北市中和區中山路二段３８３＆３８５號１樓","number":"F000765","phone":"02-82571522","type":"連鎖型綠色商店","city":"新北市"}},{"type":"Feature","geometry":{"type":"Point","coordinates":[121.512105586711,25.001847820823]},"properties":{"name":"全家便利商店股份有限公司-中和中鼎店","address":"235新北市中和區中安里中安街８０號一樓","number":"F000756","phone":"02-82571522","type":"連鎖型綠色商店","city":"新北市"}},{"type":"Feature","geometry":{"type":"Point","coordinates":[121.500074035255,24.992205991872]},"properties":{"name":"全家便利商店股份有限公司-中和中興店","address":"235新北市中和區復興里中興街１１１號，１１３號","number":"F000543","phone":"02-82571522","type":"連鎖型綠色商店","city":"新北市"}},{"type":"Feature","geometry":{"type":"Point","coordinates":[121.47473780507,25.00592628727]},"properties":{"name":"全家便利商店股份有限公司-中和中環店","address":"235新北市中和區中山路三段１１１號１樓","number":"F000816","phone":"02-82571522","type":"連鎖型綠色商店","city":"新北市"}},{"type":"Feature","geometry":{"type":"Point","coordinates":[121.483309977447,25.004003981596]},"properties":{"name":"全家便利商店股份有限公司-中和中穗店","address":"235新北市中和區新生街２號１樓","number":"F000866","phone":"02-82571522","type":"連鎖型綠色商店","city":"新北市"}},{"type":"Feature","geometry":{"type":"Point","coordinates":[121.477943883034,25.00545799034]},"properties":{"name":"全家便利商店股份有限公司-中和元氣店","address":"235新北市中和區中山路３段３９號２樓","number":"F000323","phone":"02-82571522","type":"連鎖型綠色商店","city":"新北市"}},{"type":"Feature","geometry":{"type":"Point","coordinates":[121.500780964969,24.989560998506]},"properties":{"name":"全家便利商店股份有限公司-中和巴黎店","address":"235新北市中和區中興街２３５巷１號","number":"F000338","phone":"02-82571522","type":"連鎖型綠色商店","city":"新北市"}},{"type":"Feature","geometry":{"type":"Point","coordinates":[121.486868765897,24.996460394467]},"properties":{"name":"全家便利商店股份有限公司-中和世紀店","address":"235新北市中和區連城路２６８之１號１樓","number":"F000353","phone":"02-82571522","type":"連鎖型綠色商店","city":"新北市"}},{"type":"Feature","geometry":{"type":"Point","coordinates":[121.496537039753,24.999639985617]},"properties":{"name":"全家便利商店股份有限公司-中和巨人店","address":"235新北市中和區連城路１０１號１樓","number":"F000388","phone":"02-82571522","type":"連鎖型綠色商店","city":"新北市"}},{"type":"Feature","geometry":{"type":"Point","coordinates":[121.478183102551,24.998034306335]},"properties":{"name":"全家便利商店股份有限公司-中和民利店","address":"235新北市中和區嘉穗里民利街８７號１樓","number":"F000918","phone":"02-82571522","type":"連鎖型綠色商店","city":"新北市"}},{"type":"Feature","geometry":{"type":"Point","coordinates":[121.466470985425,24.994341994167]},"properties":{"name":"全家便利商店股份有限公司-中和民德店","address":"235新北市中和區壽德里壽德街２６號１樓","number":"F000507","phone":"02-82571522","type":"連鎖型綠色商店","city":"新北市"}},{"type":"Feature","geometry":{"type":"Point","coordinates":[121.514287982841,25.003873014359]},"properties":{"name":"全家便利商店股份有限公司-中和永貞店","address":"235新北市中和區永貞路２４４號","number":"F000735","phone":"02-82571522","type":"連鎖型綠色商店","city":"新北市"}},{"type":"Feature","geometry":{"type":"Point","coordinates":[121.480454011578,25.010518019558]},"properties":{"name":"全家便利商店股份有限公司-中和立德店","address":"235新北市中和區積穗里中正路１１９６號","number":"F000416","phone":"02-82571522","type":"連鎖型綠色商店","city":"新北市"}},{"type":"Feature","geometry":{"type":"Point","coordinates":[121.497653006342,24.995160989927]},"properties":{"name":"全家便利商店股份有限公司-中和安邦店","address":"235新北市中和區圓通路１６９號","number":"F000830","phone":"02-82571522","type":"連鎖型綠色商店","city":"新北市"}},{"type":"Feature","geometry":{"type":"Point","coordinates":[121.512791980762,24.995887994299]},"properties":{"name":"全家便利商店股份有限公司-中和安陽店","address":"235新北市中和區安順里宜安路２５號一樓","number":"F000660","phone":"02-82571522","type":"連鎖型綠色商店","city":"新北市"}},{"type":"Feature","geometry":{"type":"Point","coordinates":[121.472666972071,25.001753985417]},"properties":{"name":"全家便利商店股份有限公司-中和自強店","address":"235新北市中和區莒光路１３１號","number":"F000531","phone":"02-82571522","type":"連鎖型綠色商店","city":"新北市"}},{"type":"Feature","geometry":{"type":"Point","coordinates":[121.503698034912,25.00349201495]},"properties":{"name":"全家便利商店股份有限公司-中和汾陽店","address":"235新北市中和區水源路８１巷１６弄１８－１號１樓","number":"F000570","phone":"02-82571522","type":"連鎖型綠色商店","city":"新北市"}},{"type":"Feature","geometry":{"type":"Point","coordinates":[121.520035034753,24.994182989464]},"properties":{"name":"全家便利商店股份有限公司-中和秀山店","address":"235新北市中和區立人街６５號，６７號","number":"F000800","phone":"02-82571522","type":"連鎖型綠色商店","city":"新北市"}},{"type":"Feature","geometry":{"type":"Point","coordinates":[121.526297992806,24.995415003502]},"properties":{"name":"全家便利商店股份有限公司-中和秀福店","address":"235新北市中和區秀朗路三段５２號","number":"F000681","phone":"02-82571522","type":"連鎖型綠色商店","city":"新北市"}},{"type":"Feature","geometry":{"type":"Point","coordinates":[121.502240002855,25.007031986027]},"properties":{"name":"全家便利商店股份有限公司-中和秀鴻店","address":"235新北市中和區中山路二段二巷４５弄２號１樓","number":"F000663","phone":"02-82571522","type":"連鎖型綠色商店","city":"新北市"}},{"type":"Feature","geometry":{"type":"Point","coordinates":[121.502207983985,25.003430994695]},"properties":{"name":"全家便利商店股份有限公司-中和佳和店","address":"235新北市中和區中山路二段１３４號","number":"F000525","phone":"02-82571522","type":"連鎖型綠色商店","city":"新北市"}},{"type":"Feature","geometry":{"type":"Point","coordinates":[121.508383015873,24.99118201667]},"properties":{"name":"全家便利商店股份有限公司-中和和平店","address":"235新北市中和區和平街５６號１樓；５４巷１弄１號１樓","number":"F000586","phone":"02-82571522","type":"連鎖型綠色商店","city":"新北市"}},{"type":"Feature","geometry":{"type":"Point","coordinates":[121.491532037729,24.996201980392]},"properties":{"name":"全家便利商店股份有限公司-中和和連店","address":"235新北市中和區建和里連城路２６５巷１號一樓","number":"F000478","phone":"02-82571522","type":"連鎖型綠色商店","city":"新北市"}},{"type":"Feature","geometry":{"type":"Point","coordinates":[121.509722024905,24.980740009332]},"properties":{"name":"全家便利商店股份有限公司-中和和隆店","address":"235新北市中和區華新街１０９巷５號１樓","number":"F000308","phone":"02-82571522","type":"連鎖型綠色商店","city":"新北市"}},{"type":"Feature","geometry":{"type":"Point","coordinates":[121.499576988397,25.003564015498]},"properties":{"name":"全家便利商店股份有限公司-中和和潤店","address":"235新北市中和區永和路２４號","number":"F000747","phone":"02-82571522","type":"連鎖型綠色商店","city":"新北市"}},{"type":"Feature","geometry":{"type":"Point","coordinates":[121.502998984187,24.993341991209]},"properties":{"name":"全家便利商店股份有限公司-中和和興店","address":"235新北市中和區中正路１１號，１３號","number":"F000475","phone":"02-82571522","type":"連鎖型綠色商店","city":"新北市"}},{"type":"Feature","geometry":{"type":"Point","coordinates":[121.511513991985,24.983925006811]},"properties":{"name":"全家便利商店股份有限公司-中和忠孝店","address":"235新北市中和區忠孝街３９之１號","number":"F000406","phone":"02-82571522","type":"連鎖型綠色商店","city":"新北市"}},{"type":"Feature","geometry":{"type":"Point","coordinates":[121.510433816123,24.989444490052]},"properties":{"name":"全家便利商店股份有限公司-中和信義店","address":"235新北市中和區興南路一段６３號","number":"F000632","phone":"02-82571522","type":"連鎖型綠色商店","city":"新北市"}},{"type":"Feature","geometry":{"type":"Point","coordinates":[121.508111023115,24.998238992411]},"properties":{"name":"全家便利商店股份有限公司-中和保健店","address":"235新北市中和區保健路１７號","number":"F000314","phone":"02-82571522","type":"連鎖型綠色商店","city":"新北市"}},{"type":"Feature","geometry":{"type":"Point","coordinates":[121.507250034021,24.990520013958]},"properties":{"name":"全家便利商店股份有限公司-中和南勢角店","address":"235新北市中和區南山路３９９巷１０號１樓","number":"F000364","phone":"02-82571522","type":"連鎖型綠色商店","city":"新北市"}},{"type":"Feature","geometry":{"type":"Point","coordinates":[121.512531974126,24.992931697049]},"properties":{"name":"全家便利商店股份有限公司-中和南園店","address":"235新北市中和區景平路２９６號２９８號３００號１樓","number":"F000766","phone":"02-82571522","type":"連鎖型綠色商店","city":"新北市"}},{"type":"Feature","geometry":{"type":"Point","coordinates":[121.497787032974,24.997192008885]},"properties":{"name":"全家便利商店股份有限公司-中和城邦店","address":"235新北市中和區力行里連勝街５５號１樓","number":"F000647","phone":"02-82571522","type":"連鎖型綠色商店","city":"新北市"}},{"type":"Feature","geometry":{"type":"Point","coordinates":[121.509314999687,24.997251017484]},"properties":{"name":"全家便利商店股份有限公司-中和建陽店","address":"235新北市中和區保健路４２－３號１樓","number":"F000812","phone":"02-82571522","type":"連鎖型綠色商店","city":"新北市"}},{"type":"Feature","geometry":{"type":"Point","coordinates":[121.484727189636,25.00916911988]},"properties":{"name":"全家便利商店股份有限公司-中和建業店","address":"235新北市中和區立德街１８９號１樓","number":"F000899","phone":"02-82571522","type":"連鎖型綠色商店","city":"新北市"}},{"type":"Feature","geometry":{"type":"Point","coordinates":[121.500685998006,25.00502598705]},"properties":{"name":"全家便利商店股份有限公司-中和美勝店","address":"235新北市中和區莊敬路３５號１樓","number":"F000828","phone":"02-82571522","type":"連鎖型綠色商店","city":"新北市"}},{"type":"Feature","geometry":{"type":"Point","coordinates":[121.491285023043,24.989219980775]},"properties":{"name":"全家便利商店股份有限公司-中和凌雲店","address":"235新北市中和區圓通路３６７巷２號","number":"F000633","phone":"02-82571522","type":"連鎖型綠色商店","city":"新北市"}},{"type":"Feature","geometry":{"type":"Point","coordinates":[121.481138980706,25.000809009653]},"properties":{"name":"全家便利商店股份有限公司-中和員山店","address":"235新北市中和區員山路３２５之５號１Ｆ＆地下室","number":"F000678","phone":"02-82571522","type":"連鎖型綠色商店","city":"新北市"}},{"type":"Feature","geometry":{"type":"Point","coordinates":[121.469075997113,25.004566994032]},"properties":{"name":"全家便利商店股份有限公司-中和偉德店","address":"235新北市中和區民生街８５巷１弄２號１樓","number":"F000664","phone":"02-82571522","type":"連鎖型綠色商店","city":"新北市"}},{"type":"Feature","geometry":{"type":"Point","coordinates":[121.470053997575,25.000674019102]},"properties":{"name":"全家便利商店股份有限公司-中和國興店","address":"235新北市中和區國華里國光街１１０號一樓","number":"F000319","phone":"02-82571522","type":"連鎖型綠色商店","city":"新北市"}},{"type":"Feature","geometry":{"type":"Point","coordinates":[121.494136965598,24.997422008308]},"properties":{"name":"全家便利商店股份有限公司-中和連勝店","address":"235新北市中和區連城路２３１號１樓及２樓","number":"F000548","phone":"02-82571522","type":"連鎖型綠色商店","city":"新北市"}},{"type":"Feature","geometry":{"type":"Point","coordinates":[121.486450006015,24.996007981243]},"properties":{"name":"全家便利商店股份有限公司-中和連福店","address":"235新北市中和區連城路３９１號，３９３號","number":"F000515","phone":"02-82571522","type":"連鎖型綠色商店","city":"新北市"}},{"type":"Feature","geometry":{"type":"Point","coordinates":[121.48163896123,24.995135006027]},"properties":{"name":"全家便利商店股份有限公司-中和連興店","address":"235新北市中和區連城路５２５號，５２５之１號","number":"F000410","phone":"02-82571522","type":"連鎖型綠色商店","city":"新北市"}},{"type":"Feature","geometry":{"type":"Point","coordinates":[121.500998978271,24.995602003762]},"properties":{"name":"全家便利商店股份有限公司-中和都會店","address":"235新北市中和區景平路４３１巷２＆６號１樓","number":"F000361","phone":"02-82571522","type":"連鎖型綠色商店","city":"新北市"}},{"type":"Feature","geometry":{"type":"Point","coordinates":[121.499225404325,24.998836230135]},"properties":{"name":"全家便利商店股份有限公司-中和勝平店","address":"235新北市中和區景平路５１７、５１９號１樓","number":"F000910","phone":"02-82571522","type":"連鎖型綠色商店","city":"新北市"}},{"type":"Feature","geometry":{"type":"Point","coordinates":[121.505270982862,24.993755009488]},"properties":{"name":"全家便利商店股份有限公司-中和景平店","address":"235新北市中和區景平路４７８號","number":"F000466","phone":"02-82571522","type":"連鎖型綠色商店","city":"新北市"}},{"type":"Feature","geometry":{"type":"Point","coordinates":[121.51912624479,24.991442960442]},"properties":{"name":"全家便利商店股份有限公司-中和景秀店","address":"235新北市中和區景平路７１—２號","number":"F000640","phone":"02-82571522","type":"連鎖型綠色商店","city":"新北市"}},{"type":"Feature","geometry":{"type":"Point","coordinates":[121.512498027418,24.990212984844]},"properties":{"name":"全家便利商店股份有限公司-中和景欣店","address":"235新北市中和區景本里景新街３８５號，３８５號之１","number":"F000669","phone":"02-82571522","type":"連鎖型綠色商店","city":"新北市"}},{"type":"Feature","geometry":{"type":"Point","coordinates":[121.514929881816,24.990944532134]},"properties":{"name":"全家便利商店股份有限公司-中和景德店","address":"235新北市中和區景平路１１１巷６０弄５４號，５６號","number":"F000789","phone":"02-82571522","type":"連鎖型綠色商店","city":"新北市"}},{"type":"Feature","geometry":{"type":"Point","coordinates":[121.522834003681,24.992438002952]},"properties":{"name":"全家便利商店股份有限公司-中和智山店","address":"235新北市中和區自立路３８－１號１樓","number":"F000330","phone":"02-82571522","type":"連鎖型綠色商店","city":"新北市"}},{"type":"Feature","geometry":{"type":"Point","coordinates":[121.504443772838,24.997294687199]},"properties":{"name":"全家便利商店股份有限公司-中和華山店","address":"235新北市中和區南華路６５號１樓","number":"F000620","phone":"02-82571522","type":"連鎖型綠色商店","city":"新北市"}},{"type":"Feature","geometry":{"type":"Point","coordinates":[121.497122012776,25.005494996442]},"properties":{"name":"全家便利商店股份有限公司-中和華中店","address":"235新北市中和區永和路９２號１樓","number":"F000825","phone":"02-82571522","type":"連鎖型綠色商店","city":"新北市"}},{"type":"Feature","geometry":{"type":"Point","coordinates":[121.506661037685,24.981949015046]},"properties":{"name":"全家便利商店股份有限公司-中和華夏店","address":"235新北市中和區華新街２０２號，２０４號","number":"F000833","phone":"02-82571522","type":"連鎖型綠色商店","city":"新北市"}},{"type":"Feature","geometry":{"type":"Point","coordinates":[121.466417005968,24.998455999884]},"properties":{"name":"全家便利商店股份有限公司-中和華順店","address":"235新北市中和區華順街５９號１樓","number":"F000704","phone":"02-82571522","type":"連鎖型綠色商店","city":"新北市"}},{"type":"Feature","geometry":{"type":"Point","coordinates":[121.465387959716,24.996719018089]},"properties":{"name":"全家便利商店股份有限公司-中和華福店","address":"235新北市中和區華順街１１７號，１１９號","number":"F000824","phone":"02-82571522","type":"連鎖型綠色商店","city":"新北市"}},{"type":"Feature","geometry":{"type":"Point","coordinates":[121.504553994864,25.004322996831]},"properties":{"name":"全家便利商店股份有限公司-中和萊陽店","address":"235新北市中和區瓦嗂里光華街１號３號一樓","number":"F000801","phone":"02-82571522","type":"連鎖型綠色商店","city":"新北市"}},{"type":"Feature","geometry":{"type":"Point","coordinates":[121.492255982706,24.990469010077]},"properties":{"name":"全家便利商店股份有限公司-中和圓通店","address":"235新北市中和區圓通路３０７之５號３３５巷１弄２７號","number":"F000915","phone":"02-82571522","type":"連鎖型綠色商店","city":"新北市"}},{"type":"Feature","geometry":{"type":"Point","coordinates":[121.508909722286,24.993922757872]},"properties":{"name":"全家便利商店股份有限公司-中和新平店","address":"235新北市中和區景新街２６５、２６７號","number":"F000822","phone":"02-82571522","type":"連鎖型綠色商店","city":"新北市"}},{"type":"Feature","geometry":{"type":"Point","coordinates":[121.483525140902,25.001034189482]},"properties":{"name":"全家便利商店股份有限公司-中和新生店","address":"235新北市中和區新生街１３２號","number":"F000895","phone":"02-82571522","type":"連鎖型綠色商店","city":"新北市"}},{"type":"Feature","geometry":{"type":"Point","coordinates":[121.506890785651,24.985348882612]},"properties":{"name":"全家便利商店股份有限公司-中和新興店","address":"235新北市中和區興南路二段３６號","number":"F000658","phone":"02-82571522","type":"連鎖型綠色商店","city":"新北市"}},{"type":"Feature","geometry":{"type":"Point","coordinates":[121.481003026236,24.99622201314]},"properties":{"name":"全家便利商店股份有限公司-中和嘉慶店","address":"235新北市中和區員山路１４１號１樓","number":"F000783","phone":"02-82571522","type":"連鎖型綠色商店","city":"新北市"}},{"type":"Feature","geometry":{"type":"Point","coordinates":[121.466010986579,24.995233996303]},"properties":{"name":"全家便利商店股份有限公司-中和壽德店","address":"235新北市中和區壽德街２３號","number":"F000289","phone":"02-82571522","type":"連鎖型綠色商店","city":"新北市"}},{"type":"Feature","geometry":{"type":"Point","coordinates":[121.499778992263,25.001666981262]},"properties":{"name":"全家便利商店股份有限公司-中和漳和店","address":"235新北市中和區中和路３０號","number":"F000771","phone":"02-82571522","type":"連鎖型綠色商店","city":"新北市"}},{"type":"Feature","geometry":{"type":"Point","coordinates":[121.472821785823,25.006503381304]},"properties":{"name":"全家便利商店股份有限公司-中和漢陽店","address":"235新北市中和區瑞穗里中山路三段１７２號１樓","number":"F000808","phone":"02-82571522","type":"連鎖型綠色商店","city":"新北市"}},{"type":"Feature","geometry":{"type":"Point","coordinates":[121.523047993669,24.992441984356]},"properties":{"name":"全家便利商店股份有限公司-中和福山店","address":"235新北市中和區秀福里自立路１７號一樓","number":"F000746","phone":"02-82571522","type":"連鎖型綠色商店","city":"新北市"}},{"type":"Feature","geometry":{"type":"Point","coordinates":[121.4928304,25.003819]},"properties":{"name":"全家便利商店股份有限公司-中和福后店","address":"235新北市中和區連成路４６９巷１９號１樓","number":"F000421","phone":"02-82571522","type":"連鎖型綠色商店","city":"新北市"}},{"type":"Feature","geometry":{"type":"Point","coordinates":[121.489877030947,24.995603009591]},"properties":{"name":"全家便利商店股份有限公司-中和福多店","address":"235新北市中和區錦和路１７０號１樓","number":"F000374","phone":"02-82571522","type":"連鎖型綠色商店","city":"新北市"}},{"type":"Feature","geometry":{"type":"Point","coordinates":[121.485127006418,24.99527498381]},"properties":{"name":"全家便利商店股份有限公司-中和福朋店","address":"235新北市中和區中正路６３３號","number":"F000881","phone":"02-82571522","type":"連鎖型綠色商店","city":"新北市"}},{"type":"Feature","geometry":{"type":"Point","coordinates":[121.496474346628,25.0034606311]},"properties":{"name":"全家便利商店股份有限公司-中和福真店","address":"235新北市中和區景平路７０１、７０１之１號２樓","number":"F000568","phone":"02-82571522","type":"連鎖型綠色商店","city":"新北市"}},{"type":"Feature","geometry":{"type":"Point","coordinates":[121.511914295378,24.986811308637]},"properties":{"name":"全家便利商店股份有限公司-中和維新店","address":"235新北市中和區仁愛街９５號、９５之１號","number":"F000734","phone":"02-82571522","type":"連鎖型綠色商店","city":"新北市"}},{"type":"Feature","geometry":{"type":"Point","coordinates":[121.487805275939,24.997323311398]},"properties":{"name":"全家便利商店股份有限公司-中和遠建店","address":"235新北市中和區建一路１７６號１樓","number":"F000299","phone":"02-82571522","type":"連鎖型綠色商店","city":"新北市"}},{"type":"Feature","geometry":{"type":"Point","coordinates":[121.485607960022,24.997076212893]},"properties":{"name":"全家便利商店股份有限公司-中和廣場店","address":"235新北市中和區平河里中正路７１２號一樓","number":"F000676","phone":"02-82571522","type":"連鎖型綠色商店","city":"新北市"}},{"type":"Feature","geometry":{"type":"Point","coordinates":[121.50362201105,25.002007998993]},"properties":{"name":"全家便利商店股份有限公司-中和廣學店","address":"235新北市中和區廣福路５８號","number":"F000792","phone":"02-82571522","type":"連鎖型綠色商店","city":"新北市"}},{"type":"Feature","geometry":{"type":"Point","coordinates":[121.495887023162,24.993139987343]},"properties":{"name":"全家便利商店股份有限公司-中和德行店","address":"235新北市中和區圓通路２６７號","number":"F000317","phone":"02-82571522","type":"連鎖型綠色商店","city":"新北市"}},{"type":"Feature","geometry":{"type":"Point","coordinates":[121.470868970021,25.00447198516]},"properties":{"name":"全家便利商店股份有限公司-中和德穗店","address":"235新北市中和區德光路２４．２６號１樓","number":"F000786","phone":"02-82571522","type":"連鎖型綠色商店","city":"新北市"}},{"type":"Feature","geometry":{"type":"Point","coordinates":[121.516453196069,24.992377192244]},"properties":{"name":"全家便利商店股份有限公司-中和摩天店","address":"235新北市中和區景平路１８２號１樓","number":"F000639","phone":"02-82571522","type":"連鎖型綠色商店","city":"新北市"}},{"type":"Feature","geometry":{"type":"Point","coordinates":[121.494034035827,25.006137092135]},"properties":{"name":"全家便利商店股份有限公司-中和橋和店","address":"235新北市中和區橋和路１５２號，１５６號","number":"F000544","phone":"02-82571522","type":"連鎖型綠色商店","city":"新北市"}},{"type":"Feature","geometry":{"type":"Point","coordinates":[121.509797964948,24.988701979159]},"properties":{"name":"全家便利商店股份有限公司-中和興南店","address":"235新北市中和區興南路一段９１號","number":"F000492","phone":"02-82571522","type":"連鎖型綠色商店","city":"新北市"}},{"type":"Feature","geometry":{"type":"Point","coordinates":[121.490557976761,24.991329999171]},"properties":{"name":"全家便利商店股份有限公司-中和錦中店","address":"235新北市中和區錦中里錦和路３５６號１樓","number":"F000293","phone":"02-82571522","type":"連鎖型綠色商店","city":"新北市"}},{"type":"Feature","geometry":{"type":"Point","coordinates":[121.490045004287,24.989141987166]},"properties":{"name":"全家便利商店股份有限公司-中和錦和店","address":"235新北市中和區圓通路３９１之７號","number":"F000408","phone":"02-82571522","type":"連鎖型綠色商店","city":"新北市"}},{"type":"Feature","geometry":{"type":"Point","coordinates":[121.475694012584,25.006053189284]},"properties":{"name":"全家便利商店股份有限公司-中和環球店","address":"235新北市中和區中山路三段１２０之１１號","number":"F000341","phone":"02-82571522","type":"連鎖型綠色商店","city":"新北市"}},{"type":"Feature","geometry":{"type":"Point","coordinates":[121.498171007958,24.992704002649]},"properties":{"name":"全家便利商店股份有限公司-中和鎮陽店","address":"235新北市中和區德行里中正路１６７巷１８號一樓","number":"F000510","phone":"02-82571522","type":"連鎖型綠色商店","city":"新北市"}},{"type":"Feature","geometry":{"type":"Point","coordinates":[121.438098997547,25.084919019176]},"properties":{"name":"全家便利商店股份有限公司-五股工商店","address":"248新北市五股區五股村工商路８１號及８３號","number":"F000880","phone":"02-29029199","type":"連鎖型綠色商店","city":"新北市"}},{"type":"Feature","geometry":{"type":"Point","coordinates":[121.433298011047,25.087208997033]},"properties":{"name":"全家便利商店股份有限公司-五股五義店","address":"248新北市五股區工商路２０３號１樓","number":"F000399","phone":"02-29029199","type":"連鎖型綠色商店","city":"新北市"}},{"type":"Feature","geometry":{"type":"Point","coordinates":[121.434229994861,25.088923012414]},"properties":{"name":"全家便利商店股份有限公司-五股五福店","address":"248新北市五股區五福村五福路２４號","number":"F000646","phone":"02-29029199","type":"連鎖型綠色商店","city":"新北市"}},{"type":"Feature","geometry":{"type":"Point","coordinates":[121.450386029412,25.066181609904]},"properties":{"name":"全家便利商店股份有限公司-五股五權店","address":"248新北市五股區五工五路３４號","number":"F000339","phone":"02-29029199","type":"連鎖型綠色商店","city":"新北市"}},{"type":"Feature","geometry":{"type":"Point","coordinates":[121.433039010238,25.090082983994]},"properties":{"name":"全家便利商店股份有限公司-五股六福店","address":"248新北市五股區五福路７０號１樓","number":"F000337","phone":"02-29029199","type":"連鎖型綠色商店","city":"新北市"}},{"type":"Feature","geometry":{"type":"Point","coordinates":[121.432282295122,25.067192272167]},"properties":{"name":"全家便利商店股份有限公司-五股水碓店","address":"248新北市五股區成泰路一段７巷２１號、２３號１樓","number":"F000717","phone":"02-29029199","type":"連鎖型綠色商店","city":"新北市"}},{"type":"Feature","geometry":{"type":"Point","coordinates":[121.420812998629,25.096552011136]},"properties":{"name":"全家便利商店股份有限公司-五股民義店","address":"248新北市五股區民義路二段１６號１樓","number":"F000820","phone":"02-29029199","type":"連鎖型綠色商店","city":"新北市"}},{"type":"Feature","geometry":{"type":"Point","coordinates":[121.448003138158,25.104086713448]},"properties":{"name":"全家便利商店股份有限公司-五股成泰店","address":"248新北市五股區成泰路三段５７７巷１３８號１樓","number":"F000312","phone":"02-29029199","type":"連鎖型綠色商店","city":"新北市"}},{"type":"Feature","geometry":{"type":"Point","coordinates":[121.447657971386,25.095757993448]},"properties":{"name":"全家便利商店股份有限公司-五股西雲店","address":"248新北市五股區西雲路１８９號，１８９號之１","number":"F000513","phone":"02-29029199","type":"連鎖型綠色商店","city":"新北市"}},{"type":"Feature","geometry":{"type":"Point","coordinates":[121.450822726568,25.101223581052]},"properties":{"name":"全家便利商店股份有限公司-五股凌雲店","address":"248新北市五股區凌雲路一段８１號","number":"F000751","phone":"02-29029199","type":"連鎖型綠色商店","city":"新北市"}},{"type":"Feature","geometry":{"type":"Point","coordinates":[121.440444,25.0832969]},"properties":{"name":"全家便利商店股份有限公司-五股高亞店","address":"248新北市五股區興珍村中興路一段１４２號１４２之１號一","number":"F000848","phone":"02-29029199","type":"連鎖型綠色商店","city":"新北市"}},{"type":"Feature","geometry":{"type":"Point","coordinates":[121.45356671021,25.106600907215]},"properties":{"name":"全家便利商店股份有限公司-五股清水店","address":"248新北市五股區成泰路四段１８號","number":"F000675","phone":"02-29029199","type":"連鎖型綠色商店","city":"新北市"}},{"type":"Feature","geometry":{"type":"Point","coordinates":[121.42793652668,25.070483705527]},"properties":{"name":"全家便利商店股份有限公司-五股登林店","address":"248新北市五股區登林路１００之７號","number":"F000863","phone":"02-29029199","type":"連鎖型綠色商店","city":"新北市"}},{"type":"Feature","geometry":{"type":"Point","coordinates":[121.432035025876,25.070240001693]},"properties":{"name":"全家便利商店股份有限公司-五股貿商店","address":"248新北市五股區自強路１５４號１樓","number":"F000328","phone":"02-29029199","type":"連鎖型綠色商店","city":"新北市"}},{"type":"Feature","geometry":{"type":"Point","coordinates":[121.467463989494,25.072918983676]},"properties":{"name":"全家便利商店股份有限公司-五股維興店","address":"248新北市五股區四維路７８號．８０號１樓","number":"F000580","phone":"02-29029199","type":"連鎖型綠色商店","city":"新北市"}},{"type":"Feature","geometry":{"type":"Point","coordinates":[121.433993960467,25.072247006498]},"properties":{"name":"全家便利商店股份有限公司-五股德音店","address":"248新北市五股區水碓路１０號，１０號之１，一樓","number":"F000285","phone":"02-29029199","type":"連鎖型綠色商店","city":"新北市"}},{"type":"Feature","geometry":{"type":"Point","coordinates":[121.517147972024,25.007209011823]},"properties":{"name":"全家便利商店股份有限公司-永和大福店","address":"234新北市永和區中正路６０８．６１０．６１０之１號","number":"F000411","phone":"02-82571522","type":"連鎖型綠色商店","city":"新北市"}},{"type":"Feature","geometry":{"type":"Point","coordinates":[121.514226375853,25.013344103942]},"properties":{"name":"全家便利商店股份有限公司-永和仁和店","address":"234新北市永和區仁愛路３３號","number":"F000587","phone":"02-82571522","type":"連鎖型綠色商店","city":"新北市"}},{"type":"Feature","geometry":{"type":"Point","coordinates":[121.51237292261,25.013141461205]},"properties":{"name":"全家便利商店股份有限公司-永和仁愛店","address":"234新北市永和區仁愛路１０３、１０５號","number":"F000867","phone":"02-82571522","type":"連鎖型綠色商店","city":"新北市"}},{"type":"Feature","geometry":{"type":"Point","coordinates":[121.515357010772,25.015209999408]},"properties":{"name":"全家便利商店股份有限公司-永和文化店","address":"234新北市永和區文化路１８，２０，２２號１樓","number":"F000535","phone":"02-82571522","type":"連鎖型綠色商店","city":"新北市"}},{"type":"Feature","geometry":{"type":"Point","coordinates":[121.520640040525,25.008432015315]},"properties":{"name":"全家便利商店股份有限公司-永和市竹店","address":"234新北市永和區竹林路２０６號１樓","number":"F000721","phone":"02-82571522","type":"連鎖型綠色商店","city":"新北市"}},{"type":"Feature","geometry":{"type":"Point","coordinates":[121.517158030307,24.998855984304]},"properties":{"name":"全家便利商店股份有限公司-永和正中店","address":"234新北市永和區中正路２８４號","number":"F000482","phone":"02-82571522","type":"連鎖型綠色商店","city":"新北市"}},{"type":"Feature","geometry":{"type":"Point","coordinates":[121.52459403571,25.000873005484]},"properties":{"name":"全家便利商店股份有限公司-永和永元店","address":"234新北市永和區秀林里秀朗路二段１２６巷３０號永元路５","number":"F000810","phone":"02-82571522","type":"連鎖型綠色商店","city":"新北市"}},{"type":"Feature","geometry":{"type":"Point","coordinates":[121.508892970862,25.010949980938]},"properties":{"name":"全家便利商店股份有限公司-永和永平店","address":"234新北市永和區永平路２３２號","number":"F000637","phone":"02-82571522","type":"連鎖型綠色商店","city":"新北市"}},{"type":"Feature","geometry":{"type":"Point","coordinates":[121.520712963082,25.006031983069]},"properties":{"name":"全家便利商店股份有限公司-永和永亨店","address":"234新北市永和區永亨路６６號１樓","number":"F000366","phone":"02-82571522","type":"連鎖型綠色商店","city":"新北市"}},{"type":"Feature","geometry":{"type":"Point","coordinates":[121.517686006388,25.002133015079]},"properties":{"name":"全家便利商店股份有限公司-永和永和店","address":"234新北市永和區中正路４１４號１樓","number":"F000331","phone":"02-82571522","type":"連鎖型綠色商店","city":"新北市"}},{"type":"Feature","geometry":{"type":"Point","coordinates":[121.517896978891,25.014307980898]},"properties":{"name":"全家便利商店股份有限公司-永和永林店","address":"234新北市永和區竹林路３７號","number":"F000862","phone":"02-82571522","type":"連鎖型綠色商店","city":"新北市"}},{"type":"Feature","geometry":{"type":"Point","coordinates":[121.513433028717,25.007627981253]},"properties":{"name":"全家便利商店股份有限公司-永和永福店","address":"234新北市永和區永和路一段９３號","number":"F000459","phone":"02-82571522","type":"連鎖型綠色商店","city":"新北市"}},{"type":"Feature","geometry":{"type":"Point","coordinates":[121.526717004146,24.997444010804]},"properties":{"name":"全家便利商店股份有限公司-永和田單店","address":"234新北市永和區成功路二段１５７號１樓","number":"F000351","phone":"02-82571522","type":"連鎖型綠色商店","city":"新北市"}},{"type":"Feature","geometry":{"type":"Point","coordinates":[121.516554030365,25.016708013144]},"properties":{"name":"全家便利商店股份有限公司-永和光復店","address":"234新北市永和區光復街４號","number":"F000504","phone":"02-82571522","type":"連鎖型綠色商店","city":"新北市"}},{"type":"Feature","geometry":{"type":"Point","coordinates":[121.526999977197,25.001539995429]},"properties":{"name":"全家便利商店股份有限公司-永和秀成店","address":"234新北市永和區成功路一段１３７，１３９號","number":"F000814","phone":"02-82571522","type":"連鎖型綠色商店","city":"新北市"}},{"type":"Feature","geometry":{"type":"Point","coordinates":[121.515500425135,25.005882282278]},"properties":{"name":"全家便利商店股份有限公司-永和秀和店","address":"234新北市永和區秀朗路一段７８號","number":"F000528","phone":"02-82571522","type":"連鎖型綠色商店","city":"新北市"}},{"type":"Feature","geometry":{"type":"Point","coordinates":[121.526332023333,24.998982006218]},"properties":{"name":"全家便利商店股份有限公司-永和秀朗店","address":"234新北市永和區得和路４２０號","number":"F000276","phone":"02-82571522","type":"連鎖型綠色商店","city":"新北市"}},{"type":"Feature","geometry":{"type":"Point","coordinates":[121.510317978221,25.006499986633]},"properties":{"name":"全家便利商店股份有限公司-永和保平店","address":"234新北市永和區永貞路３５４號，３５６號","number":"F000615","phone":"02-82571522","type":"連鎖型綠色商店","city":"新北市"}},{"type":"Feature","geometry":{"type":"Point","coordinates":[121.510366006526,25.012992986018]},"properties":{"name":"全家便利商店股份有限公司-永和保福店","address":"234新北市永和區仁愛路１６２號，保福路二段９５號","number":"F000661","phone":"02-82571522","type":"連鎖型綠色商店","city":"新北市"}},{"type":"Feature","geometry":{"type":"Point","coordinates":[121.502133385046,25.008504602596]},"properties":{"name":"全家便利商店股份有限公司-永和紐約店","address":"234新北市永和區保順里仁愛路３０６巷３３號一樓","number":"F000641","phone":"02-82571522","type":"連鎖型綠色商店","city":"新北市"}},{"type":"Feature","geometry":{"type":"Point","coordinates":[121.517747026644,25.012107018853]},"properties":{"name":"全家便利商店股份有限公司-永和耕莘店","address":"234新北市永和區中興街９５號１樓","number":"F000403","phone":"02-82571522","type":"連鎖型綠色商店","city":"新北市"}},{"type":"Feature","geometry":{"type":"Point","coordinates":[121.528671999242,25.000599001069]},"properties":{"name":"全家便利商店股份有限公司-永和國艷店","address":"234新北市永和區民樂街３９巷２號１樓","number":"F000882","phone":"02-82571522","type":"連鎖型綠色商店","city":"新北市"}},{"type":"Feature","geometry":{"type":"Point","coordinates":[121.524465624953,24.999282413628]},"properties":{"name":"全家便利商店股份有限公司-永和得和店","address":"234新北市永和區得和路３７２號","number":"F000614","phone":"02-82571522","type":"連鎖型綠色商店","city":"新北市"}},{"type":"Feature","geometry":{"type":"Point","coordinates":[121.523216972837,25.009080020249]},"properties":{"name":"全家便利商店股份有限公司-永和御林店","address":"234新北市永和區竹林路２１３巷４４號１樓","number":"F000470","phone":"02-82571522","type":"連鎖型綠色商店","city":"新北市"}},{"type":"Feature","geometry":{"type":"Point","coordinates":[121.522440976241,24.99730499694]},"properties":{"name":"全家便利商店股份有限公司-永和教士店","address":"234新北市永和區民生路２４號１樓","number":"F000855","phone":"02-82571522","type":"連鎖型綠色商店","city":"新北市"}},{"type":"Feature","geometry":{"type":"Point","coordinates":[121.515665967723,25.012915998238]},"properties":{"name":"全家便利商店股份有限公司-永和頂溪店","address":"234新北市永和區復興街３號","number":"F000790","phone":"02-82571522","type":"連鎖型綠色商店","city":"新北市"}},{"type":"Feature","geometry":{"type":"Point","coordinates":[121.507829977902,25.008706983649]},"properties":{"name":"全家便利商店股份有限公司-永和勝田店","address":"234新北市永和區永貞路３９１號１樓","number":"F000636","phone":"02-82571522","type":"連鎖型綠色商店","city":"新北市"}},{"type":"Feature","geometry":{"type":"Point","coordinates":[121.519118976555,25.00313100638]},"properties":{"name":"全家便利商店股份有限公司-永和復興店","address":"234新北市永和區秀朗路一段１８６號１Ｆ","number":"F000846","phone":"02-82571522","type":"連鎖型綠色商店","city":"新北市"}},{"type":"Feature","geometry":{"type":"Point","coordinates":[121.523073977569,25.007158007942]},"properties":{"name":"全家便利商店股份有限公司-永和超富店","address":"234新北市永和區國中路１４８號１樓","number":"F000334","phone":"02-82571522","type":"連鎖型綠色商店","city":"新北市"}},{"type":"Feature","geometry":{"type":"Point","coordinates":[121.516180029845,25.007046989634]},"properties":{"name":"全家便利商店股份有限公司-永和雷霆店","address":"234新北市永和區福和路３１１．３１３號１樓","number":"F000797","phone":"02-82571522","type":"連鎖型綠色商店","city":"新北市"}},{"type":"Feature","geometry":{"type":"Point","coordinates":[121.520079039745,25.007504012905]},"properties":{"name":"全家便利商店股份有限公司-永和福和店","address":"234新北市永和區福和路１７３．１７５號","number":"F000509","phone":"02-82571522","type":"連鎖型綠色商店","city":"新北市"}},{"type":"Feature","geometry":{"type":"Point","coordinates":[121.510297023463,25.004183019048]},"properties":{"name":"全家便利商店股份有限公司-永和維源店","address":"234新北市永和區水源街３９巷２號","number":"F000794","phone":"02-82571522","type":"連鎖型綠色商店","city":"新北市"}},{"type":"Feature","geometry":{"type":"Point","coordinates":[121.51517797332,25.008344005332]},"properties":{"name":"全家便利商店股份有限公司-永和樂新店","address":"234新北市永和區大新街１８號１樓","number":"F000298","phone":"02-82571522","type":"連鎖型綠色商店","city":"新北市"}},{"type":"Feature","geometry":{"type":"Point","coordinates":[121.520555970036,25.015329106252]},"properties":{"name":"全家便利商店股份有限公司-永和環東店","address":"234新北市永和區環河東路一段１２２號，１２４號","number":"F000705","phone":"02-82571522","type":"連鎖型綠色商店","city":"新北市"}},{"type":"Feature","geometry":{"type":"Point","coordinates":[121.501217997401,25.010161998221]},"properties":{"name":"全家便利商店股份有限公司-永和環河店","address":"234新北市永和區環河西路二段２１９號，２２１號","number":"F000803","phone":"02-82571522","type":"連鎖型綠色商店","city":"新北市"}},{"type":"Feature","geometry":{"type":"Point","coordinates":[121.520026401393,24.996814613695]},"properties":{"name":"全家便利商店股份有限公司-永和騎士店","address":"234新北市永和區民權路５３號１樓","number":"F000616","phone":"02-82571522","type":"連鎖型綠色商店","city":"新北市"}},{"type":"Feature","geometry":{"type":"Point","coordinates":[121.507978002312,25.005778011403]},"properties":{"name":"全家便利商店股份有限公司-永和羅鄰店","address":"234新北市永和區保平路２６８巷２５號１樓","number":"F000788","phone":"02-82571522","type":"連鎖型綠色商店","city":"新北市"}},{"type":"Feature","geometry":{"type":"Point","coordinates":[121.691505974946,24.979017989235]},"properties":{"name":"全家便利商店股份有限公司-石碇華梵店","address":"223新北市石碇區華梵路１號","number":"F000394","phone":"02-87732988","type":"連鎖型綠色商店","city":"新北市"}},{"type":"Feature","geometry":{"type":"Point","coordinates":[121.617422020816,25.051235000161]},"properties":{"name":"全家便利商店股份有限公司-汐止力行店","address":"221新北市汐止區力行街１號","number":"F000874","phone":"02-87732988","type":"連鎖型綠色商店","city":"新北市"}},{"type":"Feature","geometry":{"type":"Point","coordinates":[121.673771963303,25.075769920403]},"properties":{"name":"全家便利商店股份有限公司-汐止大同店","address":"221新北市汐止區大同路三段２６９，２７１號","number":"F000372","phone":"02-87732988","type":"連鎖型綠色商店","city":"新北市"}},{"type":"Feature","geometry":{"type":"Point","coordinates":[121.638326235878,25.073287284501]},"properties":{"name":"全家便利商店股份有限公司-汐止日月光店","address":"221新北市汐止區康寧街７４７號．７４９號","number":"F000332","phone":"02-87732988","type":"連鎖型綠色商店","city":"新北市"}},{"type":"Feature","geometry":{"type":"Point","coordinates":[121.630137141495,25.077815183417]},"properties":{"name":"全家便利商店股份有限公司-汐止水蓮店","address":"221新北市汐止區湖前街１１０巷９７弄２４號Ｂ１之７","number":"F000370","phone":"02-87732988","type":"連鎖型綠色商店","city":"新北市"}},{"type":"Feature","geometry":{"type":"Point","coordinates":[121.653803000997,25.066310984579]},"properties":{"name":"全家便利商店股份有限公司-汐止宏國店","address":"221新北市汐止區大同路２段２８３號","number":"F000367","phone":"02-87732988","type":"連鎖型綠色商店","city":"新北市"}},{"type":"Feature","geometry":{"type":"Point","coordinates":[121.662391769543,25.066770815787]},"properties":{"name":"全家便利商店股份有限公司-汐止秀峰店","address":"221新北市汐止區忠孝東路２２８號","number":"F000412","phone":"02-87732988","type":"連鎖型綠色商店","city":"新北市"}},{"type":"Feature","geometry":{"type":"Point","coordinates":[121.647260338835,25.060304387035]},"properties":{"name":"全家便利商店股份有限公司-汐止亞太二店","address":"221新北市汐止區新臺五路一段８２至１１６號、Ｄ８—２號","number":"F000369","phone":"02-87732988","type":"連鎖型綠色商店","city":"新北市"}},{"type":"Feature","geometry":{"type":"Point","coordinates":[121.648487533279,25.060497799451]},"properties":{"name":"全家便利商店股份有限公司-汐止亞太店","address":"221新北市汐止區新臺五路一段９６號Ｃ棟","number":"F000355","phone":"02-87732988","type":"連鎖型綠色商店","city":"新北市"}},{"type":"Feature","geometry":{"type":"Point","coordinates":[121.621300997968,25.041415013858]},"properties":{"name":"全家便利商店股份有限公司-汐止宜興店","address":"221新北市汐止區宜興街１２號","number":"F000346","phone":"02-87732988","type":"連鎖型綠色商店","city":"新北市"}},{"type":"Feature","geometry":{"type":"Point","coordinates":[121.629334968342,25.070610020808]},"properties":{"name":"全家便利商店股份有限公司-汐止明峰店","address":"221新北市汐止區金龍里明峰街１６０號一樓","number":"F000438","phone":"02-87732988","type":"連鎖型綠色商店","city":"新北市"}},{"type":"Feature","geometry":{"type":"Point","coordinates":[121.655870732691,25.062979010429]},"properties":{"name":"全家便利商店股份有限公司-汐止青山店","address":"221新北市汐止區新臺五路一段２１２號；２１２之１號","number":"F000303","phone":"02-87732988","type":"連鎖型綠色商店","city":"新北市"}},{"type":"Feature","geometry":{"type":"Point","coordinates":[121.66181802827,25.073069019743]},"properties":{"name":"全家便利商店股份有限公司-汐止建安店","address":"221新北市汐止區建成路５９巷９號．１５號","number":"F000879","phone":"02-87732988","type":"連鎖型綠色商店","city":"新北市"}},{"type":"Feature","geometry":{"type":"Point","coordinates":[121.662351345471,25.073181577902]},"properties":{"name":"全家便利商店股份有限公司-汐止建成店","address":"221新北市汐止區建成路５７巷２號、６號１樓","number":"F000624","phone":"02-87732988","type":"連鎖型綠色商店","city":"新北市"}},{"type":"Feature","geometry":{"type":"Point","coordinates":[121.667075996132,25.070478005833]},"properties":{"name":"全家便利商店股份有限公司-汐止茄苳店","address":"221新北市汐止區崇德里茄苳路８４號、８６號１樓","number":"F000474","phone":"02-87732988","type":"連鎖型綠色商店","city":"新北市"}},{"type":"Feature","geometry":{"type":"Point","coordinates":[121.654763986196,25.057110001825]},"properties":{"name":"全家便利商店股份有限公司-汐止桂冠店","address":"221新北市汐止區水源路二段３４號","number":"F000420","phone":"02-87732988","type":"連鎖型綠色商店","city":"新北市"}},{"type":"Feature","geometry":{"type":"Point","coordinates":[121.662987974315,25.068366981609]},"properties":{"name":"全家便利商店股份有限公司-汐止站前店","address":"221新北市汐止區南昌街１６號","number":"F000368","phone":"02-87732988","type":"連鎖型綠色商店","city":"新北市"}},{"type":"Feature","geometry":{"type":"Point","coordinates":[121.621257998804,25.067618016651]},"properties":{"name":"全家便利商店股份有限公司-汐止康湖店","address":"221新北市汐止區康寧街１４１巷４１號","number":"F000358","phone":"02-87732988","type":"連鎖型綠色商店","city":"新北市"}},{"type":"Feature","geometry":{"type":"Point","coordinates":[121.622717120509,25.068212293586]},"properties":{"name":"全家便利商店股份有限公司-汐止康寧店","address":"221新北市汐止區康寧街１６９巷２３號１樓","number":"F000601","phone":"02-87732988","type":"連鎖型綠色商店","city":"新北市"}},{"type":"Feature","geometry":{"type":"Point","coordinates":[121.654450000103,25.060630987892]},"properties":{"name":"全家便利商店股份有限公司-汐止莊敬店","address":"221新北市汐止區莊敬街１３９號","number":"F000423","phone":"02-87732988","type":"連鎖型綠色商店","city":"新北市"}},{"type":"Feature","geometry":{"type":"Point","coordinates":[121.66322995986,25.067496981969]},"properties":{"name":"全家便利商店股份有限公司-汐止新忠孝店","address":"221新北市汐止區忠孝東路２５８號","number":"F000329","phone":"02-87732988","type":"連鎖型綠色商店","city":"新北市"}},{"type":"Feature","geometry":{"type":"Point","coordinates":[121.656688974079,25.064620019432]},"properties":{"name":"全家便利商店股份有限公司-汐止新興店","address":"221新北市汐止區新興路２１及２３號","number":"F000409","phone":"02-87732988","type":"連鎖型綠色商店","city":"新北市"}},{"type":"Feature","geometry":{"type":"Point","coordinates":[121.660929965629,25.069643000639]},"properties":{"name":"全家便利商店股份有限公司-汐止農會店","address":"221新北市汐止區中正路１０６號１樓","number":"F000872","phone":"02-87732988","type":"連鎖型綠色商店","city":"新北市"}},{"type":"Feature","geometry":{"type":"Point","coordinates":[121.645768276251,25.060902016731]},"properties":{"name":"全家便利商店股份有限公司-汐止遠科店","address":"221新北市汐止區新臺五路一段７５號Ｂ１","number":"F000356","phone":"02-87732988","type":"連鎖型綠色商店","city":"新北市"}},{"type":"Feature","geometry":{"type":"Point","coordinates":[121.64199398907,25.06485999332]},"properties":{"name":"全家便利商店股份有限公司-汐止樟中店","address":"221新北市汐止區樟樹一路１２７號１樓","number":"F000829","phone":"02-87732988","type":"連鎖型綠色商店","city":"新北市"}},{"type":"Feature","geometry":{"type":"Point","coordinates":[121.642474020665,25.066305997347]},"properties":{"name":"全家便利商店股份有限公司-汐止樟福店","address":"221新北市汐止區樟樹一路２２０號","number":"F000371","phone":"02-87732988","type":"連鎖型綠色商店","city":"新北市"}},{"type":"Feature","geometry":{"type":"Point","coordinates":[121.640971983616,25.069147001518]},"properties":{"name":"全家便利商店股份有限公司-汐止樟樹店","address":"221新北市汐止區樟樹二路２７９號，２８１號一樓","number":"F000653","phone":"02-87732988","type":"連鎖型綠色商店","city":"新北市"}},{"type":"Feature","geometry":{"type":"Point","coordinates":[121.641889969652,25.062284988846]},"properties":{"name":"全家便利商店股份有限公司-汐止樟興店","address":"221新北市汐止區樟樹一路１６號，１８號","number":"F000768","phone":"02-87732988","type":"連鎖型綠色商店","city":"新北市"}},{"type":"Feature","geometry":{"type":"Point","coordinates":[121.630915460005,25.06528679983]},"properties":{"name":"全家便利商店股份有限公司-汐止興福店","address":"221新北市汐止區福德二路１３４號","number":"F000770","phone":"02-87732988","type":"連鎖型綠色商店","city":"新北市"}},{"type":"Feature","geometry":{"type":"Point","coordinates":[121.653714991013,25.063647006202]},"properties":{"name":"全家便利商店股份有限公司-汐止龍安店","address":"221新北市汐止區大同路二段１８４巷１１號","number":"F000452","phone":"02-87732988","type":"連鎖型綠色商店","city":"新北市"}},{"type":"Feature","geometry":{"type":"Point","coordinates":[121.400413038861,25.077093003819]},"properties":{"name":"全家便利商店股份有限公司-林口工六店","address":"244新北市林口區東林村工六路７８號","number":"F000494","phone":"02-29029199","type":"連鎖型綠色商店","city":"新北市"}},{"type":"Feature","geometry":{"type":"Point","coordinates":[121.389415814257,25.077763095069]},"properties":{"name":"全家便利商店股份有限公司-林口中正店","address":"244新北市林口區中正路２６６號","number":"F000804","phone":"02-29029199","type":"連鎖型綠色商店","city":"新北市"}},{"type":"Feature","geometry":{"type":"Point","coordinates":[121.391746989168,25.077579992394]},"properties":{"name":"全家便利商店股份有限公司-林口中林店","address":"244新北市林口區林口路１號","number":"F000897","phone":"02-29029199","type":"連鎖型綠色商店","city":"新北市"}},{"type":"Feature","geometry":{"type":"Point","coordinates":[121.388482992253,25.08176499283]},"properties":{"name":"全家便利商店股份有限公司-林口竹林店","address":"244新北市林口區林口路１２６號１Ｆ","number":"F000725","phone":"02-29029199","type":"連鎖型綠色商店","city":"新北市"}},{"type":"Feature","geometry":{"type":"Point","coordinates":[121.378148273275,25.068548617451]},"properties":{"name":"全家便利商店股份有限公司-林口忠孝店","address":"244新北市林口區忠孝路６０１號","number":"F000856","phone":"02-29029199","type":"連鎖型綠色商店","city":"新北市"}},{"type":"Feature","geometry":{"type":"Point","coordinates":[121.381331971558,25.074226979666]},"properties":{"name":"全家便利商店股份有限公司-林口高中店","address":"244新北市林口區西林村仁愛路二段１６２號、１６４號１樓","number":"F000757","phone":"02-29029199","type":"連鎖型綠色商店","city":"新北市"}},{"type":"Feature","geometry":{"type":"Point","coordinates":[121.376298973978,25.070998102925]},"properties":{"name":"全家便利商店股份有限公司-林口國宅店","address":"244新北市林口區麗園一街４巷１號１之４","number":"F000688","phone":"02-29029199","type":"連鎖型綠色商店","city":"新北市"}},{"type":"Feature","geometry":{"type":"Point","coordinates":[121.392641002961,25.076270990575]},"properties":{"name":"全家便利商店股份有限公司-林口菁埔店","address":"244新北市林口區仁愛路一段２９２號","number":"F000592","phone":"02-29029199","type":"連鎖型綠色商店","city":"新北市"}},{"type":"Feature","geometry":{"type":"Point","coordinates":[121.37890876335,25.081250302066]},"properties":{"name":"全家便利商店股份有限公司-林口隆林店","address":"244新北市林口區文化二路二段９０．９２號","number":"F000304","phone":"02-29029199","type":"連鎖型綠色商店","city":"新北市"}},{"type":"Feature","geometry":{"type":"Point","coordinates":[121.366346972699,25.073865007178]},"properties":{"name":"全家便利商店股份有限公司-林口新林店","address":"244新北市林口區忠孝路１２８＆１３０號１樓","number":"F000427","phone":"02-29029199","type":"連鎖型綠色商店","city":"新北市"}},{"type":"Feature","geometry":{"type":"Point","coordinates":[121.370046996218,25.076117015014]},"properties":{"name":"全家便利商店股份有限公司-林口新都店","address":"244新北市林口區文化三路一段５５７號．５５９號１樓","number":"F000283","phone":"02-29029199","type":"連鎖型綠色商店","city":"新北市"}},{"type":"Feature","geometry":{"type":"Point","coordinates":[121.395881027633,25.077297019343]},"properties":{"name":"全家便利商店股份有限公司-林口僑大店","address":"244新北市林口區中正路３９號","number":"F000537","phone":"02-29029199","type":"連鎖型綠色商店","city":"新北市"}},{"type":"Feature","geometry":{"type":"Point","coordinates":[121.399764558351,25.085863355015]},"properties":{"name":"全家便利商店股份有限公司-林口醒吾店","address":"244新北市林口區粉寮路７號","number":"F000439","phone":"02-29029199","type":"連鎖型綠色商店","city":"新北市"}},{"type":"Feature","geometry":{"type":"Point","coordinates":[121.378725702585,25.083612280471]},"properties":{"name":"全家便利商店股份有限公司-林口麗林店","address":"244新北市林口區中山路５２２號１樓","number":"F000488","phone":"02-29029199","type":"連鎖型綠色商店","city":"新北市"}},{"type":"Feature","geometry":{"type":"Point","coordinates":[121.479225978944,25.013749997604]},"properties":{"name":"全家便利商店股份有限公司-板橋三民店","address":"220新北市板橋區三民路二段２０３之９號","number":"F000457","phone":"02-82571522","type":"連鎖型綠色商店","city":"新北市"}},{"type":"Feature","geometry":{"type":"Point","coordinates":[121.428494007061,24.991314995564]},"properties":{"name":"全家便利商店股份有限公司-板橋千甲店","address":"220新北市板橋區溪北里溪崑二街２６號一樓","number":"F000894","phone":"02-29029199","type":"連鎖型綠色商店","city":"新北市"}},{"type":"Feature","geometry":{"type":"Point","coordinates":[121.45307502777,25.016014997389]},"properties":{"name":"全家便利商店股份有限公司-板橋大仁店","address":"220新北市板橋區大仁街１０８之１號","number":"F000523","phone":"02-82571522","type":"連鎖型綠色商店","city":"新北市"}},{"type":"Feature","geometry":{"type":"Point","coordinates":[121.448762035672,25.002761993093]},"properties":{"name":"全家便利商店股份有限公司-板橋大安店","address":"220新北市板橋區大觀路二段３７巷３９號１樓","number":"F000296","phone":"02-82571522","type":"連鎖型綠色商店","city":"新北市"}},{"type":"Feature","geometry":{"type":"Point","coordinates":[121.456366517328,25.017001002569]},"properties":{"name":"全家便利商店股份有限公司-板橋大庭店","address":"220新北市板橋區中正路１９１號","number":"F000458","phone":"02-82571522","type":"連鎖型綠色商店","city":"新北市"}},{"type":"Feature","geometry":{"type":"Point","coordinates":[121.460801969031,25.001858004835]},"properties":{"name":"全家便利商店股份有限公司-板橋大隆店","address":"220新北市板橋區福星里忠孝路５０號一樓","number":"F000817","phone":"02-82571522","type":"連鎖型綠色商店","city":"新北市"}},{"type":"Feature","geometry":{"type":"Point","coordinates":[121.472008992672,25.022316009282]},"properties":{"name":"全家便利商店股份有限公司-板橋大萬店","address":"220新北市板橋區萬板路３２號１樓","number":"F000333","phone":"02-82571522","type":"連鎖型綠色商店","city":"新北市"}},{"type":"Feature","geometry":{"type":"Point","coordinates":[121.462970032107,24.999466019217]},"properties":{"name":"全家便利商店股份有限公司-板橋大豐店","address":"220新北市板橋區重慶路２７８之１號","number":"F000422","phone":"02-82571522","type":"連鎖型綠色商店","city":"新北市"}},{"type":"Feature","geometry":{"type":"Point","coordinates":[121.45417096161,25.009339984976]},"properties":{"name":"全家便利商店股份有限公司-板橋中勝店","address":"220新北市板橋區林園街２號","number":"F000827","phone":"02-82571522","type":"連鎖型綠色商店","city":"新北市"}},{"type":"Feature","geometry":{"type":"Point","coordinates":[121.467643613679,25.020115592061]},"properties":{"name":"全家便利商店股份有限公司-板橋介壽店","address":"220新北市板橋區介壽里介壽街２０號１樓","number":"F000288","phone":"02-82571522","type":"連鎖型綠色商店","city":"新北市"}},{"type":"Feature","geometry":{"type":"Point","coordinates":[121.432467029166,24.990204980127]},"properties":{"name":"全家便利商店股份有限公司-板橋公園店","address":"220新北市板橋區金門街２０６＆２０８號１樓","number":"F000857","phone":"02-29029199","type":"連鎖型綠色商店","city":"新北市"}},{"type":"Feature","geometry":{"type":"Point","coordinates":[121.467187973423,25.021160019106]},"properties":{"name":"全家便利商店股份有限公司-板橋文化店","address":"220新北市板橋區文化路一段２８０號","number":"F000760","phone":"02-82571522","type":"連鎖型綠色商店","city":"新北市"}},{"type":"Feature","geometry":{"type":"Point","coordinates":[121.469129976569,25.022076999313]},"properties":{"name":"全家便利商店股份有限公司-板橋文生店","address":"220新北市板橋區華江里民生路二段２２８號一樓","number":"F000643","phone":"02-82571522","type":"連鎖型綠色商店","city":"新北市"}},{"type":"Feature","geometry":{"type":"Point","coordinates":[121.478776960391,25.027877988772]},"properties":{"name":"全家便利商店股份有限公司-板橋文聖店","address":"220新北市板橋區文聖街１５７號","number":"F000687","phone":"02-82571522","type":"連鎖型綠色商店","city":"新北市"}},{"type":"Feature","geometry":{"type":"Point","coordinates":[121.464429321449,25.026681220637]},"properties":{"name":"全家便利商店股份有限公司-板橋四維店","address":"220新北市板橋區四維路１８０號","number":"F000876","phone":"02-82571522","type":"連鎖型綠色商店","city":"新北市"}},{"type":"Feature","geometry":{"type":"Point","coordinates":[121.454348574138,25.0213189819]},"properties":{"name":"全家便利商店股份有限公司-板橋正光店","address":"220新北市板橋區中正路３７７之１號，３７７之２號","number":"F000837","phone":"02-82571522","type":"連鎖型綠色商店","city":"新北市"}},{"type":"Feature","geometry":{"type":"Point","coordinates":[121.477222033533,25.013639985124]},"properties":{"name":"全家便利商店股份有限公司-板橋正隆店","address":"220新北市板橋區正泰里三民路二段正隆巷３４號一樓","number":"F000443","phone":"02-82571522","type":"連鎖型綠色商店","city":"新北市"}},{"type":"Feature","geometry":{"type":"Point","coordinates":[121.467766995294,25.024654015445]},"properties":{"name":"全家便利商店股份有限公司-板橋民生店","address":"220新北市板橋區民生路三段２４號，２６號．２８號一樓","number":"F000590","phone":"02-82571522","type":"連鎖型綠色商店","city":"新北市"}},{"type":"Feature","geometry":{"type":"Point","coordinates":[121.465209006083,25.008880991958]},"properties":{"name":"全家便利商店股份有限公司-板橋民族店","address":"220新北市板橋區民族路６１號","number":"F000780","phone":"02-82571522","type":"連鎖型綠色商店","city":"新北市"}},{"type":"Feature","geometry":{"type":"Point","coordinates":[121.458976977253,25.013898902113]},"properties":{"name":"全家便利商店股份有限公司-板橋民權店","address":"220新北市板橋區民權路２０４號","number":"F000326","phone":"02-82571522","type":"連鎖型綠色商店","city":"新北市"}},{"type":"Feature","geometry":{"type":"Point","coordinates":[121.467540013356,25.025905014493]},"properties":{"name":"全家便利商店股份有限公司-板橋永炘店","address":"220新北市板橋區光武街３４號","number":"F000611","phone":"02-82571522","type":"連鎖型綠色商店","city":"新北市"}},{"type":"Feature","geometry":{"type":"Point","coordinates":[121.472381735906,25.015195917811]},"properties":{"name":"全家便利商店股份有限公司-板橋光仁店","address":"220新北市板橋區中山路二段２３號","number":"F000534","phone":"02-82571522","type":"連鎖型綠色商店","city":"新北市"}},{"type":"Feature","geometry":{"type":"Point","coordinates":[121.470506033614,25.02436098411]},"properties":{"name":"全家便利商店股份有限公司-板橋光芒店","address":"220新北市板橋區莒光路４２號","number":"F000281","phone":"02-82571522","type":"連鎖型綠色商店","city":"新北市"}},{"type":"Feature","geometry":{"type":"Point","coordinates":[121.482629031633,25.021129006064]},"properties":{"name":"全家便利商店股份有限公司-板橋光復店","address":"220新北市板橋區中山路二段５０３號１樓","number":"F000497","phone":"02-82571522","type":"連鎖型綠色商店","city":"新北市"}},{"type":"Feature","geometry":{"type":"Point","coordinates":[121.454065014354,25.011353988671]},"properties":{"name":"全家便利商店股份有限公司-板橋光華店","address":"220新北市板橋區光華街３號","number":"F000878","phone":"02-82571522","type":"連鎖型綠色商店","city":"新北市"}},{"type":"Feature","geometry":{"type":"Point","coordinates":[121.455810964785,25.005745992533]},"properties":{"name":"全家便利商店股份有限公司-板橋再興店","address":"220新北市板橋區南雅南路一段７號１樓","number":"F000350","phone":"02-82571522","type":"連鎖型綠色商店","city":"新北市"}},{"type":"Feature","geometry":{"type":"Point","coordinates":[121.478881985638,25.030989015955]},"properties":{"name":"全家便利商店股份有限公司-板橋江翠店","address":"220新北市板橋區懷德街１２７巷１，３號１Ｆ","number":"F000806","phone":"02-82571522","type":"連鎖型綠色商店","city":"新北市"}},{"type":"Feature","geometry":{"type":"Point","coordinates":[121.451673992654,25.013832014526]},"properties":{"name":"全家便利商店股份有限公司-板橋西華店","address":"220新北市板橋區南雅西路二段１７０號","number":"F000909","phone":"02-82571522","type":"連鎖型綠色商店","city":"新北市"}},{"type":"Feature","geometry":{"type":"Point","coordinates":[121.455502007834,25.005569008647]},"properties":{"name":"全家便利商店股份有限公司-板橋佑昇店","address":"220新北市板橋區湳興里南雅南路一段６０號一樓","number":"F000619","phone":"02-82571522","type":"連鎖型綠色商店","city":"新北市"}},{"type":"Feature","geometry":{"type":"Point","coordinates":[121.456270963632,25.021275982736]},"properties":{"name":"全家便利商店股份有限公司-板橋甫華店","address":"220新北市板橋區新生街２７號１樓","number":"F000260","phone":"02-82571522","type":"連鎖型綠色商店","city":"新北市"}},{"type":"Feature","geometry":{"type":"Point","coordinates":[121.454058979384,24.994785983579]},"properties":{"name":"全家便利商店股份有限公司-板橋亞東店","address":"220新北市板橋區四川路二段４７巷４弄２號","number":"F000257","phone":"02-82571522","type":"連鎖型綠色商店","city":"新北市"}},{"type":"Feature","geometry":{"type":"Point","coordinates":[121.469830033122,25.011730000848]},"properties":{"name":"全家便利商店股份有限公司-板橋東昇店","address":"220新北市板橋區漢生東路１８９號","number":"F000441","phone":"02-82571522","type":"連鎖型綠色商店","city":"新北市"}},{"type":"Feature","geometry":{"type":"Point","coordinates":[121.479274091068,25.0148756872]},"properties":{"name":"全家便利商店股份有限公司-板橋板三店","address":"220新北市板橋區三民路二段１５５號１樓","number":"F000380","phone":"02-82571522","type":"連鎖型綠色商店","city":"新北市"}},{"type":"Feature","geometry":{"type":"Point","coordinates":[121.471226961106,25.029144997256]},"properties":{"name":"全家便利商店股份有限公司-板橋板文店","address":"220新北市板橋區文化路二段２６１號１樓","number":"F000375","phone":"02-82571522","type":"連鎖型綠色商店","city":"新北市"}},{"type":"Feature","geometry":{"type":"Point","coordinates":[121.463939985942,25.01069529681]},"properties":{"name":"全家便利商店股份有限公司-板橋板民店","address":"220新北市板橋區新民街３９號１樓","number":"F000359","phone":"02-82571522","type":"連鎖型綠色商店","city":"新北市"}},{"type":"Feature","geometry":{"type":"Point","coordinates":[121.472914992586,25.013969016734]},"properties":{"name":"全家便利商店股份有限公司-板橋板長店","address":"220新北市板橋區板新路９７＆９９號１樓","number":"F000354","phone":"02-82571522","type":"連鎖型綠色商店","city":"新北市"}},{"type":"Feature","geometry":{"type":"Point","coordinates":[121.458824771765,25.008811607683]},"properties":{"name":"全家便利商店股份有限公司-板橋板農店","address":"220新北市板橋區府中路２９—１號１樓","number":"F000307","phone":"02-82571522","type":"連鎖型綠色商店","city":"新北市"}},{"type":"Feature","geometry":{"type":"Point","coordinates":[121.462578010495,25.03001298524]},"properties":{"name":"全家便利商店股份有限公司-板橋板維店","address":"220新北市板橋區四維路３１４號１樓","number":"F000365","phone":"02-82571522","type":"連鎖型綠色商店","city":"新北市"}},{"type":"Feature","geometry":{"type":"Point","coordinates":[121.474217037425,25.029750003028]},"properties":{"name":"全家便利商店股份有限公司-板橋松柏店","address":"220新北市板橋區松柏街１３號","number":"F000460","phone":"02-82571522","type":"連鎖型綠色商店","city":"新北市"}},{"type":"Feature","geometry":{"type":"Point","coordinates":[121.430109032164,24.986480020446]},"properties":{"name":"全家便利商店股份有限公司-板橋金門店","address":"220新北市板橋區金門街２９９號","number":"F000682","phone":"02-29029199","type":"連鎖型綠色商店","city":"新北市"}},{"type":"Feature","geometry":{"type":"Point","coordinates":[121.426983001375,24.983842989888]},"properties":{"name":"全家便利商店股份有限公司-板橋金鑫店","address":"220新北市板橋區金門街３７６號１樓","number":"F000473","phone":"02-29029199","type":"連鎖型綠色商店","city":"新北市"}},{"type":"Feature","geometry":{"type":"Point","coordinates":[121.433467996043,24.994094015562]},"properties":{"name":"全家便利商店股份有限公司-板橋金鑽店","address":"220新北市板橋區成和里金門街２９號","number":"F000731","phone":"02-29029199","type":"連鎖型綠色商店","city":"新北市"}},{"type":"Feature","geometry":{"type":"Point","coordinates":[121.474574022682,25.012094990822]},"properties":{"name":"全家便利商店股份有限公司-板橋長安店","address":"220新北市板橋區長安街２１０號","number":"F000912","phone":"02-82571522","type":"連鎖型綠色商店","city":"新北市"}},{"type":"Feature","geometry":{"type":"Point","coordinates":[121.459692037413,25.029596991385]},"properties":{"name":"全家便利商店股份有限公司-板橋長江店","address":"220新北市板橋區長江路一段１０８號１樓","number":"F000496","phone":"02-82571522","type":"連鎖型綠色商店","city":"新北市"}},{"type":"Feature","geometry":{"type":"Point","coordinates":[121.471608002424,25.012329013558]},"properties":{"name":"全家便利商店股份有限公司-板橋長東店","address":"220新北市板橋區長安街３３１巷１０９號，１１１號","number":"F000270","phone":"02-82571522","type":"連鎖型綠色商店","city":"新北市"}},{"type":"Feature","geometry":{"type":"Point","coordinates":[121.479424378592,25.01663131873]},"properties":{"name":"全家便利商店股份有限公司-板橋長壽店","address":"220新北市板橋區三民路二段８３號","number":"F000279","phone":"02-82571522","type":"連鎖型綠色商店","city":"新北市"}},{"type":"Feature","geometry":{"type":"Point","coordinates":[121.457311996006,24.993377991483]},"properties":{"name":"全家便利商店股份有限公司-板橋信陽店","address":"220新北市板橋區信義里信義路７２號一樓","number":"F000671","phone":"02-82571522","type":"連鎖型綠色商店","city":"新北市"}},{"type":"Feature","geometry":{"type":"Point","coordinates":[121.451470982959,24.992883710653]},"properties":{"name":"全家便利商店股份有限公司-板橋帝國店","address":"220新北市板橋區四川路二段２４５巷３號１樓","number":"F000916","phone":"02-82571522","type":"連鎖型綠色商店","city":"新北市"}},{"type":"Feature","geometry":{"type":"Point","coordinates":[121.456695168347,25.018611347096]},"properties":{"name":"全家便利商店股份有限公司-板橋美庭店","address":"220新北市板橋區中正路２１６巷２１號、２３號１樓","number":"F000467","phone":"02-82571522","type":"連鎖型綠色商店","city":"新北市"}},{"type":"Feature","geometry":{"type":"Point","coordinates":[121.443271972911,25.001895010938]},"properties":{"name":"全家便利商店股份有限公司-板橋美堤店","address":"220新北市板橋區龍興街７１巷１號１樓","number":"F000602","phone":"02-82571522","type":"連鎖型綠色商店","city":"新北市"}},{"type":"Feature","geometry":{"type":"Point","coordinates":[121.466116430921,25.020402295059]},"properties":{"name":"全家便利商店股份有限公司-板橋致理店","address":"220新北市板橋區文化路一段３１５號１樓","number":"F000854","phone":"02-82571522","type":"連鎖型綠色商店","city":"新北市"}},{"type":"Feature","geometry":{"type":"Point","coordinates":[121.461928999732,25.007062999069]},"properties":{"name":"全家便利商店股份有限公司-板橋重慶店","address":"220新北市板橋區重慶路６７號","number":"F000258","phone":"02-82571522","type":"連鎖型綠色商店","city":"新北市"}},{"type":"Feature","geometry":{"type":"Point","coordinates":[121.467122621679,25.023962590652]},"properties":{"name":"全家便利商店股份有限公司-板橋首富店","address":"220新北市板橋區新埔里民生路三段２３號１樓","number":"F000546","phone":"02-82571522","type":"連鎖型綠色商店","city":"新北市"}},{"type":"Feature","geometry":{"type":"Point","coordinates":[121.481767036711,25.023314000584]},"properties":{"name":"全家便利商店股份有限公司-板橋振興店","address":"220新北市板橋區三民路一段３１巷８９弄３號","number":"F000716","phone":"02-82571522","type":"連鎖型綠色商店","city":"新北市"}},{"type":"Feature","geometry":{"type":"Point","coordinates":[121.4740773111,25.01948979917]},"properties":{"name":"全家便利商店股份有限公司-板橋偉豐店","address":"220新北市板橋區永豐街１０９號１樓","number":"F000805","phone":"02-82571522","type":"連鎖型綠色商店","city":"新北市"}},{"type":"Feature","geometry":{"type":"Point","coordinates":[121.464362421273,25.003017258923]},"properties":{"name":"全家便利商店股份有限公司-板橋國民店","address":"220新北市板橋區實踐路１３２號１樓","number":"F000261","phone":"02-82571522","type":"連鎖型綠色商店","city":"新北市"}},{"type":"Feature","geometry":{"type":"Point","coordinates":[121.429239074434,24.987457517994]},"properties":{"name":"全家便利商店股份有限公司-板橋堂春店","address":"220新北市板橋區篤行路三段１號１樓","number":"F000465","phone":"02-29029199","type":"連鎖型綠色商店","city":"新北市"}},{"type":"Feature","geometry":{"type":"Point","coordinates":[121.431751969006,24.99406300252]},"properties":{"name":"全家便利商店股份有限公司-板橋崑崙店","address":"220新北市板橋區篤行路一段３０號１樓","number":"F000402","phone":"02-29029199","type":"連鎖型綠色商店","city":"新北市"}},{"type":"Feature","geometry":{"type":"Point","coordinates":[121.474308986903,25.02252999927]},"properties":{"name":"全家便利商店股份有限公司-板橋莒光店","address":"220新北市板橋區莒光路２２５，２２７號","number":"F000777","phone":"02-82571522","type":"連鎖型綠色商店","city":"新北市"}},{"type":"Feature","geometry":{"type":"Point","coordinates":[121.472924967051,25.024170002446]},"properties":{"name":"全家便利商店股份有限公司-板橋莒安店","address":"220新北市板橋區莒光路１３１號","number":"F000451","phone":"02-82571522","type":"連鎖型綠色商店","city":"新北市"}},{"type":"Feature","geometry":{"type":"Point","coordinates":[121.475234013738,25.031652988415]},"properties":{"name":"全家便利商店股份有限公司-板橋勝文店","address":"220新北市板橋區仁化街４６號１樓","number":"F000900","phone":"02-82571522","type":"連鎖型綠色商店","city":"新北市"}},{"type":"Feature","geometry":{"type":"Point","coordinates":[121.479226398039,25.02165308456]},"properties":{"name":"全家便利商店股份有限公司-板橋富山店","address":"220新北市板橋區三民路一段９４號，９６號","number":"F000450","phone":"02-82571522","type":"連鎖型綠色商店","city":"新北市"}},{"type":"Feature","geometry":{"type":"Point","coordinates":[121.464383723896,25.031464395594]},"properties":{"name":"全家便利商店股份有限公司-板橋富華店","address":"220新北市板橋區長江路二段４７號１樓","number":"F000583","phone":"02-82571522","type":"連鎖型綠色商店","city":"新北市"}},{"type":"Feature","geometry":{"type":"Point","coordinates":[121.457707035103,25.028438989552]},"properties":{"name":"全家便利商店股份有限公司-板橋富貴店","address":"220新北市板橋區新海路４６２，４６４，４６６號１樓","number":"F000617","phone":"02-82571522","type":"連鎖型綠色商店","city":"新北市"}},{"type":"Feature","geometry":{"type":"Point","coordinates":[121.461081002588,25.0178189925]},"properties":{"name":"全家便利商店股份有限公司-板橋富陽店","address":"220新北市板橋區漢生里復興街１３０號一樓","number":"F000727","phone":"02-82571522","type":"連鎖型綠色商店","city":"新北市"}},{"type":"Feature","geometry":{"type":"Point","coordinates":[121.470927391886,25.031575581539]},"properties":{"name":"全家便利商店股份有限公司-板橋華江店","address":"220新北市板橋區雙十路三段５４號","number":"F000733","phone":"02-82571522","type":"連鎖型綠色商店","city":"新北市"}},{"type":"Feature","geometry":{"type":"Point","coordinates":[121.464426974517,25.023066985897]},"properties":{"name":"全家便利商店股份有限公司-板橋華陽店","address":"220新北市板橋區陽明里陽明街９０號一樓","number":"F000382","phone":"02-82571522","type":"連鎖型綠色商店","city":"新北市"}},{"type":"Feature","geometry":{"type":"Point","coordinates":[121.458003000104,25.004599012902]},"properties":{"name":"全家便利商店股份有限公司-板橋華興店","address":"220新北市板橋區華興街４１．４３號","number":"F000726","phone":"02-82571522","type":"連鎖型綠色商店","city":"新北市"}},{"type":"Feature","geometry":{"type":"Point","coordinates":[121.45841798813,24.999617983121]},"properties":{"name":"全家便利商店股份有限公司-板橋愛買店","address":"220新北市板橋區四川路一段３６７號","number":"F000730","phone":"02-82571522","type":"連鎖型綠色商店","city":"新北市"}},{"type":"Feature","geometry":{"type":"Point","coordinates":[121.466747001497,25.018968319064]},"properties":{"name":"全家便利商店股份有限公司-板橋新民店","address":"220新北市板橋區文化路一段１８８巷４２號１樓","number":"F000398","phone":"02-82571522","type":"連鎖型綠色商店","city":"新北市"}},{"type":"Feature","geometry":{"type":"Point","coordinates":[121.460502986545,25.024092008837]},"properties":{"name":"全家便利商店股份有限公司-板橋新農店","address":"220新北市板橋區新海路３２８，３３０號１樓","number":"F000448","phone":"02-82571522","type":"連鎖型綠色商店","city":"新北市"}},{"type":"Feature","geometry":{"type":"Point","coordinates":[121.425790005096,24.987758009223]},"properties":{"name":"全家便利商店股份有限公司-板橋溪崑店","address":"220新北市板橋區溪崑二街１３４、１３６、１３８號１樓","number":"F000708","phone":"02-29029199","type":"連鎖型綠色商店","city":"新北市"}},{"type":"Feature","geometry":{"type":"Point","coordinates":[121.461732025008,25.028883984792]},"properties":{"name":"全家便利商店股份有限公司-板橋裕民店","address":"220新北市板橋區裕民街４４號１樓","number":"F000385","phone":"02-82571522","type":"連鎖型綠色商店","city":"新北市"}},{"type":"Feature","geometry":{"type":"Point","coordinates":[121.460243985737,25.027905984329]},"properties":{"name":"全家便利商店股份有限公司-板橋裕盛店","address":"220新北市板橋區裕民街９５號","number":"F000799","phone":"02-82571522","type":"連鎖型綠色商店","city":"新北市"}},{"type":"Feature","geometry":{"type":"Point","coordinates":[121.467429036958,25.009159983606]},"properties":{"name":"全家便利商店股份有限公司-板橋運山店","address":"220新北市板橋區海山路３３號","number":"F000259","phone":"02-82571522","type":"連鎖型綠色商店","city":"新北市"}},{"type":"Feature","geometry":{"type":"Point","coordinates":[121.446744008663,25.011812981689]},"properties":{"name":"全家便利商店股份有限公司-板橋僑中店","address":"220新北市板橋區僑中一街１００號１樓","number":"F000461","phone":"02-82571522","type":"連鎖型綠色商店","city":"新北市"}},{"type":"Feature","geometry":{"type":"Point","coordinates":[121.481408961807,25.01843799605]},"properties":{"name":"全家便利商店股份有限公司-板橋福樂店","address":"220新北市板橋區三民路二段２１巷８號１樓","number":"F000853","phone":"02-82571522","type":"連鎖型綠色商店","city":"新北市"}},{"type":"Feature","geometry":{"type":"Point","coordinates":[121.462741960521,24.992131015748]},"properties":{"name":"全家便利商店股份有限公司-板橋廣和店","address":"220新北市板橋區廣福里廣和街７９號１樓","number":"F000677","phone":"02-82571522","type":"連鎖型綠色商店","city":"新北市"}},{"type":"Feature","geometry":{"type":"Point","coordinates":[121.475938931795,25.012017500127]},"properties":{"name":"全家便利商店股份有限公司-板橋廣隆店","address":"220新北市板橋區民生路一段３３號１樓","number":"F000885","phone":"02-82571522","type":"連鎖型綠色商店","city":"新北市"}},{"type":"Feature","geometry":{"type":"Point","coordinates":[121.445524022656,25.006548014938]},"properties":{"name":"全家便利商店股份有限公司-板橋橋興店","address":"220新北市板橋區僑中二街１１６巷２號","number":"F000841","phone":"02-82571522","type":"連鎖型綠色商店","city":"新北市"}},{"type":"Feature","geometry":{"type":"Point","coordinates":[121.431609895747,24.99137421371]},"properties":{"name":"全家便利商店股份有限公司-板橋篤行店","address":"220新北市板橋區篤行路二段１０３，１０５號１樓","number":"F000273","phone":"02-29029199","type":"連鎖型綠色商店","city":"新北市"}},{"type":"Feature","geometry":{"type":"Point","coordinates":[121.456341958352,25.008046992593]},"properties":{"name":"全家便利商店股份有限公司-板橋館欣店","address":"220新北市板橋區館前西路１３８號","number":"F000277","phone":"02-82571522","type":"連鎖型綠色商店","city":"新北市"}},{"type":"Feature","geometry":{"type":"Point","coordinates":[121.462971037935,25.007540683731]},"properties":{"name":"全家便利商店股份有限公司-板橋館前店","address":"220新北市板橋區館前東路１０６號","number":"F000665","phone":"02-82571522","type":"連鎖型綠色商店","city":"新北市"}},{"type":"Feature","geometry":{"type":"Point","coordinates":[121.472460022882,25.029095879304]},"properties":{"name":"全家便利商店股份有限公司-板橋龍江店","address":"220新北市板橋區文化路二段１８２巷３弄９１，９３號１樓","number":"F000795","phone":"02-82571522","type":"連鎖型綠色商店","city":"新北市"}},{"type":"Feature","geometry":{"type":"Point","coordinates":[121.457034471192,25.024207218096]},"properties":{"name":"全家便利商店股份有限公司-板橋龍泉店","address":"220新北市板橋區龍泉街１２２號","number":"F000908","phone":"02-82571522","type":"連鎖型綠色商店","city":"新北市"}},{"type":"Feature","geometry":{"type":"Point","coordinates":[121.477002595308,25.025981708908]},"properties":{"name":"全家便利商店股份有限公司-板橋雙十店","address":"220新北市板橋區雙十路二段６—８號，６—９號，６—１０","number":"F000893","phone":"02-82571522","type":"連鎖型綠色商店","city":"新北市"}},{"type":"Feature","geometry":{"type":"Point","coordinates":[121.467137011451,25.015357981909]},"properties":{"name":"全家便利商店股份有限公司-板橋雙城店","address":"220新北市板橋區縣民大道二段１０６號１樓","number":"F000352","phone":"02-82571522","type":"連鎖型綠色商店","city":"新北市"}},{"type":"Feature","geometry":{"type":"Point","coordinates":[121.47911902586,25.031567995917]},"properties":{"name":"全家便利商店股份有限公司-板橋懷翠店","address":"220新北市板橋區懷翠里民治街９７號，９９號一樓","number":"F000744","phone":"02-82571522","type":"連鎖型綠色商店","city":"新北市"}},{"type":"Feature","geometry":{"type":"Point","coordinates":[121.465602871713,25.024702085659]},"properties":{"name":"全家便利商店股份有限公司-板橋羅德店","address":"220新北市板橋區明翠里四維路１１０號一樓","number":"F000294","phone":"02-82571522","type":"連鎖型綠色商店","city":"新北市"}},{"type":"Feature","geometry":{"type":"Point","coordinates":[121.637861291709,25.221272299635]},"properties":{"name":"全家便利商店股份有限公司-金山中山店","address":"208新北市金山鄉中山路２０５號","number":"F000618","phone":"02-87732988","type":"連鎖型綠色商店","city":"新北市"}},{"type":"Feature","geometry":{"type":"Point","coordinates":[121.424196018569,25.039173986315]},"properties":{"name":"全家便利商店股份有限公司-泰山工專店","address":"243新北市泰山區明志路三段１７０號","number":"F000275","phone":"02-29029199","type":"連鎖型綠色商店","city":"新北市"}},{"type":"Feature","geometry":{"type":"Point","coordinates":[121.371334778526,25.080245041791]},"properties":{"name":"全家便利商店股份有限公司-泰山民權店","address":"243新北市泰山區民權路２９號１樓","number":"F000781","phone":"02-29029199","type":"連鎖型綠色商店","city":"新北市"}},{"type":"Feature","geometry":{"type":"Point","coordinates":[121.434208537188,25.056120015241]},"properties":{"name":"全家便利商店股份有限公司-泰山全興店","address":"243新北市泰山區福泰村全興路１６５號一樓","number":"F000644","phone":"02-29029199","type":"連鎖型綠色商店","city":"新北市"}},{"type":"Feature","geometry":{"type":"Point","coordinates":[121.432814961967,25.053839006021]},"properties":{"name":"全家便利商店股份有限公司-泰山同興店","address":"243新北市泰山區仁義路２２０巷８號１樓","number":"F000320","phone":"02-29029199","type":"連鎖型綠色商店","city":"新北市"}},{"type":"Feature","geometry":{"type":"Point","coordinates":[121.42507201127,25.043710984776]},"properties":{"name":"全家便利商店股份有限公司-泰山明豐店","address":"243新北市泰山區明志路二段３８３號１樓","number":"F000302","phone":"02-29029199","type":"連鎖型綠色商店","city":"新北市"}},{"type":"Feature","geometry":{"type":"Point","coordinates":[121.434497964305,25.059121993864]},"properties":{"name":"全家便利商店股份有限公司-泰山泰林店","address":"243新北市泰山區泰林路二段１０９號１樓","number":"F000703","phone":"02-29029199","type":"連鎖型綠色商店","city":"新北市"}},{"type":"Feature","geometry":{"type":"Point","coordinates":[121.425862005644,25.041774010771]},"properties":{"name":"全家便利商店股份有限公司-泰山貴子店","address":"243新北市泰山區貴子路２８號","number":"F000667","phone":"02-29029199","type":"連鎖型綠色商店","city":"新北市"}},{"type":"Feature","geometry":{"type":"Point","coordinates":[121.429574015285,25.052822993627]},"properties":{"name":"全家便利商店股份有限公司-泰山義學店","address":"243新北市泰山區明志路二段４７號","number":"F000628","phone":"02-29029199","type":"連鎖型綠色商店","city":"新北市"}},{"type":"Feature","geometry":{"type":"Point","coordinates":[121.432628716078,25.058273493805]},"properties":{"name":"全家便利商店股份有限公司-泰山福興店","address":"243新北市泰山區同興村福興一街６０號一樓","number":"F000519","phone":"02-29029199","type":"連鎖型綠色商店","city":"新北市"}},{"type":"Feature","geometry":{"type":"Point","coordinates":[121.4318155,25.0542273]},"properties":{"name":"全家便利商店股份有限公司-泰山黎明店","address":"243新北市泰山區泰林路５７５號、５７７號１樓","number":"F000655","phone":"02-29029199","type":"連鎖型綠色商店","city":"新北市"}},{"type":"Feature","geometry":{"type":"Point","coordinates":[121.428718977342,25.063865983423]},"properties":{"name":"全家便利商店股份有限公司-泰山憲訓店","address":"243新北市泰山區泰林路２段３６４號１樓","number":"F000759","phone":"02-29029199","type":"連鎖型綠色商店","city":"新北市"}},{"type":"Feature","geometry":{"type":"Point","coordinates":[121.430677073743,25.057787888245]},"properties":{"name":"全家便利商店股份有限公司-泰山辭修店","address":"243新北市泰山區明志路一段３７４號１樓","number":"F000784","phone":"02-29029199","type":"連鎖型綠色商店","city":"新北市"}},{"type":"Feature","geometry":{"type":"Point","coordinates":[121.424124018021,25.064065011714]},"properties":{"name":"全家便利商店股份有限公司-泰山麗池店","address":"243新北市泰山區泰林路二段５１８號","number":"F000719","phone":"02-29029199","type":"連鎖型綠色商店","city":"新北市"}},{"type":"Feature","geometry":{"type":"Point","coordinates":[121.548145004338,24.864575003676]},"properties":{"name":"全家便利商店股份有限公司-烏來泉鄉店","address":"233新北市烏來區烏來村環山路６０號１樓","number":"F000823","phone":"02-82571522","type":"連鎖型綠色商店","city":"新北市"}},{"type":"Feature","geometry":{"type":"Point","coordinates":[121.552194972314,24.864655008942]},"properties":{"name":"全家便利商店股份有限公司-烏來泰雅店","address":"233新北市烏來區烏來街６號１樓","number":"F000773","phone":"02-82571522","type":"連鎖型綠色商店","city":"新北市"}},{"type":"Feature","geometry":{"type":"Point","coordinates":[121.924842988106,25.055572006412]},"properties":{"name":"全家便利商店股份有限公司-貢寮澳底一店","address":"228新北市貢寮區大澳街１之１、３號１樓","number":"F000464","phone":"02-87732988","type":"連鎖型綠色商店","city":"新北市"}},{"type":"Feature","geometry":{"type":"Point","coordinates":[121.443011966275,25.172222994814]},"properties":{"name":"全家便利商店股份有限公司-淡水日源店","address":"251新北市淡水區水源街１段２６號１樓","number":"F000348","phone":"02-25221128","type":"連鎖型綠色商店","city":"新北市"}},{"type":"Feature","geometry":{"type":"Point","coordinates":[121.447370472107,25.171741915481]},"properties":{"name":"全家便利商店股份有限公司-淡水水源店","address":"251新北市淡水區水源街一段１２４號１樓","number":"F000552","phone":"02-25221128","type":"連鎖型綠色商店","city":"新北市"}},{"type":"Feature","geometry":{"type":"Point","coordinates":[121.459427001634,25.133700019277]},"properties":{"name":"全家便利商店股份有限公司-淡水世紀店","address":"251新北市淡水區民權路１８５－１０號一樓","number":"F000342","phone":"02-25221128","type":"連鎖型綠色商店","city":"新北市"}},{"type":"Feature","geometry":{"type":"Point","coordinates":[121.448487025429,25.177208005999]},"properties":{"name":"全家便利商店股份有限公司-淡水北新店","address":"251新北市淡水區水碓里北新路１８２巷３９號１樓","number":"F000662","phone":"02-25221128","type":"連鎖型綠色商店","city":"新北市"}},{"type":"Feature","geometry":{"type":"Point","coordinates":[121.452961033887,25.16215201242]},"properties":{"name":"全家便利商店股份有限公司-淡水正中店","address":"251新北市淡水區竿蓁里中正東路一段７７號７９號","number":"F000869","phone":"02-25221128","type":"連鎖型綠色商店","city":"新北市"}},{"type":"Feature","geometry":{"type":"Point","coordinates":[121.440576017574,25.174827000673]},"properties":{"name":"全家便利商店股份有限公司-淡水旭陞店","address":"251新北市淡水區新興里新生街５３號１樓","number":"F000706","phone":"02-25221128","type":"連鎖型綠色商店","city":"新北市"}},{"type":"Feature","geometry":{"type":"Point","coordinates":[121.462109378289,25.13788870775]},"properties":{"name":"全家便利商店股份有限公司-淡水竹圍店","address":"251新北市淡水區民生路５８號","number":"F000397","phone":"02-25221128","type":"連鎖型綠色商店","city":"新北市"}},{"type":"Feature","geometry":{"type":"Point","coordinates":[121.462743703698,25.128069928308]},"properties":{"name":"全家便利商店股份有限公司-淡水自強店","address":"251新北市淡水區自強路８２號、８４號","number":"F000433","phone":"02-25221128","type":"連鎖型綠色商店","city":"新北市"}},{"type":"Feature","geometry":{"type":"Point","coordinates":[121.423469978116,25.183255004316]},"properties":{"name":"全家便利商店股份有限公司-淡水沙崙店","address":"251新北市淡水區沙崙里沙崙路１４９號","number":"F000455","phone":"02-25221128","type":"連鎖型綠色商店","city":"新北市"}},{"type":"Feature","geometry":{"type":"Point","coordinates":[121.459579971367,25.154576993154]},"properties":{"name":"全家便利商店股份有限公司-淡水紅林店","address":"251新北市淡水區八勢里中正東路二段６９號１樓","number":"F000711","phone":"02-25221128","type":"連鎖型綠色商店","city":"新北市"}},{"type":"Feature","geometry":{"type":"Point","coordinates":[121.445724014866,25.172198980661]},"properties":{"name":"全家便利商店股份有限公司-淡水英士店","address":"251新北市淡水區水源街一段８２．８４號Ｂ１","number":"F000831","phone":"02-25221128","type":"連鎖型綠色商店","city":"新北市"}},{"type":"Feature","geometry":{"type":"Point","coordinates":[121.446856996718,25.17301198336]},"properties":{"name":"全家便利商店股份有限公司-淡水校園店","address":"251新北市淡水區英專路１５１號〈淡大美食廣場Ｂ１部分〉","number":"F000335","phone":"02-25221128","type":"連鎖型綠色商店","city":"新北市"}},{"type":"Feature","geometry":{"type":"Point","coordinates":[121.451665024018,25.165223016015]},"properties":{"name":"全家便利商店股份有限公司-淡水海揚店","address":"251新北市淡水區中正東路一段３巷２０．２２號","number":"F000902","phone":"02-25221128","type":"連鎖型綠色商店","city":"新北市"}},{"type":"Feature","geometry":{"type":"Point","coordinates":[121.446525995362,25.174334019038]},"properties":{"name":"全家便利商店股份有限公司-淡水淡大店","address":"251新北市淡水區學府路１５２號","number":"F000575","phone":"02-25221128","type":"連鎖型綠色商店","city":"新北市"}},{"type":"Feature","geometry":{"type":"Point","coordinates":[121.425689003163,25.177045019892]},"properties":{"name":"全家便利商店股份有限公司-淡水淡海店","address":"251新北市淡水區中正路一段６２巷２號","number":"F000309","phone":"02-25221128","type":"連鎖型綠色商店","city":"新北市"}},{"type":"Feature","geometry":{"type":"Point","coordinates":[121.445569033476,25.170538986647]},"properties":{"name":"全家便利商店股份有限公司-淡水清英店","address":"251新北市淡水區清水街２號；英專路４３號","number":"F000582","phone":"02-25221128","type":"連鎖型綠色商店","city":"新北市"}},{"type":"Feature","geometry":{"type":"Point","coordinates":[121.446222989562,25.169968011403]},"properties":{"name":"全家便利商店股份有限公司-淡水博愛店","address":"251新北市淡水區博愛街１５號","number":"F000864","phone":"02-25221128","type":"連鎖型綠色商店","city":"新北市"}},{"type":"Feature","geometry":{"type":"Point","coordinates":[121.459452566439,25.156786420921]},"properties":{"name":"全家便利商店股份有限公司-淡水登峰店","address":"251新北市淡水區中正東路二段２７號２樓","number":"F000287","phone":"02-25221128","type":"連鎖型綠色商店","city":"新北市"}},{"type":"Feature","geometry":{"type":"Point","coordinates":[121.436676001845,25.179279006635]},"properties":{"name":"全家便利商店股份有限公司-淡水新民店","address":"251新北市淡水區新民街１８０之６號","number":"F000870","phone":"02-25221128","type":"連鎖型綠色商店","city":"新北市"}},{"type":"Feature","geometry":{"type":"Point","coordinates":[121.443313966246,25.178174984259]},"properties":{"name":"全家便利商店股份有限公司-淡水新生店","address":"251新北市淡水區新興里大義街１１號","number":"F000440","phone":"02-25221128","type":"連鎖型綠色商店","city":"新北市"}},{"type":"Feature","geometry":{"type":"Point","coordinates":[121.449382967059,25.180293007372]},"properties":{"name":"全家便利商店股份有限公司-淡水新旭店","address":"251新北市淡水區北新路１６９巷３５號１樓","number":"F000606","phone":"02-25221128","type":"連鎖型綠色商店","city":"新北市"}},{"type":"Feature","geometry":{"type":"Point","coordinates":[121.451984961262,25.226738012967]},"properties":{"name":"全家便利商店股份有限公司-淡水新埔店","address":"251新北市淡水區淡金路四段５３６號１樓","number":"F000657","phone":"02-25221128","type":"連鎖型綠色商店","city":"新北市"}},{"type":"Feature","geometry":{"type":"Point","coordinates":[121.451658989047,25.226897981589]},"properties":{"name":"全家便利商店股份有限公司-淡水聖約翰店","address":"251新北市淡水區淡金路四段４９９號","number":"F000793","phone":"02-25221128","type":"連鎖型綠色商店","city":"新北市"}},{"type":"Feature","geometry":{"type":"Point","coordinates":[121.436852021812,25.181487009479]},"properties":{"name":"全家便利商店股份有限公司-淡水福春店","address":"251新北市淡水區新興里新春街２號一樓","number":"F000692","phone":"02-25221128","type":"連鎖型綠色商店","city":"新北市"}},{"type":"Feature","geometry":{"type":"Point","coordinates":[121.443851330059,25.180799483871]},"properties":{"name":"全家便利商店股份有限公司-淡水摩天店","address":"251新北市淡水區新春街１９４號","number":"F000754","phone":"02-25221128","type":"連鎖型綠色商店","city":"新北市"}},{"type":"Feature","geometry":{"type":"Point","coordinates":[121.44908599623,25.17739400043]},"properties":{"name":"全家便利商店股份有限公司-淡水學城店","address":"251新北市淡水區北新路１８２巷２１弄１－１號","number":"F000847","phone":"02-25221128","type":"連鎖型綠色商店","city":"新北市"}},{"type":"Feature","geometry":{"type":"Point","coordinates":[121.444538478481,25.176413317759]},"properties":{"name":"全家便利商店股份有限公司-淡水興忠店","address":"251新北市淡水區水碓里１１鄰大忠街４３號１樓","number":"F000405","phone":"02-25221128","type":"連鎖型綠色商店","city":"新北市"}},{"type":"Feature","geometry":{"type":"Point","coordinates":[121.447807839814,25.168596187219]},"properties":{"name":"全家便利商店股份有限公司-淡水麗景店","address":"251新北市淡水區學府路３０號１樓","number":"F000691","phone":"02-25221128","type":"連鎖型綠色商店","city":"新北市"}},{"type":"Feature","geometry":{"type":"Point","coordinates":[121.601613919065,25.003529104871]},"properties":{"name":"全家便利商店股份有限公司-深坑北深店","address":"222新北市深坑區北深路三段１７９號","number":"F000274","phone":"02-87732988","type":"連鎖型綠色商店","city":"新北市"}},{"type":"Feature","geometry":{"type":"Point","coordinates":[121.619482963169,25.002185988707]},"properties":{"name":"全家便利商店股份有限公司-深坑埔新店","address":"222新北市深坑區埔新村埔新街９３號１樓","number":"F000449","phone":"02-87732988","type":"連鎖型綠色商店","city":"新北市"}},{"type":"Feature","geometry":{"type":"Point","coordinates":[121.68775249234,25.203830684765]},"properties":{"name":"全家便利商店股份有限公司-野柳港口店","address":"207新北市萬里鄉野柳村港東路６５之１號","number":"F000453","phone":"02-87732988","type":"連鎖型綠色商店","city":"新北市"}},{"type":"Feature","geometry":{"type":"Point","coordinates":[121.532776030494,24.977134994686]},"properties":{"name":"全家便利商店股份有限公司-新店中央店","address":"231新北市新店區百忍街９０號","number":"F000840","phone":"02-87732988","type":"連鎖型綠色商店","city":"新北市"}},{"type":"Feature","geometry":{"type":"Point","coordinates":[121.53628151004,24.975055779784]},"properties":{"name":"全家便利商店股份有限公司-新店中正店","address":"231新北市新店區中正路３２１號","number":"F000838","phone":"02-87732988","type":"連鎖型綠色商店","city":"新北市"}},{"type":"Feature","geometry":{"type":"Point","coordinates":[121.539717000695,24.968518984955]},"properties":{"name":"全家便利商店股份有限公司-新店中華店","address":"231新北市新店區中華路５０號","number":"F000437","phone":"02-87732988","type":"連鎖型綠色商店","city":"新北市"}},{"type":"Feature","geometry":{"type":"Point","coordinates":[121.542477999601,24.980249081263]},"properties":{"name":"全家便利商店股份有限公司-新店文強店","address":"231新北市新店區文化路２１巷２號１樓","number":"F000538","phone":"02-87732988","type":"連鎖型綠色商店","city":"新北市"}},{"type":"Feature","geometry":{"type":"Point","coordinates":[121.538153021381,24.983201019924]},"properties":{"name":"全家便利商店股份有限公司-新店民佳店","address":"231新北市新店區民權路７２號","number":"F000573","phone":"02-87732988","type":"連鎖型綠色商店","city":"新北市"}},{"type":"Feature","geometry":{"type":"Point","coordinates":[121.538522998587,24.97735799522]},"properties":{"name":"全家便利商店股份有限公司-新店民族店","address":"231新北市新店區明德里民族路１０５號","number":"F000263","phone":"02-87732988","type":"連鎖型綠色商店","city":"新北市"}},{"type":"Feature","geometry":{"type":"Point","coordinates":[121.536585018754,24.982775009695]},"properties":{"name":"全家便利商店股份有限公司-新店民權店","address":"231新北市新店區民權路１０５號１樓","number":"F000327","phone":"02-87732988","type":"連鎖型綠色商店","city":"新北市"}},{"type":"Feature","geometry":{"type":"Point","coordinates":[121.510475390363,24.959557305537]},"properties":{"name":"全家便利商店股份有限公司-新店永安店","address":"231新北市新店區安康路二段１５７號","number":"F000407","phone":"02-82571522","type":"連鎖型綠色商店","city":"新北市"}},{"type":"Feature","geometry":{"type":"Point","coordinates":[121.543044029522,24.976666991122]},"properties":{"name":"全家便利商店股份有限公司-新店永新店","address":"231新北市新店區北新路二段１９８號","number":"F000763","phone":"02-87732988","type":"連鎖型綠色商店","city":"新北市"}},{"type":"Feature","geometry":{"type":"Point","coordinates":[121.529783020508,24.949396008136]},"properties":{"name":"全家便利商店股份有限公司-新店永業店","address":"231新北市新店區永業路８１巷１弄１號","number":"F000489","phone":"02-82571522","type":"連鎖型綠色商店","city":"新北市"}},{"type":"Feature","geometry":{"type":"Point","coordinates":[121.5315433,24.9585927]},"properties":{"name":"全家便利商店股份有限公司-新店光明店","address":"231新北市新店區廣明里７鄰光明路１３６號１樓","number":"F000839","phone":"02-87732988","type":"連鎖型綠色商店","city":"新北市"}},{"type":"Feature","geometry":{"type":"Point","coordinates":[121.494172001953,24.948171998816]},"properties":{"name":"全家便利商店股份有限公司-新店如意店","address":"231新北市新店區如意街２９號１樓","number":"F000469","phone":"02-82571522","type":"連鎖型綠色商店","city":"新北市"}},{"type":"Feature","geometry":{"type":"Point","coordinates":[121.515245363822,24.964524379449]},"properties":{"name":"全家便利商店股份有限公司-新店安民店","address":"231新北市新店區安民街１號１樓","number":"F000313","phone":"02-82571522","type":"連鎖型綠色商店","city":"新北市"}},{"type":"Feature","geometry":{"type":"Point","coordinates":[121.516369041762,24.985612996382]},"properties":{"name":"全家便利商店股份有限公司-新店安和店","address":"231新北市新店區永平街８９號１樓","number":"F000741","phone":"02-82571522","type":"連鎖型綠色商店","city":"新北市"}},{"type":"Feature","geometry":{"type":"Point","coordinates":[121.492633838902,24.952420492169]},"properties":{"name":"全家便利商店股份有限公司-新店安康店","address":"231新北市新店區安康路三段５１號","number":"F000787","phone":"02-82571522","type":"連鎖型綠色商店","city":"新北市"}},{"type":"Feature","geometry":{"type":"Point","coordinates":[121.537600353427,24.9806362683]},"properties":{"name":"全家便利商店股份有限公司-新店江陵店","address":"231新北市新店區建國路２１９號","number":"F000567","phone":"02-87732988","type":"連鎖型綠色商店","city":"新北市"}},{"type":"Feature","geometry":{"type":"Point","coordinates":[121.534587527409,24.97753028524]},"properties":{"name":"全家便利商店股份有限公司-新店百和店","address":"231新北市新店區中正路４０２號","number":"F000889","phone":"02-87732988","type":"連鎖型綠色商店","city":"新北市"}},{"type":"Feature","geometry":{"type":"Point","coordinates":[121.519909976758,24.986389998806]},"properties":{"name":"全家便利商店股份有限公司-新店君臨店","address":"231新北市新店區永安里永安街７６號一樓","number":"F000714","phone":"02-82571522","type":"連鎖型綠色商店","city":"新北市"}},{"type":"Feature","geometry":{"type":"Point","coordinates":[121.547287032729,24.922769006771]},"properties":{"name":"全家便利商店股份有限公司-新店屈尺店","address":"231新北市新店區屈尺里屈尺路６０號１樓","number":"F000625","phone":"02-82571522","type":"連鎖型綠色商店","city":"新北市"}},{"type":"Feature","geometry":{"type":"Point","coordinates":[121.534172958477,24.990430998146]},"properties":{"name":"全家便利商店股份有限公司-新店忠孝店","address":"231新北市新店區中正路６９２號","number":"F000603","phone":"02-87732988","type":"連鎖型綠色商店","city":"新北市"}},{"type":"Feature","geometry":{"type":"Point","coordinates":[121.542676985982,24.974917017377]},"properties":{"name":"全家便利商店股份有限公司-新店忠誠店","address":"231新北市新店區北新路二段１１９號１樓","number":"F000699","phone":"02-87732988","type":"連鎖型綠色商店","city":"新北市"}},{"type":"Feature","geometry":{"type":"Point","coordinates":[121.494826963867,24.946594985643]},"properties":{"name":"全家便利商店股份有限公司-新店玫瑰店","address":"231新北市新店區玫瑰路５８巷１號１樓","number":"F000324","phone":"02-82571522","type":"連鎖型綠色商店","city":"新北市"}},{"type":"Feature","geometry":{"type":"Point","coordinates":[121.551793982066,24.953238985014]},"properties":{"name":"全家便利商店股份有限公司-新店長春店","address":"231新北市新店區北宜路二段１４９號１樓","number":"F000310","phone":"02-87732988","type":"連鎖型綠色商店","city":"新北市"}},{"type":"Feature","geometry":{"type":"Point","coordinates":[121.485716002754,24.951394002396]},"properties":{"name":"全家便利商店股份有限公司-新店城泰店","address":"231新北市新店區安康路三段３１１號１樓","number":"F000563","phone":"02-82571522","type":"連鎖型綠色商店","city":"新北市"}},{"type":"Feature","geometry":{"type":"Point","coordinates":[121.540370034771,24.976550985582]},"properties":{"name":"全家便利商店股份有限公司-新店建興店","address":"231新北市新店區建國路８５號","number":"F000796","phone":"02-87732988","type":"連鎖型綠色商店","city":"新北市"}},{"type":"Feature","geometry":{"type":"Point","coordinates":[121.516800961232,24.983468989368]},"properties":{"name":"全家便利商店股份有限公司-新店皇家店","address":"231新北市新店區永平里永平街２７號一樓","number":"F000750","phone":"02-82571522","type":"連鎖型綠色商店","city":"新北市"}},{"type":"Feature","geometry":{"type":"Point","coordinates":[121.475296961831,24.956751002444]},"properties":{"name":"全家便利商店股份有限公司-新店香坡店","address":"231新北市新店區安祥路１１３號，１１５號","number":"F000262","phone":"02-82571522","type":"連鎖型綠色商店","city":"新北市"}},{"type":"Feature","geometry":{"type":"Point","coordinates":[121.517214021421,24.971553988276]},"properties":{"name":"全家便利商店股份有限公司-新店康城店","address":"231新北市新店區安民街１９６＆１９８號","number":"F000749","phone":"02-82571522","type":"連鎖型綠色商店","city":"新北市"}},{"type":"Feature","geometry":{"type":"Point","coordinates":[121.510316134202,24.961485101358]},"properties":{"name":"全家便利商店股份有限公司-新店康德店","address":"231新北市新店區安德街７１巷２號","number":"F000901","phone":"02-82571522","type":"連鎖型綠色商店","city":"新北市"}},{"type":"Feature","geometry":{"type":"Point","coordinates":[121.473762543123,24.94200222583]},"properties":{"name":"全家便利商店股份有限公司-新店康橋店","address":"231新北市新店區安康路３段７３８號、７４０號１樓","number":"F000718","phone":"02-82571522","type":"連鎖型綠色商店","city":"新北市"}},{"type":"Feature","geometry":{"type":"Point","coordinates":[121.493934961731,24.949146981793]},"properties":{"name":"全家便利商店股份有限公司-新店富貴店","address":"231新北市新店區富貴街１２巷１號","number":"F000807","phone":"02-82571522","type":"連鎖型綠色商店","city":"新北市"}},{"type":"Feature","geometry":{"type":"Point","coordinates":[121.523719824831,24.97757288646]},"properties":{"name":"全家便利商店股份有限公司-新店湯泉店","address":"231新北市新店區溪園路４０３號１樓","number":"F000914","phone":"02-87732988","type":"連鎖型綠色商店","city":"新北市"}},{"type":"Feature","geometry":{"type":"Point","coordinates":[121.513330015127,24.959180999994]},"properties":{"name":"全家便利商店股份有限公司-新店陽光店","address":"231新北市新店區安忠路５７巷１０號１樓","number":"F000600","phone":"02-82571522","type":"連鎖型綠色商店","city":"新北市"}},{"type":"Feature","geometry":{"type":"Point","coordinates":[121.535750935569,24.985812611406]},"properties":{"name":"全家便利商店股份有限公司-新店慈濟店","address":"231新北市新店區建國路２８９號Ｂ１慈濟醫院大愛美食坊","number":"F000284","phone":"02-87732988","type":"連鎖型綠色商店","city":"新北市"}},{"type":"Feature","geometry":{"type":"Point","coordinates":[121.543956986416,24.965598310794]},"properties":{"name":"全家便利商店股份有限公司-新店新坡店","address":"231新北市新店區中興路一段２１６號１樓","number":"F000306","phone":"02-87732988","type":"連鎖型綠色商店","city":"新北市"}},{"type":"Feature","geometry":{"type":"Point","coordinates":[121.550365035213,24.933844979356]},"properties":{"name":"全家便利商店股份有限公司-新店新陽店","address":"231新北市新店區粗坑里花園一路一段２號一樓","number":"F000264","phone":"02-82571522","type":"連鎖型綠色商店","city":"新北市"}},{"type":"Feature","geometry":{"type":"Point","coordinates":[121.52392046597,24.979123601215]},"properties":{"name":"全家便利商店股份有限公司-新店溪園店","address":"231新北市新店區中山里溪園路３８９號一樓","number":"F000271","phone":"02-87732988","type":"連鎖型綠色商店","city":"新北市"}},{"type":"Feature","geometry":{"type":"Point","coordinates":[121.549180085561,24.973772007494]},"properties":{"name":"全家便利商店股份有限公司-新店福興店","address":"231新北市新店區寶興路４３號","number":"F000414","phone":"02-87732988","type":"連鎖型綠色商店","city":"新北市"}},{"type":"Feature","geometry":{"type":"Point","coordinates":[121.55150103455,24.902328981507]},"properties":{"name":"全家便利商店股份有限公司-新店翡翠店","address":"231新北市新店區龜山里新烏路三段１８８號１９０號一樓","number":"F000604","phone":"02-82571522","type":"連鎖型綠色商店","city":"新北市"}},{"type":"Feature","geometry":{"type":"Point","coordinates":[121.544556963045,24.971523981062]},"properties":{"name":"全家便利商店股份有限公司-新店德正店","address":"231新北市新店區德正街２７巷１號","number":"F000695","phone":"02-87732988","type":"連鎖型綠色商店","city":"新北市"}},{"type":"Feature","geometry":{"type":"Point","coordinates":[121.502240002855,24.957169007956]},"properties":{"name":"全家便利商店股份有限公司-新店德安店","address":"231新北市新店區安康路二段３０３號","number":"F000762","phone":"02-82571522","type":"連鎖型綠色商店","city":"新北市"}},{"type":"Feature","geometry":{"type":"Point","coordinates":[121.535609029949,24.975955996186]},"properties":{"name":"全家便利商店股份有限公司-新店慶中店","address":"231新北市新店區中正路３６０號１樓","number":"F000588","phone":"02-87732988","type":"連鎖型綠色商店","city":"新北市"}},{"type":"Feature","geometry":{"type":"Point","coordinates":[121.540254029231,24.982598989728]},"properties":{"name":"全家便利商店股份有限公司-新店慶民店","address":"231新北市新店區二十張路３號","number":"F000700","phone":"02-87732988","type":"連鎖型綠色商店","city":"新北市"}},{"type":"Feature","geometry":{"type":"Point","coordinates":[121.551360302396,24.983646015163]},"properties":{"name":"全家便利商店股份有限公司-新店橋興店","address":"231新北市新店區寶橋路２３５巷１２９號","number":"F000387","phone":"02-87732988","type":"連鎖型綠色商店","city":"新北市"}},{"type":"Feature","geometry":{"type":"Point","coordinates":[121.479235701952,24.962251710222]},"properties":{"name":"全家便利商店股份有限公司-新店襄陽店","address":"231新北市新店區安祥路１０４－１０號","number":"F000858","phone":"02-82571522","type":"連鎖型綠色商店","city":"新北市"}},{"type":"Feature","geometry":{"type":"Point","coordinates":[121.551429034002,24.984706996467]},"properties":{"name":"全家便利商店股份有限公司-新店寶工店","address":"231新北市新店區寶橋路２３５巷４號１樓","number":"F000584","phone":"02-87732988","type":"連鎖型綠色商店","city":"新北市"}},{"type":"Feature","geometry":{"type":"Point","coordinates":[121.54758123753,24.980712810057]},"properties":{"name":"全家便利商店股份有限公司-新店寶中店","address":"231新北市新店區寶中路７７號","number":"F000832","phone":"02-87732988","type":"連鎖型綠色商店","city":"新北市"}},{"type":"Feature","geometry":{"type":"Point","coordinates":[121.542077009353,24.982707996379]},"properties":{"name":"全家便利商店股份有限公司-新店寶元店","address":"231新北市新店區民權路１９號","number":"F000486","phone":"02-87732988","type":"連鎖型綠色商店","city":"新北市"}},{"type":"Feature","geometry":{"type":"Point","coordinates":[121.543559013653,24.981738000634]},"properties":{"name":"全家便利商店股份有限公司-新店寶安店","address":"231新北市新店區中興路三段２０７號１樓","number":"F000530","phone":"02-87732988","type":"連鎖型綠色商店","city":"新北市"}},{"type":"Feature","geometry":{"type":"Point","coordinates":[121.54918796455,24.980231018262]},"properties":{"name":"全家便利商店股份有限公司-新店寶福店","address":"231新北市新店區寶中路１１１號","number":"F001654","phone":"02-87732988","type":"連鎖型綠色商店","city":"新北市"}},{"type":"Feature","geometry":{"type":"Point","coordinates":[121.544642961372,24.974678007408]},"properties":{"name":"全家便利商店股份有限公司-新店寶橋店","address":"231新北市新店區寶橋路４５號","number":"F000282","phone":"02-87732988","type":"連鎖型綠色商店","city":"新北市"}},{"type":"Feature","geometry":{"type":"Point","coordinates":[121.546305930962,24.975488202169]},"properties":{"name":"全家便利商店股份有限公司-新店寶興店","address":"231新北市新店區寶橋里寶橋路８０號一樓","number":"F000627","phone":"02-87732988","type":"連鎖型綠色商店","city":"新北市"}},{"type":"Feature","geometry":{"type":"Point","coordinates":[121.425422961556,25.022404019266]},"properties":{"name":"全家便利商店股份有限公司-新莊八德店","address":"242新北市新莊區八德街１５巷２號，１７號","number":"F000748","phone":"02-29029199","type":"連鎖型綠色商店","city":"新北市"}},{"type":"Feature","geometry":{"type":"Point","coordinates":[121.444924968036,25.051599990135]},"properties":{"name":"全家便利商店股份有限公司-新莊中平店","address":"242新北市新莊區中平路２９４號","number":"F000349","phone":"02-29029199","type":"連鎖型綠色商店","city":"新北市"}},{"type":"Feature","geometry":{"type":"Point","coordinates":[121.444911976086,25.044460997472]},"properties":{"name":"全家便利商店股份有限公司-新莊中永店","address":"242新北市新莊區中平路６６號","number":"F000321","phone":"02-29029199","type":"連鎖型綠色商店","city":"新北市"}},{"type":"Feature","geometry":{"type":"Point","coordinates":[121.447330825705,25.04843288802]},"properties":{"name":"全家便利商店股份有限公司-新莊中和店","address":"242新北市新莊區中宏里中和街１２３號１樓","number":"F000668","phone":"02-29029199","type":"連鎖型綠色商店","city":"新北市"}},{"type":"Feature","geometry":{"type":"Point","coordinates":[121.444644006642,25.046069987605]},"properties":{"name":"全家便利商店股份有限公司-新莊中定店","address":"242新北市新莊區中平路８９號１樓","number":"F000892","phone":"02-29029199","type":"連鎖型綠色商店","city":"新北市"}},{"type":"Feature","geometry":{"type":"Point","coordinates":[121.449843133544,25.050890881126]},"properties":{"name":"全家便利商店股份有限公司-新莊中信店","address":"242新北市新莊區中信街３８號１Ｆ","number":"F000363","phone":"02-29029199","type":"連鎖型綠色商店","city":"新北市"}},{"type":"Feature","geometry":{"type":"Point","coordinates":[121.452065008437,25.047367003303]},"properties":{"name":"全家便利商店股份有限公司-新莊中美店","address":"242新北市新莊區中港路４１３＆４１５號１樓","number":"F000360","phone":"02-29029199","type":"連鎖型綠色商店","city":"新北市"}},{"type":"Feature","geometry":{"type":"Point","coordinates":[121.447653612796,25.054237900793]},"properties":{"name":"全家便利商店股份有限公司-新莊中原店","address":"242新北市新莊區中原路２９７號","number":"F000690","phone":"02-29029199","type":"連鎖型綠色商店","city":"新北市"}},{"type":"Feature","geometry":{"type":"Point","coordinates":[121.455310984261,25.040379010625]},"properties":{"name":"全家便利商店股份有限公司-新莊中港店","address":"242新北市新莊區中港路１２６號","number":"F000728","phone":"02-29029199","type":"連鎖型綠色商店","city":"新北市"}},{"type":"Feature","geometry":{"type":"Point","coordinates":[121.44814495996,25.052926007217]},"properties":{"name":"全家便利商店股份有限公司-新莊中榮店","address":"242新北市新莊區中榮街８４號","number":"F000859","phone":"02-29029199","type":"連鎖型綠色商店","city":"新北市"}},{"type":"Feature","geometry":{"type":"Point","coordinates":[121.458277339795,25.048422201093]},"properties":{"name":"全家便利商店股份有限公司-新莊仁義店","address":"242新北市新莊區福壽街３８號１Ｆ","number":"F000720","phone":"02-29029199","type":"連鎖型綠色商店","city":"新北市"}},{"type":"Feature","geometry":{"type":"Point","coordinates":[121.4432848,25.0303904]},"properties":{"name":"全家便利商店股份有限公司-新莊天成店","address":"242新北市新莊區中山路三段１２５號１樓","number":"F000381","phone":"02-29029199","type":"連鎖型綠色商店","city":"新北市"}},{"type":"Feature","geometry":{"type":"Point","coordinates":[121.416839641247,25.028891318957]},"properties":{"name":"全家便利商店股份有限公司-新莊天美店","address":"242新北市新莊區天祥街４２號１樓","number":"F000357","phone":"02-29029199","type":"連鎖型綠色商店","city":"新北市"}},{"type":"Feature","geometry":{"type":"Point","coordinates":[121.429344015862,25.019918994522]},"properties":{"name":"全家便利商店股份有限公司-新莊民本店","address":"242新北市新莊區民本街２３巷２號１樓","number":"F000686","phone":"02-29029199","type":"連鎖型綠色商店","city":"新北市"}},{"type":"Feature","geometry":{"type":"Point","coordinates":[121.427206228148,25.021085821963]},"properties":{"name":"全家便利商店股份有限公司-新莊民安店","address":"242新北市新莊區民安西路３８巷２號、４號１樓","number":"F000673","phone":"02-29029199","type":"連鎖型綠色商店","city":"新北市"}},{"type":"Feature","geometry":{"type":"Point","coordinates":[121.426113965654,25.013744717005]},"properties":{"name":"全家便利商店股份有限公司-新莊民榮店","address":"242新北市新莊區民安西路２４３號１樓","number":"F000694","phone":"02-29029199","type":"連鎖型綠色商店","city":"新北市"}},{"type":"Feature","geometry":{"type":"Point","coordinates":[121.444614921438,25.052470283142]},"properties":{"name":"全家便利商店股份有限公司-新莊立榮店","address":"242新北市新莊區中平路３７５號１樓及地下室","number":"F000626","phone":"02-29029199","type":"連鎖型綠色商店","city":"新北市"}},{"type":"Feature","geometry":{"type":"Point","coordinates":[121.450009430503,25.03548921786]},"properties":{"name":"全家便利商店股份有限公司-新莊立德店","address":"242新北市新莊區中正路２５３號１樓","number":"F000844","phone":"02-29029199","type":"連鎖型綠色商店","city":"新北市"}},{"type":"Feature","geometry":{"type":"Point","coordinates":[121.421571979961,25.02706100467]},"properties":{"name":"全家便利商店股份有限公司-新莊安和店","address":"242新北市新莊區中正路８２９巷２２弄１號","number":"F000429","phone":"02-29029199","type":"連鎖型綠色商店","city":"新北市"}},{"type":"Feature","geometry":{"type":"Point","coordinates":[121.458050022581,25.045652987922]},"properties":{"name":"全家便利商店股份有限公司-新莊自立店","address":"242新北市新莊區自立街２３１號","number":"F000709","phone":"02-29029199","type":"連鎖型綠色商店","city":"新北市"}},{"type":"Feature","geometry":{"type":"Point","coordinates":[121.453330005265,25.048082985472]},"properties":{"name":"全家便利商店股份有限公司-新莊自成店","address":"242新北市新莊區自信街２號１樓","number":"F000362","phone":"02-29029199","type":"連鎖型綠色商店","city":"新北市"}},{"type":"Feature","geometry":{"type":"Point","coordinates":[121.454913011498,25.045490001815]},"properties":{"name":"全家便利商店股份有限公司-新莊自強店","address":"242新北市新莊區自強街２號","number":"F000724","phone":"02-29029199","type":"連鎖型綠色商店","city":"新北市"}},{"type":"Feature","geometry":{"type":"Point","coordinates":[121.445430983531,25.048850013432]},"properties":{"name":"全家便利商店股份有限公司-新莊幸福店","address":"242新北市新莊區幸福路８１９號１樓","number":"F000477","phone":"02-29029199","type":"連鎖型綠色商店","city":"新北市"}},{"type":"Feature","geometry":{"type":"Point","coordinates":[121.454769261859,25.053567516177]},"properties":{"name":"全家便利商店股份有限公司-新莊昌平店","address":"242新北市新莊區昌平街５０號","number":"F000301","phone":"02-29029199","type":"連鎖型綠色商店","city":"新北市"}},{"type":"Feature","geometry":{"type":"Point","coordinates":[121.45493798957,25.050039992225]},"properties":{"name":"全家便利商店股份有限公司-新莊昌盛店","address":"242新北市新莊區幸福里昌盛街６７號一樓","number":"F000269","phone":"02-29029199","type":"連鎖型綠色商店","city":"新北市"}},{"type":"Feature","geometry":{"type":"Point","coordinates":[121.457478209146,25.039240790084]},"properties":{"name":"全家便利商店股份有限公司-新莊明中店","address":"242新北市新莊區恆安里明中街４５號之２一樓","number":"F000610","phone":"02-29029199","type":"連鎖型綠色商店","city":"新北市"}},{"type":"Feature","geometry":{"type":"Point","coordinates":[121.450153515418,25.033572318514]},"properties":{"name":"全家便利商店股份有限公司-新莊武廟店","address":"242新北市新莊區新莊路４３５號，４３５號之１","number":"F000778","phone":"02-29029199","type":"連鎖型綠色商店","city":"新北市"}},{"type":"Feature","geometry":{"type":"Point","coordinates":[121.444923459294,25.050121212867]},"properties":{"name":"全家便利商店股份有限公司-新莊狀元店","address":"242新北市新莊區中平路２６８號","number":"F000850","phone":"02-29029199","type":"連鎖型綠色商店","city":"新北市"}},{"type":"Feature","geometry":{"type":"Point","coordinates":[121.424415372975,25.025422887423]},"properties":{"name":"全家便利商店股份有限公司-新莊長明店","address":"242新北市新莊區民安路９３號１樓．Ｂ１","number":"F000390","phone":"02-29029199","type":"連鎖型綠色商店","city":"新北市"}},{"type":"Feature","geometry":{"type":"Point","coordinates":[121.445634999054,25.036598017922]},"properties":{"name":"全家便利商店股份有限公司-新莊建中店","address":"242新北市新莊區建中街１１８號，１２０號","number":"F000836","phone":"02-29029199","type":"連鎖型綠色商店","city":"新北市"}},{"type":"Feature","geometry":{"type":"Point","coordinates":[121.427624971339,25.024979987659]},"properties":{"name":"全家便利商店股份有限公司-新莊建安店","address":"242新北市新莊區建安街４２號","number":"F000813","phone":"02-29029199","type":"連鎖型綠色商店","city":"新北市"}},{"type":"Feature","geometry":{"type":"Point","coordinates":[121.425502002903,25.025915994787]},"properties":{"name":"全家便利商店股份有限公司-新莊建明店","address":"242新北市新莊區後港一路３０號１樓","number":"F000392","phone":"02-29029199","type":"連鎖型綠色商店","city":"新北市"}},{"type":"Feature","geometry":{"type":"Point","coordinates":[121.43441699512,25.030748120058]},"properties":{"name":"全家便利商店股份有限公司-新莊建國店","address":"242新北市新莊區建國一路４９號１樓右半","number":"F000471","phone":"02-29029199","type":"連鎖型綠色商店","city":"新北市"}},{"type":"Feature","geometry":{"type":"Point","coordinates":[121.428669021199,25.026313003631]},"properties":{"name":"全家便利商店股份有限公司-新莊建興店","address":"242新北市新莊區建安街１８號１樓","number":"F000434","phone":"02-29029199","type":"連鎖型綠色商店","city":"新北市"}},{"type":"Feature","geometry":{"type":"Point","coordinates":[121.422475800581,25.02339140746]},"properties":{"name":"全家便利商店股份有限公司-新莊昭德店","address":"242新北市新莊區後港二路２５號１樓","number":"F000550","phone":"02-29029199","type":"連鎖型綠色商店","city":"新北市"}},{"type":"Feature","geometry":{"type":"Point","coordinates":[121.453493200919,25.045241017381]},"properties":{"name":"全家便利商店股份有限公司-新莊首富店","address":"242新北市新莊區中華里中華路二段５號","number":"F000268","phone":"02-29029199","type":"連鎖型綠色商店","city":"新北市"}},{"type":"Feature","geometry":{"type":"Point","coordinates":[121.429529004465,25.022607992879]},"properties":{"name":"全家便利商店股份有限公司-新莊香山店","address":"242新北市新莊區民安路３０１號１樓","number":"F000861","phone":"02-29029199","type":"連鎖型綠色商店","city":"新北市"}},{"type":"Feature","geometry":{"type":"Point","coordinates":[121.443022527473,25.032906418216]},"properties":{"name":"全家便利商店股份有限公司-新莊海山店","address":"242新北市新莊區新莊路７４１號１樓","number":"F000648","phone":"02-29029199","type":"連鎖型綠色商店","city":"新北市"}},{"type":"Feature","geometry":{"type":"Point","coordinates":[121.443287982346,25.032081010301]},"properties":{"name":"全家便利商店股份有限公司-新莊海豐店","address":"242新北市新莊區瓊泰路１４０號","number":"F000722","phone":"02-29029199","type":"連鎖型綠色商店","city":"新北市"}},{"type":"Feature","geometry":{"type":"Point","coordinates":[121.42763704128,25.012948017108]},"properties":{"name":"全家便利商店股份有限公司-新莊盛華店","address":"242新北市新莊區西盛街３９０號１樓","number":"F000424","phone":"02-29029199","type":"連鎖型綠色商店","city":"新北市"}},{"type":"Feature","geometry":{"type":"Point","coordinates":[121.428285213852,25.018138091554]},"properties":{"name":"全家便利商店股份有限公司-新莊盛寧店","address":"242新北市新莊區西盛街１５１號１樓","number":"F000418","phone":"02-29029199","type":"連鎖型綠色商店","city":"新北市"}},{"type":"Feature","geometry":{"type":"Point","coordinates":[121.446232461113,25.033720384833]},"properties":{"name":"全家便利商店股份有限公司-新莊景德店","address":"242新北市新莊區景德路３８２號","number":"F000272","phone":"02-29029199","type":"連鎖型綠色商店","city":"新北市"}},{"type":"Feature","geometry":{"type":"Point","coordinates":[121.451834841376,25.04614487991]},"properties":{"name":"全家便利商店股份有限公司-新莊港榮店","address":"242新北市新莊區中泰里中港路３６５號一樓","number":"F000556","phone":"02-29029199","type":"連鎖型綠色商店","city":"新北市"}},{"type":"Feature","geometry":{"type":"Point","coordinates":[121.452211021191,25.03654801987]},"properties":{"name":"全家便利商店股份有限公司-新莊華寧店","address":"242新北市新莊區中華路１段８號１樓","number":"F000383","phone":"02-29029199","type":"連鎖型綠色商店","city":"新北市"}},{"type":"Feature","geometry":{"type":"Point","coordinates":[121.449834835459,25.039514710679]},"properties":{"name":"全家便利商店股份有限公司-新莊園寧店","address":"242新北市新莊區公園路７２號１樓","number":"F000396","phone":"02-29029199","type":"連鎖型綠色商店","city":"新北市"}},{"type":"Feature","geometry":{"type":"Point","coordinates":[121.45982556113,25.06620960546]},"properties":{"name":"全家便利商店股份有限公司-新莊新工店","address":"242新北市新莊區福興里五工二路８１號一樓","number":"F000634","phone":"02-29029199","type":"連鎖型綠色商店","city":"新北市"}},{"type":"Feature","geometry":{"type":"Point","coordinates":[121.445806576612,25.039167280793]},"properties":{"name":"全家便利商店股份有限公司-新莊新立店","address":"242新北市新莊區新泰路２２５巷１號１樓","number":"F000267","phone":"02-29029199","type":"連鎖型綠色商店","city":"新北市"}},{"type":"Feature","geometry":{"type":"Point","coordinates":[121.447900962759,25.044924013803]},"properties":{"name":"全家便利商店股份有限公司-新莊新和港店","address":"242新北市新莊區中港一街１４３號","number":"F000415","phone":"02-29029199","type":"連鎖型綠色商店","city":"新北市"}},{"type":"Feature","geometry":{"type":"Point","coordinates":[121.44788696498,25.037151013984]},"properties":{"name":"全家便利商店股份有限公司-新莊新泰店","address":"242新北市新莊區新泰路１４６號","number":"F000565","phone":"02-29029199","type":"連鎖型綠色商店","city":"新北市"}},{"type":"Feature","geometry":{"type":"Point","coordinates":[121.43361803211,25.004019991031]},"properties":{"name":"全家便利商店股份有限公司-新莊新樹店","address":"242新北市新莊區新樹路６１３號１樓","number":"F000875","phone":"02-29029199","type":"連鎖型綠色商店","city":"新北市"}},{"type":"Feature","geometry":{"type":"Point","coordinates":[121.420788272014,25.023103489086]},"properties":{"name":"全家便利商店股份有限公司-新莊萬安店","address":"242新北市新莊區萬安街８０號","number":"F000713","phone":"02-29029199","type":"連鎖型綠色商店","city":"新北市"}},{"type":"Feature","geometry":{"type":"Point","coordinates":[121.418445027163,25.023273013077]},"properties":{"name":"全家便利商店股份有限公司-新莊裕民店","address":"242新北市新莊區裕民街９７號１樓","number":"F000425","phone":"02-29029199","type":"連鎖型綠色商店","city":"新北市"}},{"type":"Feature","geometry":{"type":"Point","coordinates":[121.465896992695,25.057299013742]},"properties":{"name":"全家便利商店股份有限公司-新莊福中店","address":"242新北市新莊區化成路７３４號","number":"F000290","phone":"02-29029199","type":"連鎖型綠色商店","city":"新北市"}},{"type":"Feature","geometry":{"type":"Point","coordinates":[121.445269967171,25.034418010635]},"properties":{"name":"全家便利商店股份有限公司-新莊福海店","address":"242新北市新莊區中正路４０１號","number":"F000607","phone":"02-29029199","type":"連鎖型綠色商店","city":"新北市"}},{"type":"Feature","geometry":{"type":"Point","coordinates":[121.465118565348,25.059685299666]},"properties":{"name":"全家便利商店股份有限公司-新莊福基店","address":"242新北市新莊區福基里化成路８１２號","number":"F000729","phone":"02-29029199","type":"連鎖型綠色商店","city":"新北市"}},{"type":"Feature","geometry":{"type":"Point","coordinates":[121.458108695903,25.050017612544]},"properties":{"name":"全家便利商店股份有限公司-新莊福祿店","address":"242新北市新莊區福壽街８１號１樓","number":"F000738","phone":"02-29029199","type":"連鎖型綠色商店","city":"新北市"}},{"type":"Feature","geometry":{"type":"Point","coordinates":[121.457729498603,25.05162291464]},"properties":{"name":"全家便利商店股份有限公司-新莊福義店","address":"242新北市新莊區福壽街１３０號１樓","number":"F000843","phone":"02-29029199","type":"連鎖型綠色商店","city":"新北市"}},{"type":"Feature","geometry":{"type":"Point","coordinates":[121.458109869369,25.054232620194]},"properties":{"name":"全家便利商店股份有限公司-新莊福壽店","address":"242新北市新莊區中原路４５號","number":"F000649","phone":"02-29029199","type":"連鎖型綠色商店","city":"新北市"}},{"type":"Feature","geometry":{"type":"Point","coordinates":[121.429903004984,25.030023001614]},"properties":{"name":"全家便利商店股份有限公司-新莊福營店","address":"242新北市新莊區福營路２３１號","number":"F000809","phone":"02-29029199","type":"連鎖型綠色商店","city":"新北市"}},{"type":"Feature","geometry":{"type":"Point","coordinates":[121.423534015856,25.019434981523]},"properties":{"name":"全家便利商店股份有限公司-新莊德勝店","address":"242新北市新莊區八德街１５５號１樓","number":"F000755","phone":"02-29029199","type":"連鎖型綠色商店","city":"新北市"}},{"type":"Feature","geometry":{"type":"Point","coordinates":[121.427969970474,25.016443983194]},"properties":{"name":"全家便利商店股份有限公司-新莊興盛店","address":"242新北市新莊區西盛街２３０號１樓","number":"F000684","phone":"02-29029199","type":"連鎖型綠色商店","city":"新北市"}},{"type":"Feature","geometry":{"type":"Point","coordinates":[121.459572511473,25.059783493662]},"properties":{"name":"全家便利商店股份有限公司-新莊頭前店","address":"242新北市新莊區昌平里思源路５９５號一樓","number":"F000599","phone":"02-29029199","type":"連鎖型綠色商店","city":"新北市"}},{"type":"Feature","geometry":{"type":"Point","coordinates":[121.418228019689,25.02051302]},"properties":{"name":"全家便利商店股份有限公司-新莊龍安店","address":"242新北市新莊區龍安路１０４號，１０６巷２號１樓","number":"F000594","phone":"02-29029199","type":"連鎖型綠色商店","city":"新北市"}},{"type":"Feature","geometry":{"type":"Point","coordinates":[121.446557008404,25.031499012854]},"properties":{"name":"全家便利商店股份有限公司-新莊豐榮店","address":"242新北市新莊區豐年街５３巷２號１樓","number":"F000635","phone":"02-29029199","type":"連鎖型綠色商店","city":"新北市"}},{"type":"Feature","geometry":{"type":"Point","coordinates":[121.417066958461,25.026979993576]},"properties":{"name":"全家便利商店股份有限公司-新莊雙鳳店","address":"242新北市新莊區雙鳳路１２號，１４號１樓","number":"F000906","phone":"02-29029199","type":"連鎖型綠色商店","city":"新北市"}},{"type":"Feature","geometry":{"type":"Point","coordinates":[121.6780014,25.1919422]},"properties":{"name":"全家便利商店股份有限公司-萬里頂社店","address":"207新北市萬里鄉大鵬村頂社１號","number":"F000883","phone":"02-87732988","type":"連鎖型綠色商店","city":"新北市"}},{"type":"Feature","geometry":{"type":"Point","coordinates":[121.420032978719,25.015766012955]},"properties":{"name":"全家便利商店股份有限公司-樹林三俊店","address":"238新北市樹林區圳生里三俊街１９７號","number":"F000555","phone":"02-29029199","type":"連鎖型綠色商店","city":"新北市"}},{"type":"Feature","geometry":{"type":"Point","coordinates":[121.420585010862,24.981767002019]},"properties":{"name":"全家便利商店股份有限公司-樹林中華店","address":"238新北市樹林區中華路１８３．１８５號１樓","number":"F000903","phone":"02-29029199","type":"連鎖型綠色商店","city":"新北市"}},{"type":"Feature","geometry":{"type":"Point","coordinates":[121.424487960257,24.980965985442]},"properties":{"name":"全家便利商店股份有限公司-樹林五圓店","address":"238新北市樹林區忠孝街９９號１樓","number":"F000845","phone":"02-29029199","type":"連鎖型綠色商店","city":"新北市"}},{"type":"Feature","geometry":{"type":"Point","coordinates":[121.418514010226,24.979398988643]},"properties":{"name":"全家便利商店股份有限公司-樹林太平店","address":"238新北市樹林區太元街５８號","number":"F000400","phone":"02-29029199","type":"連鎖型綠色商店","city":"新北市"}},{"type":"Feature","geometry":{"type":"Point","coordinates":[121.44340708919,24.988125220401]},"properties":{"name":"全家便利商店股份有限公司-樹林日新店","address":"新北市樹林鎮日新街５０號１樓","number":"F001951","phone":"02-29029199","type":"連鎖型綠色商店","city":"新北市"}},{"type":"Feature","geometry":{"type":"Point","coordinates":[121.416692371209,24.98008487978]},"properties":{"name":"全家便利商店股份有限公司-樹林全球店","address":"238新北市樹林區中華路２９９號１樓","number":"F000516","phone":"02-29029199","type":"連鎖型綠色商店","city":"新北市"}},{"type":"Feature","geometry":{"type":"Point","coordinates":[121.421010979182,24.989133982448]},"properties":{"name":"全家便利商店股份有限公司-樹林育英店","address":"238新北市樹林區育英街４９號，５１號","number":"F000736","phone":"02-29029199","type":"連鎖型綠色商店","city":"新北市"}},{"type":"Feature","geometry":{"type":"Point","coordinates":[121.393177193307,24.970627117423]},"properties":{"name":"全家便利商店股份有限公司-樹林育園店","address":"238新北市樹林區佳園路一段４３號","number":"F000598","phone":"02-29029199","type":"連鎖型綠色商店","city":"新北市"}},{"type":"Feature","geometry":{"type":"Point","coordinates":[121.423767032765,24.991257998623]},"properties":{"name":"全家便利商店股份有限公司-樹林車站店","address":"238新北市樹林區後站街８號","number":"F000753","phone":"02-29029199","type":"連鎖型綠色商店","city":"新北市"}},{"type":"Feature","geometry":{"type":"Point","coordinates":[121.415326540086,24.9823702895]},"properties":{"name":"全家便利商店股份有限公司-樹林東榮店","address":"238新北市樹林區東榮街１１８、１２０號東榮街１１６巷１","number":"F000595","phone":"02-29029199","type":"連鎖型綠色商店","city":"新北市"}},{"type":"Feature","geometry":{"type":"Point","coordinates":[121.41334204069,25.003931017129]},"properties":{"name":"全家便利商店股份有限公司-樹林保安店","address":"238新北市樹林區保安街二段２０９號１樓","number":"F000873","phone":"02-29029199","type":"連鎖型綠色商店","city":"新北市"}},{"type":"Feature","geometry":{"type":"Point","coordinates":[121.424719971337,25.010034006559]},"properties":{"name":"全家便利商店股份有限公司-樹林俊英店","address":"238新北市樹林區俊英街１１３號","number":"F000898","phone":"02-29029199","type":"連鎖型綠色商店","city":"新北市"}},{"type":"Feature","geometry":{"type":"Point","coordinates":[121.418130035241,25.015657006305]},"properties":{"name":"全家便利商店股份有限公司-樹林俊興店","address":"238新北市樹林區三俊街１２７號１Ｆ","number":"F000740","phone":"02-29029199","type":"連鎖型綠色商店","city":"新北市"}},{"type":"Feature","geometry":{"type":"Point","coordinates":[121.4152302,24.9820411]},"properties":{"name":"全家便利商店股份有限公司-樹林柑園店","address":"238新北市樹林區柑園路二段２號","number":"F000707","phone":"02-29029199","type":"連鎖型綠色商店","city":"新北市"}},{"type":"Feature","geometry":{"type":"Point","coordinates":[121.42120502024,24.979224980333]},"properties":{"name":"全家便利商店股份有限公司-樹林國凱店","address":"238新北市樹林區國凱街８２號","number":"F000442","phone":"02-29029199","type":"連鎖型綠色商店","city":"新北市"}},{"type":"Feature","geometry":{"type":"Point","coordinates":[121.382704675841,24.944957999953]},"properties":{"name":"全家便利商店股份有限公司-樹林凱旋店","address":"238新北市樹林區南園里大成路１０號１樓（光纖）三峽鎮","number":"F000654","phone":"02-29029199","type":"連鎖型綠色商店","city":"新北市"}},{"type":"Feature","geometry":{"type":"Point","coordinates":[121.426017992863,24.990983994208]},"properties":{"name":"全家便利商店股份有限公司-樹林博愛店","address":"238新北市樹林區博愛街１５８號１樓","number":"F000456","phone":"02-29029199","type":"連鎖型綠色商店","city":"新北市"}},{"type":"Feature","geometry":{"type":"Point","coordinates":[121.418269677748,24.988608520938]},"properties":{"name":"全家便利商店股份有限公司-樹林復興店","address":"238新北市樹林區復興路２７２號，２７４號","number":"F000560","phone":"02-29029199","type":"連鎖型綠色商店","city":"新北市"}},{"type":"Feature","geometry":{"type":"Point","coordinates":[121.399737960379,24.974443984672]},"properties":{"name":"全家便利商店股份有限公司-樹林新中店","address":"238新北市樹林區中山路三段１０７號","number":"F000345","phone":"02-29029199","type":"連鎖型綠色商店","city":"新北市"}},{"type":"Feature","geometry":{"type":"Point","coordinates":[121.397300000022,24.970310993944]},"properties":{"name":"全家便利商店股份有限公司-樹林德園店","address":"238新北市樹林區八德街６００及６０２號","number":"F000297","phone":"02-29029199","type":"連鎖型綠色商店","city":"新北市"}},{"type":"Feature","geometry":{"type":"Point","coordinates":[121.425306034007,24.99901301926]},"properties":{"name":"全家便利商店股份有限公司-樹林潭興店","address":"238新北市樹林區潭興街２２號１樓、地下室","number":"F000316","phone":"02-29029199","type":"連鎖型綠色商店","city":"新北市"}},{"type":"Feature","geometry":{"type":"Point","coordinates":[121.378936004536,24.949117980408]},"properties":{"name":"全家便利商店股份有限公司-樹林學明店","address":"238新北市樹林區學林路９０號１樓","number":"F000391","phone":"02-29029199","type":"連鎖型綠色商店","city":"新北市"}},{"type":"Feature","geometry":{"type":"Point","coordinates":[121.38410202292,24.948309001023]},"properties":{"name":"全家便利商店股份有限公司-樹林學勤店","address":"238新北市樹林區學勤路５５０．５５２號１樓","number":"F000444","phone":"02-29029199","type":"連鎖型綠色商店","city":"新北市"}},{"type":"Feature","geometry":{"type":"Point","coordinates":[121.378327394546,24.945640999333]},"properties":{"name":"全家便利商店股份有限公司-樹林學誠店","address":"238新北市樹林區大義路１９６＆１９８號","number":"F000886","phone":"02-29029199","type":"連鎖型綠色商店","city":"新北市"}},{"type":"Feature","geometry":{"type":"Point","coordinates":[121.402938003374,25.016269891065]},"properties":{"name":"全家便利商店股份有限公司-樹林龍興店","address":"238新北市樹林區龍興街１５號","number":"F000479","phone":"02-29029199","type":"連鎖型綠色商店","city":"新北市"}},{"type":"Feature","geometry":{"type":"Point","coordinates":[121.424719971337,24.989498008503]},"properties":{"name":"全家便利商店股份有限公司-樹林鎮前店","address":"238新北市樹林區博愛街１９８號","number":"F000454","phone":"02-29029199","type":"連鎖型綠色商店","city":"新北市"}},{"type":"Feature","geometry":{"type":"Point","coordinates":[121.473400975332,25.083660979329]},"properties":{"name":"全家便利商店股份有限公司-蘆洲中央店","address":"247新北市蘆洲區仁復里５鄰中央路５６號","number":"F000785","phone":"02-29029199","type":"連鎖型綠色商店","city":"新北市"}},{"type":"Feature","geometry":{"type":"Point","coordinates":[121.4686910163,25.085823007434]},"properties":{"name":"全家便利商店股份有限公司-蘆洲中正店","address":"247新北市蘆洲區中正路１６８號","number":"F000446","phone":"02-29029199","type":"連鎖型綠色商店","city":"新北市"}},{"type":"Feature","geometry":{"type":"Point","coordinates":[121.467478993101,25.080158014353]},"properties":{"name":"全家便利商店股份有限公司-蘆洲中華店","address":"247新北市蘆洲區和平路１２２，１２４號","number":"F000737","phone":"02-29029199","type":"連鎖型綠色商店","city":"新北市"}},{"type":"Feature","geometry":{"type":"Point","coordinates":[121.477593016567,25.084759008644]},"properties":{"name":"全家便利商店股份有限公司-蘆洲仁德店","address":"247新北市蘆洲區民族路７４號１樓","number":"F000417","phone":"02-29029199","type":"連鎖型綠色商店","city":"新北市"}},{"type":"Feature","geometry":{"type":"Point","coordinates":[121.463024011563,25.078359006475]},"properties":{"name":"全家便利商店股份有限公司-蘆洲太子店","address":"247新北市蘆洲區永安南路二段１０４號１樓","number":"F000462","phone":"02-29029199","type":"連鎖型綠色商店","city":"新北市"}},{"type":"Feature","geometry":{"type":"Point","coordinates":[121.467444962574,25.084838008082]},"properties":{"name":"全家便利商店股份有限公司-蘆洲正原店","address":"247新北市蘆洲區中正路１８５巷１９號","number":"F000445","phone":"02-29029199","type":"連鎖型綠色商店","city":"新北市"}},{"type":"Feature","geometry":{"type":"Point","coordinates":[121.472479971811,25.092056000182]},"properties":{"name":"全家便利商店股份有限公司-蘆洲民仁店","address":"247新北市蘆洲區民族路４４８號","number":"F000430","phone":"02-29029199","type":"連鎖型綠色商店","city":"新北市"}},{"type":"Feature","geometry":{"type":"Point","coordinates":[121.473311959521,25.078748010601]},"properties":{"name":"全家便利商店股份有限公司-蘆洲民生店","address":"247新北市蘆洲區得仁里民生街１０９號一樓","number":"F000505","phone":"02-29029199","type":"連鎖型綠色商店","city":"新北市"}},{"type":"Feature","geometry":{"type":"Point","coordinates":[121.473996090458,25.091805590825]},"properties":{"name":"全家便利商店股份有限公司-蘆洲民星店","address":"247新北市蘆洲區民族路４２４，４２４之１號１樓","number":"F000884","phone":"02-29029199","type":"連鎖型綠色商店","city":"新北市"}},{"type":"Feature","geometry":{"type":"Point","coordinates":[121.471476993277,25.091422998855]},"properties":{"name":"全家便利商店股份有限公司-蘆洲民族店","address":"247新北市蘆洲區民族路３７１號","number":"F000656","phone":"02-29029199","type":"連鎖型綠色商店","city":"新北市"}},{"type":"Feature","geometry":{"type":"Point","coordinates":[121.47882901201,25.08918301905]},"properties":{"name":"全家便利商店股份有限公司-蘆洲民復店","address":"247新北市蘆洲區復興路２１０號１樓","number":"F000484","phone":"02-29029199","type":"連鎖型綠色商店","city":"新北市"}},{"type":"Feature","geometry":{"type":"Point","coordinates":[121.473901374952,25.093770602296]},"properties":{"name":"全家便利商店股份有限公司-蘆洲民華店","address":"247新北市蘆洲區民族路４２２巷８２弄１４，１６號","number":"F000500","phone":"02-29029199","type":"連鎖型綠色商店","city":"新北市"}},{"type":"Feature","geometry":{"type":"Point","coordinates":[121.4693072,25.0817761]},"properties":{"name":"全家便利商店股份有限公司-蘆洲民愛店","address":"247新北市蘆洲區仁愛路９７號","number":"F000887","phone":"02-29029199","type":"連鎖型綠色商店","city":"新北市"}},{"type":"Feature","geometry":{"type":"Point","coordinates":[121.458342970097,25.093117987315]},"properties":{"name":"全家便利商店股份有限公司-蘆洲永平店","address":"247新北市蘆洲區永平街３２巷４５弄３６號１樓","number":"F000782","phone":"02-29029199","type":"連鎖型綠色商店","city":"新北市"}},{"type":"Feature","geometry":{"type":"Point","coordinates":[121.455918085508,25.088730019093]},"properties":{"name":"全家便利商店股份有限公司-蘆洲永成店","address":"247新北市蘆洲區成功里永樂街８３號一樓","number":"F000659","phone":"02-29029199","type":"連鎖型綠色商店","city":"新北市"}},{"type":"Feature","geometry":{"type":"Point","coordinates":[121.458410025322,25.088341014967]},"properties":{"name":"全家便利商店股份有限公司-蘆洲永華店","address":"247新北市蘆洲區永樂街２８號１樓","number":"F000325","phone":"02-29029199","type":"連鎖型綠色商店","city":"新北市"}},{"type":"Feature","geometry":{"type":"Point","coordinates":[121.457900873433,25.090452596258]},"properties":{"name":"全家便利商店股份有限公司-蘆洲永樂店","address":"247新北市蘆洲區永樂街３８巷５７弄１號１Ｆ","number":"F000865","phone":"02-29029199","type":"連鎖型綠色商店","city":"新北市"}},{"type":"Feature","geometry":{"type":"Point","coordinates":[121.479935004134,25.086760984308]},"properties":{"name":"全家便利商店股份有限公司-蘆洲玉清店","address":"247新北市蘆洲區民族路１７８號，１８０號一樓","number":"F000630","phone":"02-29029199","type":"連鎖型綠色商店","city":"新北市"}},{"type":"Feature","geometry":{"type":"Point","coordinates":[121.466213996274,25.082538013851]},"properties":{"name":"全家便利商店股份有限公司-蘆洲光華店","address":"247新北市蘆洲區光華路１３２巷１號，１３４號１樓","number":"F000609","phone":"02-29029199","type":"連鎖型綠色商店","city":"新北市"}},{"type":"Feature","geometry":{"type":"Point","coordinates":[121.457646014848,25.086316994897]},"properties":{"name":"全家便利商店股份有限公司-蘆洲成功店","address":"247新北市蘆洲區長安街２４８號","number":"F000752","phone":"02-29029199","type":"連鎖型綠色商店","city":"新北市"}},{"type":"Feature","geometry":{"type":"Point","coordinates":[121.465102975008,25.083752006797]},"properties":{"name":"全家便利商店股份有限公司-蘆洲明原店","address":"247新北市蘆洲區中原里中正路１８５巷９８號一樓","number":"F000291","phone":"02-29029199","type":"連鎖型綠色商店","city":"新北市"}},{"type":"Feature","geometry":{"type":"Point","coordinates":[121.464545997542,25.078705011438]},"properties":{"name":"全家便利商店股份有限公司-蘆洲長九店","address":"247新北市蘆洲區長安街１號","number":"F000772","phone":"02-29029199","type":"連鎖型綠色商店","city":"新北市"}},{"type":"Feature","geometry":{"type":"Point","coordinates":[121.457835026764,25.085130997507]},"properties":{"name":"全家便利商店股份有限公司-蘆洲長安店","address":"247新北市蘆洲區長安街３０７號","number":"F000896","phone":"02-29029199","type":"連鎖型綠色商店","city":"新北市"}},{"type":"Feature","geometry":{"type":"Point","coordinates":[121.459044032478,25.083147001026]},"properties":{"name":"全家便利商店股份有限公司-蘆洲長泰店","address":"247新北市蘆洲區永德里長安街２４７號一樓","number":"F000322","phone":"02-29029199","type":"連鎖型綠色商店","city":"新北市"}},{"type":"Feature","geometry":{"type":"Point","coordinates":[121.479077032525,25.085205009712]},"properties":{"name":"全家便利商店股份有限公司-蘆洲信義店","address":"247新北市蘆洲區信義路２２０號１樓","number":"F000524","phone":"02-29029199","type":"連鎖型綠色商店","city":"新北市"}},{"type":"Feature","geometry":{"type":"Point","coordinates":[121.477474999371,25.082956983281]},"properties":{"name":"全家便利商店股份有限公司-蘆洲恆德店","address":"247新北市蘆洲區三民路２６巷２２號，２４號","number":"F000315","phone":"02-29029199","type":"連鎖型綠色商店","city":"新北市"}},{"type":"Feature","geometry":{"type":"Point","coordinates":[121.472036988229,25.087895013899]},"properties":{"name":"全家便利商店股份有限公司-蘆洲虹展店","address":"247新北市蘆洲區水湳街３１號１樓","number":"F000907","phone":"02-29029199","type":"連鎖型綠色商店","city":"新北市"}},{"type":"Feature","geometry":{"type":"Point","coordinates":[121.477204012441,25.08776501058]},"properties":{"name":"全家便利商店股份有限公司-蘆洲復江店","address":"247新北市蘆洲區復興路１５０˙１５２號一樓","number":"F000432","phone":"02-29029199","type":"連鎖型綠色商店","city":"新北市"}},{"type":"Feature","geometry":{"type":"Point","coordinates":[121.462424034934,25.082688008008]},"properties":{"name":"全家便利商店股份有限公司-蘆洲華安店","address":"247新北市蘆洲區中華街６巷５２號１樓","number":"F000336","phone":"02-29029199","type":"連鎖型綠色商店","city":"新北市"}},{"type":"Feature","geometry":{"type":"Point","coordinates":[121.481898967867,25.085277010261]},"properties":{"name":"全家便利商店股份有限公司-蘆洲集賢店","address":"247新北市蘆洲區集賢路２３７號","number":"F000623","phone":"02-29029199","type":"連鎖型綠色商店","city":"新北市"}},{"type":"Feature","geometry":{"type":"Point","coordinates":[121.473050376155,25.089831250174]},"properties":{"name":"全家便利商店股份有限公司-蘆洲義興店","address":"247新北市蘆洲區民義街６８巷２、６號１樓","number":"F000347","phone":"02-29029199","type":"連鎖型綠色商店","city":"新北市"}},{"type":"Feature","geometry":{"type":"Point","coordinates":[121.475203000696,25.087263982318]},"properties":{"name":"全家便利商店股份有限公司-蘆洲福安店","address":"247新北市蘆洲區民權路６６號１樓","number":"F000849","phone":"02-29029199","type":"連鎖型綠色商店","city":"新北市"}},{"type":"Feature","geometry":{"type":"Point","coordinates":[121.45825697177,25.081729998384]},"properties":{"name":"全家便利商店股份有限公司-蘆洲福原店","address":"247新北市蘆洲區中原路７９號１樓","number":"F000593","phone":"02-29029199","type":"連鎖型綠色商店","city":"新北市"}},{"type":"Feature","geometry":{"type":"Point","coordinates":[121.481925287043,25.087544608436]},"properties":{"name":"全家便利商店股份有限公司-蘆洲興賢店","address":"247新北市蘆洲區中興街６０號１樓","number":"F000696","phone":"02-29029199","type":"連鎖型綠色商店","city":"新北市"}},{"type":"Feature","geometry":{"type":"Point","coordinates":[121.464363020595,25.081460981202]},"properties":{"name":"全家便利商店股份有限公司-蘆洲寶吉店","address":"247新北市蘆洲區九芎街９０巷３１號１樓","number":"F000419","phone":"02-29029199","type":"連鎖型綠色商店","city":"新北市"}},{"type":"Feature","geometry":{"type":"Point","coordinates":[121.475867015066,25.086446998215]},"properties":{"name":"全家便利商店股份有限公司-蘆洲鷺江店","address":"247新北市蘆洲區鷺江里民權路３３號一樓","number":"F000490","phone":"02-29029199","type":"連鎖型綠色商店","city":"新北市"}},{"type":"Feature","geometry":{"type":"Point","coordinates":[121.341221882655,24.955855899004]},"properties":{"name":"全家便利商店股份有限公司-鶯歌永明店","address":"239新北市鶯歌區永明街７８號１樓","number":"F000286","phone":"02-29029199","type":"連鎖型綠色商店","city":"新北市"}},{"type":"Feature","geometry":{"type":"Point","coordinates":[121.352270404507,24.955970311983]},"properties":{"name":"全家便利商店股份有限公司-鶯歌行政店","address":"239新北市鶯歌區中正一路１５４號","number":"F000401","phone":"02-29029199","type":"連鎖型綠色商店","city":"新北市"}},{"type":"Feature","geometry":{"type":"Point","coordinates":[121.347038001449,24.954145990756]},"properties":{"name":"全家便利商店股份有限公司-鶯歌南雅店","address":"239新北市鶯歌區南雅路４３５號","number":"F000266","phone":"02-29029199","type":"連鎖型綠色商店","city":"新北市"}},{"type":"Feature","geometry":{"type":"Point","coordinates":[121.349016968789,24.953940005486]},"properties":{"name":"全家便利商店股份有限公司-鶯歌南鶯店","address":"239新北市鶯歌區南鶯里南雅路３４號１樓","number":"F000811","phone":"02-29029199","type":"連鎖型綠色商店","city":"新北市"}},{"type":"Feature","geometry":{"type":"Point","coordinates":[121.355036013459,24.955068000106]},"properties":{"name":"全家便利商店股份有限公司-鶯歌站前店","address":"239新北市鶯歌區建國路５３之５號、、５３之６號１樓","number":"F000868","phone":"02-29029199","type":"連鎖型綠色商店","city":"新北市"}},{"type":"Feature","geometry":{"type":"Point","coordinates":[121.438511471003,25.084973794913]},"properties":{"name":"全國電子股份有公司新北市第三十分公司","address":"248新北市五股區工商路72號","number":"F000131","phone":"02-22990328","type":"連鎖型綠色商店","city":"新北市"}},{"type":"Feature","geometry":{"type":"Point","coordinates":[121.468033288358,24.987715512974]},"properties":{"name":"全國電子股份有公司新北市第五十二分公司","address":"236新北市土城區金城路3段180號","number":"F000130","phone":"02-22989922#5302","type":"連鎖型綠色商店","city":"新北市"}},{"type":"Feature","geometry":{"type":"Point","coordinates":[121.631302033379,25.065661009897]},"properties":{"name":"全國電子股份有公司新北市第五十三分公司","address":"221新北市汐止區中興路145號","number":"F000133","phone":"02-22989922#5302","type":"連鎖型綠色商店","city":"新北市"}},{"type":"Feature","geometry":{"type":"Point","coordinates":[121.481434023698,25.000631019939]},"properties":{"name":"全國電子股份有公司新北市第五十四分公司","address":"235新北市中和區員山路202.204號","number":"F000139","phone":"02-22990328","type":"連鎖型綠色商店","city":"新北市"}},{"type":"Feature","geometry":{"type":"Point","coordinates":[121.477282969969,25.017614013058]},"properties":{"name":"全國電子股份有限公司新北市第七分公司","address":"220新北市板橋區中山路2段245號","number":"F000061","phone":"02-22989922#5302","type":"連鎖型綠色商店","city":"新北市"}},{"type":"Feature","geometry":{"type":"Point","coordinates":[121.442450965495,24.978640300677]},"properties":{"name":"全國電子股份有限公司新北市第九分公司","address":"236新北市土城區中央路二段71-75號","number":"F000062","phone":"02-22989922#5302","type":"連鎖型綠色商店","city":"新北市"}},{"type":"Feature","geometry":{"type":"Point","coordinates":[121.654096032332,25.065489013244]},"properties":{"name":"全國電子股份有限公司新北市第二十一分公司","address":"221新北市汐止區大同路2段240號","number":"F000019","phone":"02-22989922#5302","type":"連鎖型綠色商店","city":"新北市"}},{"type":"Feature","geometry":{"type":"Point","coordinates":[121.525494000654,24.999344984535]},"properties":{"name":"全國電子股份有限公司新北市第二十七分公司","address":"235新北市中和區得和路403號","number":"F000068","phone":"02-22989922#5302","type":"連鎖型綠色商店","city":"新北市"}},{"type":"Feature","geometry":{"type":"Point","coordinates":[121.472547027037,25.006239979996]},"properties":{"name":"全國電子股份有限公司新北市第二十二分公司","address":"235新北市中和區中山路三段185-189號","number":"F000066","phone":"02-22989922#5302","type":"連鎖型綠色商店","city":"新北市"}},{"type":"Feature","geometry":{"type":"Point","coordinates":[121.47609600866,25.082282994446]},"properties":{"name":"全國電子股份有限公司新北市第二十三分公司","address":"247新北市蘆洲區三民路10號","number":"F000058","phone":"02-22989922#5302","type":"連鎖型綠色商店","city":"新北市"}},{"type":"Feature","geometry":{"type":"Point","coordinates":[121.503170980841,24.999881007243]},"properties":{"name":"全國電子股份有限公司新北市第二十五分公司","address":"235新北市中和區中和路175號","number":"F000067","phone":"02-22989922#5302","type":"連鎖型綠色商店","city":"新北市"}},{"type":"Feature","geometry":{"type":"Point","coordinates":[121.496756980893,25.066647015077]},"properties":{"name":"全國電子股份有限公司新北市第二十六分公司","address":"241新北市三重區正義北路137號","number":"F000054","phone":"02-22989922#5302","type":"連鎖型綠色商店","city":"新北市"}},{"type":"Feature","geometry":{"type":"Point","coordinates":[121.373295989527,24.937406994839]},"properties":{"name":"全國電子股份有限公司新北市第二十分公司","address":"237新北市三峽區復興路78號","number":"F000065","phone":"02-22989922#5302","type":"連鎖型綠色商店","city":"新北市"}},{"type":"Feature","geometry":{"type":"Point","coordinates":[121.46067397737,25.081756988113]},"properties":{"name":"全國電子股份有限公司新北市第二十四分公司","address":"247新北市蘆洲區長安街122號","number":"F000059","phone":"02-22989922#5302","type":"連鎖型綠色商店","city":"新北市"}},{"type":"Feature","geometry":{"type":"Point","coordinates":[121.486928025953,25.061707014712]},"properties":{"name":"全國電子股份有限公司新北市第八分公司","address":"241新北市三重區重陽路二段1號","number":"F000056","phone":"02-22989922#5302","type":"連鎖型綠色商店","city":"新北市"}},{"type":"Feature","geometry":{"type":"Point","coordinates":[121.516939765549,24.999160917941]},"properties":{"name":"全國電子股份有限公司新北市第十一分公司","address":"234新北市永和區中正路191-193號","number":"F000060","phone":"02-22989922#5302","type":"連鎖型綠色商店","city":"新北市"}},{"type":"Feature","geometry":{"type":"Point","coordinates":[121.540911002802,24.972319004579]},"properties":{"name":"全國電子股份有限公司新北市第十九分公司","address":"231新北市新店區中正路188號","number":"F000021","phone":"02-22989922#5302","type":"連鎖型綠色商店","city":"新北市"}},{"type":"Feature","geometry":{"type":"Point","coordinates":[121.464496963408,25.017727001113]},"properties":{"name":"全國電子股份有限公司新北市第十二分公司","address":"220新北市板橋區文化路一段90-92號","number":"F000064","phone":"02-22989922#5302","type":"連鎖型綠色商店","city":"新北市"}},{"type":"Feature","geometry":{"type":"Point","coordinates":[121.484016823342,25.078329418357]},"properties":{"name":"全國電子股份有限公司新北市第十八分公司","address":"241新北市三重區三和路四段147號","number":"F000057","phone":"02-22989922#5302","type":"連鎖型綠色商店","city":"新北市"}},{"type":"Feature","geometry":{"type":"Point","coordinates":[121.441376992241,25.171085989648]},"properties":{"name":"全國電子股份有限公司新北市第十五分公司","address":"251新北市淡水區中山路127號","number":"F000069","phone":"02-22989922#5302","type":"連鎖型綠色商店","city":"新北市"}},{"type":"Feature","geometry":{"type":"Point","coordinates":[121.452076994559,25.049318980914]},"properties":{"name":"全國電子股份有限公司新北市第十六分公司","address":"242新北市新莊區幸福路602號","number":"F000028","phone":"02-22989922#5302","type":"連鎖型綠色商店","city":"新北市"}},{"type":"Feature","geometry":{"type":"Point","coordinates":[121.519523990117,25.012063013861]},"properties":{"name":"全國電子股份有限公司新北市第十分公司","address":"234新北市永和區竹林路100號","number":"F000063","phone":"02-22989922#5302","type":"連鎖型綠色商店","city":"新北市"}},{"type":"Feature","geometry":{"type":"Point","coordinates":[121.426538006136,25.026452813775]},"properties":{"name":"全國電子股份有限公司新北市第十四分公司","address":"242新北市新莊區後港一路62號","number":"F000018","phone":"02-22989922#5302","type":"連鎖型綠色商店","city":"新北市"}},{"type":"Feature","geometry":{"type":"Point","coordinates":[121.426466005587,24.990505010351]},"properties":{"name":"全國電子股份有限公司新北市第三十七分公司","address":"220新北市板橋區溪北路2號","number":"F000078","phone":"02-22989922#5302","type":"連鎖型綠色商店","city":"新北市"}},{"type":"Feature","geometry":{"type":"Point","coordinates":[121.417543972571,25.025345019542]},"properties":{"name":"全國電子股份有限公司新北市第三十九分公司","address":"242新北市新莊區中正路881-5、881-6號","number":"F000024","phone":"02-22989922#5302","type":"連鎖型綠色商店","city":"新北市"}},{"type":"Feature","geometry":{"type":"Point","coordinates":[121.370771025014,25.06959698399]},"properties":{"name":"全國電子股份有限公司新北市第三十二分公司","address":"244新北市林口區文化一路一段41號","number":"F000085","phone":"03-3570833#32","type":"連鎖型綠色商店","city":"新北市"}},{"type":"Feature","geometry":{"type":"Point","coordinates":[121.426122526553,25.024049728089]},"properties":{"name":"全國電子股份有限公司新北市第三十八分公司","address":"242新北市新莊區建安街117、119號","number":"F000025","phone":"02-22989922#5302","type":"連鎖型綠色商店","city":"新北市"}},{"type":"Feature","geometry":{"type":"Point","coordinates":[121.350695025805,24.953979693797]},"properties":{"name":"全國電子股份有限公司新北市第三十三分公司","address":"239新北市鶯歌區國慶街123號","number":"F000086","phone":"03-3570833#32","type":"連鎖型綠色商店","city":"新北市"}},{"type":"Feature","geometry":{"type":"Point","coordinates":[121.513103033189,24.988208997524]},"properties":{"name":"全國電子股份有限公司新北市第三十四分公司","address":"235新北市中和區景新街438號","number":"F000070","phone":"02-22989922#5302","type":"連鎖型綠色商店","city":"新北市"}},{"type":"Feature","geometry":{"type":"Point","coordinates":[121.510877973172,24.959895012416]},"properties":{"name":"全國電子股份有限公司新北市第三分公司","address":"231新北市新店區安康路二段196號","number":"F000022","phone":"02-22989922#5302","type":"連鎖型綠色商店","city":"新北市"}},{"type":"Feature","geometry":{"type":"Point","coordinates":[121.445890527898,25.040399627579]},"properties":{"name":"全國電子股份有限公司新北市第五十一分公司","address":"242新北市新莊區新泰路276、278號","number":"F000027","phone":"02-22989922#5302","type":"連鎖型綠色商店","city":"新北市"}},{"type":"Feature","geometry":{"type":"Point","coordinates":[121.494514989431,25.061286285082]},"properties":{"name":"全國電子股份有限公司新北市第五十七分公司","address":"241新北市三重區重新路三段36號","number":"F002162","phone":"22989922#5302","type":"連鎖型綠色商店","city":"新北市"}},{"type":"Feature","geometry":{"type":"Point","coordinates":[121.805648804552,25.108141207652]},"properties":{"name":"全國電子股份有限公司新北市第五十九分公司","address":"224新北市瑞芳區明燈路三段63號1樓","number":"F002163","phone":"22989922#5302","type":"連鎖型綠色商店","city":"新北市"}},{"type":"Feature","geometry":{"type":"Point","coordinates":[121.541616004678,24.968769017127]},"properties":{"name":"全國電子股份有限公司新北市第五十八分公司","address":"231新北市新店區北新路一段335號","number":"F002164","phone":"22989922#5302","type":"連鎖型綠色商店","city":"新北市"}},{"type":"Feature","geometry":{"type":"Point","coordinates":[121.480960203815,25.084084129966]},"properties":{"name":"全國電子股份有限公司新北市第五十五分公司","address":"247新北市蘆洲區集賢路348號B1、1樓","number":"F001989","phone":"02-22989922#5302","type":"連鎖型綠色商店","city":"新北市"}},{"type":"Feature","geometry":{"type":"Point","coordinates":[121.460259995172,25.137921019987]},"properties":{"name":"全國電子股份有限公司新北市第五十六分公司","address":"251新北市淡水區民生路1-1號","number":"F002165","phone":"22989922#5302","type":"連鎖型綠色商店","city":"新北市"}},{"type":"Feature","geometry":{"type":"Point","coordinates":[121.474549379886,25.028532489682]},"properties":{"name":"全國電子股份有限公司新北市第五十分公司","address":"220新北市板橋區雙十路二段108號","number":"F000084","phone":"02-22989922#5302","type":"連鎖型綠色商店","city":"新北市"}},{"type":"Feature","geometry":{"type":"Point","coordinates":[121.430636002417,25.05824101393]},"properties":{"name":"全國電子股份有限公司新北市第五分公司","address":"243新北市泰山區明志路一段354號","number":"F000055","phone":"02-22989922#5302","type":"連鎖型綠色商店","city":"新北市"}},{"type":"Feature","geometry":{"type":"Point","coordinates":[121.42537158049,24.984397285145]},"properties":{"name":"全國電子股份有限公司新北市第六十一分公司","address":"238新北市樹林區中華路2號","number":"F002187","phone":"02-22989922-5302","type":"連鎖型綠色商店","city":"新北市"}},{"type":"Feature","geometry":{"type":"Point","coordinates":[121.426549992257,25.017358993654]},"properties":{"name":"全國電子股份有限公司新北市第六十七分公司","address":"242新北市新莊區民安西路135號","number":"F002186","phone":"02-22989922-5302","type":"連鎖型綠色商店","city":"新北市"}},{"type":"Feature","geometry":{"type":"Point","coordinates":[121.494748676892,24.992103816472]},"properties":{"name":"全國電子股份有限公司新北市第六十二分公司","address":"235新北市中和區圓通路295之3號","number":"F002185","phone":"02-22989922-5302","type":"連鎖型綠色商店","city":"新北市"}},{"type":"Feature","geometry":{"type":"Point","coordinates":[121.50297191064,24.999948691111]},"properties":{"name":"全國電子股份有限公司新北市第六十八分公司","address":"235新北市中和區中和路167號","number":"F002181","phone":"02-22989922-5302","type":"連鎖型綠色商店","city":"新北市"}},{"type":"Feature","geometry":{"type":"Point","coordinates":[121.51393577527,25.007925496906]},"properties":{"name":"全國電子股份有限公司新北市第六十三分公司","address":"234新北市永和區永和路一段122號","number":"F002182","phone":"02-22989922-5302","type":"連鎖型綠色商店","city":"新北市"}},{"type":"Feature","geometry":{"type":"Point","coordinates":[121.424084874533,25.038799692429]},"properties":{"name":"全國電子股份有限公司新北市第六十五分公司","address":"243新北市泰山區明志路三段188,190號","number":"F002183","phone":"02-22989922-5302","type":"連鎖型綠色商店","city":"新北市"}},{"type":"Feature","geometry":{"type":"Point","coordinates":[121.456370037727,24.987903016148]},"properties":{"name":"全國電子股份有限公司新北市第六十六分公司","address":"236新北市土城區學府路一段93號","number":"F002180","phone":"02-22989922-5302","type":"連鎖型綠色商店","city":"新北市"}},{"type":"Feature","geometry":{"type":"Point","coordinates":[121.482291995307,25.067913017733]},"properties":{"name":"全國電子股份有限公司新北市第六十分公司","address":"241新北市三重區忠孝路二段160號","number":"F002161","phone":"22989922#5302","type":"連鎖型綠色商店","city":"新北市"}},{"type":"Feature","geometry":{"type":"Point","coordinates":[121.460469961846,25.00181001844]},"properties":{"name":"全國電子股份有限公司新北市第六十四分公司","address":"220新北市板橋區忠孝路42,44號","number":"F002184","phone":"02-22989922-5302","type":"連鎖型綠色商店","city":"新北市"}},{"type":"Feature","geometry":{"type":"Point","coordinates":[121.463374375116,25.000521217007]},"properties":{"name":"全國電子股份有限公司新北市第六分公司","address":"220新北市板橋區重慶路247號 ","number":"F000073","phone":"02-22989922#5302","type":"連鎖型綠色商店","city":"新北市"}},{"type":"Feature","geometry":{"type":"Point","coordinates":[121.46337403984,25.08222298002]},"properties":{"name":"全國電子股份有限公司新北市第四十一分公司","address":"247新北市蘆洲區長榮路23號","number":"F000075","phone":"02-22989922#5302","type":"連鎖型綠色商店","city":"新北市"}},{"type":"Feature","geometry":{"type":"Point","coordinates":[121.509694029349,25.001308990177]},"properties":{"name":"全國電子股份有限公司新北市第四十七分公司","address":"234新北市永和區中和路443號","number":"F000082","phone":"02-22989922#5302","type":"連鎖型綠色商店","city":"新北市"}},{"type":"Feature","geometry":{"type":"Point","coordinates":[121.444937959986,25.049774788809]},"properties":{"name":"全國電子股份有限公司新北市第四十九分公司","address":"242新北市新莊區中平路262號","number":"F000083","phone":"02-22989922#5302","type":"連鎖型綠色商店","city":"新北市"}},{"type":"Feature","geometry":{"type":"Point","coordinates":[121.497061411616,25.00117198797]},"properties":{"name":"全國電子股份有限公司新北市第四十二分公司","address":"235新北市中和區景平路672、672-1、674、674-1號","number":"F000076","phone":"02-22989922#5302","type":"連鎖型綠色商店","city":"新北市"}},{"type":"Feature","geometry":{"type":"Point","coordinates":[121.373626990883,24.935454304766]},"properties":{"name":"全國電子股份有限公司新北市第四十八分公司","address":"237新北市三峽區民生街106-2號","number":"F000023","phone":"02-22989922#5302","type":"連鎖型綠色商店","city":"新北市"}},{"type":"Feature","geometry":{"type":"Point","coordinates":[121.461645607586,25.022195603243]},"properties":{"name":"全國電子股份有限公司新北市第四十三分公司","address":"220新北市板橋區新海路92號","number":"F000077","phone":"02-22989922#5302","type":"連鎖型綠色商店","city":"新北市"}},{"type":"Feature","geometry":{"type":"Point","coordinates":[121.444491958918,25.169693001159]},"properties":{"name":"全國電子股份有限公司新北市第四十六分公司","address":"251新北市淡水區中山路24、26號","number":"F000081","phone":"02-22989922#5302","type":"連鎖型綠色商店","city":"新北市"}},{"type":"Feature","geometry":{"type":"Point","coordinates":[121.510303561348,25.009997712919]},"properties":{"name":"全國電子股份有限公司新北市第四十分公司","address":"234新北市永和區中山路一段134、136號","number":"F000074","phone":"02-22989922#5302","type":"連鎖型綠色商店","city":"新北市"}},{"type":"Feature","geometry":{"type":"Point","coordinates":[121.493367003972,25.071853979059]},"properties":{"name":"全國電子股份有限公司新北市第四十四分公司","address":"241新北市三重區正義北路351號","number":"F000079","phone":"02-22989922#5302","type":"連鎖型綠色商店","city":"新北市"}},{"type":"Feature","geometry":{"type":"Point","coordinates":[121.449073507194,25.035518303064]},"properties":{"name":"全國電子股份有限公司新北市第四分公司","address":"242新北市新莊區中正路212號","number":"F000017","phone":"02-22989922#5302","type":"連鎖型綠色商店","city":"新北市"}},{"type":"Feature","geometry":{"type":"Point","coordinates":[121.465892717925,25.080171006303]},"properties":{"name":"全聯實業股份有限公司-九芎店","address":"247新北市蘆洲區九芎街90巷6、8、10號1樓","number":"F000122","phone":"02-82833529","type":"連鎖型綠色商店","city":"新北市"}},{"type":"Feature","geometry":{"type":"Point","coordinates":[121.436291021032,25.079913011324]},"properties":{"name":"全聯實業股份有限公司五股分公司","address":"248新北市五股區德音村成泰路1段235-13號1樓","number":"F000124","phone":"02-82953966","type":"連鎖型綠色商店","city":"新北市"}},{"type":"Feature","geometry":{"type":"Point","coordinates":[121.654096032332,25.065489013244]},"properties":{"name":"全聯實業股份有限公司汐止大同店","address":"221新北市汐止區大同路2段240號b1","number":"F000216","phone":"02-26490272","type":"連鎖型綠色商店","city":"新北市"}},{"type":"Feature","geometry":{"type":"Point","coordinates":[121.66587201956,25.071856996544]},"properties":{"name":"全聯實業股份有限公司汐止忠孝分公司","address":"221新北市汐止區忠孝東路429號","number":"F000204","phone":"02-86476668","type":"連鎖型綠色商店","city":"新北市"}},{"type":"Feature","geometry":{"type":"Point","coordinates":[121.663426391428,25.072994827992]},"properties":{"name":"全聯實業股份有限公司汐止建成分公司","address":"221新北市汐止區建成路58號B1","number":"F000195","phone":"02-26416373","type":"連鎖型綠色商店","city":"新北市"}},{"type":"Feature","geometry":{"type":"Point","coordinates":[121.630935241296,25.067956813177]},"properties":{"name":"全聯實業股份有限公司汐止康寧分公司","address":"221新北市汐止區康寧街430號","number":"F000212","phone":"02-26954980","type":"連鎖型綠色商店","city":"新北市"}},{"type":"Feature","geometry":{"type":"Point","coordinates":[121.655182204292,25.064264223842]},"properties":{"name":"全聯實業股份有限公司汐止龍安分公司","address":"221新北市汐止區龍安路28巷6號B1","number":"F000202","phone":"02-26494296","type":"連鎖型綠色商店","city":"新北市"}},{"type":"Feature","geometry":{"type":"Point","coordinates":[121.460994191625,25.136622957077]},"properties":{"name":"全聯實業股份有限公司竹圍分公司","address":"251新北市淡水區民族路31號B1","number":"F000112","phone":"02-26242377","type":"連鎖型綠色商店","city":"新北市"}},{"type":"Feature","geometry":{"type":"Point","coordinates":[121.481270911862,25.082762984132]},"properties":{"name":"全聯實業股份有限公司重陽分公司","address":"247新北市蘆洲區重陽街46號1樓","number":"F000121","phone":"02-28486699","type":"連鎖型綠色商店","city":"新北市"}},{"type":"Feature","geometry":{"type":"Point","coordinates":[121.44648802534,25.177829985124]},"properties":{"name":"全聯實業股份有限公司淡大分公司","address":"251新北市淡水區大忠街89號1樓","number":"F000111","phone":"02-26296697","type":"連鎖型綠色商店","city":"新北市"}},{"type":"Feature","geometry":{"type":"Point","coordinates":[121.446697004389,25.169175315505]},"properties":{"name":"全聯實業股份有限公司淡水博愛分公司","address":"251新北市淡水區博愛街51巷5號1F、B1","number":"F000114","phone":"02-26266229","type":"連鎖型綠色商店","city":"新北市"}},{"type":"Feature","geometry":{"type":"Point","coordinates":[121.470504692509,25.089989400045]},"properties":{"name":"全聯實業股份有限公司蘆洲民族分公司","address":"247新北市蘆洲區水湳街74號1、2樓","number":"F000119","phone":"02-82832182","type":"連鎖型綠色商店","city":"新北市"}},{"type":"Feature","geometry":{"type":"Point","coordinates":[121.523203058878,24.999697317835]},"properties":{"name":"成和機車有限公司","address":"234新北市永和區得和路313號","number":"F002096","phone":"29288538","type":"連鎖型綠色商店","city":"新北市"}},{"type":"Feature","geometry":{"type":"Point","coordinates":[121.460139966318,25.026331988641]},"properties":{"name":"有利車業有限公司","address":"220新北市板橋區互助街94號","number":"F002047","phone":"22563364","type":"連鎖型綠色商店","city":"新北市"}},{"type":"Feature","geometry":{"type":"Point","coordinates":[121.45483497598,24.982483990017]},"properties":{"name":"自來車行","address":"236新北市土城區裕民路270號","number":"F002148","phone":"22616353","type":"連鎖型綠色商店","city":"新北市"}},{"type":"Feature","geometry":{"type":"Point","coordinates":[121.513504023437,24.988220983645]},"properties":{"name":"佑泰車業有限公司","address":"235新北市中和區景新街467巷1號","number":"F002090","phone":"29489000","type":"連鎖型綠色商店","city":"新北市"}},{"type":"Feature","geometry":{"type":"Point","coordinates":[121.521630027109,25.005892005286]},"properties":{"name":"呈運機車行","address":"234新北市永和區永亨路75號","number":"F002101","phone":"29286290","type":"連鎖型綠色商店","city":"新北市"}},{"type":"Feature","geometry":{"type":"Point","coordinates":[121.520620594509,25.009839420677]},"properties":{"name":"宏健機車行","address":"234新北市永和區竹林路177號","number":"F002110","phone":"89282338","type":"連鎖型綠色商店","city":"新北市"}},{"type":"Feature","geometry":{"type":"Point","coordinates":[121.510174982953,25.016478013721]},"properties":{"name":"宏億車行","address":"234新北市永和區文化路165號","number":"F002103","phone":"89218921","type":"連鎖型綠色商店","city":"新北市"}},{"type":"Feature","geometry":{"type":"Point","coordinates":[121.512441030476,25.01418401255]},"properties":{"name":"宏聯機車行","address":"234新北市永和區信義路106號","number":"F002137","phone":"22314318","type":"連鎖型綠色商店","city":"新北市"}},{"type":"Feature","geometry":{"type":"Point","coordinates":[121.502186023398,25.006990998521]},"properties":{"name":"志宏機車行","address":"235新北市中和區中山路2段2巷45弄4號","number":"F002133","phone":"22469536","type":"連鎖型綠色商店","city":"新北市"}},{"type":"Feature","geometry":{"type":"Point","coordinates":[121.481172005404,24.998813990969]},"properties":{"name":"良力車業有限公司","address":"235新北市中和區員山路257號","number":"F002076","phone":"22260793","type":"連鎖型綠色商店","city":"新北市"}},{"type":"Feature","geometry":{"type":"Point","coordinates":[121.508042040052,24.986816009035]},"properties":{"name":"佳順機車行","address":"235新北市中和區南山路543號","number":"F002064","phone":"29464366","type":"連鎖型綠色商店","city":"新北市"}},{"type":"Feature","geometry":{"type":"Point","coordinates":[121.497411020797,25.005355982578]},"properties":{"name":"佳慶機車行","address":"235新北市中和區永和路88之4號1樓","number":"F002085","phone":"22483320","type":"連鎖型綠色商店","city":"新北市"}},{"type":"Feature","geometry":{"type":"Point","coordinates":[121.458846973935,25.026697984443]},"properties":{"name":"來興車業有限公司","address":"220新北市板橋區新海路398號","number":"F002045","phone":"22566065","type":"連鎖型綠色商店","city":"新北市"}},{"type":"Feature","geometry":{"type":"Point","coordinates":[121.466487665412,25.00839781715]},"properties":{"name":"協泰車業有限公司","address":"220新北市板橋區民族路93號","number":"F002154","phone":"29616060","type":"連鎖型綠色商店","city":"新北市"}},{"type":"Feature","geometry":{"type":"Point","coordinates":[121.447927030478,24.99095700448]},"properties":{"name":"協聖汽車股份有限公司土城分公司","address":"236新北市土城區中華路一段2號","number":"F001994","phone":"02-25066898","type":"連鎖型綠色商店","city":"新北市"}},{"type":"Feature","geometry":{"type":"Point","coordinates":[121.43886401385,25.033094005209]},"properties":{"name":"協聖汽車股份有限公司新莊營業所","address":"242新北市新莊區中正路535號","number":"F001996","phone":"02-25066898","type":"連鎖型綠色商店","city":"新北市"}},{"type":"Feature","geometry":{"type":"Point","coordinates":[121.504780976802,24.999609014485]},"properties":{"name":"和昇機車行","address":"235新北市中和區中和路178號","number":"F002098","phone":"22491026","type":"連鎖型綠色商店","city":"新北市"}},{"type":"Feature","geometry":{"type":"Point","coordinates":[121.632571388796,25.056058492072]},"properties":{"name":"固德汽車股份有限公司","address":"221新北市汐止區大同路一段156-2號","number":"F001991","phone":"02-25066898","type":"連鎖型綠色商店","city":"新北市"}},{"type":"Feature","geometry":{"type":"Point","coordinates":[121.511179973144,24.992369983807]},"properties":{"name":"奇典機車行","address":"235新北市中和區景新街311號","number":"F002094","phone":"29414356","type":"連鎖型綠色商店","city":"新北市"}},{"type":"Feature","geometry":{"type":"Point","coordinates":[121.50001997198,24.991504007481]},"properties":{"name":"尚成車業行","address":"235新北市中和區中興街133號","number":"F002066","phone":"22451788","type":"連鎖型綠色商店","city":"新北市"}},{"type":"Feature","geometry":{"type":"Point","coordinates":[121.463225009601,25.016861988705]},"properties":{"name":"忠山機車行","address":"220新北市板橋區文化路一段205號","number":"F002046","phone":"29661923","type":"連鎖型綠色商店","city":"新北市"}},{"type":"Feature","geometry":{"type":"Point","coordinates":[121.460819990123,25.018209002455]},"properties":{"name":"旺昇機車行","address":"220新北市板橋區國光路180號","number":"F002042","phone":"29673210","type":"連鎖型綠色商店","city":"新北市"}},{"type":"Feature","geometry":{"type":"Point","coordinates":[121.497408003312,24.995222010182]},"properties":{"name":"旺泰機車行","address":"235新北市中和區圓通路162-3號","number":"F002061","phone":"22427128","type":"連鎖型綠色商店","city":"新北市"}},{"type":"Feature","geometry":{"type":"Point","coordinates":[121.466386998755,24.994260689707]},"properties":{"name":"明展機車行","address":"235新北市中和區民德路332號","number":"F002105","phone":"29626622","type":"連鎖型綠色商店","city":"新北市"}},{"type":"Feature","geometry":{"type":"Point","coordinates":[121.454920890487,25.016556091149]},"properties":{"name":"明德車業行","address":"220新北市板橋區大仁街41號","number":"F002041","phone":"29681854","type":"連鎖型綠色商店","city":"新北市"}},{"type":"Feature","geometry":{"type":"Point","coordinates":[121.461375458847,25.030580481994]},"properties":{"name":"明興機車行","address":"220新北市板橋區長江路一段359號","number":"F002034","phone":"22567976","type":"連鎖型綠色商店","city":"新北市"}},{"type":"Feature","geometry":{"type":"Point","coordinates":[121.465268014681,25.027223990777]},"properties":{"name":"昇龍國際車業有限公司","address":"220新北市板橋區民生路3段179號","number":"F002155","phone":"22597313","type":"連鎖型綠色商店","city":"新北市"}},{"type":"Feature","geometry":{"type":"Point","coordinates":[121.525342036749,25.001671004576]},"properties":{"name":"昇鴻車業有限公司","address":"234新北市永和區秀朗路2段167號","number":"F002109","phone":"29203504","type":"連鎖型綠色商店","city":"新北市"}},{"type":"Feature","geometry":{"type":"Point","coordinates":[121.513425987919,25.015388994951]},"properties":{"name":"東政機車行","address":"234新北市永和區文化路112號","number":"F002102","phone":"29272615","type":"連鎖型綠色商店","city":"新北市"}},{"type":"Feature","geometry":{"type":"Point","coordinates":[121.483250968849,25.004869999832]},"properties":{"name":"東茂車業有限公司","address":"235新北市中和區中山路2段475號","number":"F002072","phone":"22223327","type":"連鎖型綠色商店","city":"新北市"}},{"type":"Feature","geometry":{"type":"Point","coordinates":[121.458618064159,25.008417388894]},"properties":{"name":"板橋市農會","address":"220新北市板橋區府中路29-1號","number":"F000159","phone":"02-89656868#715","type":"連鎖型綠色商店","city":"新北市"}},{"type":"Feature","geometry":{"type":"Point","coordinates":[121.450543022459,25.00868699281]},"properties":{"name":"欣展車業行","address":"220新北市板橋區大觀路一段8號","number":"F002048","phone":"29652668","type":"連鎖型綠色商店","city":"新北市"}},{"type":"Feature","geometry":{"type":"Point","coordinates":[121.459679967472,25.029802012737]},"properties":{"name":"欣富車業行","address":"220新北市板橋區長江路一段109號","number":"F002037","phone":"22501151","type":"連鎖型綠色商店","city":"新北市"}},{"type":"Feature","geometry":{"type":"Point","coordinates":[121.501057735412,25.258492308323]},"properties":{"name":"芝農商行","address":"252新北市三芝區中山路1段6號","number":"F000103","phone":"26363111","type":"連鎖型綠色商店","city":"新北市"}},{"type":"Feature","geometry":{"type":"Point","coordinates":[121.482265089397,24.987103089219]},"properties":{"name":"金馴車行","address":"235新北市中和區員山路286巷1號","number":"F002071","phone":"22211005","type":"連鎖型綠色商店","city":"新北市"}},{"type":"Feature","geometry":{"type":"Point","coordinates":[121.468346771537,24.9909231835]},"properties":{"name":"長新機車行","address":"236新北市土城區延平街14號","number":"F002122","phone":"22647762","type":"連鎖型綠色商店","city":"新北市"}},{"type":"Feature","geometry":{"type":"Point","coordinates":[121.499137022299,24.999852005858]},"properties":{"name":"信隆機車行","address":"235新北市中和區泰和街42號","number":"F002068","phone":"22493018","type":"連鎖型綠色商店","city":"新北市"}},{"type":"Feature","geometry":{"type":"Point","coordinates":[121.467756015001,25.032134989757]},"properties":{"name":"建發車業行","address":"220新北市板橋區長江路2段210號","number":"F002038","phone":"22525308","type":"連鎖型綠色商店","city":"新北市"}},{"type":"Feature","geometry":{"type":"Point","coordinates":[121.454539010979,24.995326993519]},"properties":{"name":"建榮機車行","address":"220新北市板橋區四川路二段29號","number":"F002158","phone":"02-89668703","type":"連鎖型綠色商店","city":"新北市"}},{"type":"Feature","geometry":{"type":"Point","coordinates":[121.523802029679,25.008081987038]},"properties":{"name":"彥銘機車行","address":"234新北市永和區福和路29號1樓","number":"F002097","phone":"29218584","type":"連鎖型綠色商店","city":"新北市"}},{"type":"Feature","geometry":{"type":"Point","coordinates":[121.515787002405,24.986085987178]},"properties":{"name":"泉和車業有限公司","address":"231新北市新店區安和路3段175號","number":"F002078","phone":"29455555","type":"連鎖型綠色商店","city":"新北市"}},{"type":"Feature","geometry":{"type":"Point","coordinates":[121.527027972754,25.002142989543]},"properties":{"name":"皇偉機車行","address":"234新北市永和區成功路1段115號","number":"F002106","phone":"29284462","type":"連鎖型綠色商店","city":"新北市"}},{"type":"Feature","geometry":{"type":"Point","coordinates":[121.465577977461,24.984043987926]},"properties":{"name":"家福股份有限公司土城福益分公司","address":"236新北市土城區明德路一段67號","number":"F002025","phone":"02-2261-6611","type":"連鎖型綠色商店","city":"新北市"}},{"type":"Feature","geometry":{"type":"Point","coordinates":[121.495888848732,25.002207943008]},"properties":{"name":"家福股份有限公司中和分公司","address":"235新北市中和區中山路二段295號B2","number":"F000034","phone":"(02)8245-5566#880","type":"連鎖型綠色商店","city":"新北市"}},{"type":"Feature","geometry":{"type":"Point","coordinates":[121.379579705643,24.947839472836]},"properties":{"name":"家福股份有限公司北大分公司","address":"238新北市樹林區大雅路288號B1","number":"F002021","phone":"02-3501-6879","type":"連鎖型綠色商店","city":"新北市"}},{"type":"Feature","geometry":{"type":"Point","coordinates":[121.459042262944,24.983424874706]},"properties":{"name":"家福股份有限公司台北土城分公司","address":"236新北市土城區青雲路152號B1","number":"F000011","phone":"(02)2265-6001#880","type":"連鎖型綠色商店","city":"新北市"}},{"type":"Feature","geometry":{"type":"Point","coordinates":[121.648640335374,25.060552114183]},"properties":{"name":"家福股份有限公司台北汐止分公司","address":"221新北市汐止區新台五路一段108號B1","number":"F000013","phone":"02-2696-2277#880","type":"連鎖型綠色商店","city":"新北市"}},{"type":"Feature","geometry":{"type":"Point","coordinates":[121.374334004416,25.077590008768]},"properties":{"name":"家福股份有限公司台北林口分公司","address":"244新北市林口區文化二路一段559.561.563地下一樓","number":"F000029","phone":"(02)2602-5858#872","type":"連鎖型綠色商店","city":"新北市"}},{"type":"Feature","geometry":{"type":"Point","coordinates":[121.546235439156,24.975877918757]},"properties":{"name":"家福股份有限公司台北新店分公司","address":"231新北市新店區中興路三段1號","number":"F000012","phone":"02-89193333#880","type":"連鎖型綠色商店","city":"新北市"}},{"type":"Feature","geometry":{"type":"Point","coordinates":[121.510554012615,25.002354003956]},"properties":{"name":"家福股份有限公司永和永安分公司","address":"234新北市永和區中和路499-1號","number":"F002028","phone":"02-2232-7755","type":"連鎖型綠色商店","city":"新北市"}},{"type":"Feature","geometry":{"type":"Point","coordinates":[121.454877975143,25.0095440005]},"properties":{"name":"家福股份有限公司府中分公司","address":"220新北市板橋區府中路126號1樓","number":"F000123","phone":"02-22729000#803","type":"連鎖型綠色商店","city":"新北市"}},{"type":"Feature","geometry":{"type":"Point","coordinates":[121.479411973376,25.017810191502]},"properties":{"name":"家福股份有限公司板橋分公司","address":"220新北市板橋區三民路二段31號B1","number":"F000033","phone":"02-29642988#881","type":"連鎖型綠色商店","city":"新北市"}},{"type":"Feature","geometry":{"type":"Point","coordinates":[121.467123097492,25.043069685364]},"properties":{"name":"家福股份有限公司重新分公司","address":"241新北市三重區重新路5段654號","number":"F000032","phone":"02-29995000#880","type":"連鎖型綠色商店","city":"新北市"}},{"type":"Feature","geometry":{"type":"Point","coordinates":[121.445024125951,25.045630901608]},"properties":{"name":"家福股份有限公司新莊中平分公司","address":"242新北市新莊區中平路108號B1","number":"F002029","phone":"02-89925678","type":"連鎖型綠色商店","city":"新北市"}},{"type":"Feature","geometry":{"type":"Point","coordinates":[121.420940319738,24.99648868339]},"properties":{"name":"家福股份有限公司樹林分公司","address":"238新北市樹林區大安路118號","number":"F000014","phone":"(02)2681-0000#881","type":"連鎖型綠色商店","city":"新北市"}},{"type":"Feature","geometry":{"type":"Point","coordinates":[121.486479929409,25.087995387189]},"properties":{"name":"家福股份有限公司蘆洲分公司","address":"241新北市三重區五華街282號","number":"F000100","phone":"02-82879000#880","type":"連鎖型綠色商店","city":"新北市"}},{"type":"Feature","geometry":{"type":"Point","coordinates":[121.523290985042,25.007936980113]},"properties":{"name":"展欣機車行","address":"234新北市永和區福和路49號","number":"F002121","phone":"29212248","type":"連鎖型綠色商店","city":"新北市"}},{"type":"Feature","geometry":{"type":"Point","coordinates":[121.394323837661,24.972393980703]},"properties":{"name":"展龍車業行","address":"238新北市樹林區中山路3段193號","number":"F002140","phone":"26685516","type":"連鎖型綠色商店","city":"新北市"}},{"type":"Feature","geometry":{"type":"Point","coordinates":[121.446491964835,25.089126986027]},"properties":{"name":"振宇五金股份有限公司五股芳洲分公司","address":"248新北市五股區芳洲八路178號","number":"F002326","phone":"02-22910271","type":"連鎖型綠色商店","city":"新北市"}},{"type":"Feature","geometry":{"type":"Point","coordinates":[121.365596037994,25.074925988482]},"properties":{"name":"振宇五金股份有限公司林口忠孝分公司","address":"244新北市林口區忠孝路69號","number":"F002323","phone":"02-26006271","type":"連鎖型綠色商店","city":"新北市"}},{"type":"Feature","geometry":{"type":"Point","coordinates":[121.455982290886,25.161515909788]},"properties":{"name":"振宇五金股份有限公司淡水淡金分公司","address":"251新北市淡水區淡金路6號1樓","number":"F002327","phone":"02-86268016","type":"連鎖型綠色商店","city":"新北市"}},{"type":"Feature","geometry":{"type":"Point","coordinates":[121.533448007672,24.985803307493]},"properties":{"name":"振宇五金股份有限公司新店中正分公司","address":"231新北市新店區中正路533號","number":"F002322","phone":"02-82181151","type":"連鎖型綠色商店","city":"新北市"}},{"type":"Feature","geometry":{"type":"Point","coordinates":[121.43446200594,25.021000008574]},"properties":{"name":"振宇五金股份有限公司新莊新樹分公司","address":"242新北市新莊區新樹路267號1~2樓","number":"F002324","phone":"02-22039568","type":"連鎖型綠色商店","city":"新北市"}},{"type":"Feature","geometry":{"type":"Point","coordinates":[121.46067397737,25.092893017034]},"properties":{"name":"振宇五金股份有限公司蘆洲長榮分公司","address":"247新北市蘆洲區長榮路699號","number":"F002325","phone":"02-82858325","type":"連鎖型綠色商店","city":"新北市"}},{"type":"Feature","geometry":{"type":"Point","coordinates":[121.467300039468,25.03232002027]},"properties":{"name":"晉新輪業有限公司","address":"220新北市板橋區長江路2段197號","number":"F002040","phone":"22511026","type":"連鎖型綠色商店","city":"新北市"}},{"type":"Feature","geometry":{"type":"Point","coordinates":[121.471570032403,25.024720693484]},"properties":{"name":"晉豐機車展業行","address":"220新北市板橋區莊敬路155號","number":"F002051","phone":"22523913","type":"連鎖型綠色商店","city":"新北市"}},{"type":"Feature","geometry":{"type":"Point","coordinates":[121.487945168305,25.05621277918]},"properties":{"name":"特力屋(股)三重集美分公司","address":"241新北市三重區集美街18-3、18-5號","number":"F002307","phone":"02-87916668#6554","type":"連鎖型綠色商店","city":"新北市"}},{"type":"Feature","geometry":{"type":"Point","coordinates":[121.518012984431,25.000067001674]},"properties":{"name":"特力屋(股)永和得和分公司","address":"234新北市永和區得和路102號B1","number":"F002306","phone":"02-87916668#6554","type":"連鎖型綠色商店","city":"新北市"}},{"type":"Feature","geometry":{"type":"Point","coordinates":[121.386415204496,25.07943813593]},"properties":{"name":"特力屋(股)林口中山分公司","address":"244新北市林口區中山路248號B1 (3號A1區）","number":"F002302","phone":"02-86019258#666","type":"連鎖型綠色商店","city":"新北市"}},{"type":"Feature","geometry":{"type":"Point","coordinates":[121.46865547703,25.023421917587]},"properties":{"name":"特力屋(股)板橋新埔分公司","address":"220新北市板橋區文化路一段360號地下層之17","number":"F002304","phone":"02-87916668#6554","type":"連鎖型綠色商店","city":"新北市"}},{"type":"Feature","geometry":{"type":"Point","coordinates":[121.461560805197,25.080775144992]},"properties":{"name":"特力屋(股)蘆洲長安分公司","address":"247新北市蘆洲區長安街101、103號","number":"F002308","phone":"02-87916668#6554","type":"連鎖型綠色商店","city":"新北市"}},{"type":"Feature","geometry":{"type":"Point","coordinates":[121.48027296247,25.081583985631]},"properties":{"name":"特力屋(股)蘆洲集賢分公司","address":"247新北市蘆洲區集賢路401號","number":"F002303","phone":"02-87916668#6554","type":"連鎖型綠色商店","city":"新北市"}},{"type":"Feature","geometry":{"type":"Point","coordinates":[121.382120978155,24.946382143462]},"properties":{"name":"特力屋股份有限公司三峽分公司","address":"238新北市樹林區大成路85號B1","number":"F002172","phone":"02-89705089#666","type":"連鎖型綠色商店","city":"新北市"}},{"type":"Feature","geometry":{"type":"Point","coordinates":[121.45899198086,24.983346990768]},"properties":{"name":"特力屋股份有限公司土城分公司","address":"236新北市土城區青雲路152號2F","number":"F000006","phone":"02-8262-6000#666","type":"連鎖型綠色商店","city":"新北市"}},{"type":"Feature","geometry":{"type":"Point","coordinates":[121.496137725886,25.002218887677]},"properties":{"name":"特力屋股份有限公司中和分公司","address":"235新北市中和區中山路二段291號3~4F","number":"F000004","phone":"02-22401888#666","type":"連鎖型綠色商店","city":"新北市"}},{"type":"Feature","geometry":{"type":"Point","coordinates":[121.647975063719,25.061466998915]},"properties":{"name":"特力屋股份有限公司汐止新台分公司","address":"221新北市汐止區新北市汐止區新台五路一段93之3號1樓","number":"F002312","phone":"02-87916668#5817","type":"連鎖型綠色商店","city":"新北市"}},{"type":"Feature","geometry":{"type":"Point","coordinates":[121.546235439156,24.975877918757]},"properties":{"name":"特力屋股份有限公司新店分公司","address":"231新北市新店區中興路三段一號四樓","number":"F000003","phone":"02-2910-9988#666","type":"連鎖型綠色商店","city":"新北市"}},{"type":"Feature","geometry":{"type":"Point","coordinates":[121.422533803351,25.029559608097]},"properties":{"name":"特力屋股份有限公司新莊分公司","address":"242新北市新莊區中正路620號","number":"F000005","phone":"02-29061212#666","type":"連鎖型綠色商店","city":"新北市"}},{"type":"Feature","geometry":{"type":"Point","coordinates":[121.526429001953,24.996855014468]},"properties":{"name":"益成機車行","address":"234新北市永和區成功路2段152號","number":"F002130","phone":"29434817","type":"連鎖型綠色商店","city":"新北市"}},{"type":"Feature","geometry":{"type":"Point","coordinates":[121.453885726411,25.010824819776]},"properties":{"name":"益昌車業行","address":"220新北市板橋區西門街24號","number":"F002151","phone":"29690230","type":"連鎖型綠色商店","city":"新北市"}},{"type":"Feature","geometry":{"type":"Point","coordinates":[121.465963964102,25.020328701949]},"properties":{"name":"國防部福利事業管理處板橋福利站","address":"220新北市板橋區文化路一段311之1號","number":"F000007","phone":"02-22550818","type":"連鎖型綠色商店","city":"新北市"}},{"type":"Feature","geometry":{"type":"Point","coordinates":[121.524363030458,25.00285398448]},"properties":{"name":"國防部福利總處秀朗福利站","address":"234新北市永和區永利路248號2樓","number":"F000009","phone":"02-32332663","type":"連鎖型綠色商店","city":"新北市"}},{"type":"Feature","geometry":{"type":"Point","coordinates":[121.486439025722,25.057597996228]},"properties":{"name":"國都豐田汽車三重營業所","address":"241新北市三重區重陽路一段10號","number":"F002016","phone":"02-2986-7011","type":"連鎖型綠色商店","city":"新北市"}},{"type":"Feature","geometry":{"type":"Point","coordinates":[121.439058390185,24.970164981191]},"properties":{"name":"國都豐田汽車土城營業所","address":"236新北市土城區中央路三段4號","number":"F002012","phone":"02-2269-1171","type":"連鎖型綠色商店","city":"新北市"}},{"type":"Feature","geometry":{"type":"Point","coordinates":[121.484481096959,25.005218309818]},"properties":{"name":"國都豐田汽車中和營業所","address":"235新北市中和區中正路860號","number":"F002011","phone":"02-2225-3711","type":"連鎖型綠色商店","city":"新北市"}},{"type":"Feature","geometry":{"type":"Point","coordinates":[121.424892387085,25.029513717177]},"properties":{"name":"國都豐田汽車丹鳳營業所","address":"242新北市新莊區中正路717號","number":"F002019","phone":"02-2901-0868","type":"連鎖型綠色商店","city":"新北市"}},{"type":"Feature","geometry":{"type":"Point","coordinates":[121.504612835825,25.01059400151]},"properties":{"name":"國都豐田汽車北永和營業所","address":"234新北市永和區保生路55號","number":"F002015","phone":"02-2927-7273","type":"連鎖型綠色商店","city":"新北市"}},{"type":"Feature","geometry":{"type":"Point","coordinates":[121.370410016445,25.069286979301]},"properties":{"name":"國都豐田汽車林口營業所","address":"244新北市林口區文化一路一段35號","number":"F002014","phone":"02-2600-2391","type":"連鎖型綠色商店","city":"新北市"}},{"type":"Feature","geometry":{"type":"Point","coordinates":[121.480953992103,25.019961490771]},"properties":{"name":"國都豐田汽車埔墘營業所","address":"220新北市板橋區中山路二段421號","number":"F002010","phone":"02-8952-2300","type":"連鎖型綠色商店","city":"新北市"}},{"type":"Feature","geometry":{"type":"Point","coordinates":[121.45967410014,25.152496018052]},"properties":{"name":"國都豐田汽車淡水營業所","address":"251新北市淡水區中正東路2段91號","number":"F002017","phone":"02-2809-9301","type":"連鎖型綠色商店","city":"新北市"}},{"type":"Feature","geometry":{"type":"Point","coordinates":[121.459699832583,25.038703090995]},"properties":{"name":"國都豐田汽車新莊營業所","address":"242新北市新莊區中正路70號之2","number":"F002013","phone":"02-2996-6737","type":"連鎖型綠色商店","city":"新北市"}},{"type":"Feature","geometry":{"type":"Point","coordinates":[121.427193733033,25.002776550777]},"properties":{"name":"國都豐田汽車樹林營業所","address":"238新北市樹林區大安路40 號","number":"F002009","phone":"02-2687-4511","type":"連鎖型綠色商店","city":"新北市"}},{"type":"Feature","geometry":{"type":"Point","coordinates":[121.481005959902,25.083087489513]},"properties":{"name":"國都豐田汽車蘆洲營業所","address":"247新北市蘆洲區集賢路281號","number":"F002018","phone":"02-2283-5302","type":"連鎖型綠色商店","city":"新北市"}},{"type":"Feature","geometry":{"type":"Point","coordinates":[121.352035962675,24.95090801965]},"properties":{"name":"國都豐田汽車鶯歌營業所","address":"239新北市鶯歌區文化路146號","number":"F002020","phone":"02-2678-1611","type":"連鎖型綠色商店","city":"新北市"}},{"type":"Feature","geometry":{"type":"Point","coordinates":[121.440458000377,25.05342699357]},"properties":{"name":"莊德流行傢俱館","address":"242新北市新莊區新北大道4段389-2號","number":"F000129","phone":"02-89921598","type":"連鎖型綠色商店","city":"新北市"}},{"type":"Feature","geometry":{"type":"Point","coordinates":[121.464399314236,25.003845898902]},"properties":{"name":"通天車業有限公司","address":"220新北市板橋區實踐路171號","number":"F002139","phone":"29617859","type":"連鎖型綠色商店","city":"新北市"}},{"type":"Feature","geometry":{"type":"Point","coordinates":[121.497243969467,25.000602982473]},"properties":{"name":"速成車業行","address":"235新北市中和區景平路595號","number":"F002126","phone":"22496529","type":"連鎖型綠色商店","city":"新北市"}},{"type":"Feature","geometry":{"type":"Point","coordinates":[121.473344984219,25.000516984146]},"properties":{"name":"勝明機車行","address":"235新北市中和區民享街86巷23號","number":"F002100","phone":"22252866","type":"連鎖型綠色商店","city":"新北市"}},{"type":"Feature","geometry":{"type":"Point","coordinates":[121.464539040562,25.026646980563]},"properties":{"name":"勝國機車行","address":"220新北市板橋區四維路176號","number":"F002033","phone":"22560829","type":"連鎖型綠色商店","city":"新北市"}},{"type":"Feature","geometry":{"type":"Point","coordinates":[121.468447019099,25.027608007671]},"properties":{"name":"勝賓車業行","address":"220新北市板橋區松江街55號","number":"F002032","phone":"22583381","type":"連鎖型綠色商店","city":"新北市"}},{"type":"Feature","geometry":{"type":"Point","coordinates":[121.38245808025,24.944476291977]},"properties":{"name":"勝龍車業行","address":"238新北市樹林區大成路3號","number":"F002150","phone":"35019887","type":"連鎖型綠色商店","city":"新北市"}},{"type":"Feature","geometry":{"type":"Point","coordinates":[121.518872883878,24.97111729112]},"properties":{"name":"博達汽車股份有限公司新店分公司","address":"231新北市新店區安和路2段119號","number":"F001992","phone":"02-25066898","type":"連鎖型綠色商店","city":"新北市"}},{"type":"Feature","geometry":{"type":"Point","coordinates":[121.515420964693,25.000313010533]},"properties":{"name":"富元車業有限公司","address":"234新北市永和區得和路26號","number":"F002117","phone":"29468675","type":"連鎖型綠色商店","city":"新北市"}},{"type":"Feature","geometry":{"type":"Point","coordinates":[121.48019157419,25.030804907452]},"properties":{"name":"晶展車業行","address":"220新北市板橋區懷德街139巷20弄1號","number":"F002059","phone":"22580521","type":"連鎖型綠色商店","city":"新北市"}},{"type":"Feature","geometry":{"type":"Point","coordinates":[121.505278023661,24.995146992148]},"properties":{"name":"景發車業有限公司","address":"235新北市中和區景安路116號","number":"F002057","phone":"22480269","type":"連鎖型綠色商店","city":"新北市"}},{"type":"Feature","geometry":{"type":"Point","coordinates":[121.509943977701,25.006460004955]},"properties":{"name":"景騛機車行","address":"234新北市永和區永貞路313號","number":"F002114","phone":"22317972","type":"連鎖型綠色商店","city":"新北市"}},{"type":"Feature","geometry":{"type":"Point","coordinates":[121.496409970101,25.066813982589]},"properties":{"name":"棉花田三重正義門市","address":"241新北市三重區正義北路188號","number":"F002175","phone":"02-25791777*212","type":"連鎖型綠色商店","city":"新北市"}},{"type":"Feature","geometry":{"type":"Point","coordinates":[121.380443573641,24.946256817759]},"properties":{"name":"棉花田三峽大雅門市","address":"238新北市樹林區大雅路266號","number":"F002224","phone":"02-25791777","type":"連鎖型綠色商店","city":"新北市"}},{"type":"Feature","geometry":{"type":"Point","coordinates":[121.452248907393,24.985031795215]},"properties":{"name":"棉花田土城學府門市","address":"236新北市土城區學府路一段185號1樓","number":"F002222","phone":"02-25791777","type":"連鎖型綠色商店","city":"新北市"}},{"type":"Feature","geometry":{"type":"Point","coordinates":[121.510433816123,24.989444490052]},"properties":{"name":"棉花田中和興南門市","address":"235新北市中和區興南路一段63號","number":"F002226","phone":"02-25791777","type":"連鎖型綠色商店","city":"新北市"}},{"type":"Feature","geometry":{"type":"Point","coordinates":[121.511737034429,25.003154014704]},"properties":{"name":"棉花田生機園地中和永安門市","address":"235新北市中和區中和路422號","number":"F002001","phone":"02-25791777#218","type":"連鎖型綠色商店","city":"新北市"}},{"type":"Feature","geometry":{"type":"Point","coordinates":[121.51565498743,24.997200013603]},"properties":{"name":"棉花田生機園地永和中正門市-","address":"234新北市永和區中正路198號","number":"F002003","phone":"02-25791777#218","type":"連鎖型綠色商店","city":"新北市"}},{"type":"Feature","geometry":{"type":"Point","coordinates":[121.457671998747,25.009902997413]},"properties":{"name":"棉花田生機園地板橋府中門市","address":"220新北市板橋區文化路1段9號","number":"F002004","phone":"02-25791777#218","type":"連鎖型綠色商店","city":"新北市"}},{"type":"Feature","geometry":{"type":"Point","coordinates":[121.542882510248,24.978106205807]},"properties":{"name":"棉花田生機園地股份有限公司北新門市","address":"231新北市新店區北新路2段252-2號","number":"F002177","phone":"02-25791777","type":"連鎖型綠色商店","city":"新北市"}},{"type":"Feature","geometry":{"type":"Point","coordinates":[121.514467523207,25.011938794056]},"properties":{"name":"棉花田生機園地股份有限公司頂溪門市","address":"234新北市永和區信義路9號","number":"F002174","phone":"02-25791777","type":"連鎖型綠色商店","city":"新北市"}},{"type":"Feature","geometry":{"type":"Point","coordinates":[121.539741978766,24.968144984435]},"properties":{"name":"棉花田生機園地新店中華門市","address":"231新北市新店區中華路63號","number":"F002178","phone":"02-25791777","type":"連鎖型綠色商店","city":"新北市"}},{"type":"Feature","geometry":{"type":"Point","coordinates":[121.53960401264,24.972840987599]},"properties":{"name":"棉花田生機園地新店門市","address":"231新北市新店區中正路219號","number":"F002002","phone":"02-25791777#218","type":"連鎖型綠色商店","city":"新北市"}},{"type":"Feature","geometry":{"type":"Point","coordinates":[121.444971990513,25.045349982123]},"properties":{"name":"棉花田生機園地新莊中平門市","address":"242新北市新莊區中平路92巷4號","number":"F002005","phone":"02-25791777#218","type":"連鎖型綠色商店","city":"新北市"}},{"type":"Feature","geometry":{"type":"Point","coordinates":[121.5315433,24.9585927]},"properties":{"name":"棉花田生機園地碧潭門市","address":"231新北市新店區北?路一段8號","number":"F002179","phone":"02-25018008","type":"連鎖型綠色商店","city":"新北市"}},{"type":"Feature","geometry":{"type":"Point","coordinates":[121.521289218926,25.007925287358]},"properties":{"name":"棉花田生機園地福和門市","address":"234新北市永和區福和路162號","number":"F002176","phone":"02-25791777","type":"連鎖型綠色商店","city":"新北市"}},{"type":"Feature","geometry":{"type":"Point","coordinates":[121.467297021983,25.022991003945]},"properties":{"name":"棉花田板橋新埔門市","address":"220新北市板橋區文化路一段435巷11號","number":"F002229","phone":"02-25791777","type":"連鎖型綠色商店","city":"新北市"}},{"type":"Feature","geometry":{"type":"Point","coordinates":[121.46084798568,25.136499994032]},"properties":{"name":"棉花田淡水民族門市","address":"251新北市淡水區民族路14號","number":"F002225","phone":"02-25791777","type":"連鎖型綠色商店","city":"新北市"}},{"type":"Feature","geometry":{"type":"Point","coordinates":[121.534779975905,24.97214399044]},"properties":{"name":"棉花田新店三民門市","address":"231新北市新店區三民路119號","number":"F002223","phone":"02-25791777","type":"連鎖型綠色商店","city":"新北市"}},{"type":"Feature","geometry":{"type":"Point","coordinates":[121.528823963147,24.974616987153]},"properties":{"name":"棉花田新店中央門市","address":"231新北市新店區中央五街30號","number":"F002228","phone":"02-25791777","type":"連鎖型綠色商店","city":"新北市"}},{"type":"Feature","geometry":{"type":"Point","coordinates":[121.449051965703,25.034920380001]},"properties":{"name":"棉花田新莊新泰門市","address":"242新北市新莊區新泰路97號","number":"F002227","phone":"02-25791777","type":"連鎖型綠色商店","city":"新北市"}},{"type":"Feature","geometry":{"type":"Point","coordinates":[121.374502732127,24.94352549079]},"properties":{"name":"湧德傢俱生活館","address":"237新北市三峽區大學路129號1樓","number":"F000252","phone":"02-86720668","type":"連鎖型綠色商店","city":"新北市"}},{"type":"Feature","geometry":{"type":"Point","coordinates":[121.524253981898,25.006455604456]},"properties":{"name":"翔龍機車行","address":"234新北市永和區國中路102號","number":"F002088","phone":"29287653","type":"連鎖型綠色商店","city":"新北市"}},{"type":"Feature","geometry":{"type":"Point","coordinates":[121.469247993766,25.021883000164]},"properties":{"name":"華民車業行","address":"220新北市板橋區民生路二段222號","number":"F002131","phone":"22541716","type":"連鎖型綠色商店","city":"新北市"}},{"type":"Feature","geometry":{"type":"Point","coordinates":[121.472258019015,25.021256997726]},"properties":{"name":"華豐機車行","address":"220新北市板橋區莊敬路214號1樓","number":"F002056","phone":"22534580","type":"連鎖型綠色商店","city":"新北市"}},{"type":"Feature","geometry":{"type":"Point","coordinates":[121.412049886497,25.15850140022]},"properties":{"name":"萊爾富國際股份有限公司-北縣八里店","address":"249新北市八里區中山路一段177號","number":"F001694","phone":"02-66068688分機356","type":"連鎖型綠色商店","city":"新北市"}},{"type":"Feature","geometry":{"type":"Point","coordinates":[121.482185964231,25.074421984644]},"properties":{"name":"萊爾富國際股份有限公司-北縣力福店","address":"241新北市三重區力行路二段51號","number":"F001882","phone":"02-66068688分機356","type":"連鎖型綠色商店","city":"新北市"}},{"type":"Feature","geometry":{"type":"Point","coordinates":[121.41336802459,25.159162983838]},"properties":{"name":"萊爾富國際股份有限公司-北縣十三行店","address":"249新北市八里區埤頭村中山路一段131號1樓","number":"F001738","phone":"02-66068688分機356","type":"連鎖型綠色商店","city":"新北市"}},{"type":"Feature","geometry":{"type":"Point","coordinates":[121.485311827383,25.063171794202]},"properties":{"name":"萊爾富國際股份有限公司-北縣三民店","address":"241新北市三重區三民街100,102號","number":"F001817","phone":"02-66068688分機356","type":"連鎖型綠色商店","city":"新北市"}},{"type":"Feature","geometry":{"type":"Point","coordinates":[121.492476594398,25.073557307512]},"properties":{"name":"萊爾富國際股份有限公司-北縣三和二店","address":"241新北市三重區三和路三段137號","number":"F001895","phone":"02-66068688分機356","type":"連鎖型綠色商店","city":"新北市"}},{"type":"Feature","geometry":{"type":"Point","coordinates":[121.366828010123,24.938621993614]},"properties":{"name":"萊爾富國際股份有限公司-北縣三勇店","address":"237新北市三峽區大勇路2之1號","number":"F001860","phone":"02-66068688分機356","type":"連鎖型綠色商店","city":"新北市"}},{"type":"Feature","geometry":{"type":"Point","coordinates":[121.497645965543,25.062285994674]},"properties":{"name":"萊爾富國際股份有限公司-北縣三重店","address":"241新北市三重區重新路二段29號","number":"F001809","phone":"02-66068688分機356","type":"連鎖型綠色商店","city":"新北市"}},{"type":"Feature","geometry":{"type":"Point","coordinates":[121.365834000225,24.909708995796]},"properties":{"name":"萊爾富國際股份有限公司-北縣三埔店","address":"237新北市三峽區中正路二段331-1號","number":"F001749","phone":"02-66068688分機356","type":"連鎖型綠色商店","city":"新北市"}},{"type":"Feature","geometry":{"type":"Point","coordinates":[121.374837002426,24.929753018045]},"properties":{"name":"萊爾富國際股份有限公司-北縣三峽店","address":"237新北市三峽區中正路一段75-1號","number":"F001912","phone":"02-66068688分機356","type":"連鎖型綠色商店","city":"新北市"}},{"type":"Feature","geometry":{"type":"Point","coordinates":[121.493235827188,25.078326610419]},"properties":{"name":"萊爾富國際股份有限公司-北縣三愛三店","address":"241新北市三重區仁愛街253號","number":"F001884","phone":"02-66068688分機356","type":"連鎖型綠色商店","city":"新北市"}},{"type":"Feature","geometry":{"type":"Point","coordinates":[121.490927618691,25.080898010675]},"properties":{"name":"萊爾富國際股份有限公司-北縣三愛店","address":"241新北市三重區仁愛街390號","number":"F001894","phone":"02-66068688分機356","type":"連鎖型綠色商店","city":"新北市"}},{"type":"Feature","geometry":{"type":"Point","coordinates":[121.37201800075,24.935960990813]},"properties":{"name":"萊爾富國際股份有限公司-北縣三豐店","address":"237新北市三峽區文化路63號,65巷2號","number":"F001821","phone":"02-66068688分機356","type":"連鎖型綠色商店","city":"新北市"}},{"type":"Feature","geometry":{"type":"Point","coordinates":[121.494711125966,25.063749810245]},"properties":{"name":"萊爾富國際股份有限公司-北縣大同北店","address":"241新北市三重區大同北路91號                          ","number":"F001862","phone":"02-66068688分機356","type":"連鎖型綠色商店","city":"新北市"}},{"type":"Feature","geometry":{"type":"Point","coordinates":[121.76217799157,25.101788982331]},"properties":{"name":"萊爾富國際股份有限公司-北縣大埔店","address":"224新北市瑞芳區大埔路178號","number":"F001920","phone":"02-66068688分機356","type":"連鎖型綠色商店","city":"新北市"}},{"type":"Feature","geometry":{"type":"Point","coordinates":[121.346353032322,24.972766011475]},"properties":{"name":"萊爾富國際股份有限公司-北縣大湖店","address":"239新北市鶯歌區大湖路366號,中湖街2號","number":"F001866","phone":"02-66068688分機356","type":"連鎖型綠色商店","city":"新北市"}},{"type":"Feature","geometry":{"type":"Point","coordinates":[121.442790013478,24.999276001472]},"properties":{"name":"萊爾富國際股份有限公司-北縣大興店","address":"220新北市板橋區大觀路二段142之2號","number":"F001931","phone":"02-66068688分機356","type":"連鎖型綠色商店","city":"新北市"}},{"type":"Feature","geometry":{"type":"Point","coordinates":[121.469143890529,25.053160197592]},"properties":{"name":"萊爾富國際股份有限公司-北縣中北店","address":"241新北市三重區中興北街153號","number":"F001863","phone":"02-66068688分機356","type":"連鎖型綠色商店","city":"新北市"}},{"type":"Feature","geometry":{"type":"Point","coordinates":[121.500275033293,25.066188985978]},"properties":{"name":"萊爾富國際股份有限公司-北縣中央北店","address":"241新北市三重區中央北路68號","number":"F001824","phone":"02-66068688分機356","type":"連鎖型綠色商店","city":"新北市"}},{"type":"Feature","geometry":{"type":"Point","coordinates":[121.501345989062,25.062967988226]},"properties":{"name":"萊爾富國際股份有限公司-北縣中央南店","address":"241新北市三重區中央南路8號","number":"F001717","phone":"02-66068688分機356","type":"連鎖型綠色商店","city":"新北市"}},{"type":"Feature","geometry":{"type":"Point","coordinates":[121.472049980178,25.0717370096]},"properties":{"name":"萊爾富國際股份有限公司-北縣中正北店","address":"241新北市三重區中正北路518號","number":"F001708","phone":"02-66068688分機356","type":"連鎖型綠色商店","city":"新北市"}},{"type":"Feature","geometry":{"type":"Point","coordinates":[121.451130007138,25.050714986888]},"properties":{"name":"萊爾富國際股份有限公司-北縣中信店","address":"242新北市新莊區中信街21號","number":"F001782","phone":"02-66068688分機356","type":"連鎖型綠色商店","city":"新北市"}},{"type":"Feature","geometry":{"type":"Point","coordinates":[121.486592833645,25.064472581756]},"properties":{"name":"萊爾富國際股份有限公司-北縣中陽二店","address":"241新北市三重區中正北路66號","number":"F001762","phone":"02-66068688分機356","type":"連鎖型綠色商店","city":"新北市"}},{"type":"Feature","geometry":{"type":"Point","coordinates":[121.489579976299,25.063348987635]},"properties":{"name":"萊爾富國際股份有限公司-北縣中陽店","address":"241新北市三重區中正北路105號","number":"F001816","phone":"02-66068688分機356","type":"連鎖型綠色商店","city":"新北市"}},{"type":"Feature","geometry":{"type":"Point","coordinates":[121.469094688757,25.057346706771]},"properties":{"name":"萊爾富國際股份有限公司-北縣中興二店","address":"241新北市三重區中興北街195,197號","number":"F001789","phone":"02-66068688分機356","type":"連鎖型綠色商店","city":"新北市"}},{"type":"Feature","geometry":{"type":"Point","coordinates":[121.469534990131,25.0492960145]},"properties":{"name":"萊爾富國際股份有限公司-北縣中興北三店","address":"241新北市三重區中興北街42號","number":"F001742","phone":"02-66068688分機356","type":"連鎖型綠色商店","city":"新北市"}},{"type":"Feature","geometry":{"type":"Point","coordinates":[121.468876004903,25.05568298281]},"properties":{"name":"萊爾富國際股份有限公司-北縣中興北店","address":"241新北市三重區中興北街134號","number":"F001874","phone":"02-66068688分機356","type":"連鎖型綠色商店","city":"新北市"}},{"type":"Feature","geometry":{"type":"Point","coordinates":[121.448309329081,25.064005081106]},"properties":{"name":"萊爾富國際股份有限公司-北縣五工店","address":"248新北市五股區五工六路28號1樓","number":"F001837","phone":"02-66068688分機356","type":"連鎖型綠色商店","city":"新北市"}},{"type":"Feature","geometry":{"type":"Point","coordinates":[121.437838990911,25.084501013665]},"properties":{"name":"萊爾富國際股份有限公司-北縣五正店","address":"248新北市五股區成泰路二段91巷8號","number":"F001869","phone":"02-66068688分機356","type":"連鎖型綠色商店","city":"新北市"}},{"type":"Feature","geometry":{"type":"Point","coordinates":[121.452302970668,25.068329011588]},"properties":{"name":"萊爾富國際股份有限公司-北縣五股店","address":"248新北市五股區五權路42之1號","number":"F001830","phone":"02-66068688分機356","type":"連鎖型綠色商店","city":"新北市"}},{"type":"Feature","geometry":{"type":"Point","coordinates":[121.452996824613,25.064046110522]},"properties":{"name":"萊爾富國際股份有限公司-北縣五春店","address":"248新北市五股區五工區五工五路18號","number":"F001755","phone":"02-66068688分機356","type":"連鎖型綠色商店","city":"新北市"}},{"type":"Feature","geometry":{"type":"Point","coordinates":[121.442509974093,25.089980012313]},"properties":{"name":"萊爾富國際股份有限公司-北縣五泰店","address":"248新北市五股區西雲路1號","number":"F001804","phone":"02-66068688分機356","type":"連鎖型綠色商店","city":"新北市"}},{"type":"Feature","geometry":{"type":"Point","coordinates":[121.674394990166,25.08010118505]},"properties":{"name":"萊爾富國際股份有限公司-北縣五堵店","address":"221新北市汐止區保一街41號","number":"F001799","phone":"02-66068688分機356","type":"連鎖型綠色商店","city":"新北市"}},{"type":"Feature","geometry":{"type":"Point","coordinates":[121.493255021746,25.081851996985]},"properties":{"name":"萊爾富國際股份有限公司-北縣五華二店","address":"241新北市三重區五華街72號","number":"F001704","phone":"02-66068688分機356","type":"連鎖型綠色商店","city":"新北市"}},{"type":"Feature","geometry":{"type":"Point","coordinates":[121.493814932878,25.081524809395]},"properties":{"name":"萊爾富國際股份有限公司-北縣五華三店","address":"241新北市三重區五華街60號","number":"F001918","phone":"02-66068688分機356","type":"連鎖型綠色商店","city":"新北市"}},{"type":"Feature","geometry":{"type":"Point","coordinates":[121.491369009712,25.084179986773]},"properties":{"name":"萊爾富國際股份有限公司-北縣五華店","address":"241新北市三重區五華街125號","number":"F001754","phone":"02-66068688分機356","type":"連鎖型綠色商店","city":"新北市"}},{"type":"Feature","geometry":{"type":"Point","coordinates":[121.467630034996,25.074445998796]},"properties":{"name":"萊爾富國際股份有限公司-北縣五維店","address":"248新北市五股區四維路153號","number":"F001901","phone":"02-66068688分機356","type":"連鎖型綠色商店","city":"新北市"}},{"type":"Feature","geometry":{"type":"Point","coordinates":[121.462827372115,25.074364694336]},"properties":{"name":"萊爾富國際股份有限公司-北縣五興店","address":"248新北市五股區中興路二段13號1樓","number":"F001828","phone":"02-66068688分機356","type":"連鎖型綠色商店","city":"新北市"}},{"type":"Feature","geometry":{"type":"Point","coordinates":[121.478565233517,25.03416999012]},"properties":{"name":"萊爾富國際股份有限公司-北縣仁化店","address":"220新北市板橋區仁化街191號","number":"F001784","phone":"02-66068688分機356","type":"連鎖型綠色商店","city":"新北市"}},{"type":"Feature","geometry":{"type":"Point","coordinates":[121.481193965991,25.079972983841]},"properties":{"name":"萊爾富國際股份有限公司-北縣仁和店","address":"241新北市三重區三和路四段233號","number":"F001814","phone":"02-66068688分機356","type":"連鎖型綠色商店","city":"新北市"}},{"type":"Feature","geometry":{"type":"Point","coordinates":[121.487313006766,25.082934980785]},"properties":{"name":"萊爾富國際股份有限公司-北縣仁華店","address":"241新北市三重區溪尾街262號","number":"F001829","phone":"02-66068688分機356","type":"連鎖型綠色商店","city":"新北市"}},{"type":"Feature","geometry":{"type":"Point","coordinates":[121.496880027231,25.081812015307]},"properties":{"name":"萊爾富國際股份有限公司-北縣仁義二店","address":"241新北市三重區仁義街209號","number":"F001888","phone":"02-66068688分機356","type":"連鎖型綠色商店","city":"新北市"}},{"type":"Feature","geometry":{"type":"Point","coordinates":[121.500031958101,25.075975989493]},"properties":{"name":"萊爾富國際股份有限公司-北縣仁興店","address":"241新北市三重區仁興街39巷41.41-1.41-2號","number":"F001695","phone":"02-66068688分機356","type":"連鎖型綠色商店","city":"新北市"}},{"type":"Feature","geometry":{"type":"Point","coordinates":[121.465878301051,25.05115889248]},"properties":{"name":"萊爾富國際股份有限公司-北縣化成二店","address":"242新北市新莊區化成路205號之1","number":"F001823","phone":"02-66068688分機356","type":"連鎖型綠色商店","city":"新北市"}},{"type":"Feature","geometry":{"type":"Point","coordinates":[121.498526987386,25.066862010894]},"properties":{"name":"萊爾富國際股份有限公司-北縣文安店","address":"241新北市三重區文化北路75號","number":"F001801","phone":"02-66068688分機356","type":"連鎖型綠色商店","city":"新北市"}},{"type":"Feature","geometry":{"type":"Point","coordinates":[121.505983025537,25.003608984409]},"properties":{"name":"萊爾富國際股份有限公司-北縣水源店","address":"235新北市中和區水源路73號","number":"F001833","phone":"02-66068688分機356","type":"連鎖型綠色商店","city":"新北市"}},{"type":"Feature","geometry":{"type":"Point","coordinates":[121.627876014275,25.056535003267]},"properties":{"name":"萊爾富國際股份有限公司-北縣北山店","address":"221新北市汐止區南陽街261號","number":"F001851","phone":"02-66068688分機356","type":"連鎖型綠色商店","city":"新北市"}},{"type":"Feature","geometry":{"type":"Point","coordinates":[121.492495034585,25.061895984719]},"properties":{"name":"萊爾富國際股份有限公司-北縣台汽店","address":"241新北市三重區中正北路23號","number":"F001808","phone":"02-66068688分機356","type":"連鎖型綠色商店","city":"新北市"}},{"type":"Feature","geometry":{"type":"Point","coordinates":[121.504711993739,24.993103987068]},"properties":{"name":"萊爾富國際股份有限公司-北縣平安店","address":"235新北市中和區景安路152號","number":"F001753","phone":"02-66068688分機356","type":"連鎖型綠色商店","city":"新北市"}},{"type":"Feature","geometry":{"type":"Point","coordinates":[121.490356978723,24.994389016644]},"properties":{"name":"萊爾富國際股份有限公司-北縣平和店","address":"235新北市中和區錦和路216號","number":"F001706","phone":"02-66068688分機356","type":"連鎖型綠色商店","city":"新北市"}},{"type":"Feature","geometry":{"type":"Point","coordinates":[121.495655263539,25.06919188661]},"properties":{"name":"萊爾富國際股份有限公司-北縣正義店","address":"241新北市三重區正義北路280號","number":"F001743","phone":"02-66068688分機356","type":"連鎖型綠色商店","city":"新北市"}},{"type":"Feature","geometry":{"type":"Point","coordinates":[121.466104025704,25.025633985654]},"properties":{"name":"萊爾富國際股份有限公司-北縣民生店","address":"220新北市板橋區民生路三段119號","number":"F001711","phone":"02-66068688分機356","type":"連鎖型綠色商店","city":"新北市"}},{"type":"Feature","geometry":{"type":"Point","coordinates":[121.461589532654,25.136062584415]},"properties":{"name":"萊爾富國際股份有限公司-北縣民族店","address":"251新北市淡水區竹圍里民族路48號","number":"F001778","phone":"02-66068688分機356","type":"連鎖型綠色商店","city":"新北市"}},{"type":"Feature","geometry":{"type":"Point","coordinates":[121.515397998279,25.014063019778]},"properties":{"name":"萊爾富國際股份有限公司-北縣永任店","address":"234新北市永和區永和路二段217號1樓","number":"F001767","phone":"02-66068688分機356","type":"連鎖型綠色商店","city":"新北市"}},{"type":"Feature","geometry":{"type":"Point","coordinates":[121.520556975864,24.986133009655]},"properties":{"name":"萊爾富國際股份有限公司-北縣永安店","address":"231新北市新店區新和街75號","number":"F001947","phone":"02-66068688分機356","type":"連鎖型綠色商店","city":"新北市"}},{"type":"Feature","geometry":{"type":"Point","coordinates":[121.51722969558,25.005852107427]},"properties":{"name":"萊爾富國際股份有限公司-北縣永利店","address":"234新北市永和區中正路560號","number":"F001832","phone":"02-66068688分機356","type":"連鎖型綠色商店","city":"新北市"}},{"type":"Feature","geometry":{"type":"Point","coordinates":[121.465243958619,24.984775015612]},"properties":{"name":"萊爾富國際股份有限公司-北縣永明店","address":"236新北市土城區明德路一段51號","number":"F001751","phone":"02-66068688分機356","type":"連鎖型綠色商店","city":"新北市"}},{"type":"Feature","geometry":{"type":"Point","coordinates":[121.517441003359,25.004220989069]},"properties":{"name":"萊爾富國際股份有限公司-北縣永貞店","address":"234新北市永和區中正路500號","number":"F001938","phone":"02-66068688分機356","type":"連鎖型綠色商店","city":"新北市"}},{"type":"Feature","geometry":{"type":"Point","coordinates":[121.526171174611,24.9978659139]},"properties":{"name":"萊爾富國際股份有限公司-北縣永朗店","address":"234新北市永和區秀朗路二段293號","number":"F001813","phone":"02-66068688分機356","type":"連鎖型綠色商店","city":"新北市"}},{"type":"Feature","geometry":{"type":"Point","coordinates":[121.510914015356,25.008912005]},"properties":{"name":"萊爾富國際股份有限公司-北縣永富店","address":"234新北市永和區和平里永平路164號1樓","number":"F001909","phone":"02-66068688分機356","type":"連鎖型綠色商店","city":"新北市"}},{"type":"Feature","geometry":{"type":"Point","coordinates":[121.479362017233,25.077425011004]},"properties":{"name":"萊爾富國際股份有限公司-北縣永福店","address":"241新北市三重區永福街101號","number":"F001925","phone":"02-66068688分機356","type":"連鎖型綠色商店","city":"新北市"}},{"type":"Feature","geometry":{"type":"Point","coordinates":[121.525817961211,25.007700987629]},"properties":{"name":"萊爾富國際股份有限公司-北縣永遠店","address":"234新北市永和區福和路7巷11弄16號","number":"F001752","phone":"02-66068688分機356","type":"連鎖型綠色商店","city":"新北市"}},{"type":"Feature","geometry":{"type":"Point","coordinates":[121.518642968274,25.013604990679]},"properties":{"name":"萊爾富國際股份有限公司-北縣永鑽店","address":"234新北市永和區竹林路69號1樓","number":"F001792","phone":"02-66068688分機356","type":"連鎖型綠色商店","city":"新北市"}},{"type":"Feature","geometry":{"type":"Point","coordinates":[121.483462611904,25.064210395824]},"properties":{"name":"萊爾富國際股份有限公司-北縣田心店","address":"241新北市三重區忠孝路三段50巷98號","number":"F001786","phone":"02-66068688分機356","type":"連鎖型綠色商店","city":"新北市"}},{"type":"Feature","geometry":{"type":"Point","coordinates":[121.472262964338,25.055837000281]},"properties":{"name":"萊爾富國際股份有限公司-北縣田倉店","address":"241新北市三重區光復路二段51號","number":"F001857","phone":"02-66068688分機356","type":"連鎖型綠色商店","city":"新北市"}},{"type":"Feature","geometry":{"type":"Point","coordinates":[121.445144992995,25.091936013238]},"properties":{"name":"萊爾富國際股份有限公司-北縣成泰店","address":"248新北市五股區成泰路三段165號","number":"F001696","phone":"02-66068688分機356","type":"連鎖型綠色商店","city":"新北市"}},{"type":"Feature","geometry":{"type":"Point","coordinates":[121.465485022154,25.001143992413]},"properties":{"name":"萊爾富國際股份有限公司-北縣成都店","address":"220新北市板橋區重慶路245巷61號","number":"F001945","phone":"02-66068688分機356","type":"連鎖型綠色商店","city":"新北市"}},{"type":"Feature","geometry":{"type":"Point","coordinates":[121.473903973342,25.031408991214]},"properties":{"name":"萊爾富國際股份有限公司-北縣江翠店","address":"220新北市板橋區文化路二段408號","number":"F001935","phone":"02-66068688分機356","type":"連鎖型綠色商店","city":"新北市"}},{"type":"Feature","geometry":{"type":"Point","coordinates":[121.625538972032,25.079124986697]},"properties":{"name":"萊爾富國際股份有限公司-北縣汐忠店","address":"221新北市汐止區忠三街19號1樓","number":"F001703","phone":"02-66068688分機356","type":"連鎖型綠色商店","city":"新北市"}},{"type":"Feature","geometry":{"type":"Point","coordinates":[121.648417125292,25.060718704509]},"properties":{"name":"萊爾富國際股份有限公司-北縣汐科店","address":"221新北市汐止區新台五路一段94號1樓(東方科學園區)","number":"F001773","phone":"02-66068688分機356","type":"連鎖型綠色商店","city":"新北市"}},{"type":"Feature","geometry":{"type":"Point","coordinates":[121.627420960752,25.060721009532]},"properties":{"name":"萊爾富國際股份有限公司-北縣汐福店","address":"221新北市汐止區福德一路270號","number":"F001673","phone":"02-66068688分機356","type":"連鎖型綠色商店","city":"新北市"}},{"type":"Feature","geometry":{"type":"Point","coordinates":[121.632418921977,25.064903411579]},"properties":{"name":"萊爾富國際股份有限公司-北縣汐德店","address":"221新北市汐止區中興路156號","number":"F001765","phone":"02-66068688分機356","type":"連鎖型綠色商店","city":"新北市"}},{"type":"Feature","geometry":{"type":"Point","coordinates":[121.634649011136,25.057446996242]},"properties":{"name":"萊爾富國際股份有限公司-北縣汐鑽店","address":"221新北市汐止區大同路一段282號","number":"F001836","phone":"02-66068688分機356","type":"連鎖型綠色商店","city":"新北市"}},{"type":"Feature","geometry":{"type":"Point","coordinates":[121.506352447947,24.980646591061]},"properties":{"name":"萊爾富國際股份有限公司-北縣竹林店","address":"235新北市中和區華新街143巷12號(竹林中學教學大樓一樓)","number":"F001846","phone":"02-66068688分機356","type":"連鎖型綠色商店","city":"新北市"}},{"type":"Feature","geometry":{"type":"Point","coordinates":[121.451274008235,25.131619002266]},"properties":{"name":"萊爾富國際股份有限公司-北縣米倉店","address":"249新北市八里區龍米路一段215.217號","number":"F001750","phone":"02-66068688分機356","type":"連鎖型綠色商店","city":"新北市"}},{"type":"Feature","geometry":{"type":"Point","coordinates":[121.475255722867,25.003221279477]},"properties":{"name":"萊爾富國際股份有限公司-北縣自治店","address":"235新北市中和區自治街38.40號","number":"F001677","phone":"02-66068688分機356","type":"連鎖型綠色商店","city":"新北市"}},{"type":"Feature","geometry":{"type":"Point","coordinates":[121.445408844362,25.093924327333]},"properties":{"name":"萊爾富國際股份有限公司-北縣西雲店","address":"248新北市五股區西雲路134、134之1號一樓","number":"F001922","phone":"02-66068688分機356","type":"連鎖型綠色商店","city":"新北市"}},{"type":"Feature","geometry":{"type":"Point","coordinates":[121.638730830345,25.069734279564]},"properties":{"name":"萊爾富國際股份有限公司-北縣宏福店","address":"221新北市汐止區福德一路6,10號","number":"F001878","phone":"02-66068688分機356","type":"連鎖型綠色商店","city":"新北市"}},{"type":"Feature","geometry":{"type":"Point","coordinates":[121.483910959905,25.071407307438]},"properties":{"name":"萊爾富國際股份有限公司-北縣車路頭店","address":"241新北市三重區車路頭街35號","number":"F001897","phone":"02-66068688分機356","type":"連鎖型綠色商店","city":"新北市"}},{"type":"Feature","geometry":{"type":"Point","coordinates":[121.521479991042,24.992039988279]},"properties":{"name":"萊爾富國際股份有限公司-北縣和大店","address":"235新北市中和區大智街55巷30弄58-1號","number":"F001769","phone":"02-66068688分機356","type":"連鎖型綠色商店","city":"新北市"}},{"type":"Feature","geometry":{"type":"Point","coordinates":[121.483941972947,24.999631016981]},"properties":{"name":"萊爾富國際股份有限公司-北縣和弘店","address":"235新北市中和區新生街213號","number":"F001848","phone":"02-66068688分機356","type":"連鎖型綠色商店","city":"新北市"}},{"type":"Feature","geometry":{"type":"Point","coordinates":[121.489580982127,25.00672101742]},"properties":{"name":"萊爾富國際股份有限公司-北縣和立店","address":"235新北市中和區立德街13-9號","number":"F001934","phone":"02-66068688分機356","type":"連鎖型綠色商店","city":"新北市"}},{"type":"Feature","geometry":{"type":"Point","coordinates":[121.499801036669,25.001140011009]},"properties":{"name":"萊爾富國際股份有限公司-北縣和泰店","address":"235新北市中和區泰和街10號","number":"F001756","phone":"02-66068688分機356","type":"連鎖型綠色商店","city":"新北市"}},{"type":"Feature","geometry":{"type":"Point","coordinates":[121.472779960126,24.999092982616]},"properties":{"name":"萊爾富國際股份有限公司-北縣和強店","address":"235新北市中和區莒光路179號","number":"F001683","phone":"02-66068688分機356","type":"連鎖型綠色商店","city":"新北市"}},{"type":"Feature","geometry":{"type":"Point","coordinates":[121.501877988457,24.998114018234]},"properties":{"name":"萊爾富國際股份有限公司-北縣和圓店","address":"235新北市中和區圓通路2.4.6號","number":"F001905","phone":"02-66068688分機356","type":"連鎖型綠色商店","city":"新北市"}},{"type":"Feature","geometry":{"type":"Point","coordinates":[121.480993973781,24.994181019717]},"properties":{"name":"萊爾富國際股份有限公司-北縣和樂店","address":"235新北市中和區員山路84號1樓","number":"F001771","phone":"02-66068688分機356","type":"連鎖型綠色商店","city":"新北市"}},{"type":"Feature","geometry":{"type":"Point","coordinates":[121.508818036648,24.998840980697]},"properties":{"name":"萊爾富國際股份有限公司-北縣宜安店","address":"235新北市中和區宜安路161號","number":"F001763","phone":"02-66068688分機356","type":"連鎖型綠色商店","city":"新北市"}},{"type":"Feature","geometry":{"type":"Point","coordinates":[121.459847186441,25.009741687686]},"properties":{"name":"萊爾富國際股份有限公司-北縣府中店","address":"220新北市板橋區府中路22/24號","number":"F001802","phone":"02-66068688分機356","type":"連鎖型綠色商店","city":"新北市"}},{"type":"Feature","geometry":{"type":"Point","coordinates":[121.474148976372,25.028362001771]},"properties":{"name":"萊爾富國際股份有限公司-北縣昇陽店","address":"220新北市板橋區雙十路二段167號","number":"F001919","phone":"02-66068688分機356","type":"連鎖型綠色商店","city":"新北市"}},{"type":"Feature","geometry":{"type":"Point","coordinates":[121.370866997806,25.069704984813]},"properties":{"name":"萊爾富國際股份有限公司-北縣林達店","address":"244新北市林口區文化一路一段43號","number":"F001684","phone":"02-66068688分機356","type":"連鎖型綠色商店","city":"新北市"}},{"type":"Feature","geometry":{"type":"Point","coordinates":[121.476937970834,25.0266740122]},"properties":{"name":"萊爾富國際股份有限公司-北縣板同店","address":"220新北市板橋區大同街6號","number":"F001689","phone":"02-66068688分機356","type":"連鎖型綠色商店","city":"新北市"}},{"type":"Feature","geometry":{"type":"Point","coordinates":[121.454069959677,25.019801983153]},"properties":{"name":"萊爾富國際股份有限公司-北縣板好店","address":"220新北市板橋區中正路341巷37號","number":"F001858","phone":"02-66068688分機356","type":"連鎖型綠色商店","city":"新北市"}},{"type":"Feature","geometry":{"type":"Point","coordinates":[121.47297701867,25.02671298805]},"properties":{"name":"萊爾富國際股份有限公司-北縣板成店","address":"220新北市板橋區莊敬路77號","number":"F001891","phone":"02-66068688分機356","type":"連鎖型綠色商店","city":"新北市"}},{"type":"Feature","geometry":{"type":"Point","coordinates":[121.461370010609,25.026984016889]},"properties":{"name":"萊爾富國際股份有限公司-北縣板助店","address":"220新北市板橋區新翠里互助街56號1樓","number":"F001873","phone":"02-66068688分機356","type":"連鎖型綠色商店","city":"新北市"}},{"type":"Feature","geometry":{"type":"Point","coordinates":[121.46686099538,25.031198018711]},"properties":{"name":"萊爾富國際股份有限公司-北縣板宏店","address":"220新北市板橋區吳鳳路21巷2號1樓","number":"F001881","phone":"02-66068688分機356","type":"連鎖型綠色商店","city":"新北市"}},{"type":"Feature","geometry":{"type":"Point","coordinates":[121.465852987704,25.02352300334]},"properties":{"name":"萊爾富國際股份有限公司-北縣板明店","address":"220新北市板橋區陽明街52號+自由路1號","number":"F001946","phone":"02-66068688分機356","type":"連鎖型綠色商店","city":"新北市"}},{"type":"Feature","geometry":{"type":"Point","coordinates":[121.448,25.0199]},"properties":{"name":"萊爾富國際股份有限公司-北縣板松店","address":"220新北市板橋區松江路74號","number":"F001910","phone":"02-66068688分機356","type":"連鎖型綠色商店","city":"新北市"}},{"type":"Feature","geometry":{"type":"Point","coordinates":[121.479438041094,25.033192995485]},"properties":{"name":"萊爾富國際股份有限公司-北縣板治店","address":"220新北市板橋區民治街52巷1.3號","number":"F001737","phone":"02-66068688分機356","type":"連鎖型綠色商店","city":"新北市"}},{"type":"Feature","geometry":{"type":"Point","coordinates":[121.461223997856,24.998532987665]},"properties":{"name":"萊爾富國際股份有限公司-北縣板美店","address":"220新北市板橋區重慶路290巷9號","number":"F001900","phone":"02-66068688分機356","type":"連鎖型綠色商店","city":"新北市"}},{"type":"Feature","geometry":{"type":"Point","coordinates":[121.445119009095,25.007869002879]},"properties":{"name":"萊爾富國際股份有限公司-北縣板盛店","address":"220新北市板橋區僑中二街104巷2號1樓","number":"F001724","phone":"02-66068688分機356","type":"連鎖型綠色商店","city":"新北市"}},{"type":"Feature","geometry":{"type":"Point","coordinates":[121.469544964596,25.025129981816]},"properties":{"name":"萊爾富國際股份有限公司-北縣板莒店","address":"220新北市板橋區文化路二段78號","number":"F001880","phone":"02-66068688分機356","type":"連鎖型綠色商店","city":"新北市"}},{"type":"Feature","geometry":{"type":"Point","coordinates":[121.473786039964,25.021301002717]},"properties":{"name":"萊爾富國際股份有限公司-北縣板莊店","address":"220新北市板橋區莊敬路248號","number":"F001723","phone":"02-66068688分機356","type":"連鎖型綠色商店","city":"新北市"}},{"type":"Feature","geometry":{"type":"Point","coordinates":[121.4641372879,25.013924834458]},"properties":{"name":"萊爾富國際股份有限公司-北縣板速店","address":"220新北市板橋區縣民大道二段7號B1","number":"F001939","phone":"02-66068688分機356","type":"連鎖型綠色商店","city":"新北市"}},{"type":"Feature","geometry":{"type":"Point","coordinates":[121.475247867751,25.012571474951]},"properties":{"name":"萊爾富國際股份有限公司-北縣板富店","address":"220新北市板橋區板新路1號","number":"F001948","phone":"02-66068688分機356","type":"連鎖型綠色商店","city":"新北市"}},{"type":"Feature","geometry":{"type":"Point","coordinates":[121.45678703741,25.005306990354]},"properties":{"name":"萊爾富國際股份有限公司-北縣板華店","address":"220新北市板橋區華星里華興街90號1樓","number":"F001871","phone":"02-66068688分機356","type":"連鎖型綠色商店","city":"新北市"}},{"type":"Feature","geometry":{"type":"Point","coordinates":[121.453660000793,25.007964011751]},"properties":{"name":"萊爾富國際股份有限公司-北縣板雅店","address":"220新北市板橋區南雅東路100巷3號","number":"F001745","phone":"02-66068688分機356","type":"連鎖型綠色商店","city":"新北市"}},{"type":"Feature","geometry":{"type":"Point","coordinates":[121.470646011397,25.031440004255]},"properties":{"name":"萊爾富國際股份有限公司-北縣板嘉店","address":"220新北市板橋區雙十路三段29號","number":"F001736","phone":"02-66068688分機356","type":"連鎖型綠色商店","city":"新北市"}},{"type":"Feature","geometry":{"type":"Point","coordinates":[121.471657036558,25.032219982255]},"properties":{"name":"萊爾富國際股份有限公司-北縣板寧店","address":"220新北市板橋區江寧路三段53號","number":"F001747","phone":"02-66068688分機356","type":"連鎖型綠色商店","city":"新北市"}},{"type":"Feature","geometry":{"type":"Point","coordinates":[121.463678973477,25.028048979597]},"properties":{"name":"萊爾富國際股份有限公司-北縣板維店","address":"220新北市板橋區明翠里四維路234號1樓","number":"F001671","phone":"02-66068688分機356","type":"連鎖型綠色商店","city":"新北市"}},{"type":"Feature","geometry":{"type":"Point","coordinates":[121.430114983316,24.993881995321]},"properties":{"name":"萊爾富國際股份有限公司-北縣板億店","address":"220新北市板橋區崑崙里大觀路三段160巷31弄1號","number":"F001879","phone":"02-66068688分機356","type":"連鎖型綠色商店","city":"新北市"}},{"type":"Feature","geometry":{"type":"Point","coordinates":[121.461260962049,25.00899599167]},"properties":{"name":"萊爾富國際股份有限公司-北縣板震店","address":"220新北市板橋區中山路一段50巷5號","number":"F001943","phone":"02-66068688分機356","type":"連鎖型綠色商店","city":"新北市"}},{"type":"Feature","geometry":{"type":"Point","coordinates":[121.455992013894,25.002858007794]},"properties":{"name":"萊爾富國際股份有限公司-北縣板興店","address":"220新北市板橋區貴興路86號","number":"F001761","phone":"02-66068688分機356","type":"連鎖型綠色商店","city":"新北市"}},{"type":"Feature","geometry":{"type":"Point","coordinates":[121.461048983718,25.016860018958]},"properties":{"name":"萊爾富國際股份有限公司-北縣板館店","address":"220新北市板橋區公館街110號 ","number":"F001732","phone":"02-66068688分機356","type":"連鎖型綠色商店","city":"新北市"}},{"type":"Feature","geometry":{"type":"Point","coordinates":[121.443842026146,25.002241015901]},"properties":{"name":"萊爾富國際股份有限公司-北縣板龍店","address":"220新北市板橋區龍興街73巷2號","number":"F001893","phone":"02-66068688分機356","type":"連鎖型綠色商店","city":"新北市"}},{"type":"Feature","geometry":{"type":"Point","coordinates":[121.448,25.0199]},"properties":{"name":"萊爾富國際股份有限公司-北縣板駿店","address":"220新北市板橋區文化路313號(致理技術學院)","number":"F001949","phone":"02-66068688分機356","type":"連鎖型綠色商店","city":"新北市"}},{"type":"Feature","geometry":{"type":"Point","coordinates":[121.473959964455,25.017910019969]},"properties":{"name":"萊爾富國際股份有限公司-北縣板豐店","address":"220新北市板橋區永豐街51-1 ,51-2號  ","number":"F001776","phone":"02-66068688分機356","type":"連鎖型綠色商店","city":"新北市"}},{"type":"Feature","geometry":{"type":"Point","coordinates":[121.47155562936,25.030523193733]},"properties":{"name":"萊爾富國際股份有限公司-北縣板雙店","address":"220新北市板橋區雙十路三段12、14、16號","number":"F001670","phone":"02-66068688分機356","type":"連鎖型綠色商店","city":"新北市"}},{"type":"Feature","geometry":{"type":"Point","coordinates":[121.462778002705,24.996167991774]},"properties":{"name":"萊爾富國際股份有限公司-北縣板鑽店","address":"220新北市板橋區國慶路180號","number":"F001740","phone":"02-66068688分機356","type":"連鎖型綠色商店","city":"新北市"}},{"type":"Feature","geometry":{"type":"Point","coordinates":[121.503937002972,25.257821001698]},"properties":{"name":"萊爾富國際股份有限公司-北縣芝蘭店","address":"252新北市三芝區中正路一段68號","number":"F001864","phone":"02-66068688分機356","type":"連鎖型綠色商店","city":"新北市"}},{"type":"Feature","geometry":{"type":"Point","coordinates":[121.466400325981,25.042507594937]},"properties":{"name":"萊爾富國際股份有限公司-北縣金陵店","address":"241新北市三重區重新路五段656號(私立金陵女子高級中學)","number":"F001849","phone":"02-66068688分機356","type":"連鎖型綠色商店","city":"新北市"}},{"type":"Feature","geometry":{"type":"Point","coordinates":[121.635789369063,25.222319199341]},"properties":{"name":"萊爾富國際股份有限公司-北縣金陽店","address":"208新北市金山鄉中正路26號","number":"F001693","phone":"02-66068688分機356","type":"連鎖型綠色商店","city":"新北市"}},{"type":"Feature","geometry":{"type":"Point","coordinates":[121.457175035708,25.175980099093]},"properties":{"name":"萊爾富國際股份有限公司-北縣金龍店","address":"251新北市淡水區水源街二段194號","number":"F001682","phone":"02-66068688分機356","type":"連鎖型綠色商店","city":"新北市"}},{"type":"Feature","geometry":{"type":"Point","coordinates":[121.462813961069,25.080031992439]},"properties":{"name":"萊爾富國際股份有限公司-北縣長安二店","address":"247新北市蘆洲區長安街66號","number":"F001865","phone":"02-66068688分機356","type":"連鎖型綠色商店","city":"新北市"}},{"type":"Feature","geometry":{"type":"Point","coordinates":[121.502832016676,25.067951993583]},"properties":{"name":"萊爾富國際股份有限公司-北縣長濱店","address":"241新北市三重區長安街120號","number":"F001781","phone":"02-66068688分機356","type":"連鎖型綠色商店","city":"新北市"}},{"type":"Feature","geometry":{"type":"Point","coordinates":[121.446084017607,25.012864994357]},"properties":{"name":"萊爾富國際股份有限公司-北縣阜康店","address":"220新北市板橋區僑中一街102巷7弄19號","number":"F001731","phone":"02-66068688分機356","type":"連鎖型綠色商店","city":"新北市"}},{"type":"Feature","geometry":{"type":"Point","coordinates":[121.460778583521,24.978602288747]},"properties":{"name":"萊爾富國際股份有限公司-北縣青雲二店","address":"236新北市土城區青仁路27號","number":"F001826","phone":"02-66068688分機356","type":"連鎖型綠色商店","city":"新北市"}},{"type":"Feature","geometry":{"type":"Point","coordinates":[121.459494978869,24.971539990498]},"properties":{"name":"萊爾富國際股份有限公司-北縣青雲店","address":"236新北市土城區青雲路585之2號","number":"F001838","phone":"02-66068688分機356","type":"連鎖型綠色商店","city":"新北市"}},{"type":"Feature","geometry":{"type":"Point","coordinates":[121.504507559121,24.98394239926]},"properties":{"name":"萊爾富國際股份有限公司-北縣南勢店","address":"235新北市中和區興南路二段118號","number":"F001940","phone":"02-66068688分機356","type":"連鎖型綠色商店","city":"新北市"}},{"type":"Feature","geometry":{"type":"Point","coordinates":[121.453956971622,24.983418991316]},"properties":{"name":"萊爾富國際股份有限公司-北縣城士店","address":"236新北市土城區裕民路240.242號","number":"F001902","phone":"02-66068688分機356","type":"連鎖型綠色商店","city":"新北市"}},{"type":"Feature","geometry":{"type":"Point","coordinates":[121.44269202903,24.97488998574]},"properties":{"name":"萊爾富國際股份有限公司-北縣城正店","address":"236新北市土城區中正路8號","number":"F001896","phone":"02-66068688分機356","type":"連鎖型綠色商店","city":"新北市"}},{"type":"Feature","geometry":{"type":"Point","coordinates":[121.47049161674,24.986355716822]},"properties":{"name":"萊爾富國際股份有限公司-北縣城吉店","address":"236新北市土城區延吉街96號1樓","number":"F001774","phone":"02-66068688分機356","type":"連鎖型綠色商店","city":"新北市"}},{"type":"Feature","geometry":{"type":"Point","coordinates":[121.465871008796,24.989075979678]},"properties":{"name":"萊爾富國際股份有限公司-北縣城和店","address":"236新北市土城區安和里延和路64號1樓","number":"F001760","phone":"02-66068688分機356","type":"連鎖型綠色商店","city":"新北市"}},{"type":"Feature","geometry":{"type":"Point","coordinates":[121.453811964697,24.986177014646]},"properties":{"name":"萊爾富國際股份有限公司-北縣城府店","address":"236新北市土城區學府路一段139.141號","number":"F001794","phone":"02-66068688分機356","type":"連鎖型綠色商店","city":"新北市"}},{"type":"Feature","geometry":{"type":"Point","coordinates":[121.467582006691,24.984867719461]},"properties":{"name":"萊爾富國際股份有限公司-北縣城堡店","address":"236新北市土城區延吉街251號","number":"F001788","phone":"02-66068688分機356","type":"連鎖型綠色商店","city":"新北市"}},{"type":"Feature","geometry":{"type":"Point","coordinates":[121.452093003994,24.985638980281]},"properties":{"name":"萊爾富國際股份有限公司-北縣城裕店","address":"236新北市土城區裕民路162號","number":"F001852","phone":"02-66068688分機356","type":"連鎖型綠色商店","city":"新北市"}},{"type":"Feature","geometry":{"type":"Point","coordinates":[121.455366975374,24.993323006198]},"properties":{"name":"萊爾富國際股份有限公司-北縣城廣店","address":"236新北市土城區廣明街50號1樓.B1","number":"F001775","phone":"02-66068688分機356","type":"連鎖型綠色商店","city":"新北市"}},{"type":"Feature","geometry":{"type":"Point","coordinates":[121.450732034375,24.98846900416]},"properties":{"name":"萊爾富國際股份有限公司-北縣城學店","address":"236新北市土城區學成里學成路91巷2號1樓.B1","number":"F001709","phone":"02-66068688分機356","type":"連鎖型綠色商店","city":"新北市"}},{"type":"Feature","geometry":{"type":"Point","coordinates":[121.538661970542,24.979362988369]},"properties":{"name":"萊爾富國際股份有限公司-北縣建國二店","address":"231新北市新店區建國路154號","number":"F001890","phone":"02-66068688分機356","type":"連鎖型綠色商店","city":"新北市"}},{"type":"Feature","geometry":{"type":"Point","coordinates":[121.538605727972,24.973955696902]},"properties":{"name":"萊爾富國際股份有限公司-北縣建國店","address":"231新北市新店區中正路282之10號","number":"F001923","phone":"02-66068688分機356","type":"連鎖型綠色商店","city":"新北市"}},{"type":"Feature","geometry":{"type":"Point","coordinates":[121.492476007665,25.065300001328]},"properties":{"name":"萊爾富國際股份有限公司-北縣重大店","address":"241新北市三重區重陽里大仁街78號1樓","number":"F001730","phone":"02-66068688分機356","type":"連鎖型綠色商店","city":"新北市"}},{"type":"Feature","geometry":{"type":"Point","coordinates":[121.496610968139,25.057955987313]},"properties":{"name":"萊爾富國際股份有限公司-北縣重山店","address":"241新北市三重區大同南路144號1樓","number":"F001714","phone":"02-66068688分機356","type":"連鎖型綠色商店","city":"新北市"}},{"type":"Feature","geometry":{"type":"Point","coordinates":[121.494457323387,25.058093628347]},"properties":{"name":"萊爾富國際股份有限公司-北縣重化店","address":"241新北市三重區仁化街118.120號","number":"F001807","phone":"02-66068688分機356","type":"連鎖型綠色商店","city":"新北市"}},{"type":"Feature","geometry":{"type":"Point","coordinates":[121.480809991006,25.068300010203]},"properties":{"name":"萊爾富國際股份有限公司-北縣重北店","address":"241新北市三重區中正北路274號","number":"F001759","phone":"02-66068688分機356","type":"連鎖型綠色商店","city":"新北市"}},{"type":"Feature","geometry":{"type":"Point","coordinates":[121.492837016235,25.060508989292]},"properties":{"name":"萊爾富國際股份有限公司-北縣重正店","address":"241新北市三重區重新路三段98號","number":"F001798","phone":"02-66068688分機356","type":"連鎖型綠色商店","city":"新北市"}},{"type":"Feature","geometry":{"type":"Point","coordinates":[121.48451998899,25.059026984991]},"properties":{"name":"萊爾富國際股份有限公司-北縣重民店","address":"241新北市三重區三陽路59號","number":"F001674","phone":"02-66068688分機356","type":"連鎖型綠色商店","city":"新北市"}},{"type":"Feature","geometry":{"type":"Point","coordinates":[121.482424429377,25.078319192435]},"properties":{"name":"萊爾富國際股份有限公司-北縣重永店","address":"241新北市三重區永福街11號","number":"F001766","phone":"02-66068688分機356","type":"連鎖型綠色商店","city":"新北市"}},{"type":"Feature","geometry":{"type":"Point","coordinates":[121.499742028071,25.067897008298]},"properties":{"name":"萊爾富國際股份有限公司-北縣重玉店","address":"241新北市三重區中央北路132號","number":"F001859","phone":"02-66068688分機356","type":"連鎖型綠色商店","city":"新北市"}},{"type":"Feature","geometry":{"type":"Point","coordinates":[121.469528787522,25.059923680993]},"properties":{"name":"萊爾富國際股份有限公司-北縣重光店","address":"241新北市三重區光華路17號","number":"F001728","phone":"02-66068688分機356","type":"連鎖型綠色商店","city":"新北市"}},{"type":"Feature","geometry":{"type":"Point","coordinates":[121.495968998175,25.059694100665]},"properties":{"name":"萊爾富國際股份有限公司-北縣重安店","address":"241新北市三重區大同南路69號","number":"F001686","phone":"02-66068688分機356","type":"連鎖型綠色商店","city":"新北市"}},{"type":"Feature","geometry":{"type":"Point","coordinates":[121.49572793464,25.073224084952]},"properties":{"name":"萊爾富國際股份有限公司-北縣重旺店","address":"241新北市三重區尚德里仁愛街70號","number":"F001926","phone":"02-66068688分機356","type":"連鎖型綠色商店","city":"新北市"}},{"type":"Feature","geometry":{"type":"Point","coordinates":[121.492827963779,25.068388984105]},"properties":{"name":"萊爾富國際股份有限公司-北縣重武店","address":"241新北市三重區安慶街203之1號","number":"F001722","phone":"02-66068688分機356","type":"連鎖型綠色商店","city":"新北市"}},{"type":"Feature","geometry":{"type":"Point","coordinates":[121.501472974895,25.060621013427]},"properties":{"name":"萊爾富國際股份有限公司-北縣重治店","address":"241新北市三重區中央南路93號","number":"F001687","phone":"02-66068688分機356","type":"連鎖型綠色商店","city":"新北市"}},{"type":"Feature","geometry":{"type":"Point","coordinates":[121.500127008883,25.062543989654]},"properties":{"name":"萊爾富國際股份有限公司-北縣重冠店","address":"241新北市三重區文化南路8號","number":"F001705","phone":"02-66068688分機356","type":"連鎖型綠色商店","city":"新北市"}},{"type":"Feature","geometry":{"type":"Point","coordinates":[121.497977972728,25.06839200159]},"properties":{"name":"萊爾富國際股份有限公司-北縣重盈店","address":"241新北市三重區文化里文化北路10號1樓","number":"F001872","phone":"02-66068688分機356","type":"連鎖型綠色商店","city":"新北市"}},{"type":"Feature","geometry":{"type":"Point","coordinates":[121.485541994444,25.080670986828]},"properties":{"name":"萊爾富國際股份有限公司-北縣重美店","address":"241新北市三重區慈愛里仁美街106號","number":"F001815","phone":"02-66068688分機356","type":"連鎖型綠色商店","city":"新北市"}},{"type":"Feature","geometry":{"type":"Point","coordinates":[121.487988001429,25.070195996701]},"properties":{"name":"萊爾富國際股份有限公司-北縣重國店","address":"241新北市三重區自強路二段76號","number":"F001854","phone":"02-66068688分機356","type":"連鎖型綠色商店","city":"新北市"}},{"type":"Feature","geometry":{"type":"Point","coordinates":[121.495493073713,25.06628319857]},"properties":{"name":"萊爾富國際股份有限公司-北縣重強店","address":"241新北市三重區自強路一段164,166號","number":"F001715","phone":"02-66068688分機356","type":"連鎖型綠色商店","city":"新北市"}},{"type":"Feature","geometry":{"type":"Point","coordinates":[121.472154253421,25.050317157176]},"properties":{"name":"萊爾富國際股份有限公司-北縣重富店","address":"241新北市三重區光復路一段85號、85-2號","number":"F001676","phone":"02-66068688分機356","type":"連鎖型綠色商店","city":"新北市"}},{"type":"Feature","geometry":{"type":"Point","coordinates":[121.49244700628,25.071429016568]},"properties":{"name":"萊爾富國際股份有限公司-北縣重陽二店","address":"241新北市三重區重陽路四段132,134號","number":"F001883","phone":"02-66068688分機356","type":"連鎖型綠色商店","city":"新北市"}},{"type":"Feature","geometry":{"type":"Point","coordinates":[121.48638898576,25.055324907906]},"properties":{"name":"萊爾富國際股份有限公司-北縣重集店","address":"241新北市三重區重新路四段176號","number":"F001744","phone":"02-66068688分機356","type":"連鎖型綠色商店","city":"新北市"}},{"type":"Feature","geometry":{"type":"Point","coordinates":[121.492309962163,25.079598983321]},"properties":{"name":"萊爾富國際股份有限公司-北縣重愛店","address":"241新北市三重區仁愛街329號","number":"F001877","phone":"02-66068688分機356","type":"連鎖型綠色商店","city":"新北市"}},{"type":"Feature","geometry":{"type":"Point","coordinates":[121.48767971503,25.053788295506]},"properties":{"name":"萊爾富國際股份有限公司-北縣重新店","address":"241新北市三重區重新路四段244巷40號","number":"F001876","phone":"02-66068688分機356","type":"連鎖型綠色商店","city":"新北市"}},{"type":"Feature","geometry":{"type":"Point","coordinates":[121.483436292728,25.063053693186]},"properties":{"name":"萊爾富國際股份有限公司-北縣重萬店","address":"241新北市三重區中華路94號1樓","number":"F001834","phone":"02-66068688分機356","type":"連鎖型綠色商店","city":"新北市"}},{"type":"Feature","geometry":{"type":"Point","coordinates":[121.483353730982,25.060766104171]},"properties":{"name":"萊爾富國際股份有限公司-北縣重鈴店","address":"241新北市三重區中華路18號","number":"F001787","phone":"02-66068688分機356","type":"連鎖型綠色商店","city":"新北市"}},{"type":"Feature","geometry":{"type":"Point","coordinates":[121.48412000457,25.074780017638]},"properties":{"name":"萊爾富國際股份有限公司-北縣重福店","address":"241新北市三重區永福街258號","number":"F001889","phone":"02-66068688分機356","type":"連鎖型綠色商店","city":"新北市"}},{"type":"Feature","geometry":{"type":"Point","coordinates":[121.49547597463,25.061381000588]},"properties":{"name":"萊爾富國際股份有限公司-北縣重樂店","address":"241新北市三重區重新路三段2號","number":"F001688","phone":"02-66068688分機356","type":"連鎖型綠色商店","city":"新北市"}},{"type":"Feature","geometry":{"type":"Point","coordinates":[121.500903005479,25.063712007861]},"properties":{"name":"萊爾富國際股份有限公司-北縣重錦店","address":"241新北市三重區中央北路2號","number":"F001757","phone":"02-66068688分機356","type":"連鎖型綠色商店","city":"新北市"}},{"type":"Feature","geometry":{"type":"Point","coordinates":[121.490981011414,25.050538003003]},"properties":{"name":"萊爾富國際股份有限公司-北縣重環店","address":"241新北市三重區環河南路255號","number":"F001831","phone":"02-66068688分機356","type":"連鎖型綠色商店","city":"新北市"}},{"type":"Feature","geometry":{"type":"Point","coordinates":[121.496609962311,25.056825981036]},"properties":{"name":"萊爾富國際股份有限公司-北縣重鑫店","address":"241新北市三重區大同南路153,153-1號","number":"F001719","phone":"02-66068688分機356","type":"連鎖型綠色商店","city":"新北市"}},{"type":"Feature","geometry":{"type":"Point","coordinates":[121.497704515512,25.005132541254]},"properties":{"name":"萊爾富國際股份有限公司-北縣飛和店","address":"235新北市中和區永和路343號","number":"F001729","phone":"02-66068688分機356","type":"連鎖型綠色商店","city":"新北市"}},{"type":"Feature","geometry":{"type":"Point","coordinates":[121.394174975061,25.077357997688]},"properties":{"name":"萊爾富國際股份有限公司-北縣凌羽店","address":"244新北市林口區中正路94號","number":"F001795","phone":"02-66068688分機356","type":"連鎖型綠色商店","city":"新北市"}},{"type":"Feature","geometry":{"type":"Point","coordinates":[121.478157873022,25.009466509805]},"properties":{"name":"萊爾富國際股份有限公司-北縣員山二店","address":"235新北市中和區員山路581巷2號","number":"F001936","phone":"02-66068688分機356","type":"連鎖型綠色商店","city":"新北市"}},{"type":"Feature","geometry":{"type":"Point","coordinates":[121.479728976954,25.007870008707]},"properties":{"name":"萊爾富國際股份有限公司-北縣員山店","address":"235新北市中和區員山路502-7號","number":"F001803","phone":"02-66068688分機356","type":"連鎖型綠色商店","city":"新北市"}},{"type":"Feature","geometry":{"type":"Point","coordinates":[121.479965514261,25.080319701266]},"properties":{"name":"萊爾富國際股份有限公司-北縣徐匯店","address":"247新北市蘆洲區中山一路一號(匯心樓)","number":"F001681","phone":"02-66068688分機356","type":"連鎖型綠色商店","city":"新北市"}},{"type":"Feature","geometry":{"type":"Point","coordinates":[121.426040959277,25.045944007601]},"properties":{"name":"萊爾富國際股份有限公司-北縣泰富店","address":"243新北市泰山區明志路二段324.326號","number":"F001764","phone":"02-66068688分機356","type":"連鎖型綠色商店","city":"新北市"}},{"type":"Feature","geometry":{"type":"Point","coordinates":[121.449603494932,24.982245315324]},"properties":{"name":"萊爾富國際股份有限公司-北縣海山店","address":"236新北市土城區明德路二段131號","number":"F001941","phone":"02-66068688分機356","type":"連鎖型綠色商店","city":"新北市"}},{"type":"Feature","geometry":{"type":"Point","coordinates":[121.43488,25.17677]},"properties":{"name":"萊爾富國際股份有限公司-北縣真理店","address":"251新北市淡水區真理街32號(真理大學)","number":"F001835","phone":"02-66068688分機356","type":"連鎖型綠色商店","city":"新北市"}},{"type":"Feature","geometry":{"type":"Point","coordinates":[121.537055997894,24.977066011623]},"properties":{"name":"萊爾富國際股份有限公司-北縣耕莘店","address":"231新北市新店區民族路112號(耕莘護專)","number":"F001680","phone":"02-66068688分機356","type":"連鎖型綠色商店","city":"新北市"}},{"type":"Feature","geometry":{"type":"Point","coordinates":[121.535561001643,24.976130004495]},"properties":{"name":"萊爾富國際股份有限公司-北縣耕醫店","address":"231新北市新店區中正路362號1樓耕莘醫院新店總院1樓","number":"F001932","phone":"02-66068688分機356","type":"連鎖型綠色商店","city":"新北市"}},{"type":"Feature","geometry":{"type":"Point","coordinates":[121.396275731454,25.145287916598]},"properties":{"name":"萊爾富國際股份有限公司-北縣商港店","address":"249新北市八里區訊塘村23鄰商港路48號","number":"F001839","phone":"02-66068688分機356","type":"連鎖型綠色商店","city":"新北市"}},{"type":"Feature","geometry":{"type":"Point","coordinates":[121.457209820606,25.160035917144]},"properties":{"name":"萊爾富國際股份有限公司-北縣淡金店","address":"251新北市淡水區淡金路18號","number":"F001734","phone":"02-66068688分機356","type":"連鎖型綠色商店","city":"新北市"}},{"type":"Feature","geometry":{"type":"Point","coordinates":[121.449370628757,25.178908746091]},"properties":{"name":"萊爾富國際股份有限公司-北縣淡俊店","address":"251新北市淡水區北新路137、139號1F","number":"F001811","phone":"02-66068688分機356","type":"連鎖型綠色商店","city":"新北市"}},{"type":"Feature","geometry":{"type":"Point","coordinates":[121.453463026068,25.232439006321]},"properties":{"name":"萊爾富國際股份有限公司-北縣淡虹店","address":"251新北市淡水區淡金路五段20-22號","number":"F001868","phone":"02-66068688分機356","type":"連鎖型綠色商店","city":"新北市"}},{"type":"Feature","geometry":{"type":"Point","coordinates":[121.459578211168,25.153685284384]},"properties":{"name":"萊爾富國際股份有限公司-北縣淡陽店","address":"251新北市淡水區中正東路二段81號","number":"F001768","phone":"02-66068688分機356","type":"連鎖型綠色商店","city":"新北市"}},{"type":"Feature","geometry":{"type":"Point","coordinates":[121.413121009904,25.184063983701]},"properties":{"name":"萊爾富國際股份有限公司-北縣淡漁店","address":"251新北市淡水區觀海路135號(漁人碼頭木棧道下方商店街)","number":"F001785","phone":"02-66068688分機356","type":"連鎖型綠色商店","city":"新北市"}},{"type":"Feature","geometry":{"type":"Point","coordinates":[121.459813323552,25.139179101744]},"properties":{"name":"萊爾富國際股份有限公司-北縣淡醫店","address":"251新北市淡水區民權路47號1樓(淡水馬偕醫院一樓) ","number":"F001855","phone":"02-66068688分機356","type":"連鎖型綠色商店","city":"新北市"}},{"type":"Feature","geometry":{"type":"Point","coordinates":[121.450149995019,25.179374015508]},"properties":{"name":"萊爾富國際股份有限公司-北縣淡鑫店","address":"251新北市淡水區北新路165.167號","number":"F001875","phone":"02-66068688分機356","type":"連鎖型綠色商店","city":"新北市"}},{"type":"Feature","geometry":{"type":"Point","coordinates":[121.618804029012,25.003816017417]},"properties":{"name":"萊爾富國際股份有限公司-北縣深北店","address":"222新北市深坑區北深路二段57.59號","number":"F001796","phone":"02-66068688分機356","type":"連鎖型綠色商店","city":"新北市"}},{"type":"Feature","geometry":{"type":"Point","coordinates":[121.448133979667,25.043690993937]},"properties":{"name":"萊爾富國際股份有限公司-北縣莊月店","address":"242新北市新莊區中和街19號","number":"F001929","phone":"02-66068688分機356","type":"連鎖型綠色商店","city":"新北市"}},{"type":"Feature","geometry":{"type":"Point","coordinates":[121.458034013146,25.043783991152]},"properties":{"name":"萊爾富國際股份有限公司-北縣莊民店","address":"242新北市新莊區民樂街80.82號","number":"F001886","phone":"02-66068688分機356","type":"連鎖型綠色商店","city":"新北市"}},{"type":"Feature","geometry":{"type":"Point","coordinates":[121.448565982957,25.034268016477]},"properties":{"name":"萊爾富國際股份有限公司-北縣莊年店","address":"242新北市新莊區新豐街11號","number":"F001678","phone":"02-66068688分機356","type":"連鎖型綠色商店","city":"新北市"}},{"type":"Feature","geometry":{"type":"Point","coordinates":[121.451291191136,25.04814119779]},"properties":{"name":"萊爾富國際股份有限公司-北縣莊成店","address":"242新北市新莊區忠誠里中誠街44號1樓","number":"F001679","phone":"02-66068688分機356","type":"連鎖型綠色商店","city":"新北市"}},{"type":"Feature","geometry":{"type":"Point","coordinates":[121.455843989484,25.048248989064]},"properties":{"name":"萊爾富國際股份有限公司-北縣莊玲店","address":"242新北市新莊區自信街77號","number":"F001841","phone":"02-66068688分機356","type":"連鎖型綠色商店","city":"新北市"}},{"type":"Feature","geometry":{"type":"Point","coordinates":[121.443538014518,25.028495986494]},"properties":{"name":"萊爾富國際股份有限公司-北縣莊泰店","address":"242新北市新莊區瓊林里瓊泰路49號1樓","number":"F001672","phone":"02-66068688分機356","type":"連鎖型綠色商店","city":"新北市"}},{"type":"Feature","geometry":{"type":"Point","coordinates":[121.45428001017,25.044120985569]},"properties":{"name":"萊爾富國際股份有限公司-北縣莊國店","address":"242新北市新莊區復興路二段31號","number":"F001885","phone":"02-66068688分機356","type":"連鎖型綠色商店","city":"新北市"}},{"type":"Feature","geometry":{"type":"Point","coordinates":[121.411937988089,25.021768000453]},"properties":{"name":"萊爾富國際股份有限公司-北縣莊捷店","address":"242新北市新莊區中正路895-50號一樓","number":"F001700","phone":"02-66068688分機356","type":"連鎖型綠色商店","city":"新北市"}},{"type":"Feature","geometry":{"type":"Point","coordinates":[121.454529036514,25.049435992283]},"properties":{"name":"萊爾富國際股份有限公司-北縣莊勝店","address":"242新北市新莊區幸福路562號 ","number":"F001840","phone":"02-66068688分機356","type":"連鎖型綠色商店","city":"新北市"}},{"type":"Feature","geometry":{"type":"Point","coordinates":[121.465652995494,25.057438279063]},"properties":{"name":"萊爾富國際股份有限公司-北縣莊富店","address":"242新北市新莊區化成路738,740號","number":"F001770","phone":"02-66068688分機356","type":"連鎖型綠色商店","city":"新北市"}},{"type":"Feature","geometry":{"type":"Point","coordinates":[121.4432848,25.0303904]},"properties":{"name":"萊爾富國際股份有限公司-北縣莊華店","address":"242新北市新莊區昌隆路5號1樓","number":"F001847","phone":"02-66068688分機356","type":"連鎖型綠色商店","city":"新北市"}},{"type":"Feature","geometry":{"type":"Point","coordinates":[121.533477763428,24.985421008889]},"properties":{"name":"萊爾富國際股份有限公司-北縣莊敬店","address":"231新北市新店區中正路525號","number":"F001914","phone":"02-66068688分機356","type":"連鎖型綠色商店","city":"新北市"}},{"type":"Feature","geometry":{"type":"Point","coordinates":[121.448241016571,25.047235994156]},"properties":{"name":"萊爾富國際股份有限公司-北縣莊達店","address":"242新北市新莊區中全里中誠街167號1樓","number":"F001898","phone":"02-66068688分機356","type":"連鎖型綠色商店","city":"新北市"}},{"type":"Feature","geometry":{"type":"Point","coordinates":[121.453236463225,25.034482216013]},"properties":{"name":"萊爾富國際股份有限公司-北縣莊榮店","address":"242新北市新莊區新莊路307.309號1樓","number":"F001741","phone":"02-66068688分機356","type":"連鎖型綠色商店","city":"新北市"}},{"type":"Feature","geometry":{"type":"Point","coordinates":[121.4432848,25.0303904]},"properties":{"name":"萊爾富國際股份有限公司-北縣莊鳳店","address":"242新北市新莊區中山路三段487、489號","number":"F001827","phone":"02-66068688分機356","type":"連鎖型綠色商店","city":"新北市"}},{"type":"Feature","geometry":{"type":"Point","coordinates":[121.465377985251,25.046523993391]},"properties":{"name":"萊爾富國際股份有限公司-北縣莊廣店","address":"242新北市新莊區化成路85號","number":"F001870","phone":"02-66068688分機356","type":"連鎖型綠色商店","city":"新北市"}},{"type":"Feature","geometry":{"type":"Point","coordinates":[121.4647920064,25.043247004525]},"properties":{"name":"萊爾富國際股份有限公司-北縣莊鴻店","address":"242新北市新莊區化成路9-3號","number":"F001783","phone":"02-66068688分機356","type":"連鎖型綠色商店","city":"新北市"}},{"type":"Feature","geometry":{"type":"Point","coordinates":[121.498297993791,25.001669998747]},"properties":{"name":"萊爾富國際股份有限公司-北縣連城店","address":"235新北市中和區連城路47巷1號","number":"F001937","phone":"02-66068688分機356","type":"連鎖型綠色商店","city":"新北市"}},{"type":"Feature","geometry":{"type":"Point","coordinates":[121.65527871887,25.063598600711]},"properties":{"name":"萊爾富國際股份有限公司-北縣連興店","address":"221新北市汐止區連興街26號","number":"F001712","phone":"02-66068688分機356","type":"連鎖型綠色商店","city":"新北市"}},{"type":"Feature","geometry":{"type":"Point","coordinates":[121.420081007024,24.960430993214]},"properties":{"name":"萊爾富國際股份有限公司-北縣頂埔店","address":"236新北市土城區中央路四段56號","number":"F001820","phone":"02-66068688分機356","type":"連鎖型綠色商店","city":"新北市"}},{"type":"Feature","geometry":{"type":"Point","coordinates":[121.487778705306,25.078252682033]},"properties":{"name":"萊爾富國際股份有限公司-北縣富美店","address":"241新北市三重區溪尾街108巷58號","number":"F001806","phone":"02-66068688分機356","type":"連鎖型綠色商店","city":"新北市"}},{"type":"Feature","geometry":{"type":"Point","coordinates":[121.491233977252,25.052823999456]},"properties":{"name":"萊爾富國際股份有限公司-北縣集美店","address":"241新北市三重區環河南路221巷31號","number":"F001720","phone":"02-66068688分機356","type":"連鎖型綠色商店","city":"新北市"}},{"type":"Feature","geometry":{"type":"Point","coordinates":[121.482316973378,25.08654100126]},"properties":{"name":"萊爾富國際股份有限公司-北縣集賢店","address":"247新北市蘆洲區集賢路226號","number":"F001930","phone":"02-66068688分機356","type":"連鎖型綠色商店","city":"新北市"}},{"type":"Feature","geometry":{"type":"Point","coordinates":[121.486070976353,25.079015980046]},"properties":{"name":"萊爾富國際股份有限公司-北縣慈愛店","address":"241新北市三重區慈愛街51號","number":"F001904","phone":"02-66068688分機356","type":"連鎖型綠色商店","city":"新北市"}},{"type":"Feature","geometry":{"type":"Point","coordinates":[121.457217029043,24.997077009174]},"properties":{"name":"萊爾富國際股份有限公司-北縣愛買店","address":"220新北市板橋區四川路一段489號","number":"F001780","phone":"02-66068688分機356","type":"連鎖型綠色商店","city":"新北市"}},{"type":"Feature","geometry":{"type":"Point","coordinates":[121.542448998216,24.985365017776]},"properties":{"name":"萊爾富國際股份有限公司-北縣新元店","address":"231新北市新店區信義里中興路三段304號1樓","number":"F001933","phone":"02-66068688分機356","type":"連鎖型綠色商店","city":"新北市"}},{"type":"Feature","geometry":{"type":"Point","coordinates":[121.517044958434,24.974997986562]},"properties":{"name":"萊爾富國際股份有限公司-北縣新民店","address":"231新北市新店區安民街341號","number":"F001710","phone":"02-66068688分機356","type":"連鎖型綠色商店","city":"新北市"}},{"type":"Feature","geometry":{"type":"Point","coordinates":[121.518152040205,24.982770399648]},"properties":{"name":"萊爾富國際股份有限公司-北縣新和店","address":"231新北市新店區安和路三段60之1號","number":"F001692","phone":"02-66068688分機356","type":"連鎖型綠色商店","city":"新北市"}},{"type":"Feature","geometry":{"type":"Point","coordinates":[121.45899198086,25.026495980577]},"properties":{"name":"萊爾富國際股份有限公司-北縣新海店","address":"220新北市板橋區新海路392號","number":"F001793","phone":"02-66068688分機356","type":"連鎖型綠色商店","city":"新北市"}},{"type":"Feature","geometry":{"type":"Point","coordinates":[121.540387972044,24.975137000426]},"properties":{"name":"萊爾富國際股份有限公司-北縣新國店","address":"231新北市新店區建國路43號.建安街1號","number":"F001725","phone":"02-66068688分機356","type":"連鎖型綠色商店","city":"新北市"}},{"type":"Feature","geometry":{"type":"Point","coordinates":[121.418588022431,25.023798013583]},"properties":{"name":"萊爾富國際股份有限公司-北縣新裕店","address":"242新北市新莊區裕民街83之6號","number":"F001892","phone":"02-66068688分機356","type":"連鎖型綠色商店","city":"新北市"}},{"type":"Feature","geometry":{"type":"Point","coordinates":[121.516621001771,24.969469995689]},"properties":{"name":"萊爾富國際股份有限公司-北縣新戰店","address":"231新北市新店區安民街136號","number":"F001727","phone":"02-66068688分機356","type":"連鎖型綠色商店","city":"新北市"}},{"type":"Feature","geometry":{"type":"Point","coordinates":[121.433855072332,25.020550403288]},"properties":{"name":"萊爾富國際股份有限公司-北縣新樹店","address":"242新北市新莊區新樹路210號","number":"F001899","phone":"02-66068688分機356","type":"連鎖型綠色商店","city":"新北市"}},{"type":"Feature","geometry":{"type":"Point","coordinates":[121.551833963744,24.980334995771]},"properties":{"name":"萊爾富國際股份有限公司-北縣新橋店","address":"231新北市新店區寶橋路235巷8號","number":"F001791","phone":"02-66068688分機356","type":"連鎖型綠色商店","city":"新北市"}},{"type":"Feature","geometry":{"type":"Point","coordinates":[121.548837014264,24.979699018868]},"properties":{"name":"萊爾富國際股份有限公司-北縣新寶店","address":"231新北市新店區寶中路94-3.94-4號","number":"F001772","phone":"02-66068688分機356","type":"連鎖型綠色商店","city":"新北市"}},{"type":"Feature","geometry":{"type":"Point","coordinates":[121.54022301619,24.983127007719]},"properties":{"name":"萊爾富國際股份有限公司-北縣新權二店","address":"231新北市新店區民權路44之2號","number":"F001699","phone":"02-66068688分機356","type":"連鎖型綠色商店","city":"新北市"}},{"type":"Feature","geometry":{"type":"Point","coordinates":[121.489316030168,25.079182989467]},"properties":{"name":"萊爾富國際股份有限公司-北縣溪尾二店","address":"241新北市三重區溪尾街122號","number":"F001746","phone":"02-66068688分機356","type":"連鎖型綠色商店","city":"新北市"}},{"type":"Feature","geometry":{"type":"Point","coordinates":[121.48828220623,25.080893610176]},"properties":{"name":"萊爾富國際股份有限公司-北縣溪尾店","address":"241新北市三重區溪尾街192號","number":"F001917","phone":"02-66068688分機356","type":"連鎖型綠色商店","city":"新北市"}},{"type":"Feature","geometry":{"type":"Point","coordinates":[121.6722225,24.9818877]},"properties":{"name":"萊爾富國際股份有限公司-北縣碇晨店","address":"223新北市石碇區湳窟路2號","number":"F001850","phone":"02-66068688分機356","type":"連鎖型綠色商店","city":"新北市"}},{"type":"Feature","geometry":{"type":"Point","coordinates":[121.44519997828,25.011184003675]},"properties":{"name":"萊爾富國際股份有限公司-北縣僑中三店","address":"220新北市板橋區僑中一街125巷8弄2號","number":"F001908","phone":"02-66068688分機356","type":"連鎖型綠色商店","city":"新北市"}},{"type":"Feature","geometry":{"type":"Point","coordinates":[121.45668402382,25.018918991563]},"properties":{"name":"萊爾富國際股份有限公司-北縣僑福二店","address":"220新北市板橋區中正路216巷25號","number":"F001713","phone":"02-66068688分機356","type":"連鎖型綠色商店","city":"新北市"}},{"type":"Feature","geometry":{"type":"Point","coordinates":[121.448,25.0199]},"properties":{"name":"萊爾富國際股份有限公司-北縣僑福店","address":"220新北市板橋區幸褔路70巷1號","number":"F001825","phone":"02-66068688分機356","type":"連鎖型綠色商店","city":"新北市"}},{"type":"Feature","geometry":{"type":"Point","coordinates":[121.511617759947,25.003070111854]},"properties":{"name":"萊爾富國際股份有限公司-北縣嘉和店","address":"235新北市中和區中和路414號","number":"F001856","phone":"02-66068688分機356","type":"連鎖型綠色商店","city":"新北市"}},{"type":"Feature","geometry":{"type":"Point","coordinates":[121.500179060502,25.004746995403]},"properties":{"name":"萊爾富國際股份有限公司-北縣福美店","address":"235新北市中和區莊敬路29號","number":"F001702","phone":"02-66068688分機356","type":"連鎖型綠色商店","city":"新北市"}},{"type":"Feature","geometry":{"type":"Point","coordinates":[121.486119004658,25.055574981987]},"properties":{"name":"萊爾富國際股份有限公司-北縣福音店","address":"241新北市三重區重新路四段89號","number":"F001726","phone":"02-66068688分機356","type":"連鎖型綠色商店","city":"新北市"}},{"type":"Feature","geometry":{"type":"Point","coordinates":[121.457928987899,25.053386006063]},"properties":{"name":"萊爾富國際股份有限公司-北縣福壽店","address":"242新北市新莊區福壽街155號","number":"F001716","phone":"02-66068688分機356","type":"連鎖型綠色商店","city":"新北市"}},{"type":"Feature","geometry":{"type":"Point","coordinates":[121.502696313664,25.062872099254]},"properties":{"name":"萊爾富國際股份有限公司-北縣福德南店","address":"241新北市三重區福德南路23號","number":"F001818","phone":"02-66068688分機356","type":"連鎖型綠色商店","city":"新北市"}},{"type":"Feature","geometry":{"type":"Point","coordinates":[121.421687985501,25.026829999418]},"properties":{"name":"萊爾富國際股份有限公司-北縣福營店","address":"242新北市新莊區福營路336,338號","number":"F001690","phone":"02-66068688分機356","type":"連鎖型綠色商店","city":"新北市"}},{"type":"Feature","geometry":{"type":"Point","coordinates":[121.48830299335,24.998502980451]},"properties":{"name":"萊爾富國際股份有限公司-北縣遠東店","address":"235新北市中和區建八路116號","number":"F001944","phone":"02-66068688分機356","type":"連鎖型綠色商店","city":"新北市"}},{"type":"Feature","geometry":{"type":"Point","coordinates":[121.454428034581,25.002738984769]},"properties":{"name":"萊爾富國際股份有限公司-北縣遠揚店","address":"220新北市板橋區南雅南路二段9號","number":"F001697","phone":"02-66068688分機356","type":"連鎖型綠色商店","city":"新北市"}},{"type":"Feature","geometry":{"type":"Point","coordinates":[121.434557978732,25.067388981146]},"properties":{"name":"萊爾富國際股份有限公司-北縣德泰店","address":"248新北市五股區成泰路一段10號","number":"F001903","phone":"02-66068688分機356","type":"連鎖型綠色商店","city":"新北市"}},{"type":"Feature","geometry":{"type":"Point","coordinates":[121.456437763505,24.973527214012]},"properties":{"name":"萊爾富國際股份有限公司-北縣德霖店","address":"236新北市土城區青雲路380巷1號(德霖技術學院)","number":"F001822","phone":"02-66068688分機356","type":"連鎖型綠色商店","city":"新北市"}},{"type":"Feature","geometry":{"type":"Point","coordinates":[121.447926527563,25.169286604584]},"properties":{"name":"萊爾富國際股份有限公司-北縣鄧公店","address":"251新北市淡水區學府路49號","number":"F001748","phone":"02-66068688分機356","type":"連鎖型綠色商店","city":"新北市"}},{"type":"Feature","geometry":{"type":"Point","coordinates":[121.4318155,25.0542273]},"properties":{"name":"萊爾富國際股份有限公司-北縣黎明店","address":"243新北市泰山區黎專路2號(黎明技術學院)","number":"F001800","phone":"02-66068688分機356","type":"連鎖型綠色商店","city":"新北市"}},{"type":"Feature","geometry":{"type":"Point","coordinates":[121.416606372882,24.986706080375]},"properties":{"name":"萊爾富國際股份有限公司-北縣樹仁店","address":"238新北市樹林區復興路385號","number":"F001685","phone":"02-66068688分機356","type":"連鎖型綠色商店","city":"新北市"}},{"type":"Feature","geometry":{"type":"Point","coordinates":[121.417405168255,24.977549689346]},"properties":{"name":"萊爾富國際股份有限公司-北縣樹太店","address":"238新北市樹林區太平路150巷38號","number":"F001842","phone":"02-66068688分機356","type":"連鎖型綠色商店","city":"新北市"}},{"type":"Feature","geometry":{"type":"Point","coordinates":[121.409712006063,25.016059002381]},"properties":{"name":"萊爾富國際股份有限公司-北縣樹正店","address":"238新北市樹林區中正路791號","number":"F001927","phone":"02-66068688分機356","type":"連鎖型綠色商店","city":"新北市"}},{"type":"Feature","geometry":{"type":"Point","coordinates":[121.421196973613,24.991591011636]},"properties":{"name":"萊爾富國際股份有限公司-北縣樹宏店","address":"238新北市樹林區中興街60號","number":"F001721","phone":"02-66068688分機356","type":"連鎖型綠色商店","city":"新北市"}},{"type":"Feature","geometry":{"type":"Point","coordinates":[121.404440040423,24.974768992967]},"properties":{"name":"萊爾富國際股份有限公司-北縣樹佳店","address":"238新北市樹林區味王街3號(文物流中心內)","number":"F001853","phone":"02-66068688分機356","type":"連鎖型綠色商店","city":"新北市"}},{"type":"Feature","geometry":{"type":"Point","coordinates":[121.40316431476,24.960098692663]},"properties":{"name":"萊爾富國際股份有限公司-北縣樹東店","address":"238新北市樹林區柑園街一段49號","number":"F001758","phone":"02-66068688分機356","type":"連鎖型綠色商店","city":"新北市"}},{"type":"Feature","geometry":{"type":"Point","coordinates":[121.421493022433,25.014739984188]},"properties":{"name":"萊爾富國際股份有限公司-北縣樹俊店","address":"238新北市樹林區三俊街254號","number":"F001691","phone":"02-66068688分機356","type":"連鎖型綠色商店","city":"新北市"}},{"type":"Feature","geometry":{"type":"Point","coordinates":[121.426961040789,24.992051010482]},"properties":{"name":"萊爾富國際股份有限公司-北縣樹博店","address":"238新北市樹林區博愛街84.86號","number":"F001805","phone":"02-66068688分機356","type":"連鎖型綠色商店","city":"新北市"}},{"type":"Feature","geometry":{"type":"Point","coordinates":[121.427604016581,24.993433018678]},"properties":{"name":"萊爾富國際股份有限公司-北縣樹愛店","address":"238新北市樹林區保安街一段18-3號","number":"F001733","phone":"02-66068688分機356","type":"連鎖型綠色商店","city":"新北市"}},{"type":"Feature","geometry":{"type":"Point","coordinates":[121.415051026929,24.981911003116]},"properties":{"name":"萊爾富國際股份有限公司-北縣樹榮店","address":"238新北市樹林區東榮街123.125號","number":"F001812","phone":"02-66068688分機356","type":"連鎖型綠色商店","city":"新北市"}},{"type":"Feature","geometry":{"type":"Point","coordinates":[121.37375196506,24.952057010938]},"properties":{"name":"萊爾富國際股份有限公司-北縣樹慶店","address":"238新北市樹林區柑園街二段292.294號1樓","number":"F001921","phone":"02-66068688分機356","type":"連鎖型綠色商店","city":"新北市"}},{"type":"Feature","geometry":{"type":"Point","coordinates":[121.426554015571,24.997841983567]},"properties":{"name":"萊爾富國際股份有限公司-北縣樹興店","address":"238新北市樹林區千歲街90號","number":"F001913","phone":"02-66068688分機356","type":"連鎖型綠色商店","city":"新北市"}},{"type":"Feature","geometry":{"type":"Point","coordinates":[121.395365875864,24.956786080709]},"properties":{"name":"萊爾富國際股份有限公司-北縣樹權店","address":"238新北市樹林區民權街1號","number":"F001675","phone":"02-66068688分機356","type":"連鎖型綠色商店","city":"新北市"}},{"type":"Feature","geometry":{"type":"Point","coordinates":[121.413445305737,25.015560698237]},"properties":{"name":"萊爾富國際股份有限公司-北縣樹鑽店","address":"238新北市樹林區三俊街72-1號","number":"F001739","phone":"02-66068688分機356","type":"連鎖型綠色商店","city":"新北市"}},{"type":"Feature","geometry":{"type":"Point","coordinates":[121.492960900763,25.002588697245]},"properties":{"name":"萊爾富國際股份有限公司-北縣橋安店","address":"235新北市中和區中山路二段352號","number":"F001867","phone":"02-66068688分機356","type":"連鎖型綠色商店","city":"新北市"}},{"type":"Feature","geometry":{"type":"Point","coordinates":[121.490583960661,25.005636985882]},"properties":{"name":"萊爾富國際股份有限公司-北縣橋和二店","address":"235新北市中和區橋和路99,101號","number":"F001718","phone":"02-66068688分機356","type":"連鎖型綠色商店","city":"新北市"}},{"type":"Feature","geometry":{"type":"Point","coordinates":[121.46859495969,25.006561006888]},"properties":{"name":"萊爾富國際股份有限公司-北縣橋泰店","address":"220新北市板橋區國泰街35號","number":"F001928","phone":"02-66068688分機356","type":"連鎖型綠色商店","city":"新北市"}},{"type":"Feature","geometry":{"type":"Point","coordinates":[121.511231018934,24.988578010811]},"properties":{"name":"萊爾富國際股份有限公司-北縣興南店","address":"235新北市中和區信義街50號","number":"F001844","phone":"02-66068688分機356","type":"連鎖型綠色商店","city":"新北市"}},{"type":"Feature","geometry":{"type":"Point","coordinates":[121.457816661365,24.998562330695]},"properties":{"name":"萊爾富國際股份有限公司-北縣豫章店","address":"220新北市板橋區四川路一段391號","number":"F001907","phone":"02-66068688分機356","type":"連鎖型綠色商店","city":"新北市"}},{"type":"Feature","geometry":{"type":"Point","coordinates":[121.399764558351,25.085863355015]},"properties":{"name":"萊爾富國際股份有限公司-北縣醒吾店","address":"244新北市林口區粉寮路11-2號(醒吾技術學院)","number":"F001797","phone":"02-66068688分機356","type":"連鎖型綠色商店","city":"新北市"}},{"type":"Feature","geometry":{"type":"Point","coordinates":[121.448320979927,25.13989801758]},"properties":{"name":"萊爾富國際股份有限公司-北縣龍米店","address":"249新北市八里區龍米路二段35.37號","number":"F001810","phone":"02-66068688分機356","type":"連鎖型綠色商店","city":"新北市"}},{"type":"Feature","geometry":{"type":"Point","coordinates":[121.499274988426,25.07304500559]},"properties":{"name":"萊爾富國際股份有限公司-北縣龍門二店","address":"241新北市三重區龍門路177號","number":"F001698","phone":"02-66068688分機356","type":"連鎖型綠色商店","city":"新北市"}},{"type":"Feature","geometry":{"type":"Point","coordinates":[121.446438320655,25.030336903888]},"properties":{"name":"萊爾富國際股份有限公司-北縣豐年店","address":"242新北市新莊區豐年里豐年街118-1號","number":"F001924","phone":"02-66068688分機356","type":"連鎖型綠色商店","city":"新北市"}},{"type":"Feature","geometry":{"type":"Point","coordinates":[121.486125039629,24.95154600821]},"properties":{"name":"萊爾富國際股份有限公司-北縣雙城店","address":"231新北市新店區安康路三段277號","number":"F001845","phone":"02-66068688分機356","type":"連鎖型綠色商店","city":"新北市"}},{"type":"Feature","geometry":{"type":"Point","coordinates":[121.476559527906,25.026134008088]},"properties":{"name":"萊爾富國際股份有限公司-北縣雙翠店","address":"220新北市板橋區雙十路二段45號","number":"F001916","phone":"02-66068688分機356","type":"連鎖型綠色商店","city":"新北市"}},{"type":"Feature","geometry":{"type":"Point","coordinates":[121.43444297902,25.012479007716]},"properties":{"name":"萊爾富國際股份有限公司-北縣瓊林南店","address":"242新北市新莊區瓊林南路133號","number":"F001777","phone":"02-66068688分機356","type":"連鎖型綠色商店","city":"新北市"}},{"type":"Feature","geometry":{"type":"Point","coordinates":[121.474965960474,25.033177991879]},"properties":{"name":"萊爾富國際股份有限公司-北縣寶翠店","address":"220新北市板橋區文化路二段439之1號","number":"F001790","phone":"02-66068688分機356","type":"連鎖型綠色商店","city":"新北市"}},{"type":"Feature","geometry":{"type":"Point","coordinates":[121.471847976312,25.079373007212]},"properties":{"name":"萊爾富國際股份有限公司-北縣蘆中店","address":"247新北市蘆洲區中山一路287,289號","number":"F001887","phone":"02-66068688分機356","type":"連鎖型綠色商店","city":"新北市"}},{"type":"Feature","geometry":{"type":"Point","coordinates":[121.458864995026,25.090964005837]},"properties":{"name":"萊爾富國際股份有限公司-北縣蘆平店","address":"247新北市蘆洲區永平街30號","number":"F001915","phone":"02-66068688分機356","type":"連鎖型綠色商店","city":"新北市"}},{"type":"Feature","geometry":{"type":"Point","coordinates":[121.458008029246,25.088205018588]},"properties":{"name":"萊爾富國際股份有限公司-北縣蘆永店","address":"247新北市蘆洲區永樂街33號","number":"F001819","phone":"02-66068688分機356","type":"連鎖型綠色商店","city":"新北市"}},{"type":"Feature","geometry":{"type":"Point","coordinates":[121.477252040746,25.082869979126]},"properties":{"name":"萊爾富國際股份有限公司-北縣蘆江店","address":"247新北市蘆洲區鷺江街69號 1樓","number":"F001735","phone":"02-66068688分機356","type":"連鎖型綠色商店","city":"新北市"}},{"type":"Feature","geometry":{"type":"Point","coordinates":[121.469248999594,25.081414000635]},"properties":{"name":"萊爾富國際股份有限公司-北縣蘆旺店","address":"247新北市蘆洲區正和街47號","number":"F001861","phone":"02-66068688分機356","type":"連鎖型綠色商店","city":"新北市"}},{"type":"Feature","geometry":{"type":"Point","coordinates":[121.474318961368,25.079535993319]},"properties":{"name":"萊爾富國際股份有限公司-北縣蘆信店","address":"247新北市蘆洲區信義路35號","number":"F001942","phone":"02-66068688分機356","type":"連鎖型綠色商店","city":"新北市"}},{"type":"Feature","geometry":{"type":"Point","coordinates":[121.458503986457,25.089936007322]},"properties":{"name":"萊爾富國際股份有限公司-北縣蘆勝店","address":"247新北市蘆洲區永樂街38巷40號","number":"F001843","phone":"02-66068688分機356","type":"連鎖型綠色商店","city":"新北市"}},{"type":"Feature","geometry":{"type":"Point","coordinates":[121.33050000357,24.967703006681]},"properties":{"name":"萊爾富國際股份有限公司-北縣鶯花店","address":"239新北市鶯歌區鶯桃路541號","number":"F001701","phone":"02-66068688分機356","type":"連鎖型綠色商店","city":"新北市"}},{"type":"Feature","geometry":{"type":"Point","coordinates":[121.337205023196,24.972834994538]},"properties":{"name":"萊爾富國際股份有限公司-北縣鶯國店","address":"239新北市鶯歌區大湖路532,534號","number":"F001906","phone":"02-66068688分機356","type":"連鎖型綠色商店","city":"新北市"}},{"type":"Feature","geometry":{"type":"Point","coordinates":[121.351511004079,24.952581005615]},"properties":{"name":"萊爾富國際股份有限公司-北縣鶯歌店","address":"239新北市鶯歌區重慶街29號","number":"F001707","phone":"02-66068688分機356","type":"連鎖型綠色商店","city":"新北市"}},{"type":"Feature","geometry":{"type":"Point","coordinates":[121.333198976393,24.959895012416]},"properties":{"name":"萊爾富國際股份有限公司-北縣鶯駿店","address":"239新北市鶯歌區德昌街50號","number":"F001779","phone":"02-66068688分機356","type":"連鎖型綠色商店","city":"新北市"}},{"type":"Feature","geometry":{"type":"Point","coordinates":[121.472294983208,25.089535980993]},"properties":{"name":"萊爾富國際股份有限公司-北縣鷺江店","address":"247新北市蘆洲區民權路113號","number":"F001911","phone":"02-66068688分機356","type":"連鎖型綠色商店","city":"新北市"}},{"type":"Feature","geometry":{"type":"Point","coordinates":[121.499812016962,24.991791003846]},"properties":{"name":"進鑫機車行","address":"235新北市中和區中興街156號","number":"F002073","phone":"22427508","type":"連鎖型綠色商店","city":"新北市"}},{"type":"Feature","geometry":{"type":"Point","coordinates":[121.45841103115,25.02744799714]},"properties":{"name":"隆陞車業有限公司","address":"220新北市板橋區新海路420號","number":"F002044","phone":"22580630","type":"連鎖型綠色商店","city":"新北市"}},{"type":"Feature","geometry":{"type":"Point","coordinates":[121.455532015048,25.0050129951]},"properties":{"name":"隆運機車行","address":"220新北市板橋區南雅南路一段105號","number":"F002043","phone":"29656157","type":"連鎖型綠色商店","city":"新北市"}},{"type":"Feature","geometry":{"type":"Point","coordinates":[121.426448990324,25.01171600307]},"properties":{"name":"源福車業行","address":"242新北市新莊區民安西路318號","number":"F002212","phone":"02-22042398","type":"連鎖型綠色商店","city":"新北市"}},{"type":"Feature","geometry":{"type":"Point","coordinates":[121.508315960648,24.994201010556]},"properties":{"name":"瑞和車業行","address":"235新北市中和區景新街230-1號","number":"F002074","phone":"29403142","type":"連鎖型綠色商店","city":"新北市"}},{"type":"Feature","geometry":{"type":"Point","coordinates":[121.466895025907,25.020263993656]},"properties":{"name":"福利機車行","address":"220新北市板橋區介壽街2號","number":"F002036","phone":"22539690","type":"連鎖型綠色商店","city":"新北市"}},{"type":"Feature","geometry":{"type":"Point","coordinates":[121.497628028271,25.005254980645]},"properties":{"name":"福和車業有限公司","address":"235新北市中和區永和路78號","number":"F002084","phone":"22495773","type":"連鎖型綠色商店","city":"新北市"}},{"type":"Feature","geometry":{"type":"Point","coordinates":[121.511806017492,24.997409980277]},"properties":{"name":"福豪車業行","address":"235新北市中和區安平路110號","number":"F002065","phone":"29415261","type":"連鎖型綠色商店","city":"新北市"}},{"type":"Feature","geometry":{"type":"Point","coordinates":[121.495999005388,24.998884985689]},"properties":{"name":"豪元車業有限公司","address":"235新北市中和區連城路135號","number":"F002124","phone":"22497393","type":"連鎖型綠色商店","city":"新北市"}},{"type":"Feature","geometry":{"type":"Point","coordinates":[121.526052989776,24.991202007509]},"properties":{"name":"豪呈機車有限公司","address":"235新北市中和區成功路109號","number":"F002113","phone":"29490766","type":"連鎖型綠色商店","city":"新北市"}},{"type":"Feature","geometry":{"type":"Point","coordinates":[121.475584880205,25.071082382962]},"properties":{"name":"遠百企業股份有限公司三重分公司","address":"241新北市三重區中正北路193巷45號","number":"F000099","phone":"02-2988-3199","type":"連鎖型綠色商店","city":"新北市"}},{"type":"Feature","geometry":{"type":"Point","coordinates":[121.521118993927,24.996373155717]},"properties":{"name":"遠百企業股份有限公司永和分公司","address":"234新北市永和區民生路46巷56號","number":"F000002","phone":"02-29488988","type":"連鎖型綠色商店","city":"新北市"}},{"type":"Feature","geometry":{"type":"Point","coordinates":[121.457464127549,24.997706993016]},"properties":{"name":"遠百企業股份有限公司板新分公司","address":"220新北市板橋區四川路一段389號","number":"F000001","phone":"02-77382688","type":"連鎖型綠色商店","city":"新北市"}},{"type":"Feature","geometry":{"type":"Point","coordinates":[121.467628023339,25.025704016455]},"properties":{"name":"銘汰車業行","address":"220新北市板橋區光武街26號","number":"F002053","phone":"22521132","type":"連鎖型綠色商店","city":"新北市"}},{"type":"Feature","geometry":{"type":"Point","coordinates":[121.488512038015,24.996070007326]},"properties":{"name":"銓富機車有限公司","address":"235新北市中和區連城路337-1號","number":"F002118","phone":"22222370","type":"連鎖型綠色商店","city":"新北市"}},{"type":"Feature","geometry":{"type":"Point","coordinates":[121.517325500733,25.004941581285]},"properties":{"name":"廣固機車行","address":"234新北市永和區中正路522號","number":"F002115","phone":"29276545","type":"連鎖型綠色商店","city":"新北市"}},{"type":"Feature","geometry":{"type":"Point","coordinates":[121.468649212716,25.022525435924]},"properties":{"name":"歐盟時尚空間設計有限公司","address":"220新北市板橋區民生路2段232號 ","number":"F000128","phone":"02-26002108","type":"連鎖型綠色商店","city":"新北市"}},{"type":"Feature","geometry":{"type":"Point","coordinates":[121.458924087444,25.133293999887]},"properties":{"name":"歐德傢俱淡水店","address":"251新北市淡水區民權路88之5號","number":"F000253","phone":"02-88093218","type":"連鎖型綠色商店","city":"新北市"}},{"type":"Feature","geometry":{"type":"Point","coordinates":[121.372408010705,25.070252993642]},"properties":{"name":"歐摩兒有限公司","address":"244新北市林口區文化一路一段84號1樓","number":"F000117","phone":"02-26008868","type":"連鎖型綠色商店","city":"新北市"}},{"type":"Feature","geometry":{"type":"Point","coordinates":[121.498963013989,25.002845979763]},"properties":{"name":"潤泰全球股份有限公司中和分公司中和店","address":"235新北市中和區中山路二段228號地下二樓","number":"F000016","phone":"02-82411111#566","type":"連鎖型綠色商店","city":"新北市"}},{"type":"Feature","geometry":{"type":"Point","coordinates":[121.45859803141,25.029344989466]},"properties":{"name":"樺山車業有限公司","address":"220新北市板橋區長江路1段51號","number":"F002049","phone":"22592483","type":"連鎖型綠色商店","city":"新北市"}},{"type":"Feature","geometry":{"type":"Point","coordinates":[121.457665041768,25.003744016869]},"properties":{"name":"積躍機車行","address":"220新北市板橋區貴興路37號","number":"F002138","phone":"29512379","type":"連鎖型綠色商店","city":"新北市"}},{"type":"Feature","geometry":{"type":"Point","coordinates":[121.464190688666,24.99795337906]},"properties":{"name":"錕達車業有限公司","address":"220新北市板橋區重慶路349號","number":"F002146","phone":"29547370","type":"連鎖型綠色商店","city":"新北市"}},{"type":"Feature","geometry":{"type":"Point","coordinates":[121.495752325978,25.002184396145]},"properties":{"name":"燦坤實業股份有限公司中和旗艦分公司","address":"235新北市中和區中山路二段297號","number":"F000031","phone":"02-27953988#10803","type":"連鎖型綠色商店","city":"新北市"}},{"type":"Feature","geometry":{"type":"Point","coordinates":[121.502434965923,24.99019601149]},"properties":{"name":"聯成機車行","address":"235新北市中和區復興路275號","number":"F002079","phone":"22409433","type":"連鎖型綠色商店","city":"新北市"}},{"type":"Feature","geometry":{"type":"Point","coordinates":[121.468719933866,25.026624181786]},"properties":{"name":"駿宏車行","address":"220新北市板橋區松江街21號","number":"F002035","phone":"82525485","type":"連鎖型綠色商店","city":"新北市"}},{"type":"Feature","geometry":{"type":"Point","coordinates":[121.474995967688,25.013302990707]},"properties":{"name":"鴻川機車行","address":"220新北市板橋區民生路一段67號","number":"F002134","phone":"29614036","type":"連鎖型綠色商店","city":"新北市"}},{"type":"Feature","geometry":{"type":"Point","coordinates":[121.46679603563,25.015743004631]},"properties":{"name":"鴻源汽車股份有限公司","address":"220新北市板橋區縣民大道2段101號","number":"F001995","phone":"02-25066898","type":"連鎖型綠色商店","city":"新北市"}},{"type":"Feature","geometry":{"type":"Point","coordinates":[121.491259625876,25.069747103876]},"properties":{"name":"鴻源汽車股份有限公司三重分公司","address":"241新北市三重區重陽路4段36號","number":"F001997","phone":"02-25066898","type":"連鎖型綠色商店","city":"新北市"}},{"type":"Feature","geometry":{"type":"Point","coordinates":[121.482129973118,25.008593995594]},"properties":{"name":"鴻源汽車股份有限公司中和分公司","address":"235新北市中和區中正路1155號","number":"F001993","phone":"02-25066898","type":"連鎖型綠色商店","city":"新北市"}},{"type":"Feature","geometry":{"type":"Point","coordinates":[121.526776683296,25.003315492069]},"properties":{"name":"鴻源汽車股份有限公司永和分公司","address":"234新北市永和區成功路1段80號","number":"F001990","phone":"02-25066898","type":"連鎖型綠色商店","city":"新北市"}},{"type":"Feature","geometry":{"type":"Point","coordinates":[121.463310672652,25.06106751741]},"properties":{"name":"鴻源汽車股份有限公司新莊分公司","address":"242新北市新莊區新北大道二段318號","number":"F001998","phone":"02-25066898","type":"連鎖型綠色商店","city":"新北市"}},{"type":"Feature","geometry":{"type":"Point","coordinates":[121.483433023786,25.004802986516]},"properties":{"name":"鴻緯車業有限公司","address":"235新北市中和區中山路2段467號","number":"F002075","phone":"22210427","type":"連鎖型綠色商店","city":"新北市"}},{"type":"Feature","geometry":{"type":"Point","coordinates":[121.374352863698,24.932757804605]},"properties":{"name":"寶雅國際股份有限公司三峽中華分公司","address":"237新北市三峽區中華路20號1樓 ","number":"F002031","phone":"02-86742121","type":"連鎖型綠色商店","city":"新北市"}},{"type":"Feature","geometry":{"type":"Point","coordinates":[121.509541981625,25.008941006385]},"properties":{"name":"寶雅國際股份有限公司永和中山分公司","address":"234新北市永和區中山路一段177號","number":"F002023","phone":"02-29202727","type":"連鎖型綠色商店","city":"新北市"}},{"type":"Feature","geometry":{"type":"Point","coordinates":[121.517395992539,24.999754985329]},"properties":{"name":"寶雅國際股份有限公司永和中正分公司","address":"234新北市永和區中正路239號","number":"F002026","phone":"02-89417717","type":"連鎖型綠色商店","city":"新北市"}},{"type":"Feature","geometry":{"type":"Point","coordinates":[121.629757500081,25.067632684981]},"properties":{"name":"寶雅國際股份有限公司汐止中興分公司","address":"221新北市汐止區中興路195號","number":"F002024","phone":"02-26924444","type":"連鎖型綠色商店","city":"新北市"}},{"type":"Feature","geometry":{"type":"Point","coordinates":[121.38537800004,25.075643018389]},"properties":{"name":"寶雅國際股份有限公司林口仁愛分公司","address":"244新北市林口區育林街2號","number":"F002191","phone":"06-2411-000","type":"連鎖型綠色商店","city":"新北市"}},{"type":"Feature","geometry":{"type":"Point","coordinates":[121.463374375116,25.000521217007]},"properties":{"name":"寶雅國際股份有限公司板橋重慶分公司","address":"220新北市板橋區重慶路247號1樓","number":"F002030","phone":"02-29581818","type":"連鎖型綠色商店","city":"新北市"}},{"type":"Feature","geometry":{"type":"Point","coordinates":[121.461546701128,25.021995191938]},"properties":{"name":"寶雅國際股份有限公司板橋新海分公司","address":"220新北市板橋區新海路93號","number":"F002189","phone":"06-2411-000*608","type":"連鎖型綠色商店","city":"新北市"}},{"type":"Feature","geometry":{"type":"Point","coordinates":[121.445578085932,25.041050694436]},"properties":{"name":"寶雅國際股份有限公司新莊新泰分公司","address":"242新北市新莊區新泰路300號","number":"F002022","phone":"02-29914000","type":"連鎖型綠色商店","city":"新北市"}},{"type":"Feature","geometry":{"type":"Point","coordinates":[121.421022965303,25.019439004836]},"properties":{"name":"寶雅國際股份有限公司新莊龍安分公司","address":"242新北市新莊區龍安路252-1號","number":"F002190","phone":"06-2411-000*608","type":"連鎖型綠色商店","city":"新北市"}},{"type":"Feature","geometry":{"type":"Point","coordinates":[121.423051469691,24.990650017276]},"properties":{"name":"寶雅國際股份有限公司樹林中山分公司","address":"238新北市樹林區中山路一段111號","number":"F002027","phone":"02-26860022","type":"連鎖型綠色商店","city":"新北市"}},{"type":"Feature","geometry":{"type":"Point","coordinates":[121.526552970301,24.9985230132]},"properties":{"name":"轟源車業行","address":"234新北市永和區成功路2段92號","number":"F002116","phone":"29406695","type":"連鎖型綠色商店","city":"新北市"}},{"type":"Feature","geometry":{"type":"Point","coordinates":[121.516004009878,24.98597501078]},"properties":{"name":"霸輪機車行","address":"231新北市新店區安和路3段169號","number":"F002069","phone":"29473561","type":"連鎖型綠色商店","city":"新北市"}},{"type":"Feature","geometry":{"type":"Point","coordinates":[121.501502982109,25.005525003656]},"properties":{"name":"鑫川吉機車行","address":"235新北市中和區莊敬路49巷4號","number":"F002082","phone":"82458506","type":"連鎖型綠色商店","city":"新北市"}},{"type":"Feature","geometry":{"type":"Point","coordinates":[121.475550262945,25.006852319933]},"properties":{"name":"驥剛車業行","address":"235新北市中和區中山路3段118號","number":"F002136","phone":"22236369","type":"連鎖型綠色商店","city":"新北市"}},{"type":"Feature","geometry":{"type":"Point","coordinates":[121.447996013541,25.064625802946]},"properties":{"name":"7-11展示店門市","address":"820新北市五股區五權路1號","number":"S000274","phone":"02-27478711#3961","type":"連鎖型綠色商店","city":"新北市"}}]}