{"type":"FeatureCollection","crs":{"type":"name","properties":{"name":"urn:ogc:def:crs:OGC:1.3:CRS84"}},"features":[{"type":"Feature","geometry":{"type":"Point","coordinates":[121.457778029823,25.01754800557]},"properties":{"name":"台象股份有限公司-象印板橋服務中心","type":"連鎖型綠色商店","address":"220新北市板橋區國光路52號1樓","number":"F002166","localcallservice":"02-2506-9009#217"}},{"type":"Feature","geometry":{"type":"Point","coordinates":[121.4432848,25.0303904]},"properties":{"name":"7-11一級棒門市","type":"連鎖型綠色商店","address":"242新北市新莊區中山路3段488.490號","number":"F000941","localcallservice":"02-27478711#3961"}},{"type":"Feature","geometry":{"type":"Point","coordinates":[121.499168035341,25.004242991565]},"properties":{"name":"7-11一新門市","type":"連鎖型綠色商店","address":"235新北市中和區福祥里27鄰永和路56.58號1樓.","number":"F000520","localcallservice":"02-27478711#3961"}},{"type":"Feature","geometry":{"type":"Point","coordinates":[121.845214991758,25.109705019328]},"properties":{"name":"7-11九份門市","type":"連鎖型綠色商店","address":"224新北市瑞芳區基山街3號","number":"F000987","localcallservice":"02-27478711#3961"}},{"type":"Feature","geometry":{"type":"Point","coordinates":[121.46893601933,25.07841399176]},"properties":{"name":"7-11九芎門市","type":"連鎖型綠色商店","address":"247新北市蘆洲區中山二路272號.","number":"F001342","localcallservice":"02-27478711#3961"}},{"type":"Feature","geometry":{"type":"Point","coordinates":[121.338299029199,24.940904008663]},"properties":{"name":"7-11二橋門市","type":"連鎖型綠色商店","address":"239新北市鶯歌區中正三路93號","number":"F001627","localcallservice":"02-27478711#3961"}},{"type":"Feature","geometry":{"type":"Point","coordinates":[121.403858001066,25.148651993437]},"properties":{"name":"7-11八仙門市","type":"連鎖型綠色商店","address":"249新北市八里區中華路二段306號","number":"F001375","localcallservice":"02-27478711#3961"}},{"type":"Feature","geometry":{"type":"Point","coordinates":[121.3994799654,25.14724500717]},"properties":{"name":"7-11八里門市","type":"連鎖型綠色商店","address":"249新北市八里區中山路二段341號","number":"F001230","localcallservice":"02-27478711#3961"}},{"type":"Feature","geometry":{"type":"Point","coordinates":[121.432150025588,25.057661992059]},"properties":{"name":"7-11十八甲門市","type":"連鎖型綠色商店","address":"243新北市泰山區福興一街87號","number":"F001034","localcallservice":"02-27478711#3961"}},{"type":"Feature","geometry":{"type":"Point","coordinates":[121.805015638353,25.106090598307]},"properties":{"name":"7-11三爪坑門市","type":"連鎖型綠色商店","address":"224新北市瑞芳區三爪子坑路15、17號","number":"F000980","localcallservice":"02-27478711#3961"}},{"type":"Feature","geometry":{"type":"Point","coordinates":[121.491790032709,25.080268990751]},"properties":{"name":"7-11三好門市","type":"連鎖型綠色商店","address":"241新北市三重區溪美里仁愛街367號","number":"F000569","localcallservice":"02-27478711#3961"}},{"type":"Feature","geometry":{"type":"Point","coordinates":[121.49593396182,25.069229018441]},"properties":{"name":"7-11三安門市","type":"連鎖型綠色商店","address":"241新北市三重區正義北路235號","number":"F001652","localcallservice":"02-27478711#3961"}},{"type":"Feature","geometry":{"type":"Point","coordinates":[121.426289985621,25.030204008813]},"properties":{"name":"7-11三洋門市","type":"連鎖型綠色商店","address":"242新北市新莊區中正路612-1號","number":"F001485","localcallservice":"02-27478711#3961"}},{"type":"Feature","geometry":{"type":"Point","coordinates":[121.495064674642,25.0613704813]},"properties":{"name":"7-11三重門市","type":"連鎖型綠色商店","address":"241新北市三重區重新路3段18號","number":"F001420","localcallservice":"02-27478711#3961"}},{"type":"Feature","geometry":{"type":"Point","coordinates":[121.422934961237,24.994938995221]},"properties":{"name":"7-11三暉門市","type":"連鎖型綠色商店","address":"238新北市樹林區樹福里復興路1號","number":"F001182","localcallservice":"02-27478711#3961"}},{"type":"Feature","geometry":{"type":"Point","coordinates":[121.356883971652,24.941989004119]},"properties":{"name":"7-11三靖門市","type":"連鎖型綠色商店","address":"239新北市鶯歌區三鶯路52號一樓","number":"F001534","localcallservice":"02-27478711#3961"}},{"type":"Feature","geometry":{"type":"Point","coordinates":[121.480961368178,25.075523408631]},"properties":{"name":"7-11下竹圍門市","type":"連鎖型綠色商店","address":"241新北市三重區下竹圍街26號","number":"F001416","localcallservice":"02-27478711#3961"}},{"type":"Feature","geometry":{"type":"Point","coordinates":[121.460405212615,24.97741792268]},"properties":{"name":"7-11上北可門市","type":"連鎖型綠色商店","address":"236新北市土城區明德路一段232號","number":"F001651","localcallservice":"02-27478711#3961"}},{"type":"Feature","geometry":{"type":"Point","coordinates":[121.517603863737,24.972804693958]},"properties":{"name":"7-11凡賽絲門市","type":"連鎖型綠色商店","address":"231新北市新店區安民街248號","number":"F001428","localcallservice":"02-27478711#3961"}},{"type":"Feature","geometry":{"type":"Point","coordinates":[121.425402425893,24.996122813316]},"properties":{"name":"7-11千歲門市","type":"連鎖型綠色商店","address":"238新北市樹林區千歲街26-10號","number":"F001036","localcallservice":"02-27478711#3961"}},{"type":"Feature","geometry":{"type":"Point","coordinates":[121.475891993137,25.015182003852]},"properties":{"name":"7-11千群門市","type":"連鎖型綠色商店","address":"220新北市板橋區東丘里民享街53號","number":"F000532","localcallservice":"02-27478711#3961"}},{"type":"Feature","geometry":{"type":"Point","coordinates":[121.437295005395,24.967976214815]},"properties":{"name":"7-11土城門市","type":"連鎖型綠色商店","address":"236新北市土城區中央路三段42號","number":"F001583","localcallservice":"02-27478711#3961"}},{"type":"Feature","geometry":{"type":"Point","coordinates":[121.438034037798,25.083963985128]},"properties":{"name":"7-11大五股門市","type":"連鎖型綠色商店","address":"248新北市五股區成泰路2段81號","number":"F001604","localcallservice":"02-27478711#3961"}},{"type":"Feature","geometry":{"type":"Point","coordinates":[121.516723009533,25.008381011434]},"properties":{"name":"7-11大正門市","type":"連鎖型綠色商店","address":"234新北市永和區中正路555號","number":"F001352","localcallservice":"02-27478711#3961"}},{"type":"Feature","geometry":{"type":"Point","coordinates":[121.542048510882,24.983074788462]},"properties":{"name":"7-11大坪林門市","type":"連鎖型綠色商店","address":"231新北市新店區民權路18號","number":"F001439","localcallservice":"02-27478711#3961"}},{"type":"Feature","geometry":{"type":"Point","coordinates":[121.400374985021,24.958126011751]},"properties":{"name":"7-11大東圓門市","type":"連鎖型綠色商店","address":"238新北市樹林區柑園街一段67.67-1.67-2號1樓","number":"F001221","localcallservice":"02-27478711#3961"}},{"type":"Feature","geometry":{"type":"Point","coordinates":[121.367097991224,24.93595600358]},"properties":{"name":"7-11大勇門市","type":"連鎖型綠色商店","address":"237新北市三峽區文化路254號","number":"F001137","localcallservice":"02-27478711#3961"}},{"type":"Feature","geometry":{"type":"Point","coordinates":[121.424693987437,25.010728992061]},"properties":{"name":"7-11大展門市","type":"連鎖型綠色商店","address":"238新北市樹林區俊英街244.246號","number":"F001153","localcallservice":"02-27478711#3961"}},{"type":"Feature","geometry":{"type":"Point","coordinates":[121.377500687436,24.938679996384]},"properties":{"name":"7-11大峽門市","type":"連鎖型綠色商店","address":"237新北市三峽區大學路13鄰147號1樓","number":"F001249","localcallservice":"02-27478711#3961"}},{"type":"Feature","geometry":{"type":"Point","coordinates":[121.458990975031,25.018145006624]},"properties":{"name":"7-11大庭門市","type":"連鎖型綠色商店","address":"220新北市板橋區國光里6鄰國光路65號1樓","number":"F001116","localcallservice":"02-27478711#3961"}},{"type":"Feature","geometry":{"type":"Point","coordinates":[121.53920402822,24.978280004569]},"properties":{"name":"7-11大盛門市","type":"連鎖型綠色商店","address":"231新北市新店區建國路133號","number":"F001461","localcallservice":"02-27478711#3961"}},{"type":"Feature","geometry":{"type":"Point","coordinates":[121.495244969379,25.063504010934]},"properties":{"name":"7-11大智門市","type":"連鎖型綠色商店","address":"241新北市三重區大同北路63號","number":"F001511","localcallservice":"02-27478711#3961"}},{"type":"Feature","geometry":{"type":"Point","coordinates":[121.391316997535,24.962214997486]},"properties":{"name":"7-11大智通門市","type":"連鎖型綠色商店","address":"238新北市樹林區佳園路二段70-1號","number":"F001166","localcallservice":"02-27478711#3961"}},{"type":"Feature","geometry":{"type":"Point","coordinates":[121.450130968099,25.00862899004]},"properties":{"name":"7-11大觀門市","type":"連鎖型綠色商店","address":"220新北市板橋區大觀路1段26號","number":"F000989","localcallservice":"02-27478711#3961"}},{"type":"Feature","geometry":{"type":"Point","coordinates":[121.400270965602,24.974709984369]},"properties":{"name":"7-11山佳門市","type":"連鎖型綠色商店","address":"238新北市樹林區中山路3段87號","number":"F001219","localcallservice":"02-27478711#3961"}},{"type":"Feature","geometry":{"type":"Point","coordinates":[121.400168035831,25.077255989927]},"properties":{"name":"7-11工林門市","type":"連鎖型綠色商店","address":"244新北市林口區工六路76號","number":"F001569","localcallservice":"02-27478711#3961"}},{"type":"Feature","geometry":{"type":"Point","coordinates":[121.454097033224,25.022510008431]},"properties":{"name":"7-11中一門市","type":"連鎖型綠色商店","address":"220新北市板橋區中正里中正路411號","number":"F001044","localcallservice":"02-27478711#3961"}},{"type":"Feature","geometry":{"type":"Point","coordinates":[121.511608372215,24.997071183751]},"properties":{"name":"7-11中安門市","type":"連鎖型綠色商店","address":"235新北市中和區宜安路62.66號","number":"F001574","localcallservice":"02-27478711#3961"}},{"type":"Feature","geometry":{"type":"Point","coordinates":[121.543196161065,24.965215886461]},"properties":{"name":"7-11中行門市","type":"連鎖型綠色商店","address":"231新北市新店區中興路一段193.195號","number":"F001421","localcallservice":"02-27478711#3961"}},{"type":"Feature","geometry":{"type":"Point","coordinates":[121.443197038697,24.977745993518]},"properties":{"name":"7-11中林門市","type":"連鎖型綠色商店","address":"236新北市土城區員林街14號","number":"F001430","localcallservice":"02-27478711#3961"}},{"type":"Feature","geometry":{"type":"Point","coordinates":[121.49347798037,25.053721994652]},"properties":{"name":"7-11中南門市","type":"連鎖型綠色商店","address":"241新北市三重區中正南路248-1.248-2號","number":"F001611","localcallservice":"02-27478711#3961"}},{"type":"Feature","geometry":{"type":"Point","coordinates":[121.451642979612,25.045826996232]},"properties":{"name":"7-11中泰門市","type":"連鎖型綠色商店","address":"242新北市新莊區中港一街10.10-1號","number":"F001667","localcallservice":"02-27478711#3961"}},{"type":"Feature","geometry":{"type":"Point","coordinates":[121.455179891295,25.040264220461]},"properties":{"name":"7-11中港門市","type":"連鎖型綠色商店","address":"242新北市新莊區中港路133號","number":"F001668","localcallservice":"02-27478711#3961"}},{"type":"Feature","geometry":{"type":"Point","coordinates":[121.367930481847,24.927993195564]},"properties":{"name":"7-11中園門市","type":"連鎖型綠色商店","address":"237新北市三峽區民權街231號","number":"F001643","localcallservice":"02-27478711#3961"}},{"type":"Feature","geometry":{"type":"Point","coordinates":[121.4432848,25.0303904]},"properties":{"name":"7-11丹鳳門市","type":"連鎖型綠色商店","address":"242新北市新莊區雙鳳里中山路三段664號","number":"F001390","localcallservice":"02-27478711#3961"}},{"type":"Feature","geometry":{"type":"Point","coordinates":[121.45934511044,25.06658968286]},"properties":{"name":"7-11五工門市","type":"連鎖型綠色商店","address":"242新北市新莊區福基里17鄰五工二路91號","number":"F000927","localcallservice":"02-27478711#3961"}},{"type":"Feature","geometry":{"type":"Point","coordinates":[121.544695012991,24.966699986237]},"properties":{"name":"7-11五峰門市","type":"連鎖型綠色商店","address":"231新北市新店區中興路一段252號","number":"F001023","localcallservice":"02-27478711#3961"}},{"type":"Feature","geometry":{"type":"Point","coordinates":[121.491111014733,25.084013019262]},"properties":{"name":"7-11五華門市","type":"連鎖型綠色商店","address":"241新北市三重區五華街148號.","number":"F001070","localcallservice":"02-27478711#3961"}},{"type":"Feature","geometry":{"type":"Point","coordinates":[121.49588802899,25.072680979535]},"properties":{"name":"7-11仁仁門市","type":"連鎖型綠色商店","address":"241新北市三重區仁愛街52號","number":"F001558","localcallservice":"02-27478711#3961"}},{"type":"Feature","geometry":{"type":"Point","coordinates":[121.430297960262,25.053791019625]},"properties":{"name":"7-11仁泰門市","type":"連鎖型綠色商店","address":"243新北市泰山區明志路二段1號","number":"F000503","localcallservice":"02-27478711#3961"}},{"type":"Feature","geometry":{"type":"Point","coordinates":[121.397063965628,25.078527985643]},"properties":{"name":"7-11仁森門市","type":"連鎖型綠色商店","address":"244新北市林口區粉寮路1段64號","number":"F001289","localcallservice":"02-27478711#3961"}},{"type":"Feature","geometry":{"type":"Point","coordinates":[121.503392058887,25.00794862303]},"properties":{"name":"7-11仁寶門市","type":"連鎖型綠色商店","address":"234新北市永和區仁愛路302、304號","number":"F001641","localcallservice":"02-27478711#3961"}},{"type":"Feature","geometry":{"type":"Point","coordinates":[121.508745281728,25.015243107926]},"properties":{"name":"7-11元坊門市","type":"連鎖型綠色商店","address":"234新北市永和區保安路134.136號","number":"F001504","localcallservice":"02-27478711#3961"}},{"type":"Feature","geometry":{"type":"Point","coordinates":[121.472613998443,25.020766991666]},"properties":{"name":"7-11元秀門市","type":"連鎖型綠色商店","address":"220新北市板橋區莊敬路220巷17.19號","number":"F001115","localcallservice":"02-27478711#3961"}},{"type":"Feature","geometry":{"type":"Point","coordinates":[121.3546132,24.9515953]},"properties":{"name":"7-11元町門市","type":"連鎖型綠色商店","address":"239新北市鶯歌區光明路136號","number":"F001158","localcallservice":"02-27478711#3961"}},{"type":"Feature","geometry":{"type":"Point","coordinates":[121.432272066098,25.054853090576]},"properties":{"name":"7-11公園賞門市","type":"連鎖型綠色商店","address":"243新北市泰山區仁愛路66號","number":"F001054","localcallservice":"02-27478711#3961"}},{"type":"Feature","geometry":{"type":"Point","coordinates":[121.489328016289,25.082165983078]},"properties":{"name":"7-11分子尾門市","type":"連鎖型綠色商店","address":"241新北市三重區分子尾街45號","number":"F001413","localcallservice":"02-27478711#3961"}},{"type":"Feature","geometry":{"type":"Point","coordinates":[121.516587977073,24.966663189682]},"properties":{"name":"7-11及人門市","type":"連鎖型綠色商店","address":"231新北市新店區安民街72號","number":"F000922","localcallservice":"02-27478711#3961"}},{"type":"Feature","geometry":{"type":"Point","coordinates":[121.371776015205,24.927099014133]},"properties":{"name":"7-11天下門市","type":"連鎖型綠色商店","address":"237新北市三峽區中正路一段242.244號","number":"F001395","localcallservice":"02-27478711#3961"}},{"type":"Feature","geometry":{"type":"Point","coordinates":[121.483873995712,25.186743007594]},"properties":{"name":"7-11天元門市","type":"連鎖型綠色商店","address":"251新北市淡水區北新路三段34號","number":"F001066","localcallservice":"02-27478711#3961"}},{"type":"Feature","geometry":{"type":"Point","coordinates":[121.497949474257,25.061726502637]},"properties":{"name":"7-11天台門市","type":"連鎖型綠色商店","address":"241新北市三重區仁德里正義南路13.15號1樓","number":"F001196","localcallservice":"02-27478711#3961"}},{"type":"Feature","geometry":{"type":"Point","coordinates":[121.515352987459,24.993203983173]},"properties":{"name":"7-11天城門市","type":"連鎖型綠色商店","address":"235新北市中和區景平路240巷1弄4號","number":"F001628","localcallservice":"02-27478711#3961"}},{"type":"Feature","geometry":{"type":"Point","coordinates":[121.483318024074,25.080913014282]},"properties":{"name":"7-11天勝門市","type":"連鎖型綠色商店","address":"241新北市三重區仁愛街687號","number":"F001385","localcallservice":"02-27478711#3961"}},{"type":"Feature","geometry":{"type":"Point","coordinates":[121.500253994716,25.073342018329]},"properties":{"name":"7-11天龍門市","type":"連鎖型綠色商店","address":"241新北市三重區龍門路217.219.221號","number":"F000946","localcallservice":"02-27478711#3961"}},{"type":"Feature","geometry":{"type":"Point","coordinates":[121.537274933205,24.961673484632]},"properties":{"name":"7-11天闊門市","type":"連鎖型綠色商店","address":"231新北市新店區環河路16號","number":"F001267","localcallservice":"02-27478711#3961"}},{"type":"Feature","geometry":{"type":"Point","coordinates":[121.420619041389,24.962916981877]},"properties":{"name":"7-11太子門市","type":"連鎖型綠色商店","address":"236新北市土城區中山路47號","number":"F001348","localcallservice":"02-27478711#3961"}},{"type":"Feature","geometry":{"type":"Point","coordinates":[121.417885618945,24.979136383617]},"properties":{"name":"7-11太順門市","type":"連鎖型綠色商店","address":"238新北市樹林區太順街49巷2號","number":"F001529","localcallservice":"02-27478711#3961"}},{"type":"Feature","geometry":{"type":"Point","coordinates":[121.464194041427,25.005357994235]},"properties":{"name":"7-11心心門市","type":"連鎖型綠色商店","address":"220新北市板橋區實踐路105.107號","number":"F001615","localcallservice":"02-27478711#3961"}},{"type":"Feature","geometry":{"type":"Point","coordinates":[121.459139837632,24.981099802526]},"properties":{"name":"7-11文青門市","type":"連鎖型綠色商店","address":"236新北市土城區青雲路243.245號","number":"F001331","localcallservice":"02-27478711#3961"}},{"type":"Feature","geometry":{"type":"Point","coordinates":[121.47690201247,25.030697996277]},"properties":{"name":"7-11文聖門市","type":"連鎖型綠色商店","address":"220新北市板橋區文聖街64號","number":"F001446","localcallservice":"02-27478711#3961"}},{"type":"Feature","geometry":{"type":"Point","coordinates":[121.474324996338,25.091460004957]},"properties":{"name":"7-11文豪門市","type":"連鎖型綠色商店","address":"247新北市蘆洲區民族路321號","number":"F001224","localcallservice":"02-27478711#3961"}},{"type":"Feature","geometry":{"type":"Point","coordinates":[121.499937996967,25.062276020209]},"properties":{"name":"7-11文興門市","type":"連鎖型綠色商店","address":"241新北市三重區文化南路7號","number":"F000988","localcallservice":"02-27478711#3961"}},{"type":"Feature","geometry":{"type":"Point","coordinates":[121.424187971942,25.063695998426]},"properties":{"name":"7-11日勝門市","type":"連鎖型綠色商店","address":"243新北市泰山區山腳村泰林路2段515.517號.","number":"F001077","localcallservice":"02-27478711#3961"}},{"type":"Feature","geometry":{"type":"Point","coordinates":[121.488529975288,25.063210979599]},"properties":{"name":"7-11日揚門市","type":"連鎖型綠色商店","address":"241新北市三重區中正北路18-1號","number":"F001564","localcallservice":"02-27478711#3961"}},{"type":"Feature","geometry":{"type":"Point","coordinates":[121.510818964574,25.002052003984]},"properties":{"name":"7-11日福門市","type":"連鎖型綠色商店","address":"235新北市中和區中和路380號","number":"F001591","localcallservice":"02-27478711#3961"}},{"type":"Feature","geometry":{"type":"Point","coordinates":[121.503902972445,25.00482000178]},"properties":{"name":"7-11水源門市","type":"連鎖型綠色商店","address":"234新北市中和區中山路2段62號","number":"F001038","localcallservice":"02-27478711#3961"}},{"type":"Feature","geometry":{"type":"Point","coordinates":[121.433719034043,25.072482998982]},"properties":{"name":"7-11水碓門市","type":"連鎖型綠色商店","address":"248新北市五股區水碓路14號","number":"F001080","localcallservice":"02-27478711#3961"}},{"type":"Feature","geometry":{"type":"Point","coordinates":[121.446085023436,25.177586993751]},"properties":{"name":"7-11水鑫門市","type":"連鎖型綠色商店","address":"251新北市淡水區大忠街83號","number":"F001427","localcallservice":"02-27478711#3961"}},{"type":"Feature","geometry":{"type":"Point","coordinates":[121.444734077937,25.045358229268]},"properties":{"name":"7-11加州門市","type":"連鎖型綠色商店","address":"242新北市新莊區中平路81巷2號","number":"F001448","localcallservice":"02-27478711#3961"}},{"type":"Feature","geometry":{"type":"Point","coordinates":[121.554622036197,24.953336005543]},"properties":{"name":"7-11北宜門市","type":"連鎖型綠色商店","address":"231新北市新店區北宜路二段82號之2.","number":"F000574","localcallservice":"02-27478711#3961"}},{"type":"Feature","geometry":{"type":"Point","coordinates":[121.639581006784,25.21937601977]},"properties":{"name":"7-11北海門市","type":"連鎖型綠色商店","address":"208新北市金山鄉中山路105號","number":"F001542","localcallservice":"02-27478711#3961"}},{"type":"Feature","geometry":{"type":"Point","coordinates":[121.616706596044,25.00312019257]},"properties":{"name":"7-11北深門市","type":"連鎖型綠色商店","address":"222新北市深坑區北深路二段183號","number":"F001318","localcallservice":"02-27478711#3961"}},{"type":"Feature","geometry":{"type":"Point","coordinates":[121.541024996685,24.96713001978]},"properties":{"name":"7-11北新門市","type":"連鎖型綠色商店","address":"231新北市新店區北新路1段289.291號","number":"F001553","localcallservice":"02-27478711#3961"}},{"type":"Feature","geometry":{"type":"Point","coordinates":[121.521870839187,25.007967909336]},"properties":{"name":"7-11北福門市","type":"連鎖型綠色商店","address":"234新北市永和區福和路128號","number":"F001411","localcallservice":"02-27478711#3961"}},{"type":"Feature","geometry":{"type":"Point","coordinates":[121.372843787477,24.946081785044]},"properties":{"name":"7-11北學一門市","type":"連鎖型綠色商店","address":"237新北市三峽區大學路151號B1(商學大樓B1)","number":"F001151","localcallservice":"02-27478711#3961"}},{"type":"Feature","geometry":{"type":"Point","coordinates":[121.373161040886,24.945132008263]},"properties":{"name":"7-11北學二門市","type":"連鎖型綠色商店","address":"237新北市三峽區大學路151號1樓","number":"F001466","localcallservice":"02-27478711#3961"}},{"type":"Feature","geometry":{"type":"Point","coordinates":[121.447569123212,25.005889197349]},"properties":{"name":"7-11台藝大門市","type":"連鎖型綠色商店","address":"220新北市板橋區大觀路一段59號","number":"F001482","localcallservice":"02-27478711#3961"}},{"type":"Feature","geometry":{"type":"Point","coordinates":[121.491278988072,25.003478100991]},"properties":{"name":"7-11巨門門市","type":"連鎖型綠色商店","address":"235新北市中和區中山路二段380號之1","number":"F001261","localcallservice":"02-27478711#3961"}},{"type":"Feature","geometry":{"type":"Point","coordinates":[121.451059012418,25.177801989567]},"properties":{"name":"7-11巧立門市","type":"連鎖型綠色商店","address":"251新北市淡水區北新路184巷57.59號1樓","number":"F001043","localcallservice":"02-27478711#3961"}},{"type":"Feature","geometry":{"type":"Point","coordinates":[121.430137027721,25.158946018274]},"properties":{"name":"7-11左岸門市","type":"連鎖型綠色商店","address":"249新北市八里區龍米路2段246號","number":"F001528","localcallservice":"02-27478711#3961"}},{"type":"Feature","geometry":{"type":"Point","coordinates":[121.497456031617,25.064165007819]},"properties":{"name":"7-11平安門市","type":"連鎖型綠色商店","address":"241新北市三重區正義北路51號.","number":"F001531","localcallservice":"02-27478711#3961"}},{"type":"Feature","geometry":{"type":"Point","coordinates":[121.617862992742,25.002031007317]},"properties":{"name":"7-11平埔門市","type":"連鎖型綠色商店","address":"222新北市深坑區文化街82號","number":"F001141","localcallservice":"02-27478711#3961"}},{"type":"Feature","geometry":{"type":"Point","coordinates":[121.420748625612,25.022986519627]},"properties":{"name":"7-11弘安門市","type":"連鎖型綠色商店","address":"242新北市新莊區萬安街82.84號","number":"F001078","localcallservice":"02-27478711#3961"}},{"type":"Feature","geometry":{"type":"Point","coordinates":[121.439739000723,25.083257013505]},"properties":{"name":"7-11弘龍門市","type":"連鎖型綠色商店","address":"248新北市五股區工商路16號","number":"F001210","localcallservice":"02-27478711#3961"}},{"type":"Feature","geometry":{"type":"Point","coordinates":[121.374585964426,25.077194005753]},"properties":{"name":"7-11未來門市","type":"連鎖型綠色商店","address":"244新北市林口區文化二路一段553號","number":"F001244","localcallservice":"02-27478711#3961"}},{"type":"Feature","geometry":{"type":"Point","coordinates":[121.47576098399,25.070522388011]},"properties":{"name":"7-11正大門市","type":"連鎖型綠色商店","address":"241新北市三重區中正北路235號","number":"F001464","localcallservice":"02-27478711#3961"}},{"type":"Feature","geometry":{"type":"Point","coordinates":[121.533980007066,24.982920980539]},"properties":{"name":"7-11正民門市","type":"連鎖型綠色商店","address":"231新北市新店區中正路506號","number":"F001619","localcallservice":"02-27478711#3961"}},{"type":"Feature","geometry":{"type":"Point","coordinates":[121.482291995307,25.067913017733]},"properties":{"name":"7-11正孝門市","type":"連鎖型綠色商店","address":"241新北市三重區忠孝路2段160號","number":"F000936","localcallservice":"02-27478711#3961"}},{"type":"Feature","geometry":{"type":"Point","coordinates":[121.498233034042,25.060176982107]},"properties":{"name":"7-11正南門市","type":"連鎖型綠色商店","address":"241新北市三重區正義南路67.69號","number":"F001371","localcallservice":"02-27478711#3961"}},{"type":"Feature","geometry":{"type":"Point","coordinates":[121.478777966219,25.013473017613]},"properties":{"name":"7-11正泰門市","type":"連鎖型綠色商店","address":"220新北市板橋區三民路二段202-18號","number":"F001350","localcallservice":"02-27478711#3961"}},{"type":"Feature","geometry":{"type":"Point","coordinates":[121.455311990089,25.019937015614]},"properties":{"name":"7-11正華門市","type":"連鎖型綠色商店","address":"220新北市板橋區中正路274.276號","number":"F001665","localcallservice":"02-27478711#3961"}},{"type":"Feature","geometry":{"type":"Point","coordinates":[121.493149996499,25.071467992417]},"properties":{"name":"7-11正陽門市","type":"連鎖型綠色商店","address":"241新北市三重區正義北路386.388號","number":"F000506","localcallservice":"02-27478711#3961"}},{"type":"Feature","geometry":{"type":"Point","coordinates":[121.475440962927,25.012864994357]},"properties":{"name":"7-11正隆門市","type":"連鎖型綠色商店","address":"220新北市板橋區民生路一段53號","number":"F001176","localcallservice":"02-27478711#3961"}},{"type":"Feature","geometry":{"type":"Point","coordinates":[121.494527981381,25.070674016639]},"properties":{"name":"7-11正龍門市","type":"連鎖型綠色商店","address":"241新北市三重區正義北路332號","number":"F001363","localcallservice":"02-27478711#3961"}},{"type":"Feature","geometry":{"type":"Point","coordinates":[121.471998012379,25.092991001482]},"properties":{"name":"7-11民仁門市","type":"連鎖型綠色商店","address":"247新北市蘆洲區仁愛街41號","number":"F001557","localcallservice":"02-27478711#3961"}},{"type":"Feature","geometry":{"type":"Point","coordinates":[121.414613994497,24.960690999851]},"properties":{"name":"7-11民生廠門市","type":"連鎖型綠色商店","address":"236新北市土城區民生街4號B1","number":"F001119","localcallservice":"02-27478711#3961"}},{"type":"Feature","geometry":{"type":"Point","coordinates":[121.515165987199,24.996542998122]},"properties":{"name":"7-11民光門市","type":"連鎖型綠色商店","address":"234新北市永和區中正路166號","number":"F000998","localcallservice":"02-27478711#3961"}},{"type":"Feature","geometry":{"type":"Point","coordinates":[121.473777238966,25.003048989458]},"properties":{"name":"7-11民自門市","type":"連鎖型綠色商店","address":"235新北市中和區冠穗里民享街38.38之1號","number":"F001274","localcallservice":"02-27478711#3961"}},{"type":"Feature","geometry":{"type":"Point","coordinates":[121.470694039702,25.006570981353]},"properties":{"name":"7-11民族門市","type":"連鎖型綠色商店","address":"220新北市板橋區福祿里民族路310號","number":"F001653","localcallservice":"02-27478711#3961"}},{"type":"Feature","geometry":{"type":"Point","coordinates":[121.468983041807,25.002024008428]},"properties":{"name":"7-11民德門市","type":"連鎖型綠色商店","address":"235新北市中和區民德路47.47-1號","number":"F001184","localcallservice":"02-27478711#3961"}},{"type":"Feature","geometry":{"type":"Point","coordinates":[121.512981998507,25.01080698567]},"properties":{"name":"7-11永中門市","type":"連鎖型綠色商店","address":"234新北市永和區中山路一段58號","number":"F001320","localcallservice":"02-27478711#3961"}},{"type":"Feature","geometry":{"type":"Point","coordinates":[121.510018995735,25.009386001625]},"properties":{"name":"7-11永平門市","type":"連鎖型綠色商店","address":"234新北市永和區中山路一段149-153號","number":"F000511","localcallservice":"02-27478711#3961"}},{"type":"Feature","geometry":{"type":"Point","coordinates":[121.520194458552,25.010583398403]},"properties":{"name":"7-11永竹門市","type":"連鎖型綠色商店","address":"234新北市永和區竹林路146號","number":"F001403","localcallservice":"02-27478711#3961"}},{"type":"Feature","geometry":{"type":"Point","coordinates":[121.522320025378,25.001692001243]},"properties":{"name":"7-11永利門市","type":"連鎖型綠色商店","address":"234新北市永和區永元里永元路93號","number":"F001231","localcallservice":"02-27478711#3961"}},{"type":"Feature","geometry":{"type":"Point","coordinates":[121.51539699245,25.014899994719]},"properties":{"name":"7-11永和門市","type":"連鎖型綠色商店","address":"234新北市永和區文化路7號","number":"F001060","localcallservice":"02-27478711#3961"}},{"type":"Feature","geometry":{"type":"Point","coordinates":[121.502735038056,24.99558398267]},"properties":{"name":"7-11永振門市","type":"連鎖型綠色商店","address":"235新北市中和區南華路16號","number":"F001157","localcallservice":"02-27478711#3961"}},{"type":"Feature","geometry":{"type":"Point","coordinates":[121.519462969862,25.012079987215]},"properties":{"name":"7-11永興門市","type":"連鎖型綠色商店","address":"234新北市永和區竹林路98號","number":"F001165","localcallservice":"02-27478711#3961"}},{"type":"Feature","geometry":{"type":"Point","coordinates":[121.520007039197,24.998409019317]},"properties":{"name":"7-11永權門市","type":"連鎖型綠色商店","address":"234新北市永和區民權路52.54號","number":"F001470","localcallservice":"02-27478711#3961"}},{"type":"Feature","geometry":{"type":"Point","coordinates":[121.619242989281,25.047962998528]},"properties":{"name":"7-11白雲門市","type":"連鎖型綠色商店","address":"221新北市汐止區民權街二段79號之1","number":"F001298","localcallservice":"02-27478711#3961"}},{"type":"Feature","geometry":{"type":"Point","coordinates":[121.442998974325,25.170679006339]},"properties":{"name":"7-11石門門市","type":"連鎖型綠色商店","address":"251新北市石門區中山路78號","number":"F000975","localcallservice":"02-27478711#3961"}},{"type":"Feature","geometry":{"type":"Point","coordinates":[121.461768570105,25.135928306326]},"properties":{"name":"7-11立竹門市","type":"連鎖型綠色商店","address":"251新北市淡水區民族路56號","number":"F001055","localcallservice":"02-27478711#3961"}},{"type":"Feature","geometry":{"type":"Point","coordinates":[121.482620985006,25.076436994167]},"properties":{"name":"7-11立行門市","type":"連鎖型綠色商店","address":"241新北市三重區力行路2段160號","number":"F001017","localcallservice":"02-27478711#3961"}},{"type":"Feature","geometry":{"type":"Point","coordinates":[121.484200219384,25.006345508157]},"properties":{"name":"7-11立言門市","type":"連鎖型綠色商店","address":"235新北市中和區中正路872號","number":"F001198","localcallservice":"02-27478711#3961"}},{"type":"Feature","geometry":{"type":"Point","coordinates":[121.443004003467,25.178138020066]},"properties":{"name":"7-11立征門市","type":"連鎖型綠色商店","address":"251新北市淡水區中山北路1段149巷26.28號","number":"F001136","localcallservice":"02-27478711#3961"}},{"type":"Feature","geometry":{"type":"Point","coordinates":[121.464073006745,24.986745014315]},"properties":{"name":"7-11立金門市","type":"連鎖型綠色商店","address":"236新北市土城區立德路70.72號","number":"F000970","localcallservice":"02-27478711#3961"}},{"type":"Feature","geometry":{"type":"Point","coordinates":[121.486061588622,25.008519103289]},"properties":{"name":"7-11立德門市","type":"連鎖型綠色商店","address":"235新北市中和區立德街103號","number":"F001321","localcallservice":"02-27478711#3961"}},{"type":"Feature","geometry":{"type":"Point","coordinates":[121.477801725957,25.017920790714]},"properties":{"name":"7-11光仁門市","type":"連鎖型綠色商店","address":"220新北市板橋區中山路二段273號","number":"F001356","localcallservice":"02-27478711#3961"}},{"type":"Feature","geometry":{"type":"Point","coordinates":[121.442110073493,24.974558313831]},"properties":{"name":"7-11光員門市","type":"連鎖型綠色商店","address":"236新北市土城區光明街15號","number":"F001498","localcallservice":"02-27478711#3961"}},{"type":"Feature","geometry":{"type":"Point","coordinates":[121.428230312387,25.01039149473]},"properties":{"name":"7-11光華門市","type":"連鎖型綠色商店","address":"242新北市新莊區民安西路390號","number":"F001179","localcallservice":"02-27478711#3961"}},{"type":"Feature","geometry":{"type":"Point","coordinates":[121.483681463396,24.995518603826]},"properties":{"name":"7-11全茂門市","type":"連鎖型綠色商店","address":"235新北市中和區連城路469巷9.11號","number":"F001456","localcallservice":"02-27478711#3961"}},{"type":"Feature","geometry":{"type":"Point","coordinates":[121.510846708673,24.959911482856]},"properties":{"name":"7-11全新門市","type":"連鎖型綠色商店","address":"231新北市新店區安康路2段196-1號","number":"F000949","localcallservice":"02-27478711#3961"}},{"type":"Feature","geometry":{"type":"Point","coordinates":[121.462570969696,25.128130998988]},"properties":{"name":"7-11吉發門市","type":"連鎖型綠色商店","address":"251新北市淡水區自強路275號","number":"F001572","localcallservice":"02-27478711#3961"}},{"type":"Feature","geometry":{"type":"Point","coordinates":[121.536623994604,24.983152991619]},"properties":{"name":"7-11同仁門市","type":"連鎖型綠色商店","address":"231新北市新店區民權路96號","number":"F001626","localcallservice":"02-27478711#3961"}},{"type":"Feature","geometry":{"type":"Point","coordinates":[121.642037994062,25.065045987752]},"properties":{"name":"7-11名帥門市","type":"連鎖型綠色商店","address":"221新北市汐止區樟樹一路131號1樓","number":"F001399","localcallservice":"02-27478711#3961"}},{"type":"Feature","geometry":{"type":"Point","coordinates":[121.479512975309,25.074694019311]},"properties":{"name":"7-11合康門市","type":"連鎖型綠色商店","address":"241新北市三重區永福街199及201-2號","number":"F001315","localcallservice":"02-27478711#3961"}},{"type":"Feature","geometry":{"type":"Point","coordinates":[121.404908002077,25.016306980986]},"properties":{"name":"7-11合喬門市","type":"連鎖型綠色商店","address":"238新北市樹林區三福街68號","number":"F001309","localcallservice":"02-27478711#3961"}},{"type":"Feature","geometry":{"type":"Point","coordinates":[121.425152980455,25.026169002534]},"properties":{"name":"7-11后福門市","type":"連鎖型綠色商店","address":"242新北市新莊區後港一路29號","number":"F001565","localcallservice":"02-27478711#3961"}},{"type":"Feature","geometry":{"type":"Point","coordinates":[121.431279984038,24.991260010279]},"properties":{"name":"7-11存德門市","type":"連鎖型綠色商店","address":"220新北市板橋區篤行路二段104.106號","number":"F001204","localcallservice":"02-27478711#3961"}},{"type":"Feature","geometry":{"type":"Point","coordinates":[121.521247225591,25.003608481495]},"properties":{"name":"7-11宇陽門市","type":"連鎖型綠色商店","address":"234新北市永和區永利路77號","number":"F001404","localcallservice":"02-27478711#3961"}},{"type":"Feature","geometry":{"type":"Point","coordinates":[121.5315433,24.9585927]},"properties":{"name":"7-11安民門市","type":"連鎖型綠色商店","address":"231新北市新店區安民路133巷9.11號","number":"F001245","localcallservice":"02-27478711#3961"}},{"type":"Feature","geometry":{"type":"Point","coordinates":[121.509834929141,24.96107111916]},"properties":{"name":"7-11安成門市","type":"連鎖型綠色商店","address":"231新北市新店區安成街35.29號","number":"F000976","localcallservice":"02-27478711#3961"}},{"type":"Feature","geometry":{"type":"Point","coordinates":[121.475463929342,24.956840814537]},"properties":{"name":"7-11安佳門市","type":"連鎖型綠色商店","address":"231新北市新店區安祥路111號","number":"F001669","localcallservice":"02-27478711#3961"}},{"type":"Feature","geometry":{"type":"Point","coordinates":[121.514430978109,24.962027997226]},"properties":{"name":"7-11安忠門市","type":"連鎖型綠色商店","address":"231新北市新店區安忠路20號","number":"F001562","localcallservice":"02-27478711#3961"}},{"type":"Feature","geometry":{"type":"Point","coordinates":[121.364925234283,25.067413707761]},"properties":{"name":"7-11安林門市","type":"連鎖型綠色商店","address":"244新北市林口區文化二路一段24.26號","number":"F001567","localcallservice":"02-27478711#3961"}},{"type":"Feature","geometry":{"type":"Point","coordinates":[121.523654508183,24.963446005696]},"properties":{"name":"7-11安城門市","type":"連鎖型綠色商店","address":"231新北市新店區安康路一段283號","number":"F001215","localcallservice":"02-27478711#3961"}},{"type":"Feature","geometry":{"type":"Point","coordinates":[121.4524629812,25.043861984761]},"properties":{"name":"7-11安復門市","type":"連鎖型綠色商店","address":"242新北市新莊區復興路1段213號","number":"F000957","localcallservice":"02-27478711#3961"}},{"type":"Feature","geometry":{"type":"Point","coordinates":[121.511728903983,25.001401191112]},"properties":{"name":"7-11安斌門市","type":"連鎖型綠色商店","address":"235新北市中和區中安街96號","number":"F001510","localcallservice":"02-27478711#3961"}},{"type":"Feature","geometry":{"type":"Point","coordinates":[121.519197012074,25.007410009861]},"properties":{"name":"7-11安福門市","type":"連鎖型綠色商店","address":"234新北市永和區福和路213號","number":"F001142","localcallservice":"02-27478711#3961"}},{"type":"Feature","geometry":{"type":"Point","coordinates":[121.338309338939,24.973709688044]},"properties":{"name":"7-11尖山門市","type":"連鎖型綠色商店","address":"239新北市鶯歌區國際二路6巷1號","number":"F001521","localcallservice":"02-27478711#3961"}},{"type":"Feature","geometry":{"type":"Point","coordinates":[121.433242019933,24.993499990084]},"properties":{"name":"7-11成合門市","type":"連鎖型綠色商店","address":"220新北市板橋區金門街40號","number":"F001229","localcallservice":"02-27478711#3961"}},{"type":"Feature","geometry":{"type":"Point","coordinates":[121.449333709943,25.103984585327]},"properties":{"name":"7-11成洲門市","type":"連鎖型綠色商店","address":"248新北市五股區成泰路三段577巷92、94號","number":"F001306","localcallservice":"02-27478711#3961"}},{"type":"Feature","geometry":{"type":"Point","coordinates":[121.437249994575,25.082165102978]},"properties":{"name":"7-11成泰門市","type":"連鎖型綠色商店","address":"248新北市五股區成泰路二段45.47號","number":"F000566","localcallservice":"02-27478711#3961"}},{"type":"Feature","geometry":{"type":"Point","coordinates":[121.679385994412,25.070963988579]},"properties":{"name":"7-11旭昇門市","type":"連鎖型綠色商店","address":"221新北市汐止區大同路三段332號","number":"F001475","localcallservice":"02-27478711#3961"}},{"type":"Feature","geometry":{"type":"Point","coordinates":[121.516673747991,24.996464820314]},"properties":{"name":"7-11有民門市","type":"連鎖型綠色商店","address":"234新北市永和區民有街26、28號","number":"F001090","localcallservice":"02-27478711#3961"}},{"type":"Feature","geometry":{"type":"Point","coordinates":[121.479222961459,25.08826800859]},"properties":{"name":"7-11池田門市","type":"連鎖型綠色商店","address":"247新北市蘆洲區民族路165號","number":"F001222","localcallservice":"02-27478711#3961"}},{"type":"Feature","geometry":{"type":"Point","coordinates":[121.662363019615,25.069092016234]},"properties":{"name":"7-11汐止站門市","type":"連鎖型綠色商店","address":"221新北市汐止區信義路1號","number":"F001462","localcallservice":"02-27478711#3961"}},{"type":"Feature","geometry":{"type":"Point","coordinates":[121.663760031417,25.068183711296]},"properties":{"name":"7-11汐忠門市","type":"連鎖型綠色商店","address":"221新北市汐止區忠孝東路282號","number":"F000579","localcallservice":"02-27478711#3961"}},{"type":"Feature","geometry":{"type":"Point","coordinates":[121.632218594492,25.064752998326]},"properties":{"name":"7-11汐旺門市","type":"連鎖型綠色商店","address":"221新北市汐止區中興里6鄰中興路105號","number":"F000940","localcallservice":"02-27478711#3961"}},{"type":"Feature","geometry":{"type":"Point","coordinates":[121.651761001745,25.072990020305]},"properties":{"name":"7-11汐政門市","type":"連鎖型綠色商店","address":"221新北市汐止區汐萬路一段222號","number":"F000948","localcallservice":"02-27478711#3961"}},{"type":"Feature","geometry":{"type":"Point","coordinates":[121.651097993204,25.064143005323]},"properties":{"name":"7-11汐科門市","type":"連鎖型綠色商店","address":"221新北市汐止區大同路二段167-1號1樓","number":"F001460","localcallservice":"02-27478711#3961"}},{"type":"Feature","geometry":{"type":"Point","coordinates":[121.63390419522,25.064766283643]},"properties":{"name":"7-11汐福門市","type":"連鎖型綠色商店","address":"221新北市汐止區福德一路243號","number":"F000984","localcallservice":"02-27478711#3961"}},{"type":"Feature","geometry":{"type":"Point","coordinates":[121.496295976218,25.082179980856]},"properties":{"name":"7-11百利門市","type":"連鎖型綠色商店","address":"241新北市三重區仁義街208號","number":"F001366","localcallservice":"02-27478711#3961"}},{"type":"Feature","geometry":{"type":"Point","coordinates":[121.537461011455,24.974668996862]},"properties":{"name":"7-11百和門市","type":"連鎖型綠色商店","address":"231新北市新店區中正路306.308號","number":"F001509","localcallservice":"02-27478711#3961"}},{"type":"Feature","geometry":{"type":"Point","coordinates":[121.494450029682,25.08506499002]},"properties":{"name":"7-11百義門市","type":"連鎖型綠色商店","address":"241新北市三重區仁義街232號","number":"F001545","localcallservice":"02-27478711#3961"}},{"type":"Feature","geometry":{"type":"Point","coordinates":[121.4648439742,25.018737900545]},"properties":{"name":"7-11百壽門市","type":"連鎖型綠色商店","address":"220新北市板橋區公館里2鄰文化路一段287號1樓","number":"F001419","localcallservice":"02-27478711#3961"}},{"type":"Feature","geometry":{"type":"Point","coordinates":[121.53585998413,24.971431989675]},"properties":{"name":"7-11百福門市","type":"連鎖型綠色商店","address":"231新北市新店區三民路77號","number":"F001296","localcallservice":"02-27478711#3961"}},{"type":"Feature","geometry":{"type":"Point","coordinates":[121.526187016408,24.963108005451]},"properties":{"name":"7-11百豐門市","type":"連鎖型綠色商店","address":"231新北市新店區安康路一段160號","number":"F001018","localcallservice":"02-27478711#3961"}},{"type":"Feature","geometry":{"type":"Point","coordinates":[121.520766439624,25.008885015272]},"properties":{"name":"7-11竹林門市","type":"連鎖型綠色商店","address":"234新北市永和區竹林路211號","number":"F001502","localcallservice":"02-27478711#3961"}},{"type":"Feature","geometry":{"type":"Point","coordinates":[121.460530982102,25.13672098291]},"properties":{"name":"7-11竹捷門市","type":"連鎖型綠色商店","address":"251新北市淡水區竹圍里民族路10號","number":"F001217","localcallservice":"02-27478711#3961"}},{"type":"Feature","geometry":{"type":"Point","coordinates":[121.460224958817,25.137495009758]},"properties":{"name":"7-11竹圍門市","type":"連鎖型綠色商店","address":"251新北市淡水區民權路109.111號","number":"F001333","localcallservice":"02-27478711#3961"}},{"type":"Feature","geometry":{"type":"Point","coordinates":[121.443451429458,25.16863771955]},"properties":{"name":"7-11老街門市","type":"連鎖型綠色商店","address":"251新北市淡水區公明街54號","number":"F001512","localcallservice":"02-27478711#3961"}},{"type":"Feature","geometry":{"type":"Point","coordinates":[121.670198171246,25.069048597975]},"properties":{"name":"7-11艾科卡門市","type":"連鎖型綠色商店","address":"221新北市汐止區茄苳路196號","number":"F001365","localcallservice":"02-27478711#3961"}},{"type":"Feature","geometry":{"type":"Point","coordinates":[121.485594968072,24.997868009376]},"properties":{"name":"7-11艾德蒙門市","type":"連鎖型綠色商店","address":"235新北市中和區中正路736號","number":"F001068","localcallservice":"02-27478711#3961"}},{"type":"Feature","geometry":{"type":"Point","coordinates":[121.42678342826,25.018126398799]},"properties":{"name":"7-11西盛門市","type":"連鎖型綠色商店","address":"242新北市新莊區民安西路113號之1","number":"F000992","localcallservice":"02-27478711#3961"}},{"type":"Feature","geometry":{"type":"Point","coordinates":[121.384797143764,25.079908065568]},"properties":{"name":"7-11西堤門市","type":"連鎖型綠色商店","address":"243新北市泰山區中山路二段476號","number":"F001636","localcallservice":"02-27478711#3961"}},{"type":"Feature","geometry":{"type":"Point","coordinates":[121.40493197432,25.151036980167]},"properties":{"name":"7-11西雅圖門市","type":"連鎖型綠色商店","address":"249新北市八里區中山路2段276號","number":"F001337","localcallservice":"02-27478711#3961"}},{"type":"Feature","geometry":{"type":"Point","coordinates":[121.464705002245,24.993763014206]},"properties":{"name":"7-11佑容門市","type":"連鎖型綠色商店","address":"220新北市板橋區五權里五權街49.51號.","number":"F001238","localcallservice":"02-27478711#3961"}},{"type":"Feature","geometry":{"type":"Point","coordinates":[121.635062406601,25.071528216392]},"properties":{"name":"7-11伯爵門市","type":"連鎖型綠色商店","address":"221新北市汐止區明峰街12號","number":"F001379","localcallservice":"02-27478711#3961"}},{"type":"Feature","geometry":{"type":"Point","coordinates":[121.44959150881,25.097338107926]},"properties":{"name":"7-11利客來門市","type":"連鎖型綠色商店","address":"248新北市五股區成泰路3段419號","number":"F001150","localcallservice":"02-27478711#3961"}},{"type":"Feature","geometry":{"type":"Point","coordinates":[121.441835314707,25.180155292703]},"properties":{"name":"7-11利璋門市","type":"連鎖型綠色商店","address":"251新北市淡水區新興街64號","number":"F001288","localcallservice":"02-27478711#3961"}},{"type":"Feature","geometry":{"type":"Point","coordinates":[121.511172010336,24.983690020155]},"properties":{"name":"7-11孝忠門市","type":"連鎖型綠色商店","address":"235新北市中和區忠孝街37巷2號","number":"F001473","localcallservice":"02-27478711#3961"}},{"type":"Feature","geometry":{"type":"Point","coordinates":[121.447438030246,25.047073008049]},"properties":{"name":"7-11宏全門市","type":"連鎖型綠色商店","address":"242新北市新莊區中和街61號","number":"F001094","localcallservice":"02-27478711#3961"}},{"type":"Feature","geometry":{"type":"Point","coordinates":[121.513311994035,25.007348989606]},"properties":{"name":"7-11宏圖門市","type":"連鎖型綠色商店","address":"234新北市永和區永和路一段85號","number":"F001535","localcallservice":"02-27478711#3961"}},{"type":"Feature","geometry":{"type":"Point","coordinates":[121.44346601397,25.035476016363]},"properties":{"name":"7-11宏福門市","type":"連鎖型綠色商店","address":"242新北市新莊區公園一路38號","number":"F001200","localcallservice":"02-27478711#3961"}},{"type":"Feature","geometry":{"type":"Point","coordinates":[121.42728298969,25.020451999745]},"properties":{"name":"7-11宏懋門市","type":"連鎖型綠色商店","address":"242新北市新莊區民安里18鄰民安西路58號1樓","number":"F000536","localcallservice":"02-27478711#3961"}},{"type":"Feature","geometry":{"type":"Point","coordinates":[121.501454031794,24.99530700268]},"properties":{"name":"7-11宏禧門市","type":"連鎖型綠色商店","address":"235新北市中和區景平路429號1樓","number":"F001035","localcallservice":"02-27478711#3961"}},{"type":"Feature","geometry":{"type":"Point","coordinates":[121.484599030337,25.002350986471]},"properties":{"name":"7-11宏鑫門市","type":"連鎖型綠色商店","address":"235新北市中和區中正路837號","number":"F001276","localcallservice":"02-27478711#3961"}},{"type":"Feature","geometry":{"type":"Point","coordinates":[121.461257022555,24.983133000779]},"properties":{"name":"7-11廷寮門市","type":"連鎖型綠色商店","address":"236新北市土城區清水路237號","number":"F000933","localcallservice":"02-27478711#3961"}},{"type":"Feature","geometry":{"type":"Point","coordinates":[121.5220030218,24.993666999505]},"properties":{"name":"7-11志一門市","type":"連鎖型綠色商店","address":"235新北市中和區自立路16號","number":"F001552","localcallservice":"02-27478711#3961"}},{"type":"Feature","geometry":{"type":"Point","coordinates":[121.471654186711,24.990044299043]},"properties":{"name":"7-11志城門市","type":"連鎖型綠色商店","address":"236新北市土城區金城路三段249.251號","number":"F001541","localcallservice":"02-27478711#3961"}},{"type":"Feature","geometry":{"type":"Point","coordinates":[121.659680978237,25.064671987232]},"properties":{"name":"7-11秀峰門市","type":"連鎖型綠色商店","address":"221新北市汐止區秀峰路60號","number":"F001161","localcallservice":"02-27478711#3961"}},{"type":"Feature","geometry":{"type":"Point","coordinates":[121.524857981841,24.999408016447]},"properties":{"name":"7-11秀朗門市","type":"連鎖型綠色商店","address":"234新北市永和區得和路377號","number":"F001609","localcallservice":"02-27478711#3961"}},{"type":"Feature","geometry":{"type":"Point","coordinates":[121.4928304,25.003819]},"properties":{"name":"7-11秀景門市","type":"連鎖型綠色商店","address":"235新北市中和區成功南路115.117號","number":"F001338","localcallservice":"02-27478711#3961"}},{"type":"Feature","geometry":{"type":"Point","coordinates":[121.3866428,25.0821866]},"properties":{"name":"7-11貝比門市","type":"連鎖型綠色商店","address":"244新北市林口區湖南村8鄰頭湖70-9號","number":"F001277","localcallservice":"02-27478711#3961"}},{"type":"Feature","geometry":{"type":"Point","coordinates":[121.4901462,25.0678289]},"properties":{"name":"7-11車路頭門市","type":"連鎖型綠色商店","address":"241新北市三重區車頭街135號.","number":"F001014","localcallservice":"02-27478711#3961"}},{"type":"Feature","geometry":{"type":"Point","coordinates":[121.550692013256,24.86186601448]},"properties":{"name":"7-11那魯灣門市","type":"連鎖型綠色商店","address":"233新北市烏來區烏來村溫泉街80號","number":"F001135","localcallservice":"02-27478711#3961"}},{"type":"Feature","geometry":{"type":"Point","coordinates":[121.453770977191,24.995137981603]},"properties":{"name":"7-11亞苑門市","type":"連鎖型綠色商店","address":"220新北市板橋區四川路2段51號","number":"F000932","localcallservice":"02-27478711#3961"}},{"type":"Feature","geometry":{"type":"Point","coordinates":[121.452311771667,24.997313420753]},"properties":{"name":"7-11亞醫門市","type":"連鎖型綠色商店","address":"220新北市板橋區南雅南路二段21號(亞東醫院內)","number":"F001058","localcallservice":"02-27478711#3961"}},{"type":"Feature","geometry":{"type":"Point","coordinates":[121.418418037434,24.977908015707]},"properties":{"name":"7-11佳宏門市","type":"連鎖型綠色商店","address":"238新北市樹林區太平路150巷1號","number":"F001092","localcallservice":"02-27478711#3961"}},{"type":"Feature","geometry":{"type":"Point","coordinates":[121.382472329485,24.944349096596]},"properties":{"name":"7-11佳辰門市","type":"連鎖型綠色商店","address":"238新北市樹林區佳園路三段488號","number":"F001639","localcallservice":"02-27478711#3961"}},{"type":"Feature","geometry":{"type":"Point","coordinates":[121.387488982355,25.082496020516]},"properties":{"name":"7-11佳林門市","type":"連鎖型綠色商店","address":"244新北市林口區林口路197號","number":"F000939","localcallservice":"02-27478711#3961"}},{"type":"Feature","geometry":{"type":"Point","coordinates":[121.46874901907,25.001126013231]},"properties":{"name":"7-11佳客門市","type":"連鎖型綠色商店","address":"235新北市中和區民德路126.126之1號","number":"F001145","localcallservice":"02-27478711#3961"}},{"type":"Feature","geometry":{"type":"Point","coordinates":[121.387429973757,24.951317014616]},"properties":{"name":"7-11佳園門市","type":"連鎖型綠色商店","address":"238新北市樹林區佳園路三段103號","number":"F001631","localcallservice":"02-27478711#3961"}},{"type":"Feature","geometry":{"type":"Point","coordinates":[121.45899198086,24.983346990768]},"properties":{"name":"7-11佳福門市","type":"連鎖型綠色商店","address":"236新北市土城區青雲路152號","number":"F001432","localcallservice":"02-27478711#3961"}},{"type":"Feature","geometry":{"type":"Point","coordinates":[121.43508796647,25.074147980229]},"properties":{"name":"7-11來峰門市","type":"連鎖型綠色商店","address":"248新北市五股區成泰路一段157號","number":"F001345","localcallservice":"02-27478711#3961"}},{"type":"Feature","geometry":{"type":"Point","coordinates":[121.5515147,24.8614938]},"properties":{"name":"7-11來鑫門市","type":"連鎖型綠色商店","address":"233新北市烏來區忠治村堰堤.9.11號","number":"F001211","localcallservice":"02-27478711#3961"}},{"type":"Feature","geometry":{"type":"Point","coordinates":[121.44152686067,25.174417586613]},"properties":{"name":"7-11協元門市","type":"連鎖型綠色商店","address":"251新北市淡水區中山路188號","number":"F001467","localcallservice":"02-27478711#3961"}},{"type":"Feature","geometry":{"type":"Point","coordinates":[121.924527996185,25.055695010841]},"properties":{"name":"7-11和川門市","type":"連鎖型綠色商店","address":"228新北市貢寮區延平街63號","number":"F000571","localcallservice":"02-27478711#3961"}},{"type":"Feature","geometry":{"type":"Point","coordinates":[121.524913218582,25.001503115055]},"properties":{"name":"7-11和和門市","type":"連鎖型綠色商店","address":"234新北市永和區秀朗路2段128號","number":"F001442","localcallservice":"02-27478711#3961"}},{"type":"Feature","geometry":{"type":"Point","coordinates":[121.505686976717,24.989663006267]},"properties":{"name":"7-11和復門市","type":"連鎖型綠色商店","address":"235新北市中和區復興路19號","number":"F001561","localcallservice":"02-27478711#3961"}},{"type":"Feature","geometry":{"type":"Point","coordinates":[121.469674967914,25.082194020544]},"properties":{"name":"7-11和華門市","type":"連鎖型綠色商店","address":"247新北市蘆洲區正和街28號","number":"F001197","localcallservice":"02-27478711#3961"}},{"type":"Feature","geometry":{"type":"Point","coordinates":[121.491014951704,24.989846702408]},"properties":{"name":"7-11和錦門市","type":"連鎖型綠色商店","address":"235新北市中和區錦和路406、410號","number":"F001087","localcallservice":"02-27478711#3961"}},{"type":"Feature","geometry":{"type":"Point","coordinates":[121.493555732419,24.993744694091]},"properties":{"name":"7-11和醫門市","type":"連鎖型綠色商店","address":"235新北市中和區中正路291號B1","number":"F001402","localcallservice":"02-27478711#3961"}},{"type":"Feature","geometry":{"type":"Point","coordinates":[121.7132525,24.9382857]},"properties":{"name":"7-11坪林門市","type":"連鎖型綠色商店","address":"232新北市坪林區水柳腳路159號","number":"F001062","localcallservice":"02-27478711#3961"}},{"type":"Feature","geometry":{"type":"Point","coordinates":[121.457362035968,25.008698015012]},"properties":{"name":"7-11坤耀門市","type":"連鎖型綠色商店","address":"220新北市板橋區南門街39號1F","number":"F001401","localcallservice":"02-27478711#3961"}},{"type":"Feature","geometry":{"type":"Point","coordinates":[121.52389800247,25.004242991565]},"properties":{"name":"7-11孟揚門市","type":"連鎖型綠色商店","address":"234新北市永和區秀和里林森路62號","number":"F001546","localcallservice":"02-27478711#3961"}},{"type":"Feature","geometry":{"type":"Point","coordinates":[121.433876027089,25.056818018228]},"properties":{"name":"7-11季欣門市","type":"連鎖型綠色商店","address":"243新北市泰山區全興路109號","number":"F001024","localcallservice":"02-27478711#3961"}},{"type":"Feature","geometry":{"type":"Point","coordinates":[121.509451037976,24.998662110883]},"properties":{"name":"7-11宜安門市","type":"連鎖型綠色商店","address":"235新北市中和區宜安路148號","number":"F001479","localcallservice":"02-27478711#3961"}},{"type":"Feature","geometry":{"type":"Point","coordinates":[121.558232205714,24.954177800079]},"properties":{"name":"7-11宜峰門市","type":"連鎖型綠色商店","address":"231新北市新店區北宜路二段353號","number":"F001589","localcallservice":"02-27478711#3961"}},{"type":"Feature","geometry":{"type":"Point","coordinates":[121.44498095915,25.048233985458]},"properties":{"name":"7-11宜增門市","type":"連鎖型綠色商店","address":"242新北市新莊區立基里33鄰中平路192號","number":"F001104","localcallservice":"02-27478711#3961"}},{"type":"Feature","geometry":{"type":"Point","coordinates":[121.409806973026,24.930653988817]},"properties":{"name":"7-11岩昇門市","type":"連鎖型綠色商店","address":"237新北市三峽區溪東路300號","number":"F001220","localcallservice":"02-27478711#3961"}},{"type":"Feature","geometry":{"type":"Point","coordinates":[121.491415529275,25.075551488006]},"properties":{"name":"7-11幸亞門市","type":"連鎖型綠色商店","address":"241新北市三重區溪尾街29號","number":"F001285","localcallservice":"02-27478711#3961"}},{"type":"Feature","geometry":{"type":"Point","coordinates":[121.447195038873,25.049581711669]},"properties":{"name":"7-11幸和門市","type":"連鎖型綠色商店","address":"242新北市新莊區中和街153號","number":"F001100","localcallservice":"02-27478711#3961"}},{"type":"Feature","geometry":{"type":"Point","coordinates":[121.465809988541,25.010200010152]},"properties":{"name":"7-11幸運門市","type":"連鎖型綠色商店","address":"220新北市板橋區區運路21號","number":"F001452","localcallservice":"02-27478711#3961"}},{"type":"Feature","geometry":{"type":"Point","coordinates":[121.492048027689,25.067712019695]},"properties":{"name":"7-11幸福門市","type":"連鎖型綠色商店","address":"241新北市三重區自強路1段272號","number":"F001260","localcallservice":"02-27478711#3961"}},{"type":"Feature","geometry":{"type":"Point","coordinates":[121.45602696643,25.00946001383]},"properties":{"name":"7-11府中門市","type":"連鎖型綠色商店","address":"220新北市板橋區赤松里府中路127號","number":"F001039","localcallservice":"02-27478711#3961"}},{"type":"Feature","geometry":{"type":"Point","coordinates":[121.460866006771,25.007783004552]},"properties":{"name":"7-11府運門市","type":"連鎖型綠色商店","address":"220新北市板橋區重慶路18.20號1樓","number":"F001659","localcallservice":"02-27478711#3961"}},{"type":"Feature","geometry":{"type":"Point","coordinates":[121.46704103866,24.989696994885]},"properties":{"name":"7-11延和門市","type":"連鎖型綠色商店","address":"236新北市土城區平和里延和路106號","number":"F000517","localcallservice":"02-27478711#3961"}},{"type":"Feature","geometry":{"type":"Point","coordinates":[121.46758896367,24.990302000656]},"properties":{"name":"7-11延城門市","type":"連鎖型綠色商店","address":"236新北市土城區延和路103號","number":"F001580","localcallservice":"02-27478711#3961"}},{"type":"Feature","geometry":{"type":"Point","coordinates":[121.46815080264,24.991937016599]},"properties":{"name":"7-11延福門市","type":"連鎖型綠色商店","address":"236新北市土城區延平街36號","number":"F001544","localcallservice":"02-27478711#3961"}},{"type":"Feature","geometry":{"type":"Point","coordinates":[121.517971661649,25.012103414634]},"properties":{"name":"7-11忠信門市","type":"連鎖型綠色商店","address":"234新北市永和區中興街101號","number":"F001408","localcallservice":"02-27478711#3961"}},{"type":"Feature","geometry":{"type":"Point","coordinates":[121.37888026488,25.068321803151]},"properties":{"name":"7-11忠柯門市","type":"連鎖型綠色商店","address":"244新北市林口區忠孝路642號","number":"F001241","localcallservice":"02-27478711#3961"}},{"type":"Feature","geometry":{"type":"Point","coordinates":[121.443393007593,24.98541401]},"properties":{"name":"7-11忠華門市","type":"連鎖型綠色商店","address":"236新北市土城區中華路1段193號","number":"F001192","localcallservice":"02-27478711#3961"}},{"type":"Feature","geometry":{"type":"Point","coordinates":[121.435949039383,24.966392999034]},"properties":{"name":"7-11承天門市","type":"連鎖型綠色商店","address":"236新北市土城區承天路1號","number":"F001433","localcallservice":"02-27478711#3961"}},{"type":"Feature","geometry":{"type":"Point","coordinates":[121.454716958783,25.050986979646]},"properties":{"name":"7-11昌宏門市","type":"連鎖型綠色商店","address":"242新北市新莊區昌隆街31號","number":"F001233","localcallservice":"02-27478711#3961"}},{"type":"Feature","geometry":{"type":"Point","coordinates":[121.4738729603,25.01003999962]},"properties":{"name":"7-11昌林門市","type":"連鎖型綠色商店","address":"220新北市板橋區長安街138巷一弄50號","number":"F001079","localcallservice":"02-27478711#3961"}},{"type":"Feature","geometry":{"type":"Point","coordinates":[121.419381788661,24.987725110253]},"properties":{"name":"7-11昌聖門市","type":"連鎖型綠色商店","address":"238新北市樹林區文化街26號","number":"F001188","localcallservice":"02-27478711#3961"}},{"type":"Feature","geometry":{"type":"Point","coordinates":[121.422641007892,25.040580008664]},"properties":{"name":"7-11明志門市","type":"連鎖型綠色商店","address":"243新北市泰山區工專路72號","number":"F001486","localcallservice":"02-27478711#3961"}},{"type":"Feature","geometry":{"type":"Point","coordinates":[121.628028984008,25.06979701811]},"properties":{"name":"7-11明峰門市","type":"連鎖型綠色商店","address":"221新北市汐止區明峰街190號","number":"F000973","localcallservice":"02-27478711#3961"}},{"type":"Feature","geometry":{"type":"Point","coordinates":[121.480797166694,25.066317606283]},"properties":{"name":"7-11明益門市","type":"連鎖型綠色商店","address":"241新北市三重區忠孝路三段61號","number":"F000985","localcallservice":"02-27478711#3961"}},{"type":"Feature","geometry":{"type":"Point","coordinates":[121.425057762035,25.041900996604]},"properties":{"name":"7-11明貴門市","type":"連鎖型綠色商店","address":"243新北市泰山區明志路3段77號","number":"F001033","localcallservice":"02-27478711#3961"}},{"type":"Feature","geometry":{"type":"Point","coordinates":[121.462552026595,25.025201018446]},"properties":{"name":"7-11明陽門市","type":"連鎖型綠色商店","address":"220新北市板橋區新翠里陽明街251號","number":"F001201","localcallservice":"02-27478711#3961"}},{"type":"Feature","geometry":{"type":"Point","coordinates":[121.64987599554,25.08231300166]},"properties":{"name":"7-11明園門市","type":"連鎖型綠色商店","address":"221新北市汐止區汐萬路二段62巷1號1樓","number":"F001519","localcallservice":"02-27478711#3961"}},{"type":"Feature","geometry":{"type":"Point","coordinates":[121.516214982381,25.004319015427]},"properties":{"name":"7-11昇庚門市","type":"連鎖型綠色商店","address":"234新北市永和區永貞路182.184號","number":"F001107","localcallservice":"02-27478711#3961"}},{"type":"Feature","geometry":{"type":"Point","coordinates":[121.463687020104,24.997345020528]},"properties":{"name":"7-11昇容門市","type":"連鎖型綠色商店","address":"220新北市板橋區重慶路346巷8號","number":"F001218","localcallservice":"02-27478711#3961"}},{"type":"Feature","geometry":{"type":"Point","coordinates":[121.509165969449,25.000661991071]},"properties":{"name":"7-11昇陽門市","type":"連鎖型綠色商店","address":"234新北市永和區雙和里1鄰中和路417.419號","number":"F001577","localcallservice":"02-27478711#3961"}},{"type":"Feature","geometry":{"type":"Point","coordinates":[121.412382983329,25.006251002199]},"properties":{"name":"7-11東明門市","type":"連鎖型綠色商店","address":"238新北市樹林區保安街二段293-1號","number":"F001086","localcallservice":"02-27478711#3961"}},{"type":"Feature","geometry":{"type":"Point","coordinates":[121.662344663247,25.065798598838]},"properties":{"name":"7-11東晴門市","type":"連鎖型綠色商店","address":"221新北市汐止區新台五路2段80號","number":"F001323","localcallservice":"02-27478711#3961"}},{"type":"Feature","geometry":{"type":"Point","coordinates":[121.426033667021,25.021947918004]},"properties":{"name":"7-11林宏門市","type":"連鎖型綠色商店","address":"242新北市新莊區成功街1號","number":"F001520","localcallservice":"02-27478711#3961"}},{"type":"Feature","geometry":{"type":"Point","coordinates":[121.499010958476,24.999658006709]},"properties":{"name":"7-11杰明門市","type":"連鎖型綠色商店","address":"235新北市中和區泰和街48號","number":"F001586","localcallservice":"02-27478711#3961"}},{"type":"Feature","geometry":{"type":"Point","coordinates":[121.457219962709,25.025920982019]},"properties":{"name":"7-11杰朋門市","type":"連鎖型綠色商店","address":"220新北市板橋區龍泉街53號","number":"F001457","localcallservice":"02-27478711#3961"}},{"type":"Feature","geometry":{"type":"Point","coordinates":[121.455100011758,25.011611983651]},"properties":{"name":"7-11板林門市","type":"連鎖型綠色商店","address":"220新北市板橋區自強里中正路1巷18號","number":"F001263","localcallservice":"02-27478711#3961"}},{"type":"Feature","geometry":{"type":"Point","coordinates":[121.458723005587,24.991812000513]},"properties":{"name":"7-11板信門市","type":"連鎖型綠色商店","address":"220新北市板橋區信義路148號","number":"F000572","localcallservice":"02-27478711#3961"}},{"type":"Feature","geometry":{"type":"Point","coordinates":[121.488116998918,25.006536992735]},"properties":{"name":"7-11板南門市","type":"連鎖型綠色商店","address":"235新北市中和區板南路486號","number":"F001195","localcallservice":"02-27478711#3961"}},{"type":"Feature","geometry":{"type":"Point","coordinates":[121.46069996127,25.013056981849]},"properties":{"name":"7-11板站北門市","type":"連鎖型綠色商店","address":"220新北市板橋區文化路一段54號","number":"F001144","localcallservice":"02-27478711#3961"}},{"type":"Feature","geometry":{"type":"Point","coordinates":[121.46069996127,25.013056981849]},"properties":{"name":"7-11板站東門市","type":"連鎖型綠色商店","address":"220新北市板橋區文化路一段54號","number":"F001621","localcallservice":"02-27478711#3961"}},{"type":"Feature","geometry":{"type":"Point","coordinates":[121.46069996127,25.013056981849]},"properties":{"name":"7-11板站門市","type":"連鎖型綠色商店","address":"220新北市板橋區文化路一段54號","number":"F001444","localcallservice":"02-27478711#3961"}},{"type":"Feature","geometry":{"type":"Point","coordinates":[121.494425470705,24.997172479051]},"properties":{"name":"7-11板勝門市","type":"連鎖型綠色商店","address":"235新北市中和區連城路219巷4號","number":"F001031","localcallservice":"02-27478711#3961"}},{"type":"Feature","geometry":{"type":"Point","coordinates":[121.475106608809,25.032704917264]},"properties":{"name":"7-11板聖門市","type":"連鎖型綠色商店","address":"220新北市板橋區文化路二段472號","number":"F000526","localcallservice":"02-27478711#3961"}},{"type":"Feature","geometry":{"type":"Point","coordinates":[121.460401984612,25.001795014833]},"properties":{"name":"7-11板慶門市","type":"連鎖型綠色商店","address":"220新北市板橋區忠孝路40號","number":"F000999","localcallservice":"02-27478711#3961"}},{"type":"Feature","geometry":{"type":"Point","coordinates":[121.459076470444,25.0137675996]},"properties":{"name":"7-11板權門市","type":"連鎖型綠色商店","address":"220新北市板橋區民權路198-200號","number":"F001376","localcallservice":"02-27478711#3961"}},{"type":"Feature","geometry":{"type":"Point","coordinates":[121.476788018586,25.006320991091]},"properties":{"name":"7-11松旺門市","type":"連鎖型綠色商店","address":"235新北市中和區中山路三段108號","number":"F000971","localcallservice":"02-27478711#3961"}},{"type":"Feature","geometry":{"type":"Point","coordinates":[121.469129976569,25.030362007688]},"properties":{"name":"7-11松林門市","type":"連鎖型綠色商店","address":"220新北市板橋區江翠里松江街118號","number":"F001258","localcallservice":"02-27478711#3961"}},{"type":"Feature","geometry":{"type":"Point","coordinates":[121.454250002957,25.179856980769]},"properties":{"name":"7-11欣聯門市","type":"連鎖型綠色商店","address":"251新北市淡水區淡金路一段166號","number":"F000931","localcallservice":"02-27478711#3961"}},{"type":"Feature","geometry":{"type":"Point","coordinates":[121.433476828114,25.054966113492]},"properties":{"name":"7-11武仁門市","type":"連鎖型綠色商店","address":"243新北市泰山區仁愛路100巷28、30號","number":"F001012","localcallservice":"02-27478711#3961"}},{"type":"Feature","geometry":{"type":"Point","coordinates":[121.468430003835,25.024806985177]},"properties":{"name":"7-11武江門市","type":"連鎖型綠色商店","address":"220新北市板橋區光武街2巷2號","number":"F001172","localcallservice":"02-27478711#3961"}},{"type":"Feature","geometry":{"type":"Point","coordinates":[121.413460225525,25.0037578051]},"properties":{"name":"7-11武林門市","type":"連鎖型綠色商店","address":"238新北市樹林區光華街2.4號","number":"F001543","localcallservice":"02-27478711#3961"}},{"type":"Feature","geometry":{"type":"Point","coordinates":[121.465272037995,25.133666994578]},"properties":{"name":"7-11武強門市","type":"連鎖型綠色商店","address":"251新北市淡水區自強路152號","number":"F000937","localcallservice":"02-27478711#3961"}},{"type":"Feature","geometry":{"type":"Point","coordinates":[121.469444968491,24.978869000906]},"properties":{"name":"7-11泳豐門市","type":"連鎖型綠色商店","address":"236新北市土城區永豐路264之1號","number":"F001223","localcallservice":"02-27478711#3961"}},{"type":"Feature","geometry":{"type":"Point","coordinates":[121.634736266748,25.057477883556]},"properties":{"name":"7-11矽功門市","type":"連鎖型綠色商店","address":"221新北市汐止區大同路1段284號","number":"F001013","localcallservice":"02-27478711#3961"}},{"type":"Feature","geometry":{"type":"Point","coordinates":[121.631676033899,25.065816997115]},"properties":{"name":"7-11社后門市","type":"連鎖型綠色商店","address":"221新北市汐止區中興里中興路190號","number":"F001638","localcallservice":"02-27478711#3961"}},{"type":"Feature","geometry":{"type":"Point","coordinates":[121.469599027871,25.072107992634]},"properties":{"name":"7-11股興門市","type":"連鎖型綠色商店","address":"248新北市五股區中興路一段3號","number":"F000972","localcallservice":"02-27478711#3961"}},{"type":"Feature","geometry":{"type":"Point","coordinates":[121.3752277,24.9304674]},"properties":{"name":"7-11芳榮門市","type":"連鎖型綠色商店","address":"237新北市三峽區中正路536.538號","number":"F001423","localcallservice":"02-27478711#3961"}},{"type":"Feature","geometry":{"type":"Point","coordinates":[121.456428040497,25.040733020306]},"properties":{"name":"7-11花旗門市","type":"連鎖型綠色商店","address":"242新北市新莊區中港路132巷26號","number":"F000529","localcallservice":"02-27478711#3961"}},{"type":"Feature","geometry":{"type":"Point","coordinates":[121.415892989103,25.029448003056]},"properties":{"name":"7-11采旺門市","type":"連鎖型綠色商店","address":"242新北市新莊區天祥街74號","number":"F001027","localcallservice":"02-27478711#3961"}},{"type":"Feature","geometry":{"type":"Point","coordinates":[121.364518125246,25.072035782538]},"properties":{"name":"7-11采鋺門市","type":"連鎖型綠色商店","address":"244新北市林口區文化三路一段368號","number":"F001325","localcallservice":"02-27478711#3961"}},{"type":"Feature","geometry":{"type":"Point","coordinates":[121.635732036846,25.223491995234]},"properties":{"name":"7-11金中門市","type":"連鎖型綠色商店","address":"208新北市金山鄉中山路305.307號","number":"F001016","localcallservice":"02-27478711#3961"}},{"type":"Feature","geometry":{"type":"Point","coordinates":[121.449069986795,25.206395008232]},"properties":{"name":"7-11金旦門市","type":"連鎖型綠色商店","address":"251新北市淡水區淡金路三段254.256號","number":"F001126","localcallservice":"02-27478711#3961"}},{"type":"Feature","geometry":{"type":"Point","coordinates":[121.630125968545,25.235036013292]},"properties":{"name":"7-11金全門市","type":"連鎖型綠色商店","address":"208新北市金山鄉清水路52號","number":"F000963","localcallservice":"02-27478711#3961"}},{"type":"Feature","geometry":{"type":"Point","coordinates":[121.422827002324,25.182803010187]},"properties":{"name":"7-11金沙門市","type":"連鎖型綠色商店","address":"251新北市淡水區沙崙路133號.","number":"F001149","localcallservice":"02-27478711#3961"}},{"type":"Feature","geometry":{"type":"Point","coordinates":[121.430056980546,24.986436979373]},"properties":{"name":"7-11金林門市","type":"連鎖型綠色商店","address":"220新北市板橋區金門街303.305號","number":"F001291","localcallservice":"02-27478711#3961"}},{"type":"Feature","geometry":{"type":"Point","coordinates":[121.497639008564,25.259645993477]},"properties":{"name":"7-11金芝門市","type":"連鎖型綠色商店","address":"252新北市三芝區中興街一段2號","number":"F000929","localcallservice":"02-27478711#3961"}},{"type":"Feature","geometry":{"type":"Point","coordinates":[121.466290919599,24.987102053452]},"properties":{"name":"7-11金城門市","type":"連鎖型綠色商店","address":"236新北市土城區金城路3段71號","number":"F001073","localcallservice":"02-27478711#3961"}},{"type":"Feature","geometry":{"type":"Point","coordinates":[121.446008999574,25.178387004499]},"properties":{"name":"7-11金星門市","type":"連鎖型綠色商店","address":"251新北市淡水區北新路65號","number":"F001329","localcallservice":"02-27478711#3961"}},{"type":"Feature","geometry":{"type":"Point","coordinates":[121.446853979233,25.197777992672]},"properties":{"name":"7-11金紅門市","type":"連鎖型綠色商店","address":"251新北市淡水區淡金路3段2號","number":"F001003","localcallservice":"02-27478711#3961"}},{"type":"Feature","geometry":{"type":"Point","coordinates":[121.465681996879,24.98588498914]},"properties":{"name":"7-11金峰門市","type":"連鎖型綠色商店","address":"236新北市土城區明峰街9.11號","number":"F001305","localcallservice":"02-27478711#3961"}},{"type":"Feature","geometry":{"type":"Point","coordinates":[121.459595896983,25.04238609925]},"properties":{"name":"7-11金座門市","type":"連鎖型綠色商店","address":"242新北市新莊區思源路123號","number":"F001392","localcallservice":"02-27478711#3961"}},{"type":"Feature","geometry":{"type":"Point","coordinates":[121.421440970815,25.18130000922]},"properties":{"name":"7-11金崙門市","type":"連鎖型綠色商店","address":"251新北市淡水區沙崙路26-28號","number":"F001666","localcallservice":"02-27478711#3961"}},{"type":"Feature","geometry":{"type":"Point","coordinates":[121.639713021759,25.216916015007]},"properties":{"name":"7-11金強門市","type":"連鎖型綠色商店","address":"208新北市金山鄉自強路18-2號","number":"F001563","localcallservice":"02-27478711#3961"}},{"type":"Feature","geometry":{"type":"Point","coordinates":[121.632016506806,25.221332397881]},"properties":{"name":"7-11金祥門市","type":"連鎖型綠色商店","address":"208新北市金山鄉中正路145號","number":"F001128","localcallservice":"02-27478711#3961"}},{"type":"Feature","geometry":{"type":"Point","coordinates":[121.432546992522,24.990049998737]},"properties":{"name":"7-11金園門市","type":"連鎖型綠色商店","address":"220新北市板橋區金門街175號","number":"F001635","localcallservice":"02-27478711#3961"}},{"type":"Feature","geometry":{"type":"Point","coordinates":[121.440382982344,24.97587599092]},"properties":{"name":"7-11金源門市","type":"連鎖型綠色商店","address":"236新北市土城區水源街59號","number":"F001259","localcallservice":"02-27478711#3961"}},{"type":"Feature","geometry":{"type":"Point","coordinates":[121.454913011498,24.982818008858]},"properties":{"name":"7-11金裕門市","type":"連鎖型綠色商店","address":"236新北市土城區柑林里8鄰裕民路257之1號","number":"F000983","localcallservice":"02-27478711#3961"}},{"type":"Feature","geometry":{"type":"Point","coordinates":[121.375625990972,24.933259000505]},"properties":{"name":"7-11金銘門市","type":"連鎖型綠色商店","address":"237新北市三峽區介壽路一段27號","number":"F000964","localcallservice":"02-27478711#3961"}},{"type":"Feature","geometry":{"type":"Point","coordinates":[121.347068008663,24.953494004418]},"properties":{"name":"7-11金億門市","type":"連鎖型綠色商店","address":"239新北市鶯歌區建國路278號","number":"F001629","localcallservice":"02-27478711#3961"}},{"type":"Feature","geometry":{"type":"Point","coordinates":[121.438694196492,25.171091605523]},"properties":{"name":"7-11金寶門市","type":"連鎖型綠色商店","address":"251新北市淡水區中正路169號","number":"F001123","localcallservice":"02-27478711#3961"}},{"type":"Feature","geometry":{"type":"Point","coordinates":[121.338092834381,24.95457941897]},"properties":{"name":"7-11金鶯門市","type":"連鎖型綠色商店","address":"238新北市鶯歌區鶯桃路131-133號","number":"F001396","localcallservice":"02-27478711#3961"}},{"type":"Feature","geometry":{"type":"Point","coordinates":[121.498847008449,25.06590400127]},"properties":{"name":"7-11長元門市","type":"連鎖型綠色商店","address":"241新北市三重區長元街2-2號","number":"F001490","localcallservice":"02-27478711#3961"}},{"type":"Feature","geometry":{"type":"Point","coordinates":[121.469911002307,25.032774989974]},"properties":{"name":"7-11長江門市","type":"連鎖型綠色商店","address":"220新北市板橋區長江路2段280號之1","number":"F001159","localcallservice":"02-27478711#3961"}},{"type":"Feature","geometry":{"type":"Point","coordinates":[121.392240468253,25.129897422996]},"properties":{"name":"7-11長坑門市","type":"連鎖型綠色商店","address":"249新北市八里區中華路3段168號","number":"F001156","localcallservice":"02-27478711#3961"}},{"type":"Feature","geometry":{"type":"Point","coordinates":[121.371523971377,25.069598995647]},"properties":{"name":"7-11長坤門市","type":"連鎖型綠色商店","address":"244新北市林口區文化一路一段52號","number":"F001592","localcallservice":"02-27478711#3961"}},{"type":"Feature","geometry":{"type":"Point","coordinates":[121.333431238929,24.96401878305]},"properties":{"name":"7-11長虹門市","type":"連鎖型綠色商店","address":"239新北市鶯歌區鶯桃路412號一樓","number":"F001121","localcallservice":"02-27478711#3961"}},{"type":"Feature","geometry":{"type":"Point","coordinates":[121.499146996764,25.069021985433]},"properties":{"name":"7-11長泰門市","type":"連鎖型綠色商店","address":"241新北市三重區介壽路1號","number":"F000472","localcallservice":"02-27478711#3961"}},{"type":"Feature","geometry":{"type":"Point","coordinates":[121.501357220812,25.06660870978]},"properties":{"name":"7-11長揚門市","type":"連鎖型綠色商店","address":"241新北市三重區三和路二段6號之2","number":"F001434","localcallservice":"02-27478711#3961"}},{"type":"Feature","geometry":{"type":"Point","coordinates":[121.496585990068,25.067187019189]},"properties":{"name":"7-11長壽門市","type":"連鎖型綠色商店","address":"241新北市三重區正義北路159號","number":"F001170","localcallservice":"02-27478711#3961"}},{"type":"Feature","geometry":{"type":"Point","coordinates":[121.458496023649,25.083927984854]},"properties":{"name":"7-11長樂門市","type":"連鎖型綠色商店","address":"247新北市蘆洲區長安街269號","number":"F000491","localcallservice":"02-27478711#3961"}},{"type":"Feature","geometry":{"type":"Point","coordinates":[121.458847476849,24.973375501564]},"properties":{"name":"7-11青雲門市","type":"連鎖型綠色商店","address":"236新北市土城區青雲路499.501號","number":"F001435","localcallservice":"02-27478711#3961"}},{"type":"Feature","geometry":{"type":"Point","coordinates":[121.538466001646,24.957322019598]},"properties":{"name":"7-11青潭門市","type":"連鎖型綠色商店","address":"231新北市新店區北宜路一段41-1號","number":"F001412","localcallservice":"02-27478711#3961"}},{"type":"Feature","geometry":{"type":"Point","coordinates":[121.482203985323,25.022061995707]},"properties":{"name":"7-11青蘋果門市","type":"連鎖型綠色商店","address":"220新北市板橋區中山路2段531巷17弄20號","number":"F000928","localcallservice":"02-27478711#3961"}},{"type":"Feature","geometry":{"type":"Point","coordinates":[121.44035649553,24.971780090114]},"properties":{"name":"7-11信利門市","type":"連鎖型綠色商店","address":"236新北市土城區興城路96巷4號","number":"F001264","localcallservice":"02-27478711#3961"}},{"type":"Feature","geometry":{"type":"Point","coordinates":[121.510331975999,25.006112994163]},"properties":{"name":"7-11保平門市","type":"連鎖型綠色商店","address":"234新北市永和區保平路135號","number":"F001587","localcallservice":"02-27478711#3961"}},{"type":"Feature","geometry":{"type":"Point","coordinates":[121.506477976919,25.007090994626]},"properties":{"name":"7-11保生門市","type":"連鎖型綠色商店","address":"234新北市永和區保安里保生路1號.","number":"F000508","localcallservice":"02-27478711#3961"}},{"type":"Feature","geometry":{"type":"Point","coordinates":[121.503147008597,25.010705983737]},"properties":{"name":"7-11保順門市","type":"連鎖型綠色商店","address":"234新北市永和區保順路39號、保順路37巷2號","number":"F001286","localcallservice":"02-27478711#3961"}},{"type":"Feature","geometry":{"type":"Point","coordinates":[121.514332993661,25.012289995799]},"properties":{"name":"7-11保騰門市","type":"連鎖型綠色商店","address":"234新北市永和區信義路16號","number":"F001020","localcallservice":"02-27478711#3961"}},{"type":"Feature","geometry":{"type":"Point","coordinates":[121.514234003385,25.000258989167]},"properties":{"name":"7-11保鑽門市","type":"連鎖型綠色商店","address":"234新北市永和區潭墘里安樂路138.140號","number":"F001614","localcallservice":"02-27478711#3961"}},{"type":"Feature","geometry":{"type":"Point","coordinates":[121.426830031642,25.006701990499]},"properties":{"name":"7-11俊安門市","type":"連鎖型綠色商店","address":"238新北市樹林區俊英街162-162-1號","number":"F001029","localcallservice":"02-27478711#3961"}},{"type":"Feature","geometry":{"type":"Point","coordinates":[121.417968013053,25.015311001341]},"properties":{"name":"7-11俊興門市","type":"連鎖型綠色商店","address":"238新北市樹林區圳安里19鄰俊興街232號","number":"F001581","localcallservice":"02-27478711#3961"}},{"type":"Feature","geometry":{"type":"Point","coordinates":[121.414304031718,25.015355006333]},"properties":{"name":"7-11俊龍門市","type":"連鎖型綠色商店","address":"238新北市樹林區三俊街96號1樓","number":"F001097","localcallservice":"02-27478711#3961"}},{"type":"Feature","geometry":{"type":"Point","coordinates":[121.540529961484,24.965648979398]},"properties":{"name":"7-11冠冠門市","type":"連鎖型綠色商店","address":"231新北市新店區北新路1段231號","number":"F001301","localcallservice":"02-27478711#3961"}},{"type":"Feature","geometry":{"type":"Point","coordinates":[121.372029986871,24.930525997156]},"properties":{"name":"7-11冠綸門市","type":"連鎖型綠色商店","address":"237新北市三峽區中華路46.46-1號","number":"F001206","localcallservice":"02-27478711#3961"}},{"type":"Feature","geometry":{"type":"Point","coordinates":[121.518837009333,24.991461008318]},"properties":{"name":"7-11冠德門市","type":"連鎖型綠色商店","address":"235新北市中和區景平路71-5號","number":"F001547","localcallservice":"02-27478711#3961"}},{"type":"Feature","geometry":{"type":"Point","coordinates":[121.467978973625,25.085068007505]},"properties":{"name":"7-11前進門市","type":"連鎖型綠色商店","address":"247新北市蘆洲區光華路22巷57號","number":"F000954","localcallservice":"02-27478711#3961"}},{"type":"Feature","geometry":{"type":"Point","coordinates":[121.4901462,25.0678289]},"properties":{"name":"7-11前瞻門市","type":"連鎖型綠色商店","address":"241新北市三重區中山路375號","number":"F001186","localcallservice":"02-27478711#3961"}},{"type":"Feature","geometry":{"type":"Point","coordinates":[121.445650002661,24.956709009109]},"properties":{"name":"7-11南天母門市","type":"連鎖型綠色商店","address":"236新北市土城區南天母路8.10號","number":"F001599","localcallservice":"02-27478711#3961"}},{"type":"Feature","geometry":{"type":"Point","coordinates":[121.505120024786,24.999891987536]},"properties":{"name":"7-11南谷門市","type":"連鎖型綠色商店","address":"235新北市中和區中和路257號","number":"F000991","localcallservice":"02-27478711#3961"}},{"type":"Feature","geometry":{"type":"Point","coordinates":[121.413868005115,25.048950009536]},"properties":{"name":"7-11南亞三門市","type":"連鎖型綠色商店","address":"243新北市泰山區南林路98號8樓","number":"F001147","localcallservice":"02-27478711#3961"}},{"type":"Feature","geometry":{"type":"Point","coordinates":[121.544554029379,24.980658998238]},"properties":{"name":"7-11南強門市","type":"連鎖型綠色商店","address":"231新北市新店區中興路3段156號","number":"F001089","localcallservice":"02-27478711#3961"}},{"type":"Feature","geometry":{"type":"Point","coordinates":[121.455756985329,25.005464989229]},"properties":{"name":"7-11南雅門市","type":"連鎖型綠色商店","address":"220新北市板橋區新興里南雅南路一段8號1樓.","number":"F001603","localcallservice":"02-27478711#3961"}},{"type":"Feature","geometry":{"type":"Point","coordinates":[121.510915021184,24.990133985407]},"properties":{"name":"7-11南勢角門市","type":"連鎖型綠色商店","address":"235新北市中和區興南路1段55號","number":"F001480","localcallservice":"02-27478711#3961"}},{"type":"Feature","geometry":{"type":"Point","coordinates":[121.44028198041,25.030062019373]},"properties":{"name":"7-11品嘉門市","type":"連鎖型綠色商店","address":"242新北市新莊區新樹路69號之6","number":"F001187","localcallservice":"02-27478711#3961"}},{"type":"Feature","geometry":{"type":"Point","coordinates":[121.437064000143,24.964648012521]},"properties":{"name":"7-11城運門市","type":"連鎖型綠色商店","address":"236新北市土城區承天路10號","number":"F001495","localcallservice":"02-27478711#3961"}},{"type":"Feature","geometry":{"type":"Point","coordinates":[121.427686997423,25.049462982011]},"properties":{"name":"7-11奕真門市","type":"連鎖型綠色商店","address":"243新北市泰山區明志路二段187號","number":"F001045","localcallservice":"02-27478711#3961"}},{"type":"Feature","geometry":{"type":"Point","coordinates":[121.488185237051,25.000302972826]},"properties":{"name":"7-11建一門市","type":"連鎖型綠色商店","address":"235新北市中和區健康路101號","number":"F001183","localcallservice":"02-27478711#3961"}},{"type":"Feature","geometry":{"type":"Point","coordinates":[121.450072965329,25.037592991738]},"properties":{"name":"7-11建中門市","type":"連鎖型綠色商店","address":"242新北市新莊區建興街42號","number":"F000938","localcallservice":"02-27478711#3961"}},{"type":"Feature","geometry":{"type":"Point","coordinates":[121.486197962186,25.001934992616]},"properties":{"name":"7-11建六門市","type":"連鎖型綠色商店","address":"235新北市中和區建六路62號","number":"F001133","localcallservice":"02-27478711#3961"}},{"type":"Feature","geometry":{"type":"Point","coordinates":[121.427768972436,24.985761020792]},"properties":{"name":"7-11建宗門市","type":"連鎖型綠色商店","address":"220新北市板橋區溪福里篤行路3段玉平巷76弄8號及10號","number":"F001610","localcallservice":"02-27478711#3961"}},{"type":"Feature","geometry":{"type":"Point","coordinates":[121.459577959711,25.004588996528]},"properties":{"name":"7-11建茗門市","type":"連鎖型綠色商店","address":"220新北市板橋區四川路一段104號","number":"F001114","localcallservice":"02-27478711#3961"}},{"type":"Feature","geometry":{"type":"Point","coordinates":[121.539786989586,24.973069017275]},"properties":{"name":"7-11建國門市","type":"連鎖型綠色商店","address":"231新北市新店區中正路236號","number":"F000558","localcallservice":"02-27478711#3961"}},{"type":"Feature","geometry":{"type":"Point","coordinates":[121.623966024082,25.061518002796]},"properties":{"name":"7-11建陽門市","type":"連鎖型綠色商店","address":"221新北市汐止區南陽街105-107號","number":"F001143","localcallservice":"02-27478711#3961"}},{"type":"Feature","geometry":{"type":"Point","coordinates":[121.627517017362,25.060744017857]},"properties":{"name":"7-11建德門市","type":"連鎖型綠色商店","address":"221新北市汐止區福德一路394號","number":"F000923","localcallservice":"02-27478711#3961"}},{"type":"Feature","geometry":{"type":"Point","coordinates":[121.427152986371,25.026422010281]},"properties":{"name":"7-11後港門市","type":"連鎖型綠色商店","address":"242新北市新莊區後港一路78號","number":"F000551","localcallservice":"02-27478711#3961"}},{"type":"Feature","geometry":{"type":"Point","coordinates":[121.45794097402,25.049506987002]},"properties":{"name":"7-11思源門市","type":"連鎖型綠色商店","address":"242新北市新莊區幸福路40.42號","number":"F001384","localcallservice":"02-27478711#3961"}},{"type":"Feature","geometry":{"type":"Point","coordinates":[121.487965035014,24.99887098791]},"properties":{"name":"7-11春吉門市","type":"連鎖型綠色商店","address":"235新北市中和區建一路148號","number":"F001252","localcallservice":"02-27478711#3961"}},{"type":"Feature","geometry":{"type":"Point","coordinates":[121.520002010055,25.007917995103]},"properties":{"name":"7-11春福門市","type":"連鎖型綠色商店","address":"234新北市永和區光明里14鄰福和路196號","number":"F001505","localcallservice":"02-27478711#3961"}},{"type":"Feature","geometry":{"type":"Point","coordinates":[121.384890005637,24.954673002919]},"properties":{"name":"7-11柏園門市","type":"連鎖型綠色商店","address":"238新北市樹林區柑園街二段119.121號1樓","number":"F001292","localcallservice":"02-27478711#3961"}},{"type":"Feature","geometry":{"type":"Point","coordinates":[121.507333014862,24.999791991431]},"properties":{"name":"7-11界和門市","type":"連鎖型綠色商店","address":"234新北市永和區中和路331.333號","number":"F001019","localcallservice":"02-27478711#3961"}},{"type":"Feature","geometry":{"type":"Point","coordinates":[121.438916987478,25.182649998545]},"properties":{"name":"7-11皇后門市","type":"連鎖型綠色商店","address":"251新北市淡水區新春街87號","number":"F001281","localcallservice":"02-27478711#3961"}},{"type":"Feature","geometry":{"type":"Point","coordinates":[121.446829001162,24.988805998577]},"properties":{"name":"7-11皇翔門市","type":"連鎖型綠色商店","address":"236新北市土城區中央路一段92.94號","number":"F000986","localcallservice":"02-27478711#3961"}},{"type":"Feature","geometry":{"type":"Point","coordinates":[121.450445038011,24.986080497031]},"properties":{"name":"7-11皇裕門市","type":"連鎖型綠色商店","address":"236新北市土城區裕民路114巷16號1樓","number":"F001501","localcallservice":"02-27478711#3961"}},{"type":"Feature","geometry":{"type":"Point","coordinates":[121.496638041687,25.006872017405]},"properties":{"name":"7-11秋閔門市","type":"連鎖型綠色商店","address":"235新北市中和區橋和路288.290號","number":"F001266","localcallservice":"02-27478711#3961"}},{"type":"Feature","geometry":{"type":"Point","coordinates":[121.45076103576,24.995827015953]},"properties":{"name":"7-11秋雅門市","type":"連鎖型綠色商店","address":"220新北市板橋區南雅南路二段144巷16號","number":"F001483","localcallservice":"02-27478711#3961"}},{"type":"Feature","geometry":{"type":"Point","coordinates":[121.492299987698,25.056014989994]},"properties":{"name":"7-11美吉門市","type":"連鎖型綠色商店","address":"241新北市三重區光明里8鄰重安街81號1樓","number":"F001387","localcallservice":"02-27478711#3961"}},{"type":"Feature","geometry":{"type":"Point","coordinates":[121.370960036931,25.073441008606]},"properties":{"name":"7-11美雅仕門市","type":"連鎖型綠色商店","address":"244新北市林口區文化二路一段260巷2號","number":"F001171","localcallservice":"02-27478711#3961"}},{"type":"Feature","geometry":{"type":"Point","coordinates":[121.48624096135,25.079279004167]},"properties":{"name":"7-11美慈門市","type":"連鎖型綠色商店","address":"241新北市三重區慈愛街52號","number":"F001474","localcallservice":"02-27478711#3961"}},{"type":"Feature","geometry":{"type":"Point","coordinates":[121.453474006361,25.043722006978]},"properties":{"name":"7-11美新門市","type":"連鎖型綠色商店","address":"242新北市新莊區中港路264號1F","number":"F001630","localcallservice":"02-27478711#3961"}},{"type":"Feature","geometry":{"type":"Point","coordinates":[121.481878013109,25.090263991193]},"properties":{"name":"7-11美禎門市","type":"連鎖型綠色商店","address":"247新北市蘆洲區復興路322號","number":"F000943","localcallservice":"02-27478711#3961"}},{"type":"Feature","geometry":{"type":"Point","coordinates":[121.465896992695,25.020572992517]},"properties":{"name":"7-11致理門市","type":"連鎖型綠色商店","address":"220新北市板橋區陽明街23巷29號1樓","number":"F001290","localcallservice":"02-27478711#3961"}},{"type":"Feature","geometry":{"type":"Point","coordinates":[121.66594997126,25.070724014691]},"properties":{"name":"7-11茄苳門市","type":"連鎖型綠色商店","address":"221新北市汐止區茄苳路42號","number":"F001065","localcallservice":"02-27478711#3961"}},{"type":"Feature","geometry":{"type":"Point","coordinates":[121.460276507521,25.043283591533]},"properties":{"name":"7-11茂源門市","type":"連鎖型綠色商店","address":"242新北市新莊區思源路40-1號","number":"F000959","localcallservice":"02-27478711#3961"}},{"type":"Feature","geometry":{"type":"Point","coordinates":[121.460211966867,25.024490987428]},"properties":{"name":"7-11英海門市","type":"連鎖型綠色商店","address":"220新北市板橋區新海路344號","number":"F001226","localcallservice":"02-27478711#3961"}},{"type":"Feature","geometry":{"type":"Point","coordinates":[121.416451978225,24.957530980444]},"properties":{"name":"7-11虹海門市","type":"連鎖型綠色商店","address":"236新北市土城區中央路4段121號","number":"F001607","localcallservice":"02-27478711#3961"}},{"type":"Feature","geometry":{"type":"Point","coordinates":[121.479601572025,25.071845303789]},"properties":{"name":"7-11虹諭門市","type":"連鎖型綠色商店","address":"241新北市三重區大勇街82巷17號","number":"F001295","localcallservice":"02-27478711#3961"}},{"type":"Feature","geometry":{"type":"Point","coordinates":[121.491069524312,25.05742729877]},"properties":{"name":"7-11重安門市","type":"連鎖型綠色商店","address":"241新北市三重區重安街60號及60-1號","number":"F001381","localcallservice":"02-27478711#3961"}},{"type":"Feature","geometry":{"type":"Point","coordinates":[121.489252998256,25.072989014477]},"properties":{"name":"7-11重智門市","type":"連鎖型綠色商店","address":"241新北市三重區大智街240號","number":"F000547","localcallservice":"02-27478711#3961"}},{"type":"Feature","geometry":{"type":"Point","coordinates":[121.487828996725,25.057544016772]},"properties":{"name":"7-11重新門市","type":"連鎖型綠色商店","address":"241新北市三重區重新路四段45號","number":"F000982","localcallservice":"02-27478711#3961"}},{"type":"Feature","geometry":{"type":"Point","coordinates":[121.456791982733,25.083190000189]},"properties":{"name":"7-11飛龍門市","type":"連鎖型綠色商店","address":"247新北市蘆洲區永安南路二段330號","number":"F001370","localcallservice":"02-27478711#3961"}},{"type":"Feature","geometry":{"type":"Point","coordinates":[121.452081017872,25.015600009363]},"properties":{"name":"7-11香雅門市","type":"連鎖型綠色商店","address":"220新北市板橋區南雅西路2段297.299號","number":"F001634","localcallservice":"02-27478711#3961"}},{"type":"Feature","geometry":{"type":"Point","coordinates":[121.368798260283,25.071622009888]},"properties":{"name":"7-11香賓門市","type":"連鎖型綠色商店","address":"244新北市林口區文化二路一段170號","number":"F001341","localcallservice":"02-27478711#3961"}},{"type":"Feature","geometry":{"type":"Point","coordinates":[121.475707004534,25.086903979577]},"properties":{"name":"7-11珈英門市","type":"連鎖型綠色商店","address":"247新北市蘆洲區復興路92號","number":"F001160","localcallservice":"02-27478711#3961"}},{"type":"Feature","geometry":{"type":"Point","coordinates":[121.496298993703,25.071794006541]},"properties":{"name":"7-11竑嘉門市","type":"連鎖型綠色商店","address":"241新北市三重區仁愛街32號之1","number":"F001513","localcallservice":"02-27478711#3961"}},{"type":"Feature","geometry":{"type":"Point","coordinates":[121.489092987724,25.066387008441]},"properties":{"name":"7-11修德門市","type":"連鎖型綠色商店","address":"241新北市三重區重陽路3段7-2號","number":"F001175","localcallservice":"02-27478711#3961"}},{"type":"Feature","geometry":{"type":"Point","coordinates":[121.387170972949,25.077597007657]},"properties":{"name":"7-11卿斳門市","type":"連鎖型綠色商店","address":"244新北市林口區竹林路48號","number":"F000919","localcallservice":"02-27478711#3961"}},{"type":"Feature","geometry":{"type":"Point","coordinates":[121.465919037101,25.054523011229]},"properties":{"name":"7-11原成門市","type":"連鎖型綠色商店","address":"242新北市新莊區化成路279號","number":"F001120","localcallservice":"02-27478711#3961"}},{"type":"Feature","geometry":{"type":"Point","coordinates":[121.480987016801,24.996652004773]},"properties":{"name":"7-11員山門市","type":"連鎖型綠色商店","address":"235新北市中和區員山路163號","number":"F001662","localcallservice":"02-27478711#3961"}},{"type":"Feature","geometry":{"type":"Point","coordinates":[121.479553962815,25.008095984817]},"properties":{"name":"7-11員新門市","type":"連鎖型綠色商店","address":"235新北市中和區員山路504號","number":"F001326","localcallservice":"02-27478711#3961"}},{"type":"Feature","geometry":{"type":"Point","coordinates":[121.365002012516,24.907642018473]},"properties":{"name":"7-11埔大門市","type":"連鎖型綠色商店","address":"237新北市三峽區中正路2段397號","number":"F001311","localcallservice":"02-27478711#3961"}},{"type":"Feature","geometry":{"type":"Point","coordinates":[121.467636983434,25.022636265079]},"properties":{"name":"7-11埔西門市","type":"連鎖型綠色商店","address":"220新北市板橋區文化路一段423號","number":"F001098","localcallservice":"02-27478711#3961"}},{"type":"Feature","geometry":{"type":"Point","coordinates":[121.620184277007,25.002374581528]},"properties":{"name":"7-11埔昇門市","type":"連鎖型綠色商店","address":"222新北市深坑區埔新街63號","number":"F000925","localcallservice":"02-27478711#3961"}},{"type":"Feature","geometry":{"type":"Point","coordinates":[121.47835507412,25.021285544069]},"properties":{"name":"7-11埔墘門市","type":"連鎖型綠色商店","address":"220新北市板橋區永豐街87號","number":"F001343","localcallservice":"02-27478711#3961"}},{"type":"Feature","geometry":{"type":"Point","coordinates":[121.493778890694,25.001993582119]},"properties":{"name":"7-11家美門市","type":"連鎖型綠色商店","address":"235新北市中和區中山路二段317號之1","number":"F001125","localcallservice":"02-27478711#3961"}},{"type":"Feature","geometry":{"type":"Point","coordinates":[121.390307062022,25.078932412471]},"properties":{"name":"7-11家園門市","type":"連鎖型綠色商店","address":"244新北市林口區中山路164號","number":"F000533","localcallservice":"02-27478711#3961"}},{"type":"Feature","geometry":{"type":"Point","coordinates":[121.475333004014,25.016681987334]},"properties":{"name":"7-11家豐門市","type":"連鎖型綠色商店","address":"220新北市板橋區中山路二段141號","number":"F001112","localcallservice":"02-27478711#3961"}},{"type":"Feature","geometry":{"type":"Point","coordinates":[121.467724499045,25.031576880734]},"properties":{"name":"7-11家麒門市","type":"連鎖型綠色商店","address":"220新北市板橋區宏國路27號","number":"F001340","localcallservice":"02-27478711#3961"}},{"type":"Feature","geometry":{"type":"Point","coordinates":[121.377584422649,24.92890510472]},"properties":{"name":"7-11峽北門市","type":"連鎖型綠色商店","address":"237新北市三峽區大同路7號","number":"F000979","localcallservice":"02-27478711#3961"}},{"type":"Feature","geometry":{"type":"Point","coordinates":[121.375011010736,24.929064989523]},"properties":{"name":"7-11峽光門市","type":"連鎖型綠色商店","address":"237新北市三峽區光明路62號1樓","number":"F001314","localcallservice":"02-27478711#3961"}},{"type":"Feature","geometry":{"type":"Point","coordinates":[121.362733366602,24.938424683613]},"properties":{"name":"7-11恩主門市","type":"連鎖型綠色商店","address":"237新北市三峽區鳶山里21鄰復興路447號","number":"F001415","localcallservice":"02-27478711#3961"}},{"type":"Feature","geometry":{"type":"Point","coordinates":[121.433362414647,25.062702837768]},"properties":{"name":"7-11泰山門市","type":"連鎖型綠色商店","address":"243新北市泰山區明志路1段149.151號","number":"F001648","localcallservice":"02-27478711#3961"}},{"type":"Feature","geometry":{"type":"Point","coordinates":[121.501421007096,25.067282991981]},"properties":{"name":"7-11泰和門市","type":"連鎖型綠色商店","address":"241新北市三重區長安街71號1樓","number":"F000967","localcallservice":"02-27478711#3961"}},{"type":"Feature","geometry":{"type":"Point","coordinates":[121.451553041791,25.103016009137]},"properties":{"name":"7-11泰股門市","type":"連鎖型綠色商店","address":"248新北市五股區成泰路3段577巷24號","number":"F001139","localcallservice":"02-27478711#3961"}},{"type":"Feature","geometry":{"type":"Point","coordinates":[121.457374525004,25.08711319188]},"properties":{"name":"7-11泰星門市","type":"連鎖型綠色商店","address":"247新北市蘆洲區成功里長安街276號","number":"F001138","localcallservice":"02-27478711#3961"}},{"type":"Feature","geometry":{"type":"Point","coordinates":[121.390004978231,25.07866498785]},"properties":{"name":"7-11泰陽門市","type":"連鎖型綠色商店","address":"243新北市泰山區中山路二段832號","number":"F001069","localcallservice":"02-27478711#3961"}},{"type":"Feature","geometry":{"type":"Point","coordinates":[121.487010000966,25.008356997281]},"properties":{"name":"7-11泰隆門市","type":"連鎖型綠色商店","address":"235新北市中和區立德街102號","number":"F001000","localcallservice":"02-27478711#3961"}},{"type":"Feature","geometry":{"type":"Point","coordinates":[121.471326370477,25.008678694725]},"properties":{"name":"7-11海山門市","type":"連鎖型綠色商店","address":"220新北市板橋區漢生東路310號","number":"F001344","localcallservice":"02-27478711#3961"}},{"type":"Feature","geometry":{"type":"Point","coordinates":[121.397579983129,25.146490855127]},"properties":{"name":"7-11益彰門市","type":"連鎖型綠色商店","address":"249新北市八里區中山路二段409、411號","number":"F001154","localcallservice":"02-27478711#3961"}},{"type":"Feature","geometry":{"type":"Point","coordinates":[121.488753017731,25.050392996078]},"properties":{"name":"7-11真旺門市","type":"連鎖型綠色商店","address":"241新北市三重區成功路50巷1號","number":"F001181","localcallservice":"02-27478711#3961"}},{"type":"Feature","geometry":{"type":"Point","coordinates":[121.59891000092,25.004289008213]},"properties":{"name":"7-11真誠門市","type":"連鎖型綠色商店","address":"222新北市深坑區北深路三段263號","number":"F000968","localcallservice":"02-27478711#3961"}},{"type":"Feature","geometry":{"type":"Point","coordinates":[121.452232981777,25.039942984022]},"properties":{"name":"7-11真豪門市","type":"連鎖型綠色商店","address":"242新北市新莊區中華路1段73號","number":"F001503","localcallservice":"02-27478711#3961"}},{"type":"Feature","geometry":{"type":"Point","coordinates":[121.452387963167,25.126072990301]},"properties":{"name":"7-11神州門市","type":"連鎖型綠色商店","address":"249新北市八里區龍米路一段113號","number":"F000981","localcallservice":"02-27478711#3961"}},{"type":"Feature","geometry":{"type":"Point","coordinates":[121.40335558979,25.086666981264]},"properties":{"name":"7-11粉寮門市","type":"連鎖型綠色商店","address":"244新北市林口區粉寮路二段36號","number":"F001056","localcallservice":"02-27478711#3961"}},{"type":"Feature","geometry":{"type":"Point","coordinates":[121.47701801801,25.069190000682]},"properties":{"name":"7-11陡門頭門市","type":"連鎖型綠色商店","address":"241新北市三重區三民街329號","number":"F001468","localcallservice":"02-27478711#3961"}},{"type":"Feature","geometry":{"type":"Point","coordinates":[121.492680023188,25.078643991183]},"properties":{"name":"7-11高仁門市","type":"連鎖型綠色商店","address":"241新北市三重區仁愛街274號.","number":"F001661","localcallservice":"02-27478711#3961"}},{"type":"Feature","geometry":{"type":"Point","coordinates":[121.442143265829,24.975770588487]},"properties":{"name":"7-11高峰門市","type":"連鎖型綠色商店","address":"236新北市土城區中央路二段187號","number":"F000576","localcallservice":"02-27478711#3961"}},{"type":"Feature","geometry":{"type":"Point","coordinates":[121.46764093147,25.020865018024]},"properties":{"name":"7-11偉嘉門市","type":"連鎖型綠色商店","address":"220新北市板橋區文化路一段270巷3弄2號","number":"F001360","localcallservice":"02-27478711#3961"}},{"type":"Feature","geometry":{"type":"Point","coordinates":[121.468493035747,25.089595995419]},"properties":{"name":"7-11健倫門市","type":"連鎖型綠色商店","address":"247新北市蘆洲區保新里4鄰三民路230號","number":"F000502","localcallservice":"02-27478711#3961"}},{"type":"Feature","geometry":{"type":"Point","coordinates":[121.484911004773,25.070654989719]},"properties":{"name":"7-11健華門市","type":"連鎖型綠色商店","address":"241新北市三重區忠孝路二段63號","number":"F001426","localcallservice":"02-27478711#3961"}},{"type":"Feature","geometry":{"type":"Point","coordinates":[121.461903015832,25.137742988364]},"properties":{"name":"7-11偕成門市","type":"連鎖型綠色商店","address":"251新北市淡水區民生路54號","number":"F000562","localcallservice":"02-27478711#3961"}},{"type":"Feature","geometry":{"type":"Point","coordinates":[121.459831009367,24.99556499766]},"properties":{"name":"7-11國和門市","type":"連鎖型綠色商店","address":"220新北市板橋區和平路29號","number":"F001316","localcallservice":"02-27478711#3961"}},{"type":"Feature","geometry":{"type":"Point","coordinates":[121.461074967618,25.018595994924]},"properties":{"name":"7-11國府門市","type":"連鎖型綠色商店","address":"220新北市板橋區國光路189號","number":"F001105","localcallservice":"02-27478711#3961"}},{"type":"Feature","geometry":{"type":"Point","coordinates":[121.432738183733,25.006676509514]},"properties":{"name":"7-11國瑞門市","type":"連鎖型綠色商店","address":"242新北市新莊區新樹路300號之5","number":"F001088","localcallservice":"02-27478711#3961"}},{"type":"Feature","geometry":{"type":"Point","coordinates":[121.461512000049,24.996127004268]},"properties":{"name":"7-11國慶門市","type":"連鎖型綠色商店","address":"220新北市板橋區國慶路151號","number":"F001007","localcallservice":"02-27478711#3961"}},{"type":"Feature","geometry":{"type":"Point","coordinates":[121.349887010339,24.957140006571]},"properties":{"name":"7-11國鶯門市","type":"連鎖型綠色商店","address":"239新北市鶯歌區中山路142號1F","number":"F001214","localcallservice":"02-27478711#3961"}},{"type":"Feature","geometry":{"type":"Point","coordinates":[121.632837011308,25.068369999094]},"properties":{"name":"7-11康湖門市","type":"連鎖型綠色商店","address":"221新北市汐止區康寧街490號","number":"F001164","localcallservice":"02-27478711#3961"}},{"type":"Feature","geometry":{"type":"Point","coordinates":[121.492927624608,24.952769388888]},"properties":{"name":"7-11康曜門市","type":"連鎖型綠色商店","address":"231新北市新店區安康路三段41號","number":"F001650","localcallservice":"02-27478711#3961"}},{"type":"Feature","geometry":{"type":"Point","coordinates":[121.517837970293,25.000285014976]},"properties":{"name":"7-11得和門市","type":"連鎖型綠色商店","address":"234新北市永和區中正路342號","number":"F000428","localcallservice":"02-27478711#3961"}},{"type":"Feature","geometry":{"type":"Point","coordinates":[121.509665027964,24.992392992132]},"properties":{"name":"7-11得晴門市","type":"連鎖型綠色商店","address":"235新北市中和區景平路239巷1號1樓","number":"F001355","localcallservice":"02-27478711#3961"}},{"type":"Feature","geometry":{"type":"Point","coordinates":[121.520318007805,25.00013401499]},"properties":{"name":"7-11得福門市","type":"連鎖型綠色商店","address":"234新北市永和區得和路241號","number":"F001431","localcallservice":"02-27478711#3961"}},{"type":"Feature","geometry":{"type":"Point","coordinates":[121.375153000176,24.937248995964]},"properties":{"name":"7-11御成門市","type":"連鎖型綠色商店","address":"237新北市三峽區國光街35號","number":"F001364","localcallservice":"02-27478711#3961"}},{"type":"Feature","geometry":{"type":"Point","coordinates":[121.391270980887,24.96205800444]},"properties":{"name":"7-11御昇門市","type":"連鎖型綠色商店","address":"238新北市樹林區佳園路二段34號1樓","number":"F001612","localcallservice":"02-27478711#3961"}},{"type":"Feature","geometry":{"type":"Point","coordinates":[121.510030981856,24.989034992172]},"properties":{"name":"7-11捷興門市","type":"連鎖型綠色商店","address":"235新北市中和區興南路1段81號","number":"F001227","localcallservice":"02-27478711#3961"}},{"type":"Feature","geometry":{"type":"Point","coordinates":[121.449222034518,25.177123013501]},"properties":{"name":"7-11淡大門市","type":"連鎖型綠色商店","address":"251新北市淡水區北新路182巷5弄39號","number":"F000539","localcallservice":"02-27478711#3961"}},{"type":"Feature","geometry":{"type":"Point","coordinates":[121.445484040978,25.168709007636]},"properties":{"name":"7-11淡水門市","type":"連鎖型綠色商店","address":"251新北市淡水區中正東路3號","number":"F000995","localcallservice":"02-27478711#3961"}},{"type":"Feature","geometry":{"type":"Point","coordinates":[121.446328014809,25.175582000602]},"properties":{"name":"7-11淡江門市","type":"連鎖型綠色商店","address":"251新北市淡水區學府路207號","number":"F001382","localcallservice":"02-27478711#3961"}},{"type":"Feature","geometry":{"type":"Point","coordinates":[121.452260474419,25.174451994325]},"properties":{"name":"7-11淡欣門市","type":"連鎖型綠色商店","address":"251新北市淡水區水源街2段104號","number":"F001273","localcallservice":"02-27478711#3961"}},{"type":"Feature","geometry":{"type":"Point","coordinates":[121.456403984435,25.236301010119]},"properties":{"name":"7-11淡芝門市","type":"連鎖型綠色商店","address":"251新北市淡水區淡金路5段100.102號","number":"F001397","localcallservice":"02-27478711#3961"}},{"type":"Feature","geometry":{"type":"Point","coordinates":[121.50845166366,25.008109898776]},"properties":{"name":"7-11添丁門市","type":"連鎖型綠色商店","address":"234新北市永和區中山路一段213號1樓","number":"F001168","localcallservice":"02-27478711#3961"}},{"type":"Feature","geometry":{"type":"Point","coordinates":[121.4974012,25.2502025]},"properties":{"name":"7-11淺水灣門市","type":"連鎖型綠色商店","address":"252新北市三芝區北勢子42號","number":"F001189","localcallservice":"02-27478711#3961"}},{"type":"Feature","geometry":{"type":"Point","coordinates":[121.457637968221,24.981451004269]},"properties":{"name":"7-11清和門市","type":"連鎖型綠色商店","address":"236新北市土城區清水路100號","number":"F001247","localcallservice":"02-27478711#3961"}},{"type":"Feature","geometry":{"type":"Point","coordinates":[121.487228098087,25.05146101818]},"properties":{"name":"7-11清茂門市","type":"連鎖型綠色商店","address":"241新北市三重區成功路106號之2","number":"F000577","localcallservice":"02-27478711#3961"}},{"type":"Feature","geometry":{"type":"Point","coordinates":[121.534089977636,24.95634800054]},"properties":{"name":"7-11涵碧門市","type":"連鎖型綠色商店","address":"231新北市新店區碧潭路39.41號","number":"F001549","localcallservice":"02-27478711#3961"}},{"type":"Feature","geometry":{"type":"Point","coordinates":[121.534080003171,24.956325998044]},"properties":{"name":"7-11涵碧門市","type":"連鎖型綠色商店","address":"231新北市新店區碧潭路37號","number":"F001084","localcallservice":"02-27478711#3961"}},{"type":"Feature","geometry":{"type":"Point","coordinates":[121.603358025478,25.002743008082]},"properties":{"name":"7-11深坑門市","type":"連鎖型綠色商店","address":"222新北市深坑區北深路三段145號","number":"F000498","localcallservice":"02-27478711#3961"}},{"type":"Feature","geometry":{"type":"Point","coordinates":[121.467880989177,24.985216993366]},"properties":{"name":"7-11祥吉門市","type":"連鎖型綠色商店","address":"236新北市土城區延吉街194號","number":"F001317","localcallservice":"02-27478711#3961"}},{"type":"Feature","geometry":{"type":"Point","coordinates":[121.425564699539,24.964222002292]},"properties":{"name":"7-11祥泰門市","type":"連鎖型綠色商店","address":"236新北市土城區中山路38號","number":"F001152","localcallservice":"02-27478711#3961"}},{"type":"Feature","geometry":{"type":"Point","coordinates":[121.422568001516,24.990585015617]},"properties":{"name":"7-11統友門市","type":"連鎖型綠色商店","address":"238新北市樹林區中山路一段86號","number":"F000951","localcallservice":"02-27478711#3961"}},{"type":"Feature","geometry":{"type":"Point","coordinates":[121.459248970011,25.091505015777]},"properties":{"name":"7-11統吉門市","type":"連鎖型綠色商店","address":"247新北市蘆洲區永平街32巷12弄1號","number":"F000527","localcallservice":"02-27478711#3961"}},{"type":"Feature","geometry":{"type":"Point","coordinates":[121.517150989509,24.974795982696]},"properties":{"name":"7-11統和門市","type":"連鎖型綠色商店","address":"231新北市新店區安和里安民街335.337號","number":"F001255","localcallservice":"02-27478711#3961"}},{"type":"Feature","geometry":{"type":"Point","coordinates":[121.549275639257,24.973330490744]},"properties":{"name":"7-11統客門市","type":"連鎖型綠色商店","address":"231新北市新店區寶興路47號","number":"F001608","localcallservice":"02-27478711#3961"}},{"type":"Feature","geometry":{"type":"Point","coordinates":[121.430860888879,25.06284649254]},"properties":{"name":"7-11羚陽門市","type":"連鎖型綠色商店","address":"243新北市泰山區泰林路二段302.304號","number":"F001251","localcallservice":"02-27478711#3961"}},{"type":"Feature","geometry":{"type":"Point","coordinates":[121.472781971783,25.001019982156]},"properties":{"name":"7-11莒光門市","type":"連鎖型綠色商店","address":"235新北市中和區莒光路149號","number":"F000540","localcallservice":"02-27478711#3961"}},{"type":"Feature","geometry":{"type":"Point","coordinates":[121.472447030932,25.003172999715]},"properties":{"name":"7-11莒城門市","type":"連鎖型綠色商店","address":"235新北市中和區莒光路91.93號1樓","number":"F001146","localcallservice":"02-27478711#3961"}},{"type":"Feature","geometry":{"type":"Point","coordinates":[121.465901267466,25.049190695886]},"properties":{"name":"7-11莊成門市","type":"連鎖型綠色商店","address":"242新北市新莊區化成路354號","number":"F001488","localcallservice":"02-27478711#3961"}},{"type":"Feature","geometry":{"type":"Point","coordinates":[121.449610619549,25.032824988027]},"properties":{"name":"7-11莊泰門市","type":"連鎖型綠色商店","address":"242新北市新莊區新泰路21號","number":"F001109","localcallservice":"02-27478711#3961"}},{"type":"Feature","geometry":{"type":"Point","coordinates":[121.415227968905,25.0214409805]},"properties":{"name":"7-11莊龍門市","type":"連鎖型綠色商店","address":"242新北市新莊區龍安路66號","number":"F001028","localcallservice":"02-27478711#3961"}},{"type":"Feature","geometry":{"type":"Point","coordinates":[121.533499724014,24.985012516838]},"properties":{"name":"7-11莊鑫門市","type":"連鎖型綠色商店","address":"231新北市新店區中正路519號","number":"F001209","localcallservice":"02-27478711#3961"}},{"type":"Feature","geometry":{"type":"Point","coordinates":[121.430065027173,24.970324991723]},"properties":{"name":"7-11連宇門市","type":"連鎖型綠色商店","address":"236新北市土城區自強街11巷2號","number":"F001570","localcallservice":"02-27478711#3961"}},{"type":"Feature","geometry":{"type":"Point","coordinates":[121.494972976621,24.992492401503]},"properties":{"name":"7-11連通門市","type":"連鎖型綠色商店","address":"235新北市中和區圓通路293號","number":"F001645","localcallservice":"02-27478711#3961"}},{"type":"Feature","geometry":{"type":"Point","coordinates":[121.499370039208,24.998663996811]},"properties":{"name":"7-11連勝門市","type":"連鎖型綠色商店","address":"235新北市中和區景平路513號","number":"F001250","localcallservice":"02-27478711#3961"}},{"type":"Feature","geometry":{"type":"Point","coordinates":[121.541119963648,24.980339019085]},"properties":{"name":"7-11連豐門市","type":"連鎖型綠色商店","address":"231新北市新店區大豐路12號","number":"F001235","localcallservice":"02-27478711#3961"}},{"type":"Feature","geometry":{"type":"Point","coordinates":[121.414204035613,24.956473016625]},"properties":{"name":"7-11頂埔門市","type":"連鎖型綠色商店","address":"236新北市土城區頂埔里中央路四段290號","number":"F001163","localcallservice":"02-27478711#3961"}},{"type":"Feature","geometry":{"type":"Point","coordinates":[121.471902877778,25.049435698916]},"properties":{"name":"7-11頂崁門市","type":"連鎖型綠色商店","address":"241新北市三重區光復路一段70號1樓","number":"F001037","localcallservice":"02-27478711#3961"}},{"type":"Feature","geometry":{"type":"Point","coordinates":[121.477641966882,25.066469989282]},"properties":{"name":"7-11頂華門市","type":"連鎖型綠色商店","address":"241新北市三重區頂崁街189號","number":"F000683","localcallservice":"02-27478711#3961"}},{"type":"Feature","geometry":{"type":"Point","coordinates":[121.507650437536,24.984637300942]},"properties":{"name":"7-11頂新門市","type":"連鎖型綠色商店","address":"235新北市中和區華新街28號之1.2.3.","number":"F001310","localcallservice":"02-27478711#3961"}},{"type":"Feature","geometry":{"type":"Point","coordinates":[121.411365001188,25.019947995907]},"properties":{"name":"7-11傑元門市","type":"連鎖型綠色商店","address":"242新北市新莊區中正路929巷27號","number":"F000952","localcallservice":"02-27478711#3961"}},{"type":"Feature","geometry":{"type":"Point","coordinates":[121.454576981,25.053538011878]},"properties":{"name":"7-11傑出門市","type":"連鎖型綠色商店","address":"242新北市新莊區昌平街69號","number":"F001637","localcallservice":"02-27478711#3961"}},{"type":"Feature","geometry":{"type":"Point","coordinates":[121.419775989568,24.978707020627]},"properties":{"name":"7-11凱園門市","type":"連鎖型綠色商店","address":"238新北市樹林區名園街45號","number":"F001414","localcallservice":"02-27478711#3961"}},{"type":"Feature","geometry":{"type":"Point","coordinates":[121.478185030389,25.023295015573]},"properties":{"name":"7-11勝多門市","type":"連鎖型綠色商店","address":"220新北市板橋區縣民大道三段270巷2-6號","number":"F001443","localcallservice":"02-27478711#3961"}},{"type":"Feature","geometry":{"type":"Point","coordinates":[121.638049409048,25.068427067251]},"properties":{"name":"7-11勝福門市","type":"連鎖型綠色商店","address":"221新北市汐止區福德一路89、91號","number":"F001328","localcallservice":"02-27478711#3961"}},{"type":"Feature","geometry":{"type":"Point","coordinates":[121.331002833942,24.93714371926]},"properties":{"name":"7-11博鑫門市","type":"連鎖型綠色商店","address":"239新北市鶯歌區中正三路283-1.283-2號1樓","number":"F001515","localcallservice":"02-27478711#3961"}},{"type":"Feature","geometry":{"type":"Point","coordinates":[121.398727605771,25.144901217495]},"properties":{"name":"7-11喜城門市","type":"連鎖型綠色商店","address":"249新北市八里區中華路二段562號","number":"F001174","localcallservice":"02-27478711#3961"}},{"type":"Feature","geometry":{"type":"Point","coordinates":[121.476216037514,25.052063006466]},"properties":{"name":"7-11富仟門市","type":"連鎖型綠色商店","address":"241新北市三重區五谷王北街139號","number":"F001225","localcallservice":"02-27478711#3961"}},{"type":"Feature","geometry":{"type":"Point","coordinates":[121.455739718608,25.045367709848]},"properties":{"name":"7-11富旺門市","type":"連鎖型綠色商店","address":"242新北市新莊區自立街172號","number":"F001242","localcallservice":"02-27478711#3961"}},{"type":"Feature","geometry":{"type":"Point","coordinates":[121.515214015504,25.012055009143]},"properties":{"name":"7-11富朋門市","type":"連鎖型綠色商店","address":"234新北市永和區永和路二段116號","number":"F001440","localcallservice":"02-27478711#3961"}},{"type":"Feature","geometry":{"type":"Point","coordinates":[121.45003298365,25.066818005902]},"properties":{"name":"7-11富美門市","type":"連鎖型綠色商店","address":"248新北市五股區五股工業區五權路23號","number":"F000953","localcallservice":"02-27478711#3961"}},{"type":"Feature","geometry":{"type":"Point","coordinates":[121.453410387716,25.06845951782]},"properties":{"name":"7-11富得門市","type":"連鎖型綠色商店","address":"248新北市五股區五權路48號1樓","number":"F001548","localcallservice":"02-27478711#3961"}},{"type":"Feature","geometry":{"type":"Point","coordinates":[121.433759015721,25.011376996996]},"properties":{"name":"7-11富新門市","type":"連鎖型綠色商店","address":"242新北市新莊區瓊林南路118-5號","number":"F001336","localcallservice":"02-27478711#3961"}},{"type":"Feature","geometry":{"type":"Point","coordinates":[121.621205025176,25.041339995824]},"properties":{"name":"7-11富鄰門市","type":"連鎖型綠色商店","address":"221新北市汐止區宜興街8號","number":"F001319","localcallservice":"02-27478711#3961"}},{"type":"Feature","geometry":{"type":"Point","coordinates":[121.502319966211,24.99013201566]},"properties":{"name":"7-11富興門市","type":"連鎖型綠色商店","address":"235新北市中和區中興里復興路277-1.279號","number":"F001346","localcallservice":"02-27478711#3961"}},{"type":"Feature","geometry":{"type":"Point","coordinates":[121.418393981372,25.026311997802]},"properties":{"name":"7-11富營門市","type":"連鎖型綠色商店","address":"242新北市新莊區富國路20號1樓","number":"F001593","localcallservice":"02-27478711#3961"}},{"type":"Feature","geometry":{"type":"Point","coordinates":[121.639075997117,25.07836898094]},"properties":{"name":"7-11尊爵門市","type":"連鎖型綠色商店","address":"221新北市汐止區伯爵街32號","number":"F001099","localcallservice":"02-27478711#3961"}},{"type":"Feature","geometry":{"type":"Point","coordinates":[121.423006877966,24.961869579256]},"properties":{"name":"7-11崴城門市","type":"連鎖型綠色商店","address":"236新北市土城區中央路4段35-3號","number":"F001057","localcallservice":"02-27478711#3961"}},{"type":"Feature","geometry":{"type":"Point","coordinates":[121.41918196409,24.989537990181]},"properties":{"name":"7-11復育門市","type":"連鎖型綠色商店","address":"238新北市樹林區樹西里13鄰育英街146號1樓.","number":"F001117","localcallservice":"02-27478711#3961"}},{"type":"Feature","geometry":{"type":"Point","coordinates":[121.518164026327,25.003248981667]},"properties":{"name":"7-11復美門市","type":"連鎖型綠色商店","address":"234新北市永和區秀朗路1段146號","number":"F001532","localcallservice":"02-27478711#3961"}},{"type":"Feature","geometry":{"type":"Point","coordinates":[121.370580001441,24.938289986429]},"properties":{"name":"7-11復峽門市","type":"連鎖型綠色商店","address":"237新北市三峽區復興路157.159號","number":"F001453","localcallservice":"02-27478711#3961"}},{"type":"Feature","geometry":{"type":"Point","coordinates":[121.471921988517,25.059702985482]},"properties":{"name":"7-11復貴門市","type":"連鎖型綠色商店","address":"241新北市三重區頂崁里光復路2段140-1號","number":"F001613","localcallservice":"02-27478711#3961"}},{"type":"Feature","geometry":{"type":"Point","coordinates":[121.511399495188,24.957364515847]},"properties":{"name":"7-11景大門市","type":"連鎖型綠色商店","address":"231新北市新店區安忠路71巷1號1樓","number":"F001110","localcallservice":"02-27478711#3961"}},{"type":"Feature","geometry":{"type":"Point","coordinates":[121.51183300722,24.986372983542]},"properties":{"name":"7-11景仁門市","type":"連鎖型綠色商店","address":"235新北市中和區東南里14鄰忠孝街103號1樓","number":"F000512","localcallservice":"02-27478711#3961"}},{"type":"Feature","geometry":{"type":"Point","coordinates":[121.503871959403,24.99085998395]},"properties":{"name":"7-11景安門市","type":"連鎖型綠色商店","address":"235新北市中和區景安路210號","number":"F000518","localcallservice":"02-27478711#3961"}},{"type":"Feature","geometry":{"type":"Point","coordinates":[121.4928304,25.003819]},"properties":{"name":"7-11景旺門市","type":"連鎖型綠色商店","address":"235新北市中和區成功南路1號","number":"F001032","localcallservice":"02-27478711#3961"}},{"type":"Feature","geometry":{"type":"Point","coordinates":[121.517155934832,24.992265084289]},"properties":{"name":"7-11景勇門市","type":"連鎖型綠色商店","address":"235新北市中和區景平路166號","number":"F001302","localcallservice":"02-27478711#3961"}},{"type":"Feature","geometry":{"type":"Point","coordinates":[121.484781085274,25.000144618098]},"properties":{"name":"7-11景順門市","type":"連鎖型綠色商店","address":"235新北市中和區平河里中正路755之1號","number":"F001347","localcallservice":"02-27478711#3961"}},{"type":"Feature","geometry":{"type":"Point","coordinates":[121.497506993589,24.995373010168]},"properties":{"name":"7-11景圓門市","type":"連鎖型綠色商店","address":"235新北市中和區圓通路162-1.162-21F","number":"F001148","localcallservice":"02-27478711#3961"}},{"type":"Feature","geometry":{"type":"Point","coordinates":[121.513052993227,24.988297007507]},"properties":{"name":"7-11景新門市","type":"連鎖型綠色商店","address":"235新北市中和區景新街436號","number":"F001180","localcallservice":"02-27478711#3961"}},{"type":"Feature","geometry":{"type":"Point","coordinates":[121.509274179819,24.951987902146]},"properties":{"name":"7-11景愿門市","type":"連鎖型綠色商店","address":"231新北市新店區安忠路99號1樓","number":"F001422","localcallservice":"02-27478711#3961"}},{"type":"Feature","geometry":{"type":"Point","coordinates":[121.514251018648,24.98833568999]},"properties":{"name":"7-11景福門市","type":"連鎖型綠色商店","address":"235新北市中和區景新街467巷22號","number":"F000935","localcallservice":"02-27478711#3961"}},{"type":"Feature","geometry":{"type":"Point","coordinates":[121.505389000059,24.995632010976]},"properties":{"name":"7-11景禮門市","type":"連鎖型綠色商店","address":"235新北市中和區景安路100.102號","number":"F000942","localcallservice":"02-27478711#3961"}},{"type":"Feature","geometry":{"type":"Point","coordinates":[121.48493983852,24.997753093484]},"properties":{"name":"7-11景鑫門市","type":"連鎖型綠色商店","address":"235新北市中和區中正路683號","number":"F001155","localcallservice":"02-27478711#3961"}},{"type":"Feature","geometry":{"type":"Point","coordinates":[121.514038034488,24.995288981588]},"properties":{"name":"7-11智光門市","type":"連鎖型綠色商店","address":"234新北市永和區中正路88號","number":"F001524","localcallservice":"02-27478711#3961"}},{"type":"Feature","geometry":{"type":"Point","coordinates":[121.467892975299,25.082836996337]},"properties":{"name":"7-11智華門市","type":"連鎖型綠色商店","address":"247新北市蘆洲區光華路72號","number":"F001284","localcallservice":"02-27478711#3961"}},{"type":"Feature","geometry":{"type":"Point","coordinates":[121.653597979645,25.066542995659]},"properties":{"name":"7-11智慧門市","type":"連鎖型綠色商店","address":"221新北市汐止區大同路2段281號","number":"F001022","localcallservice":"02-27478711#3961"}},{"type":"Feature","geometry":{"type":"Point","coordinates":[121.458128980109,25.021968998491]},"properties":{"name":"7-11智樂門市","type":"連鎖型綠色商店","address":"220新北市板橋區新生街89巷2號","number":"F000960","localcallservice":"02-27478711#3961"}},{"type":"Feature","geometry":{"type":"Point","coordinates":[121.451706011524,25.051291997103]},"properties":{"name":"7-11港義門市","type":"連鎖型綠色商店","address":"242新北市新莊區中港路527號","number":"F000966","localcallservice":"02-27478711#3961"}},{"type":"Feature","geometry":{"type":"Point","coordinates":[121.459990014071,25.138990006009]},"properties":{"name":"7-11渡船頭門市","type":"連鎖型綠色商店","address":"251新北市淡水區中正路57.59號","number":"F001293","localcallservice":"02-27478711#3961"}},{"type":"Feature","geometry":{"type":"Point","coordinates":[121.631330028936,25.07097601661]},"properties":{"name":"7-11湖前門市","type":"連鎖型綠色商店","address":"221新北市汐止區湖前街99.101號","number":"F000514","localcallservice":"02-27478711#3961"}},{"type":"Feature","geometry":{"type":"Point","coordinates":[121.468505021869,25.045459994602]},"properties":{"name":"7-11湯旺門市","type":"連鎖型綠色商店","address":"241新北市三重區中興里重新路5段609巷2-1號","number":"F001278","localcallservice":"02-27478711#3961"}},{"type":"Feature","geometry":{"type":"Point","coordinates":[121.468502591117,25.045900882709]},"properties":{"name":"7-11湯城門市","type":"連鎖型綠色商店","address":"241新北市三重區重新路5段609巷10號之6","number":"F001006","localcallservice":"02-27478711#3961"}},{"type":"Feature","geometry":{"type":"Point","coordinates":[121.397341993357,25.079351004716]},"properties":{"name":"7-11登林門市","type":"連鎖型綠色商店","address":"244新北市林口區粉寮路1段84號","number":"F001373","localcallservice":"02-27478711#3961"}},{"type":"Feature","geometry":{"type":"Point","coordinates":[121.653483985762,25.062417003821]},"properties":{"name":"7-11登峰門市","type":"連鎖型綠色商店","address":"221新北市汐止區新台五路1段151號","number":"F001040","localcallservice":"02-27478711#3961"}},{"type":"Feature","geometry":{"type":"Point","coordinates":[121.471939674333,25.05345209737]},"properties":{"name":"7-11登頂門市","type":"連鎖型綠色商店","address":"241新北市三重區光復路2段2號","number":"F001494","localcallservice":"02-27478711#3961"}},{"type":"Feature","geometry":{"type":"Point","coordinates":[121.429321971456,25.070405711918]},"properties":{"name":"7-11登福門市","type":"連鎖型綠色商店","address":"248新北市五股區登林路76之3號","number":"F001400","localcallservice":"02-27478711#3961"}},{"type":"Feature","geometry":{"type":"Point","coordinates":[121.462183977227,25.080436000172]},"properties":{"name":"7-11華安門市","type":"連鎖型綠色商店","address":"247新北市蘆洲區長安街82號","number":"F001026","localcallservice":"02-27478711#3961"}},{"type":"Feature","geometry":{"type":"Point","coordinates":[121.471336009666,25.024381980777]},"properties":{"name":"7-11華翠門市","type":"連鎖型綠色商店","address":"220新北市板橋區莒光路63號","number":"F001063","localcallservice":"02-27478711#3961"}},{"type":"Feature","geometry":{"type":"Point","coordinates":[121.421259167335,25.031385689523]},"properties":{"name":"7-11貴鳳門市","type":"連鎖型綠色商店","address":"243新北市泰山區貴鳳街2號","number":"F001294","localcallservice":"02-27478711#3961"}},{"type":"Feature","geometry":{"type":"Point","coordinates":[121.45784055882,25.004368384836]},"properties":{"name":"7-11貴興門市","type":"連鎖型綠色商店","address":"220新北市板橋區貴興路7號","number":"F001004","localcallservice":"02-27478711#3961"}},{"type":"Feature","geometry":{"type":"Point","coordinates":[121.65571499693,25.066578995933]},"properties":{"name":"7-11進益門市","type":"連鎖型綠色商店","address":"221新北市汐止區大同路二段314號","number":"F001254","localcallservice":"02-27478711#3961"}},{"type":"Feature","geometry":{"type":"Point","coordinates":[121.668718010964,25.081344011743]},"properties":{"name":"7-11鄉長門市","type":"連鎖型綠色商店","address":"221新北市汐止區鄉長路二段16號","number":"F001595","localcallservice":"02-27478711#3961"}},{"type":"Feature","geometry":{"type":"Point","coordinates":[121.453397982499,24.982966997187]},"properties":{"name":"7-11隆城門市","type":"連鎖型綠色商店","address":"236新北市土城區學士路14號","number":"F001517","localcallservice":"02-27478711#3961"}},{"type":"Feature","geometry":{"type":"Point","coordinates":[121.469784016474,25.011804013053]},"properties":{"name":"7-11雅盛門市","type":"連鎖型綠色商店","address":"220新北市板橋區長安里漢生東路187號","number":"F001484","localcallservice":"02-27478711#3961"}},{"type":"Feature","geometry":{"type":"Point","coordinates":[121.489462797292,25.052941681376]},"properties":{"name":"7-11集美門市","type":"連鎖型綠色商店","address":"241新北市三重區集美街107號","number":"F001101","localcallservice":"02-27478711#3961"}},{"type":"Feature","geometry":{"type":"Point","coordinates":[121.481114002634,25.083690986542]},"properties":{"name":"7-11集賢門市","type":"連鎖型綠色商店","address":"247新北市蘆洲區集賢路271號","number":"F001193","localcallservice":"02-27478711#3961"}},{"type":"Feature","geometry":{"type":"Point","coordinates":[121.491011018628,25.053983007117]},"properties":{"name":"7-11集興門市","type":"連鎖型綠色商店","address":"241新北市三重區光明里24鄰集美街202號","number":"F001445","localcallservice":"02-27478711#3961"}},{"type":"Feature","geometry":{"type":"Point","coordinates":[121.410588920773,24.977889617429]},"properties":{"name":"7-11順興門市","type":"連鎖型綠色商店","address":"238新北市樹林區東興街41號","number":"F001526","localcallservice":"02-27478711#3961"}},{"type":"Feature","geometry":{"type":"Point","coordinates":[121.481926963423,25.078869003374]},"properties":{"name":"7-11匯和門市","type":"連鎖型綠色商店","address":"241新北市三重區三和路4段390巷2號","number":"F001477","localcallservice":"02-27478711#3961"}},{"type":"Feature","geometry":{"type":"Point","coordinates":[121.453737030483,25.009268990256]},"properties":{"name":"7-11園林門市","type":"連鎖型綠色商店","address":"220新北市板橋區光華里林園街1號","number":"F001525","localcallservice":"02-27478711#3961"}},{"type":"Feature","geometry":{"type":"Point","coordinates":[121.368056797128,24.926933513455]},"properties":{"name":"7-11園道門市","type":"連鎖型綠色商店","address":"237新北市三峽區中園街22號","number":"F001061","localcallservice":"02-27478711#3961"}},{"type":"Feature","geometry":{"type":"Point","coordinates":[121.491645025784,24.990729016713]},"properties":{"name":"7-11圓通門市","type":"連鎖型綠色商店","address":"235新北市中和區圓通路280.282號","number":"F000559","localcallservice":"02-27478711#3961"}},{"type":"Feature","geometry":{"type":"Point","coordinates":[121.469175993218,25.049391987291]},"properties":{"name":"7-11愛家門市","type":"連鎖型綠色商店","address":"241新北市三重區中興北街42巷11號","number":"F001270","localcallservice":"02-27478711#3961"}},{"type":"Feature","geometry":{"type":"Point","coordinates":[121.389177013835,25.076484016644]},"properties":{"name":"7-11愛鄉門市","type":"連鎖型綠色商店","address":"244新北市林口區仁愛路1段635號","number":"F001555","localcallservice":"02-27478711#3961"}},{"type":"Feature","geometry":{"type":"Point","coordinates":[121.635538331063,25.061368804919]},"properties":{"name":"7-11新工建門市","type":"連鎖型綠色商店","address":"221新北市汐止區中興路60號","number":"F001332","localcallservice":"02-27478711#3961"}},{"type":"Feature","geometry":{"type":"Point","coordinates":[121.541645006063,24.97180900768]},"properties":{"name":"7-11新中門市","type":"連鎖型綠色商店","address":"231新北市新店區中正路152號","number":"F001213","localcallservice":"02-27478711#3961"}},{"type":"Feature","geometry":{"type":"Point","coordinates":[121.466496969325,25.052136012843]},"properties":{"name":"7-11新化成門市","type":"連鎖型綠色商店","address":"242新北市新莊區化成路500號","number":"F001391","localcallservice":"02-27478711#3961"}},{"type":"Feature","geometry":{"type":"Point","coordinates":[121.450724406843,25.062059389922]},"properties":{"name":"7-11新台門市","type":"連鎖型綠色商店","address":"248新北市五股區五工六路14號","number":"F001506","localcallservice":"02-27478711#3961"}},{"type":"Feature","geometry":{"type":"Point","coordinates":[121.463139262732,25.031078995686]},"properties":{"name":"7-11新巨蛋門市","type":"連鎖型綠色商店","address":"220新北市板橋區長江路一段419.421.423號","number":"F001487","localcallservice":"02-27478711#3961"}},{"type":"Feature","geometry":{"type":"Point","coordinates":[121.444773004132,25.182711982719]},"properties":{"name":"7-11新市鎮門市","type":"連鎖型綠色商店","address":"251新北市淡水區中山北路一段382號","number":"F001429","localcallservice":"02-27478711#3961"}},{"type":"Feature","geometry":{"type":"Point","coordinates":[121.53415803869,24.989984997078]},"properties":{"name":"7-11新正門市","type":"連鎖型綠色商店","address":"231新北市新店區中正路682號","number":"F000564","localcallservice":"02-27478711#3961"}},{"type":"Feature","geometry":{"type":"Point","coordinates":[121.474419041292,25.001486979891]},"properties":{"name":"7-11新民享門市","type":"連鎖型綠色商店","address":"235新北市中和區民享街91號","number":"F001127","localcallservice":"02-27478711#3961"}},{"type":"Feature","geometry":{"type":"Point","coordinates":[121.522175306675,25.000619448704]},"properties":{"name":"7-11新永元門市","type":"連鎖型綠色商店","address":"234新北市永和區永元路28、30號","number":"F001354","localcallservice":"02-27478711#3961"}},{"type":"Feature","geometry":{"type":"Point","coordinates":[121.430707667689,24.964868582303]},"properties":{"name":"7-11新永寧門市","type":"連鎖型綠色商店","address":"236新北市土城區中央路三段191之1號、永寧路1、3號","number":"F001624","localcallservice":"02-27478711#3961"}},{"type":"Feature","geometry":{"type":"Point","coordinates":[121.463538995694,25.007084792018]},"properties":{"name":"7-11新兆圓門市","type":"連鎖型綠色商店","address":"220新北市板橋區實踐路34.34-1號1樓","number":"F001508","localcallservice":"02-27478711#3961"}},{"type":"Feature","geometry":{"type":"Point","coordinates":[121.473424025566,25.080912008454]},"properties":{"name":"7-11新吉麗門市","type":"連鎖型綠色商店","address":"247新北市蘆洲區中山一路204號1樓","number":"F001205","localcallservice":"02-27478711#3961"}},{"type":"Feature","geometry":{"type":"Point","coordinates":[121.422554674289,24.997698192018]},"properties":{"name":"7-11新宇鈞門市","type":"連鎖型綠色商店","address":"238新北市樹林區大安路115.117號1樓","number":"F001380","localcallservice":"02-27478711#3961"}},{"type":"Feature","geometry":{"type":"Point","coordinates":[121.430941019874,25.020824994436]},"properties":{"name":"7-11新安門市","type":"連鎖型綠色商店","address":"242新北市新莊區民安東路127號","number":"F001349","localcallservice":"02-27478711#3961"}},{"type":"Feature","geometry":{"type":"Point","coordinates":[121.446380988437,25.031728006448]},"properties":{"name":"7-11新年門市","type":"連鎖型綠色商店","address":"242新北市新莊區豐年街54號","number":"F000521","localcallservice":"02-27478711#3961"}},{"type":"Feature","geometry":{"type":"Point","coordinates":[121.661825991078,25.073567994439]},"properties":{"name":"7-11新旭勝門市","type":"連鎖型綠色商店","address":"221新北市汐止區建成路160巷2號","number":"F001177","localcallservice":"02-27478711#3961"}},{"type":"Feature","geometry":{"type":"Point","coordinates":[121.641994231522,25.064055634979]},"properties":{"name":"7-11新汐農門市","type":"連鎖型綠色商店","address":"221新北市汐止區樟樹一路113、115號","number":"F001053","localcallservice":"02-27478711#3961"}},{"type":"Feature","geometry":{"type":"Point","coordinates":[121.428672960693,25.026972994687]},"properties":{"name":"7-11新宏盛門市","type":"連鎖型綠色商店","address":"242新北市新莊區後港一路114號","number":"F001015","localcallservice":"02-27478711#3961"}},{"type":"Feature","geometry":{"type":"Point","coordinates":[121.434276598242,24.97242449083]},"properties":{"name":"7-11新亞洲門市","type":"連鎖型綠色商店","address":"236新北市土城區亞洲路104號","number":"F001246","localcallservice":"02-27478711#3961"}},{"type":"Feature","geometry":{"type":"Point","coordinates":[121.519853985645,24.985527584788]},"properties":{"name":"7-11新和門市","type":"連鎖型綠色商店","address":"231新北市新店區新和街57號","number":"F001410","localcallservice":"02-27478711#3961"}},{"type":"Feature","geometry":{"type":"Point","coordinates":[121.488736002468,24.994575011076]},"properties":{"name":"7-11新和高門市","type":"連鎖型綠色商店","address":"235新北市中和區中正路502號1樓","number":"F001478","localcallservice":"02-27478711#3961"}},{"type":"Feature","geometry":{"type":"Point","coordinates":[121.547594983851,24.95184901401]},"properties":{"name":"7-11新宜門市","type":"連鎖型綠色商店","address":"231新北市新店區北宜路二段4.6號","number":"F001041","localcallservice":"02-27478711#3961"}},{"type":"Feature","geometry":{"type":"Point","coordinates":[121.53778438528,24.957871118075]},"properties":{"name":"7-11新店站門市","type":"連鎖型綠色商店","address":"231新北市新店區北宜路一段2號","number":"F001571","localcallservice":"02-27478711#3961"}},{"type":"Feature","geometry":{"type":"Point","coordinates":[121.394695994162,25.077222001309]},"properties":{"name":"7-11新林口門市","type":"連鎖型綠色商店","address":"244新北市林口區中正路83號","number":"F001476","localcallservice":"02-27478711#3961"}},{"type":"Feature","geometry":{"type":"Point","coordinates":[121.461985996674,25.015259997461]},"properties":{"name":"7-11新板橋門市","type":"連鎖型綠色商店","address":"220新北市板橋區文化路1段135號","number":"F001067","localcallservice":"02-27478711#3961"}},{"type":"Feature","geometry":{"type":"Point","coordinates":[121.540586958425,24.984945000608]},"properties":{"name":"7-11新矽谷門市","type":"連鎖型綠色商店","address":"231新北市新店區北新路三段205-1號","number":"F001359","localcallservice":"02-27478711#3961"}},{"type":"Feature","geometry":{"type":"Point","coordinates":[121.507292362632,25.008388806604]},"properties":{"name":"7-11新保捷門市","type":"連鎖型綠色商店","address":"234新北市永和區保生路22巷2號1樓","number":"F001169","localcallservice":"02-27478711#3961"}},{"type":"Feature","geometry":{"type":"Point","coordinates":[121.507236958252,25.013609013992]},"properties":{"name":"7-11新保福門市","type":"連鎖型綠色商店","address":"234新北市永和區保安路220號","number":"F000961","localcallservice":"02-27478711#3961"}},{"type":"Feature","geometry":{"type":"Point","coordinates":[121.761840033234,25.100830008788]},"properties":{"name":"7-11新建興門市","type":"連鎖型綠色商店","address":"224新北市瑞芳區大埔路138號","number":"F001536","localcallservice":"02-27478711#3961"}},{"type":"Feature","geometry":{"type":"Point","coordinates":[121.441729535089,25.181648989758]},"properties":{"name":"7-11新春門市","type":"連鎖型綠色商店","address":"251新北市淡水區新春街140號","number":"F001324","localcallservice":"02-27478711#3961"}},{"type":"Feature","geometry":{"type":"Point","coordinates":[121.483680038472,25.063098997373]},"properties":{"name":"7-11新洛華門市","type":"連鎖型綠色商店","address":"241新北市三重區中華路95號","number":"F001496","localcallservice":"02-27478711#3961"}},{"type":"Feature","geometry":{"type":"Point","coordinates":[121.465470018548,25.044544984142]},"properties":{"name":"7-11新茂門市","type":"連鎖型綠色商店","address":"242新北市新莊區化成路118.120號","number":"F001108","localcallservice":"02-27478711#3961"}},{"type":"Feature","geometry":{"type":"Point","coordinates":[121.428140961299,25.01462900779]},"properties":{"name":"7-11新展盛門市","type":"連鎖型綠色商店","address":"242新北市新莊區西盛街325.327號1樓","number":"F001596","localcallservice":"02-27478711#3961"}},{"type":"Feature","geometry":{"type":"Point","coordinates":[121.44572803818,25.040152992606]},"properties":{"name":"7-11新泰門市","type":"連鎖型綠色商店","address":"242新北市新莊區新泰路267號","number":"F001656","localcallservice":"02-27478711#3961"}},{"type":"Feature","geometry":{"type":"Point","coordinates":[121.460955022583,25.023313288122]},"properties":{"name":"7-11新海門市","type":"連鎖型綠色商店","address":"220新北市板橋區文德里新海路138號","number":"F001334","localcallservice":"02-27478711#3961"}},{"type":"Feature","geometry":{"type":"Point","coordinates":[121.438197987824,25.177172005725]},"properties":{"name":"7-11新真理門市","type":"連鎖型綠色商店","address":"251新北市淡水區新民街102.104號","number":"F000978","localcallservice":"02-27478711#3961"}},{"type":"Feature","geometry":{"type":"Point","coordinates":[121.437422997056,25.178886985024]},"properties":{"name":"7-11新淡專門市","type":"連鎖型綠色商店","address":"251新北市淡水區新民街180巷12.16號","number":"F001497","localcallservice":"02-27478711#3961"}},{"type":"Feature","geometry":{"type":"Point","coordinates":[121.654704474683,25.071329984381]},"properties":{"name":"7-11新盛昌門市","type":"連鎖型綠色商店","address":"221新北市汐止區長江街13巷1號","number":"F001516","localcallservice":"02-27478711#3961"}},{"type":"Feature","geometry":{"type":"Point","coordinates":[121.446867977011,25.036748012079]},"properties":{"name":"7-11新統義門市","type":"連鎖型綠色商店","address":"242新北市新莊區建中街92號1樓","number":"F001424","localcallservice":"02-27478711#3961"}},{"type":"Feature","geometry":{"type":"Point","coordinates":[121.419290006822,24.959889019355]},"properties":{"name":"7-11新通信門市","type":"連鎖型綠色商店","address":"236新北市土城區中央路四段70.72號","number":"F001644","localcallservice":"02-27478711#3961"}},{"type":"Feature","geometry":{"type":"Point","coordinates":[121.487991102733,24.995899016501]},"properties":{"name":"7-11新連正門市","type":"連鎖型綠色商店","address":"235新北市中和區連城路347巷2號","number":"F001300","localcallservice":"02-27478711#3961"}},{"type":"Feature","geometry":{"type":"Point","coordinates":[121.68985826042,25.204886810484]},"properties":{"name":"7-11新野柳門市","type":"連鎖型綠色商店","address":"207新北市萬里鄉野柳港東路158號","number":"F001507","localcallservice":"02-27478711#3961"}},{"type":"Feature","geometry":{"type":"Point","coordinates":[121.509021968352,24.983078979414]},"properties":{"name":"7-11新景和門市","type":"連鎖型綠色商店","address":"235新北市中和區忠孝街1-2號","number":"F001234","localcallservice":"02-27478711#3961"}},{"type":"Feature","geometry":{"type":"Point","coordinates":[121.451364029875,25.054072986848]},"properties":{"name":"7-11新港原門市","type":"連鎖型綠色商店","address":"242新北市新莊區中原路201.203號1樓","number":"F001472","localcallservice":"02-27478711#3961"}},{"type":"Feature","geometry":{"type":"Point","coordinates":[121.419164026817,24.964889998066]},"properties":{"name":"7-11新紫城門市","type":"連鎖型綠色商店","address":"236新北市土城區福安街38、40號","number":"F001076","localcallservice":"02-27478711#3961"}},{"type":"Feature","geometry":{"type":"Point","coordinates":[121.428583022872,25.063948000345]},"properties":{"name":"7-11新陽光門市","type":"連鎖型綠色商店","address":"243新北市泰山區泰林路2段368.370號","number":"F001632","localcallservice":"02-27478711#3961"}},{"type":"Feature","geometry":{"type":"Point","coordinates":[121.54072509219,24.986279399593]},"properties":{"name":"7-11新順安門市","type":"連鎖型綠色商店","address":"231新北市新店區順安街57號","number":"F001052","localcallservice":"02-27478711#3961"}},{"type":"Feature","geometry":{"type":"Point","coordinates":[121.92350599073,25.048599017341]},"properties":{"name":"7-11新順興門市","type":"連鎖型綠色商店","address":"228新北市貢寮區仁和路2號","number":"F001579","localcallservice":"02-27478711#3961"}},{"type":"Feature","geometry":{"type":"Point","coordinates":[121.434944300649,25.076565991657]},"properties":{"name":"7-11新圓山門市","type":"連鎖型綠色商店","address":"248新北市五股區成泰路一段191號","number":"F001377","localcallservice":"02-27478711#3961"}},{"type":"Feature","geometry":{"type":"Point","coordinates":[121.542903297368,24.97806790051]},"properties":{"name":"7-11新極景門市","type":"連鎖型綠色商店","address":"231新北市新店區北新路2段252-1號","number":"F001649","localcallservice":"02-27478711#3961"}},{"type":"Feature","geometry":{"type":"Point","coordinates":[121.517740321121,24.983629712362]},"properties":{"name":"7-11新猷門市","type":"連鎖型綠色商店","address":"231新北市新店區安和路三段77號","number":"F001093","localcallservice":"02-27478711#3961"}},{"type":"Feature","geometry":{"type":"Point","coordinates":[121.478979970086,25.08553500524]},"properties":{"name":"7-11新義民門市","type":"連鎖型綠色商店","address":"247新北市蘆洲區民族路122.124號","number":"F001216","localcallservice":"02-27478711#3961"}},{"type":"Feature","geometry":{"type":"Point","coordinates":[121.449224968184,24.988060009195]},"properties":{"name":"7-11新裕生門市","type":"連鎖型綠色商店","address":"236新北市土城區裕民路57號、55巷2號","number":"F001199","localcallservice":"02-27478711#3961"}},{"type":"Feature","geometry":{"type":"Point","coordinates":[121.445737006816,25.012298000517]},"properties":{"name":"7-11新僑中門市","type":"連鎖型綠色商店","address":"220新北市板橋區僑中一街124巷3弄3號","number":"F001539","localcallservice":"02-27478711#3961"}},{"type":"Feature","geometry":{"type":"Point","coordinates":[121.530493973536,24.973714004724]},"properties":{"name":"7-11新福民門市","type":"連鎖型綠色商店","address":"231新北市新店區中央路135號","number":"F001560","localcallservice":"02-27478711#3961"}},{"type":"Feature","geometry":{"type":"Point","coordinates":[121.944520930734,25.016770416413]},"properties":{"name":"7-11新福隆門市","type":"連鎖型綠色商店","address":"228新北市貢寮區福隆村興隆街24-1號","number":"F001438","localcallservice":"02-27478711#3961"}},{"type":"Feature","geometry":{"type":"Point","coordinates":[121.458279938185,25.065394591105]},"properties":{"name":"7-11新福圓門市","type":"連鎖型綠色商店","address":"242新北市新莊區五工三路93號1樓","number":"F001304","localcallservice":"02-27478711#3961"}},{"type":"Feature","geometry":{"type":"Point","coordinates":[121.479970430761,25.023080165185]},"properties":{"name":"7-11新翠華門市","type":"連鎖型綠色商店","address":"220新北市板橋區三民路一段31巷14、16號","number":"F001576","localcallservice":"02-27478711#3961"}},{"type":"Feature","geometry":{"type":"Point","coordinates":[121.429819185953,25.031007581871]},"properties":{"name":"7-11新遠門市","type":"連鎖型綠色商店","address":"242新北市新莊區中正路651號之8號","number":"F001050","localcallservice":"02-27478711#3961"}},{"type":"Feature","geometry":{"type":"Point","coordinates":[121.533785882189,24.984545602922]},"properties":{"name":"7-11新廣門市","type":"連鎖型綠色商店","address":"231新北市新店區中正路542之2號","number":"F001441","localcallservice":"02-27478711#3961"}},{"type":"Feature","geometry":{"type":"Point","coordinates":[121.640735027213,25.068412998257]},"properties":{"name":"7-11新樟樹門市","type":"連鎖型綠色商店","address":"221新北市汐止區樟樹二路255號","number":"F001001","localcallservice":"02-27478711#3961"}},{"type":"Feature","geometry":{"type":"Point","coordinates":[121.452867994762,24.985521004994]},"properties":{"name":"7-11新學府門市","type":"連鎖型綠色商店","address":"236新北市土城區學府路1段169號","number":"F001312","localcallservice":"02-27478711#3961"}},{"type":"Feature","geometry":{"type":"Point","coordinates":[121.416180991296,25.000918016304]},"properties":{"name":"7-11新樹工門市","type":"連鎖型綠色商店","address":"238新北市樹林區保安街二段6號","number":"F001471","localcallservice":"02-27478711#3961"}},{"type":"Feature","geometry":{"type":"Point","coordinates":[121.434883867127,25.022635108336]},"properties":{"name":"7-11新樹門市","type":"連鎖型綠色商店","address":"242新北市新莊區新樹路166號.民安路461號","number":"F000977","localcallservice":"02-27478711#3961"}},{"type":"Feature","geometry":{"type":"Point","coordinates":[121.551188976295,24.909401002763]},"properties":{"name":"7-11新燕門市","type":"連鎖型綠色商店","address":"231新北市新店區新烏路2段382.384號1樓","number":"F001367","localcallservice":"02-27478711#3961"}},{"type":"Feature","geometry":{"type":"Point","coordinates":[121.48028159583,25.000448420178]},"properties":{"name":"7-11新積穗門市","type":"連鎖型綠色商店","address":"235新北市中和區民安街27.29號1樓","number":"F001436","localcallservice":"02-27478711#3961"}},{"type":"Feature","geometry":{"type":"Point","coordinates":[121.479480034429,24.94480498831]},"properties":{"name":"7-11新錦秀門市","type":"連鎖型綠色商店","address":"231新北市新店區錦秀路13.15號1樓","number":"F001642","localcallservice":"02-27478711#3961"}},{"type":"Feature","geometry":{"type":"Point","coordinates":[121.425888995373,25.014327804099]},"properties":{"name":"7-11新龍門市","type":"連鎖型綠色商店","address":"242新北市新莊區光明里民安西路232號","number":"F001243","localcallservice":"02-27478711#3961"}},{"type":"Feature","geometry":{"type":"Point","coordinates":[121.422971087239,25.019209214961]},"properties":{"name":"7-11新龍俊門市","type":"連鎖型綠色商店","address":"242新北市新莊區龍安路351.353號1樓","number":"F001106","localcallservice":"02-27478711#3961"}},{"type":"Feature","geometry":{"type":"Point","coordinates":[121.534170024811,24.990535017564]},"properties":{"name":"7-11新鵬門市","type":"連鎖型綠色商店","address":"231新北市新店區中正路696號1樓","number":"F001132","localcallservice":"02-27478711#3961"}},{"type":"Feature","geometry":{"type":"Point","coordinates":[121.550692013256,24.978173009575]},"properties":{"name":"7-11新寶橋門市","type":"連鎖型綠色商店","address":"231新北市新店區寶橋路192號","number":"F001011","localcallservice":"02-27478711#3961"}},{"type":"Feature","geometry":{"type":"Point","coordinates":[121.355523002034,24.954339989905]},"properties":{"name":"7-11新鶯歌站門市","type":"連鎖型綠色商店","address":"239新北市鶯歌區文化路68號之1","number":"F001265","localcallservice":"02-27478711#3961"}},{"type":"Feature","geometry":{"type":"Point","coordinates":[121.44686202586,25.002778002528]},"properties":{"name":"7-11新觀和門市","type":"連鎖型綠色商店","address":"220新北市板橋區大觀路二段55.57號1樓","number":"F001602","localcallservice":"02-27478711#3961"}},{"type":"Feature","geometry":{"type":"Point","coordinates":[121.509889914426,24.995446100363]},"properties":{"name":"7-11椰城門市","type":"連鎖型綠色商店","address":"235新北市中和區安平路61號","number":"F001618","localcallservice":"02-27478711#3961"}},{"type":"Feature","geometry":{"type":"Point","coordinates":[121.644246096912,25.215466249705]},"properties":{"name":"7-11溫泉門市","type":"連鎖型綠色商店","address":"207新北市萬里鄉加投路197-2號","number":"F001357","localcallservice":"02-27478711#3961"}},{"type":"Feature","geometry":{"type":"Point","coordinates":[121.429796135719,24.992224893063]},"properties":{"name":"7-11溪崑門市","type":"連鎖型綠色商店","address":"220新北市板橋區大觀路三段236號1F之6","number":"F001489","localcallservice":"02-27478711#3961"}},{"type":"Feature","geometry":{"type":"Point","coordinates":[121.478928002286,25.027631015995]},"properties":{"name":"7-11瑞林門市","type":"連鎖型綠色商店","address":"220新北市板橋區龍翠里大同街52號","number":"F001236","localcallservice":"02-27478711#3961"}},{"type":"Feature","geometry":{"type":"Point","coordinates":[121.80716819214,25.107993979523]},"properties":{"name":"7-11瑞芳門市","type":"連鎖型綠色商店","address":"224新北市瑞芳區明燈路3段50號.","number":"F001102","localcallservice":"02-27478711#3961"}},{"type":"Feature","geometry":{"type":"Point","coordinates":[121.806179965756,25.107349997902]},"properties":{"name":"7-11瑞信門市","type":"連鎖型綠色商店","address":"224新北市瑞芳區民生街23號","number":"F001383","localcallservice":"02-27478711#3961"}},{"type":"Feature","geometry":{"type":"Point","coordinates":[121.455633016981,25.021263996615]},"properties":{"name":"7-11瑞新門市","type":"連鎖型綠色商店","address":"220新北市板橋區瑞安街75號","number":"F001657","localcallservice":"02-27478711#3961"}},{"type":"Feature","geometry":{"type":"Point","coordinates":[121.829402028504,25.121749981829]},"properties":{"name":"7-11瑞濱門市","type":"連鎖型綠色商店","address":"224新北市瑞芳區海濱路157號","number":"F000493","localcallservice":"02-27478711#3961"}},{"type":"Feature","geometry":{"type":"Point","coordinates":[121.329097040616,24.969343009856]},"properties":{"name":"7-11萬全門市","type":"連鎖型綠色商店","address":"239新北市鶯歌區鶯桃路660號","number":"F001307","localcallservice":"02-27478711#3961"}},{"type":"Feature","geometry":{"type":"Point","coordinates":[121.6780014,25.1919422]},"properties":{"name":"7-11萬里門市","type":"連鎖型綠色商店","address":"207新北市萬里鄉瑪鍊路49.51號","number":"F001550","localcallservice":"02-27478711#3961"}},{"type":"Feature","geometry":{"type":"Point","coordinates":[121.474221039238,25.022558321176]},"properties":{"name":"7-11萬板門市","type":"連鎖型綠色商店","address":"220新北市板橋區莒光路221、223號","number":"F001584","localcallservice":"02-27478711#3961"}},{"type":"Feature","geometry":{"type":"Point","coordinates":[121.376047013968,24.936326986615]},"properties":{"name":"7-11萬誠門市","type":"連鎖型綠色商店","address":"237新北市三峽區民生街25號.27巷1號","number":"F001083","localcallservice":"02-27478711#3961"}},{"type":"Feature","geometry":{"type":"Point","coordinates":[121.471632980496,25.022227999299]},"properties":{"name":"7-11萬鄰門市","type":"連鎖型綠色商店","address":"220新北市板橋區華江里民生路二段226巷46號1樓","number":"F001537","localcallservice":"02-27478711#3961"}},{"type":"Feature","geometry":{"type":"Point","coordinates":[121.428791564623,25.05249119599]},"properties":{"name":"7-11義學門市","type":"連鎖型綠色商店","address":"243新北市泰山區明志路2段74.76號","number":"F000934","localcallservice":"02-27478711#3961"}},{"type":"Feature","geometry":{"type":"Point","coordinates":[121.461740993644,25.08971799402]},"properties":{"name":"7-11群英門市","type":"連鎖型綠色商店","address":"247新北市蘆洲區長樂路231號","number":"F000921","localcallservice":"02-27478711#3961"}},{"type":"Feature","geometry":{"type":"Point","coordinates":[121.483234037405,25.002778002528]},"properties":{"name":"7-11聖武門市","type":"連鎖型綠色商店","address":"235新北市中和區新生街112號","number":"F000542","localcallservice":"02-27478711#3961"}},{"type":"Feature","geometry":{"type":"Point","coordinates":[121.451992002061,25.226647991327]},"properties":{"name":"7-11聖約翰門市","type":"連鎖型綠色商店","address":"251新北市淡水區淡金路四段532號","number":"F001095","localcallservice":"02-27478711#3961"}},{"type":"Feature","geometry":{"type":"Point","coordinates":[121.353220325593,24.949439510214]},"properties":{"name":"7-11聖陶門市","type":"連鎖型綠色商店","address":"239新北市鶯歌區文化路407.411號","number":"F001594","localcallservice":"02-27478711#3961"}},{"type":"Feature","geometry":{"type":"Point","coordinates":[121.44807396524,24.982906018842]},"properties":{"name":"7-11聖運門市","type":"連鎖型綠色商店","address":"236新北市土城區柑林里明德路二段159號","number":"F001500","localcallservice":"02-27478711#3961"}},{"type":"Feature","geometry":{"type":"Point","coordinates":[121.44807396524,24.982906018842]},"properties":{"name":"7-11聖運門市","type":"連鎖型綠色商店","address":"236新北市土城區柑林里明德路二段159號","number":"F001330","localcallservice":"02-27478711#3961"}},{"type":"Feature","geometry":{"type":"Point","coordinates":[121.459051995286,25.027543006012]},"properties":{"name":"7-11裕民門市","type":"連鎖型綠色商店","address":"220新北市板橋區裕民街126號","number":"F001492","localcallservice":"02-27478711#3961"}},{"type":"Feature","geometry":{"type":"Point","coordinates":[121.455524974249,25.016675994274]},"properties":{"name":"7-11路加門市","type":"連鎖型綠色商店","address":"220新北市板橋區大仁街27號","number":"F000945","localcallservice":"02-27478711#3961"}},{"type":"Feature","geometry":{"type":"Point","coordinates":[121.505190013677,24.942674015156]},"properties":{"name":"7-11達冠門市","type":"連鎖型綠色商店","address":"231新北市新店區達觀路6號地下壹樓之一","number":"F001664","localcallservice":"02-27478711#3961"}},{"type":"Feature","geometry":{"type":"Point","coordinates":[121.446586009789,25.01182500972]},"properties":{"name":"7-11僑一門市","type":"連鎖型綠色商店","address":"220新北市板橋區僑中一街104號","number":"F001582","localcallservice":"02-27478711#3961"}},{"type":"Feature","geometry":{"type":"Point","coordinates":[121.429141726669,24.89925712324]},"properties":{"name":"7-11嘉添門市","type":"連鎖型綠色商店","address":"237新北市三峽區嘉添109-2號","number":"F001339","localcallservice":"02-27478711#3961"}},{"type":"Feature","geometry":{"type":"Point","coordinates":[121.508087972881,24.986726993223]},"properties":{"name":"7-11壽南門市","type":"連鎖型綠色商店","address":"235新北市中和區興南路1段164號","number":"F001287","localcallservice":"02-27478711#3961"}},{"type":"Feature","geometry":{"type":"Point","coordinates":[121.465990031821,25.004991579338]},"properties":{"name":"7-11實全門市","type":"連鎖型綠色商店","address":"220新北市板橋區實踐路93巷52號","number":"F001129","localcallservice":"02-27478711#3961"}},{"type":"Feature","geometry":{"type":"Point","coordinates":[121.544288909782,24.969917715047]},"properties":{"name":"7-11嶄新門市","type":"連鎖型綠色商店","address":"231新北市新店區中正路57-2號1樓","number":"F001049","localcallservice":"02-27478711#3961"}},{"type":"Feature","geometry":{"type":"Point","coordinates":[121.44811897606,25.050858987985]},"properties":{"name":"7-11榮和門市","type":"連鎖型綠色商店","address":"242新北市新莊區中和街216號","number":"F001418","localcallservice":"02-27478711#3961"}},{"type":"Feature","geometry":{"type":"Point","coordinates":[121.449726038356,25.052669018066]},"properties":{"name":"7-11榮富門市","type":"連鎖型綠色商店","address":"242新北市新莊區中榮街43.47號","number":"F000926","localcallservice":"02-27478711#3961"}},{"type":"Feature","geometry":{"type":"Point","coordinates":[121.418164987777,24.983786998775]},"properties":{"name":"7-11榮德門市","type":"連鎖型綠色商店","address":"238新北市樹林區東榮街8-10號","number":"F001173","localcallservice":"02-27478711#3961"}},{"type":"Feature","geometry":{"type":"Point","coordinates":[121.346408688159,24.948572192783]},"properties":{"name":"7-11歌亭門市","type":"連鎖型綠色商店","address":"239新北市鶯歌區尖山里尖山路150號","number":"F001275","localcallservice":"02-27478711#3961"}},{"type":"Feature","geometry":{"type":"Point","coordinates":[121.342968000724,24.955651296748]},"properties":{"name":"7-11歌園門市","type":"連鎖型綠色商店","address":"239新北市鶯歌區國華路31號","number":"F001556","localcallservice":"02-27478711#3961"}},{"type":"Feature","geometry":{"type":"Point","coordinates":[121.333459821219,24.957843080609]},"properties":{"name":"7-11歌德門市","type":"連鎖型綠色商店","address":"239新北市鶯歌區德昌二街77號之1","number":"F001046","localcallservice":"02-27478711#3961"}},{"type":"Feature","geometry":{"type":"Point","coordinates":[121.502503026977,25.003181004433]},"properties":{"name":"7-11漳和門市","type":"連鎖型綠色商店","address":"235新北市中和區中山路2段131-6號","number":"F001091","localcallservice":"02-27478711#3961"}},{"type":"Feature","geometry":{"type":"Point","coordinates":[121.465291986924,25.031437992599]},"properties":{"name":"7-11漢江門市","type":"連鎖型綠色商店","address":"220新北市板橋區柏翠里長江路二段110號","number":"F001009","localcallservice":"02-27478711#3961"}},{"type":"Feature","geometry":{"type":"Point","coordinates":[121.462847321044,25.019342487221]},"properties":{"name":"7-11漢西門市","type":"連鎖型綠色商店","address":"220新北市板橋區漢生西路82號","number":"F001407","localcallservice":"02-27478711#3961"}},{"type":"Feature","geometry":{"type":"Point","coordinates":[121.471815035432,25.008224018388]},"properties":{"name":"7-11漢東門市","type":"連鎖型綠色商店","address":"220新北市板橋區漢生東路309號","number":"F001523","localcallservice":"02-27478711#3961"}},{"type":"Feature","geometry":{"type":"Point","coordinates":[121.433438994658,25.065488007416]},"properties":{"name":"7-11滿泰門市","type":"連鎖型綠色商店","address":"243新北市泰山區明志路1段28號","number":"F001064","localcallservice":"02-27478711#3961"}},{"type":"Feature","geometry":{"type":"Point","coordinates":[121.445552688765,25.168225204185]},"properties":{"name":"7-11滬站門市","type":"連鎖型綠色商店","address":"251新北市淡水區中正路1號","number":"F001131","localcallservice":"02-27478711#3961"}},{"type":"Feature","geometry":{"type":"Point","coordinates":[121.53722858128,24.956441584489]},"properties":{"name":"7-11碧湖門市","type":"連鎖型綠色商店","address":"231新北市新店區新店路208號","number":"F000944","localcallservice":"02-27478711#3961"}},{"type":"Feature","geometry":{"type":"Point","coordinates":[121.538118990854,24.956883981338]},"properties":{"name":"7-11碧潭門市","type":"連鎖型綠色商店","address":"231新北市新店區北宜路一段28號","number":"F001047","localcallservice":"02-27478711#3961"}},{"type":"Feature","geometry":{"type":"Point","coordinates":[121.539039407642,24.955183293184]},"properties":{"name":"7-11碧興門市","type":"連鎖型綠色商店","address":"231新北市新店區北宜路一段110號","number":"F000955","localcallservice":"02-27478711#3961"}},{"type":"Feature","geometry":{"type":"Point","coordinates":[121.66337798427,25.064488004457]},"properties":{"name":"7-11福仁門市","type":"連鎖型綠色商店","address":"221新北市汐止區仁愛路143號","number":"F001491","localcallservice":"02-27478711#3961"}},{"type":"Feature","geometry":{"type":"Point","coordinates":[121.408226816639,25.016534507748]},"properties":{"name":"7-11福多門市","type":"連鎖型綠色商店","address":"238新北市樹林區三福里12鄰三福街45號","number":"F001409","localcallservice":"02-27478711#3961"}},{"type":"Feature","geometry":{"type":"Point","coordinates":[121.636377024295,25.066338016217]},"properties":{"name":"7-11福百門市","type":"連鎖型綠色商店","address":"221新北市汐止區福德一路161號","number":"F001538","localcallservice":"02-27478711#3961"}},{"type":"Feature","geometry":{"type":"Point","coordinates":[121.477151709365,25.017216920395]},"properties":{"name":"7-11福利門市","type":"連鎖型綠色商店","address":"220新北市板橋區中山路二段172號","number":"F001134","localcallservice":"02-27478711#3961"}},{"type":"Feature","geometry":{"type":"Point","coordinates":[121.456786031582,25.064656983625]},"properties":{"name":"7-11福來門市","type":"連鎖型綠色商店","address":"242新北市新莊區五工路98號","number":"F000962","localcallservice":"02-27478711#3961"}},{"type":"Feature","geometry":{"type":"Point","coordinates":[121.517108996174,24.993128001221]},"properties":{"name":"7-11福和門市","type":"連鎖型綠色商店","address":"235新北市中和區秀朗里大勇街25巷1號","number":"F001269","localcallservice":"02-27478711#3961"}},{"type":"Feature","geometry":{"type":"Point","coordinates":[121.458962979475,25.066855012005]},"properties":{"name":"7-11福旺門市","type":"連鎖型綠色商店","address":"242新北市新莊區福基里17鄰五權一路80號","number":"F001256","localcallservice":"02-27478711#3961"}},{"type":"Feature","geometry":{"type":"Point","coordinates":[121.496456992578,25.004844979851]},"properties":{"name":"7-11福美門市","type":"連鎖型綠色商店","address":"235新北市中和區景平路756.758號","number":"F001002","localcallservice":"02-27478711#3961"}},{"type":"Feature","geometry":{"type":"Point","coordinates":[121.433533039612,25.089732997627]},"properties":{"name":"7-11福泰門市","type":"連鎖型綠色商店","address":"248新北市五股區五福路54號","number":"F001202","localcallservice":"02-27478711#3961"}},{"type":"Feature","geometry":{"type":"Point","coordinates":[121.458000988447,25.063683006476]},"properties":{"name":"7-11福基門市","type":"連鎖型綠色商店","address":"242新北市新莊區福基里五工路70號","number":"F001616","localcallservice":"02-27478711#3961"}},{"type":"Feature","geometry":{"type":"Point","coordinates":[121.53390867707,24.973078488825]},"properties":{"name":"7-11福強門市","type":"連鎖型綠色商店","address":"231新北市新店區三民路149-1號","number":"F001353","localcallservice":"02-27478711#3961"}},{"type":"Feature","geometry":{"type":"Point","coordinates":[121.443143813612,24.981656779992]},"properties":{"name":"7-11福祥門市","type":"連鎖型綠色商店","address":"236新北市土城區中央路一段320.322號","number":"F001240","localcallservice":"02-27478711#3961"}},{"type":"Feature","geometry":{"type":"Point","coordinates":[121.498609968228,25.007572995968]},"properties":{"name":"7-11福勝門市","type":"連鎖型綠色商店","address":"235新北市中和區福祥路158號","number":"F001248","localcallservice":"02-27478711#3961"}},{"type":"Feature","geometry":{"type":"Point","coordinates":[121.452435991472,25.049353011441]},"properties":{"name":"7-11福港門市","type":"連鎖型綠色商店","address":"242新北市新莊區中港路390號","number":"F000947","localcallservice":"02-27478711#3961"}},{"type":"Feature","geometry":{"type":"Point","coordinates":[121.674682992359,25.073764005245]},"properties":{"name":"7-11福菖門市","type":"連鎖型綠色商店","address":"221新北市汐止區大同路三段188號","number":"F001021","localcallservice":"02-27478711#3961"}},{"type":"Feature","geometry":{"type":"Point","coordinates":[121.503968016014,25.00844198978]},"properties":{"name":"7-11福愛門市","type":"連鎖型綠色商店","address":"234新北市永和區永平路274號仁愛路242號","number":"F001518","localcallservice":"02-27478711#3961"}},{"type":"Feature","geometry":{"type":"Point","coordinates":[121.502241427778,25.065320201714]},"properties":{"name":"7-11福運門市","type":"連鎖型綠色商店","address":"241新北市三重區福德北路55號","number":"F001598","localcallservice":"02-27478711#3961"}},{"type":"Feature","geometry":{"type":"Point","coordinates":[121.457896969029,25.051792983455]},"properties":{"name":"7-11福壽門市","type":"連鎖型綠色商店","address":"242新北市新莊區福壽街140號","number":"F001372","localcallservice":"02-27478711#3961"}},{"type":"Feature","geometry":{"type":"Point","coordinates":[121.535254978358,24.975619001768]},"properties":{"name":"7-11福德門市","type":"連鎖型綠色商店","address":"231新北市新店區三民路189號","number":"F001378","localcallservice":"02-27478711#3961"}},{"type":"Feature","geometry":{"type":"Point","coordinates":[121.433966803101,25.031222619597]},"properties":{"name":"7-11福營門市","type":"連鎖型綠色商店","address":"242新北市新莊區福營里建國一路50.52號","number":"F000974","localcallservice":"02-27478711#3961"}},{"type":"Feature","geometry":{"type":"Point","coordinates":[121.433331035745,25.087364020332]},"properties":{"name":"7-11福臨門市","type":"連鎖型綠色商店","address":"248新北市五股區工商路150號","number":"F001253","localcallservice":"02-27478711#3961"}},{"type":"Feature","geometry":{"type":"Point","coordinates":[121.363874981815,24.936905002658]},"properties":{"name":"7-11綠洲門市","type":"連鎖型綠色商店","address":"237新北市三峽區鳶山里12鄰中山路186號1樓","number":"F000495","localcallservice":"02-27478711#3961"}},{"type":"Feature","geometry":{"type":"Point","coordinates":[121.370932963384,24.93636897995]},"properties":{"name":"7-11綠雅門市","type":"連鎖型綠色商店","address":"237新北市三峽區文化路122號","number":"F001437","localcallservice":"02-27478711#3961"}},{"type":"Feature","geometry":{"type":"Point","coordinates":[121.467947792945,25.074720296578]},"properties":{"name":"7-11維中門市","type":"連鎖型綠色商店","address":"248新北市五股區四維路120號","number":"F001257","localcallservice":"02-27478711#3961"}},{"type":"Feature","geometry":{"type":"Point","coordinates":[121.423782623105,25.024032287776]},"properties":{"name":"7-11維妮門市","type":"連鎖型綠色商店","address":"242新北市新莊區四維路17.19號","number":"F001103","localcallservice":"02-27478711#3961"}},{"type":"Feature","geometry":{"type":"Point","coordinates":[121.463435982104,25.023772993602]},"properties":{"name":"7-11維陽門市","type":"連鎖型綠色商店","address":"220新北市板橋區陽明街131號","number":"F001578","localcallservice":"02-27478711#3961"}},{"type":"Feature","geometry":{"type":"Point","coordinates":[121.46494698779,25.025452014536]},"properties":{"name":"7-11維群門市","type":"連鎖型綠色商店","address":"220新北市板橋區四維路139號","number":"F000956","localcallservice":"02-27478711#3961"}},{"type":"Feature","geometry":{"type":"Point","coordinates":[121.463162983518,25.028916003662]},"properties":{"name":"7-11維禮門市","type":"連鎖型綠色商店","address":"220新北市板橋區四維路282號","number":"F001167","localcallservice":"02-27478711#3961"}},{"type":"Feature","geometry":{"type":"Point","coordinates":[121.6780014,25.1919422]},"properties":{"name":"7-11翡翠灣門市","type":"連鎖型綠色商店","address":"207新北市萬里鄉龜吼村美崙38.39號","number":"F001262","localcallservice":"02-27478711#3961"}},{"type":"Feature","geometry":{"type":"Point","coordinates":[121.433420973566,25.032491011095]},"properties":{"name":"7-11輔大門市","type":"連鎖型綠色商店","address":"242新北市新莊區中正路516-1號","number":"F001646","localcallservice":"02-27478711#3961"}},{"type":"Feature","geometry":{"type":"Point","coordinates":[121.430886034589,25.034448981767]},"properties":{"name":"7-11輔明門市","type":"連鎖型綠色商店","address":"242新北市新莊區中正路514巷99號","number":"F001203","localcallservice":"02-27478711#3961"}},{"type":"Feature","geometry":{"type":"Point","coordinates":[121.43929517895,25.034486113598]},"properties":{"name":"7-11輔泰門市","type":"連鎖型綠色商店","address":"242新北市新莊區三泰路11號","number":"F001633","localcallservice":"02-27478711#3961"}},{"type":"Feature","geometry":{"type":"Point","coordinates":[121.434193030668,25.032931019102]},"properties":{"name":"7-11輔進門市","type":"連鎖型綠色商店","address":"242新北市新莊區中正路510號","number":"F001096","localcallservice":"02-27478711#3961"}},{"type":"Feature","geometry":{"type":"Point","coordinates":[121.381731484033,25.081367449731]},"properties":{"name":"7-11輔新門市","type":"連鎖型綠色商店","address":"243新北市泰山區中山路2段487號","number":"F001082","localcallservice":"02-27478711#3961"}},{"type":"Feature","geometry":{"type":"Point","coordinates":[121.451994013717,24.997029986697]},"properties":{"name":"7-11遠揚門市","type":"連鎖型綠色商店","address":"220新北市板橋區南雅南路2段124號","number":"F001280","localcallservice":"02-27478711#3961"}},{"type":"Feature","geometry":{"type":"Point","coordinates":[121.499014981789,25.064667]},"properties":{"name":"7-11銀座門市","type":"連鎖型綠色商店","address":"241新北市三重區信義西街4號","number":"F001425","localcallservice":"02-27478711#3961"}},{"type":"Feature","geometry":{"type":"Point","coordinates":[121.480964972396,25.088002008893]},"properties":{"name":"7-11領袖門市","type":"連鎖型綠色商店","address":"247新北市蘆洲區集賢路224巷60.62號","number":"F001597","localcallservice":"02-27478711#3961"}},{"type":"Feature","geometry":{"type":"Point","coordinates":[121.334924894075,24.969391582985]},"properties":{"name":"7-11鳳鳴門市","type":"連鎖型綠色商店","address":"239新北市鶯歌區永和街126.128號","number":"F001178","localcallservice":"02-27478711#3961"}},{"type":"Feature","geometry":{"type":"Point","coordinates":[121.422458030946,25.021433981611]},"properties":{"name":"7-11廣進門市","type":"連鎖型綠色商店","address":"242新北市新莊區四維路173號","number":"F001640","localcallservice":"02-27478711#3961"}},{"type":"Feature","geometry":{"type":"Point","coordinates":[121.502867975041,25.001572014299]},"properties":{"name":"7-11廣麗門市","type":"連鎖型綠色商店","address":"235新北市中和區廣福路82號","number":"F001617","localcallservice":"02-27478711#3961"}},{"type":"Feature","geometry":{"type":"Point","coordinates":[121.54414792617,24.971998312963]},"properties":{"name":"7-11德正門市","type":"連鎖型綠色商店","address":"231新北市新店區德正街23巷1號","number":"F001268","localcallservice":"02-27478711#3961"}},{"type":"Feature","geometry":{"type":"Point","coordinates":[121.488028988935,24.951563987393]},"properties":{"name":"7-11德玉門市","type":"連鎖型綠色商店","address":"231新北市新店區安康路三段195號","number":"F000994","localcallservice":"02-27478711#3961"}},{"type":"Feature","geometry":{"type":"Point","coordinates":[121.465312019673,24.98021299717]},"properties":{"name":"7-11德城門市","type":"連鎖型綠色商店","address":"236新北市土城區明德路一段139.141號","number":"F001081","localcallservice":"02-27478711#3961"}},{"type":"Feature","geometry":{"type":"Point","coordinates":[121.49978100392,24.992087010756]},"properties":{"name":"7-11德偉門市","type":"連鎖型綠色商店","address":"235新北市中和區中興街134號","number":"F001481","localcallservice":"02-27478711#3961"}},{"type":"Feature","geometry":{"type":"Point","coordinates":[121.369129010182,25.070351983919]},"properties":{"name":"7-11德園門市","type":"連鎖型綠色商店","address":"244新北市林口區公園路129號","number":"F001361","localcallservice":"02-27478711#3961"}},{"type":"Feature","geometry":{"type":"Point","coordinates":[121.366619971286,25.067626985287]},"properties":{"name":"7-11德聖門市","type":"連鎖型綠色商店","address":"244新北市林口區公園路17號","number":"F001389","localcallservice":"02-27478711#3961"}},{"type":"Feature","geometry":{"type":"Point","coordinates":[121.462682616647,25.00288168667]},"properties":{"name":"7-11慶中門市","type":"連鎖型綠色商店","address":"220新北市板橋區重慶路159.161號","number":"F001663","localcallservice":"02-27478711#3961"}},{"type":"Feature","geometry":{"type":"Point","coordinates":[121.438125987276,24.97499299933]},"properties":{"name":"7-11慶祥門市","type":"連鎖型綠色商店","address":"236新北市土城區慶祥街2號","number":"F001279","localcallservice":"02-27478711#3961"}},{"type":"Feature","geometry":{"type":"Point","coordinates":[121.396663562114,24.970956987222]},"properties":{"name":"7-11慶斌門市","type":"連鎖型綠色商店","address":"238新北市樹林區中洲街51巷1號","number":"F001451","localcallservice":"02-27478711#3961"}},{"type":"Feature","geometry":{"type":"Point","coordinates":[121.416145032931,24.999769988935]},"properties":{"name":"7-11慶嶸門市","type":"連鎖型綠色商店","address":"238新北市樹林區保安街二段33號","number":"F001362","localcallservice":"02-27478711#3961"}},{"type":"Feature","geometry":{"type":"Point","coordinates":[121.642682981511,25.068015989413]},"properties":{"name":"7-11樟福門市","type":"連鎖型綠色商店","address":"221新北市汐止區樟樹一路268號之3.4","number":"F001140","localcallservice":"02-27478711#3961"}},{"type":"Feature","geometry":{"type":"Point","coordinates":[121.480114041586,25.018995979344]},"properties":{"name":"7-11樂福門市","type":"連鎖型綠色商店","address":"220新北市板橋區中山路二段316號","number":"F001533","localcallservice":"02-27478711#3961"}},{"type":"Feature","geometry":{"type":"Point","coordinates":[121.483454984372,25.000789018814]},"properties":{"name":"7-11樂鑫門市","type":"連鎖型綠色商店","address":"235新北市中和區新生街146號","number":"F001406","localcallservice":"02-27478711#3961"}},{"type":"Feature","geometry":{"type":"Point","coordinates":[121.378714470835,24.941939886167]},"properties":{"name":"7-11歐洲門市","type":"連鎖型綠色商店","address":"237新北市三峽區三樹路199號","number":"F001025","localcallservice":"02-27478711#3961"}},{"type":"Feature","geometry":{"type":"Point","coordinates":[121.516489992624,24.998610981274]},"properties":{"name":"7-11潭安門市","type":"連鎖型綠色商店","address":"234新北市永和區中正路167號.","number":"F001455","localcallservice":"02-27478711#3961"}},{"type":"Feature","geometry":{"type":"Point","coordinates":[121.655000020589,25.064024988126]},"properties":{"name":"7-11潤安門市","type":"連鎖型綠色商店","address":"221新北市汐止區龍安路32號","number":"F001568","localcallservice":"02-27478711#3961"}},{"type":"Feature","geometry":{"type":"Point","coordinates":[121.456096033312,25.012531017425]},"properties":{"name":"7-11緯中門市","type":"連鎖型綠色商店","address":"220新北市板橋區中正路21.23號","number":"F001308","localcallservice":"02-27478711#3961"}},{"type":"Feature","geometry":{"type":"Point","coordinates":[121.455449034206,24.987703987857]},"properties":{"name":"7-11學城門市","type":"連鎖型綠色商店","address":"236新北市土城區學府路一段118號","number":"F000483","localcallservice":"02-27478711#3961"}},{"type":"Feature","geometry":{"type":"Point","coordinates":[121.376434006438,24.944041019745]},"properties":{"name":"7-11學勤門市","type":"連鎖型綠色商店","address":"237新北市三峽區學勤路105號.大德路211號1樓","number":"F001237","localcallservice":"02-27478711#3961"}},{"type":"Feature","geometry":{"type":"Point","coordinates":[121.469383026226,25.083532987667]},"properties":{"name":"7-11憲金門市","type":"連鎖型綠色商店","address":"247新北市蘆洲區光華路22巷1號","number":"F001575","localcallservice":"02-27478711#3961"}},{"type":"Feature","geometry":{"type":"Point","coordinates":[121.477114662978,25.021301641429]},"properties":{"name":"7-11戰國門市","type":"連鎖型綠色商店","address":"220新北市板橋區永豐街173、175號","number":"F001554","localcallservice":"02-27478711#3961"}},{"type":"Feature","geometry":{"type":"Point","coordinates":[121.398401968832,24.935511008341]},"properties":{"name":"7-11橫溪門市","type":"連鎖型綠色商店","address":"237新北市三峽區溪北街109號","number":"F001030","localcallservice":"02-27478711#3961"}},{"type":"Feature","geometry":{"type":"Point","coordinates":[121.422213027916,24.982502011108]},"properties":{"name":"7-11樹中門市","type":"連鎖型綠色商店","address":"238新北市樹林區中華路117號","number":"F000996","localcallservice":"02-27478711#3961"}},{"type":"Feature","geometry":{"type":"Point","coordinates":[121.42128900691,24.99295499874]},"properties":{"name":"7-11樹仁門市","type":"連鎖型綠色商店","address":"238新北市樹林區復興路102號","number":"F001601","localcallservice":"02-27478711#3961"}},{"type":"Feature","geometry":{"type":"Point","coordinates":[121.412770981627,25.012769985484]},"properties":{"name":"7-11樹正門市","type":"連鎖型綠色商店","address":"238新北市樹林區中正路464號1F","number":"F001522","localcallservice":"02-27478711#3961"}},{"type":"Feature","geometry":{"type":"Point","coordinates":[121.413943106967,24.98641648562]},"properties":{"name":"7-11樹安門市","type":"連鎖型綠色商店","address":"238新北市樹林區大安路502號","number":"F001394","localcallservice":"02-27478711#3961"}},{"type":"Feature","geometry":{"type":"Point","coordinates":[121.424875036546,24.991212987803]},"properties":{"name":"7-11樹林(一)門市","type":"連鎖型綠色商店","address":"238新北市樹林區鎮前街112號","number":"F001625","localcallservice":"02-27478711#3961"}},{"type":"Feature","geometry":{"type":"Point","coordinates":[121.42723797887,24.993297986217]},"properties":{"name":"7-11樹林門市","type":"連鎖型綠色商店","address":"238新北市樹林區保安街1段3號","number":"F001228","localcallservice":"02-27478711#3961"}},{"type":"Feature","geometry":{"type":"Point","coordinates":[121.41245297222,25.009955007122]},"properties":{"name":"7-11樹保門市","type":"連鎖型綠色商店","address":"238新北市樹林區保安街二段357號","number":"F001074","localcallservice":"02-27478711#3961"}},{"type":"Feature","geometry":{"type":"Point","coordinates":[121.417773720537,24.980580292167]},"properties":{"name":"7-11樹英門市","type":"連鎖型綠色商店","address":"238新北市樹林區大同里中華路120號","number":"F001190","localcallservice":"02-27478711#3961"}},{"type":"Feature","geometry":{"type":"Point","coordinates":[121.416443009589,24.986794006539]},"properties":{"name":"7-11樹復門市","type":"連鎖型綠色商店","address":"238新北市樹林區復興路340號","number":"F001374","localcallservice":"02-27478711#3961"}},{"type":"Feature","geometry":{"type":"Point","coordinates":[121.392958006539,24.970622004462]},"properties":{"name":"7-11樹園門市","type":"連鎖型綠色商店","address":"238新北市樹林區佳園路一段52號1樓","number":"F000997","localcallservice":"02-27478711#3961"}},{"type":"Feature","geometry":{"type":"Point","coordinates":[121.431031041514,25.000861983281]},"properties":{"name":"7-11樹新門市","type":"連鎖型綠色商店","address":"238新北市樹林區樹新路245號","number":"F001358","localcallservice":"02-27478711#3961"}},{"type":"Feature","geometry":{"type":"Point","coordinates":[121.415657960538,24.980043012174]},"properties":{"name":"7-11樹樺門市","type":"連鎖型綠色商店","address":"238新北市樹林區中華路341之5.341之6號一樓","number":"F001272","localcallservice":"02-27478711#3961"}},{"type":"Feature","geometry":{"type":"Point","coordinates":[121.418964118426,25.006639419592]},"properties":{"name":"7-11樹龍門市","type":"連鎖型綠色商店","address":"238新北市樹林區中正路222號1樓","number":"F001313","localcallservice":"02-27478711#3961"}},{"type":"Feature","geometry":{"type":"Point","coordinates":[121.664221036092,25.072798996732]},"properties":{"name":"7-11橋東門市","type":"連鎖型綠色商店","address":"221新北市汐止區建成路30號","number":"F001605","localcallservice":"02-27478711#3961"}},{"type":"Feature","geometry":{"type":"Point","coordinates":[121.465608885885,25.01197063029]},"properties":{"name":"7-11縣政府門市","type":"連鎖型綠色商店","address":"220新北市板橋區中山路一段161號B1","number":"F001655","localcallservice":"02-27478711#3961"}},{"type":"Feature","geometry":{"type":"Point","coordinates":[121.471657036558,25.015898991849]},"properties":{"name":"7-11縣道門市","type":"連鎖型綠色商店","address":"220新北市板橋區觀光街92巷2號","number":"F001005","localcallservice":"02-27478711#3961"}},{"type":"Feature","geometry":{"type":"Point","coordinates":[121.496983040821,25.056362000786]},"properties":{"name":"7-11興光門市","type":"連鎖型綠色商店","address":"241新北市三重區大同南路220號","number":"F001122","localcallservice":"02-27478711#3961"}},{"type":"Feature","geometry":{"type":"Point","coordinates":[121.524197990785,24.991396006658]},"properties":{"name":"7-11興和門市","type":"連鎖型綠色商店","address":"235新北市中和區秀景里自立路193號","number":"F000545","localcallservice":"02-27478711#3961"}},{"type":"Feature","geometry":{"type":"Point","coordinates":[121.357709002382,25.076320988627]},"properties":{"name":"7-11興林門市","type":"連鎖型綠色商店","address":"244新北市林口區南勢村南勢街280號","number":"F001388","localcallservice":"02-27478711#3961"}},{"type":"Feature","geometry":{"type":"Point","coordinates":[121.453392770639,24.993864660363]},"properties":{"name":"7-11興板門市","type":"連鎖型綠色商店","address":"220新北市板橋區德興街22、24號","number":"F001660","localcallservice":"02-27478711#3961"}},{"type":"Feature","geometry":{"type":"Point","coordinates":[121.443140963764,25.045278987403]},"properties":{"name":"7-11興洲門市","type":"連鎖型綠色商店","address":"242新北市新莊區新泰路472號1樓","number":"F001085","localcallservice":"02-27478711#3961"}},{"type":"Feature","geometry":{"type":"Point","coordinates":[121.374269966676,25.076118984761]},"properties":{"name":"7-11興都門市","type":"連鎖型綠色商店","address":"244新北市林口區文化二路一段378號1樓之一.二.三","number":"F001623","localcallservice":"02-27478711#3961"}},{"type":"Feature","geometry":{"type":"Point","coordinates":[121.469164007096,25.056104005806]},"properties":{"name":"7-11興頂門市","type":"連鎖型綠色商店","address":"241新北市三重區中興北街177號","number":"F001393","localcallservice":"02-27478711#3961"}},{"type":"Feature","geometry":{"type":"Point","coordinates":[121.48658889415,25.060179790044]},"properties":{"name":"7-11興園門市","type":"連鎖型綠色商店","address":"241新北市三重區重陽路一段122號","number":"F001303","localcallservice":"02-27478711#3961"}},{"type":"Feature","geometry":{"type":"Point","coordinates":[121.505408026979,24.984560019795]},"properties":{"name":"7-11興榮門市","type":"連鎖型綠色商店","address":"235新北市中和區福南里21鄰興南路二段90號1樓","number":"F001600","localcallservice":"02-27478711#3961"}},{"type":"Feature","geometry":{"type":"Point","coordinates":[121.516227974331,25.010009992407]},"properties":{"name":"7-11豫溪門市","type":"連鎖型綠色商店","address":"234新北市永和區中正路704.706.708號","number":"F001271","localcallservice":"02-27478711#3961"}},{"type":"Feature","geometry":{"type":"Point","coordinates":[121.6722225,24.9818877]},"properties":{"name":"7-11錠富門市","type":"連鎖型綠色商店","address":"223新北市石碇區隆盛村雙溪58號","number":"F001493","localcallservice":"02-27478711#3961"}},{"type":"Feature","geometry":{"type":"Point","coordinates":[121.493325010637,24.990427016742]},"properties":{"name":"7-11錦盛門市","type":"連鎖型綠色商店","address":"235新北市中和區錦盛里圓通路335巷三弄21號","number":"F001048","localcallservice":"02-27478711#3961"}},{"type":"Feature","geometry":{"type":"Point","coordinates":[121.459647026593,25.04542898156]},"properties":{"name":"7-11錦興門市","type":"連鎖型綠色商店","address":"242新北市新莊區思源路181號","number":"F001232","localcallservice":"02-27478711#3961"}},{"type":"Feature","geometry":{"type":"Point","coordinates":[121.46489585818,25.059739782037]},"properties":{"name":"7-11頭前門市","type":"連鎖型綠色商店","address":"242新北市新莊區化成路429-4號","number":"F001010","localcallservice":"02-27478711#3961"}},{"type":"Feature","geometry":{"type":"Point","coordinates":[121.460066959942,25.007311983503]},"properties":{"name":"7-11館東門市","type":"連鎖型綠色商店","address":"220新北市板橋區館前東路17號","number":"F001620","localcallservice":"02-27478711#3961"}},{"type":"Feature","geometry":{"type":"Point","coordinates":[121.460490162233,25.007131018214]},"properties":{"name":"7-11館慶門市","type":"連鎖型綠色商店","address":"220新北市板橋區館前東路26號","number":"F001622","localcallservice":"02-27478711#3961"}},{"type":"Feature","geometry":{"type":"Point","coordinates":[121.449663006444,25.102304008371]},"properties":{"name":"7-11龍五門市","type":"連鎖型綠色商店","address":"248新北市五股區凌雲路一段136號","number":"F000969","localcallservice":"02-27478711#3961"}},{"type":"Feature","geometry":{"type":"Point","coordinates":[121.421419764599,25.019515196336]},"properties":{"name":"7-11龍安門市","type":"連鎖型綠色商店","address":"242新北市新莊區龍安路256號","number":"F001573","localcallservice":"02-27478711#3961"}},{"type":"Feature","geometry":{"type":"Point","coordinates":[121.51118894178,25.01612400404]},"properties":{"name":"7-11龍馬門市","type":"連鎖型綠色商店","address":"234新北市永和區文化路188號","number":"F001566","localcallservice":"02-27478711#3961"}},{"type":"Feature","geometry":{"type":"Point","coordinates":[121.473746980295,25.029100992265]},"properties":{"name":"7-11龍翠門市","type":"連鎖型綠色商店","address":"220新北市板橋區雙十路二段138-1之2號","number":"F001463","localcallservice":"02-27478711#3961"}},{"type":"Feature","geometry":{"type":"Point","coordinates":[121.403083429394,25.015851508368]},"properties":{"name":"7-11龍興門市","type":"連鎖型綠色商店","address":"238新北市樹林區三興里龍興街33號","number":"F001113","localcallservice":"02-27478711#3961"}},{"type":"Feature","geometry":{"type":"Point","coordinates":[121.502519706964,25.070064317002]},"properties":{"name":"7-11龍濱門市","type":"連鎖型綠色商店","address":"241新北市三重區河邊北街100巷32號.","number":"F000920","localcallservice":"02-27478711#3961"}},{"type":"Feature","geometry":{"type":"Point","coordinates":[121.456092009999,24.99179837992]},"properties":{"name":"7-11濬家門市","type":"連鎖型綠色商店","address":"236新北市土城區廣明街2號","number":"F001118","localcallservice":"02-27478711#3961"}},{"type":"Feature","geometry":{"type":"Point","coordinates":[121.475642969816,25.006021172086]},"properties":{"name":"7-11環冠門市","type":"連鎖型綠色商店","address":"235新北市中和區中山路3段122號B2","number":"F001527","localcallservice":"02-27478711#3961"}},{"type":"Feature","geometry":{"type":"Point","coordinates":[121.503054975301,25.062451998267]},"properties":{"name":"7-11環德門市","type":"連鎖型綠色商店","address":"241新北市三重區福德南路46.48號","number":"F001191","localcallservice":"02-27478711#3961"}},{"type":"Feature","geometry":{"type":"Point","coordinates":[121.507556979315,24.982467016663]},"properties":{"name":"7-11禧緻門市","type":"連鎖型綠色商店","address":"235新北市中和區華新街156號","number":"F001283","localcallservice":"02-27478711#3961"}},{"type":"Feature","geometry":{"type":"Point","coordinates":[121.640754976143,25.060921001742]},"properties":{"name":"7-11聯合報門市","type":"連鎖型綠色商店","address":"221新北市汐止區大同路一段369號1樓","number":"F001450","localcallservice":"02-27478711#3961"}},{"type":"Feature","geometry":{"type":"Point","coordinates":[121.522350032591,24.996798981445]},"properties":{"name":"7-11邁群門市","type":"連鎖型綠色商店","address":"234新北市永和區民生路42號","number":"F001551","localcallservice":"02-27478711#3961"}},{"type":"Feature","geometry":{"type":"Point","coordinates":[121.456272975288,25.160602994804]},"properties":{"name":"7-11霞關門市","type":"連鎖型綠色商店","address":"251新北市淡水區淡金路59-61號B1","number":"F001282","localcallservice":"02-27478711#3961"}},{"type":"Feature","geometry":{"type":"Point","coordinates":[121.458160998979,24.988601983054]},"properties":{"name":"7-11鴻成門市","type":"連鎖型綠色商店","address":"236新北市土城區埤林里學府路一段34號","number":"F000557","localcallservice":"02-27478711#3961"}},{"type":"Feature","geometry":{"type":"Point","coordinates":[121.458300976762,25.009036015258]},"properties":{"name":"7-11鴻府門市","type":"連鎖型綠色商店","address":"220新北市板橋區挹秀里府中路53號","number":"F001212","localcallservice":"02-27478711#3961"}},{"type":"Feature","geometry":{"type":"Point","coordinates":[121.48721393267,24.998236519749]},"properties":{"name":"7-11鴻陞門市","type":"連鎖型綠色商店","address":"235新北市中和區建八路28號","number":"F001194","localcallservice":"02-27478711#3961"}},{"type":"Feature","geometry":{"type":"Point","coordinates":[121.456969427623,25.024694709584]},"properties":{"name":"7-11糧驛門市","type":"連鎖型綠色商店","address":"220新北市板橋區德翠里龍泉街93號","number":"F001459","localcallservice":"02-27478711#3961"}},{"type":"Feature","geometry":{"type":"Point","coordinates":[121.482878896167,25.020817492633]},"properties":{"name":"7-11舊社門市","type":"連鎖型綠色商店","address":"220新北市板橋區中山路2段412號","number":"F001297","localcallservice":"02-27478711#3961"}},{"type":"Feature","geometry":{"type":"Point","coordinates":[121.502272021725,24.998745007906]},"properties":{"name":"7-11藍山門市","type":"連鎖型綠色商店","address":"235新北市中和區南山路41號.37巷2號","number":"F001042","localcallservice":"02-27478711#3961"}},{"type":"Feature","geometry":{"type":"Point","coordinates":[121.481991001164,25.023646007769]},"properties":{"name":"7-11豐成門市","type":"連鎖型綠色商店","address":"220新北市板橋區三民路1段31巷89弄18、20號","number":"F001130","localcallservice":"02-27478711#3961"}},{"type":"Feature","geometry":{"type":"Point","coordinates":[121.426917035797,24.925703385345]},"properties":{"name":"7-11豐康門市","type":"連鎖型綠色商店","address":"237新北市三峽區成福路241號","number":"F001458","localcallservice":"02-27478711#3961"}},{"type":"Feature","geometry":{"type":"Point","coordinates":[121.456880998545,24.995094982439]},"properties":{"name":"7-11鎮板橋門市","type":"連鎖型綠色商店","address":"220新北市板橋區信義路28號","number":"F000993","localcallservice":"02-27478711#3961"}},{"type":"Feature","geometry":{"type":"Point","coordinates":[121.545445025687,24.968827019897]},"properties":{"name":"7-11鎮鑫門市","type":"連鎖型綠色商店","address":"231新北市新店區中興路1段289號","number":"F000930","localcallservice":"02-27478711#3961"}},{"type":"Feature","geometry":{"type":"Point","coordinates":[121.536704041779,24.98023898107]},"properties":{"name":"7-11雙建門市","type":"連鎖型綠色商店","address":"231新北市新店區二十張路62號","number":"F000581","localcallservice":"02-27478711#3961"}},{"type":"Feature","geometry":{"type":"Point","coordinates":[121.444975175636,25.04204679981]},"properties":{"name":"7-11雙泰門市","type":"連鎖型綠色商店","address":"242新北市新莊區新泰路330號","number":"F001447","localcallservice":"02-27478711#3961"}},{"type":"Feature","geometry":{"type":"Point","coordinates":[121.864912380401,25.035820386855]},"properties":{"name":"7-11雙祥門市","type":"連鎖型綠色商店","address":"227新北市雙溪區雙溪村太平路65.67號","number":"F001075","localcallservice":"02-27478711#3961"}},{"type":"Feature","geometry":{"type":"Point","coordinates":[121.463235989894,25.081674007271]},"properties":{"name":"7-11雙華門市","type":"連鎖型綠色商店","address":"247新北市蘆洲區中華街8號","number":"F001299","localcallservice":"02-27478711#3961"}},{"type":"Feature","geometry":{"type":"Point","coordinates":[121.475207245123,25.025491641622]},"properties":{"name":"7-11雙源門市","type":"連鎖型綠色商店","address":"220新北市板橋區雙十路二段47巷30、32號","number":"F001606","localcallservice":"02-27478711#3961"}},{"type":"Feature","geometry":{"type":"Point","coordinates":[121.866209982832,25.03913899187]},"properties":{"name":"7-11雙溪門市","type":"連鎖型綠色商店","address":"227新北市雙溪區自強路7號","number":"F001072","localcallservice":"02-27478711#3961"}},{"type":"Feature","geometry":{"type":"Point","coordinates":[121.413500039565,25.028293018708]},"properties":{"name":"7-11雙鳳門市","type":"連鎖型綠色商店","address":"242新北市新莊區雙鳳路114號1樓","number":"F001405","localcallservice":"02-27478711#3961"}},{"type":"Feature","geometry":{"type":"Point","coordinates":[121.542704310987,24.976382802695]},"properties":{"name":"7-11雙鑫門市","type":"連鎖型綠色商店","address":"231新北市新店區北新路二段169號","number":"F001590","localcallservice":"02-27478711#3961"}},{"type":"Feature","geometry":{"type":"Point","coordinates":[121.480321996603,25.019681996209]},"properties":{"name":"7-11馥都門市","type":"連鎖型綠色商店","address":"220新北市板橋區中山路二段399.401號","number":"F001208","localcallservice":"02-27478711#3961"}},{"type":"Feature","geometry":{"type":"Point","coordinates":[121.425073017098,25.18411599341]},"properties":{"name":"7-11鯊魚門市","type":"連鎖型綠色商店","address":"251新北市淡水區沙崙路214號","number":"F000965","localcallservice":"02-27478711#3961"}},{"type":"Feature","geometry":{"type":"Point","coordinates":[121.478618039507,25.031068979311]},"properties":{"name":"7-11懷民門市","type":"連鎖型綠色商店","address":"220新北市板橋區民治街111號","number":"F001111","localcallservice":"02-27478711#3961"}},{"type":"Feature","geometry":{"type":"Point","coordinates":[121.480131978858,25.030350985485]},"properties":{"name":"7-11懷翠門市","type":"連鎖型綠色商店","address":"220新北市板橋區懷德街181巷23號","number":"F001398","localcallservice":"02-27478711#3961"}},{"type":"Feature","geometry":{"type":"Point","coordinates":[121.477341978567,25.032705001083]},"properties":{"name":"7-11懷德門市","type":"連鎖型綠色商店","address":"220新北市板橋區懷德街55.57號","number":"F000553","localcallservice":"02-27478711#3961"}},{"type":"Feature","geometry":{"type":"Point","coordinates":[121.444622213694,25.051584483614]},"properties":{"name":"7-11藝高門市","type":"連鎖型綠色商店","address":"242新北市新莊區中平路357號","number":"F001059","localcallservice":"02-27478711#3961"}},{"type":"Feature","geometry":{"type":"Point","coordinates":[121.444491372185,25.050322294724]},"properties":{"name":"7-11藝寶門市","type":"連鎖型綠色商店","address":"242新北市新莊區立信三街8號","number":"F001647","localcallservice":"02-27478711#3961"}},{"type":"Feature","geometry":{"type":"Point","coordinates":[121.379704038324,25.082241001112]},"properties":{"name":"7-11麗池門市","type":"連鎖型綠色商店","address":"244新北市林口區文化二路2段120號","number":"F001008","localcallservice":"02-27478711#3961"}},{"type":"Feature","geometry":{"type":"Point","coordinates":[121.527103996615,25.002802980599]},"properties":{"name":"7-11麗金門市","type":"連鎖型綠色商店","address":"234新北市永和區成功路一段91號","number":"F001351","localcallservice":"02-27478711#3961"}},{"type":"Feature","geometry":{"type":"Point","coordinates":[121.374241384386,25.071509692386]},"properties":{"name":"7-11麗園門市","type":"連鎖型綠色商店","address":"244新北市林口區文化一路一段118號","number":"F001585","localcallservice":"02-27478711#3961"}},{"type":"Feature","geometry":{"type":"Point","coordinates":[121.378677003728,25.0708020083]},"properties":{"name":"7-11麗興門市","type":"連鎖型綠色商店","address":"244新北市林口區麗園一街11巷1號1樓之2","number":"F000950","localcallservice":"02-27478711#3961"}},{"type":"Feature","geometry":{"type":"Point","coordinates":[121.541858996051,24.986878999037]},"properties":{"name":"7-11寶中門市","type":"連鎖型綠色商店","address":"231新北市新店區寶慶街66號","number":"F001368","localcallservice":"02-27478711#3961"}},{"type":"Feature","geometry":{"type":"Point","coordinates":[121.542747980702,24.973184016986]},"properties":{"name":"7-11寶新門市","type":"連鎖型綠色商店","address":"231新北市新店區北新路二段57號","number":"F001499","localcallservice":"02-27478711#3961"}},{"type":"Feature","geometry":{"type":"Point","coordinates":[121.461399011994,25.008912005]},"properties":{"name":"7-11耀心門市","type":"連鎖型綠色商店","address":"220新北市板橋區中山路一段50巷11號","number":"F001207","localcallservice":"02-27478711#3961"}},{"type":"Feature","geometry":{"type":"Point","coordinates":[121.475837929862,25.082722289992]},"properties":{"name":"7-11蘆三門市","type":"連鎖型綠色商店","address":"247新北市蘆洲區三民路28號","number":"F001514","localcallservice":"02-27478711#3961"}},{"type":"Feature","geometry":{"type":"Point","coordinates":[121.467420990331,25.08716599787]},"properties":{"name":"7-11蘆正門市","type":"連鎖型綠色商店","address":"247新北市蘆洲區中正路261號","number":"F001530","localcallservice":"02-27478711#3961"}},{"type":"Feature","geometry":{"type":"Point","coordinates":[121.467593992812,25.077212990763]},"properties":{"name":"7-11蘆永門市","type":"連鎖型綠色商店","address":"247新北市蘆洲區永安南路二段18號","number":"F001658","localcallservice":"02-27478711#3961"}},{"type":"Feature","geometry":{"type":"Point","coordinates":[121.464139978152,25.078900016415]},"properties":{"name":"7-11蘆安門市","type":"連鎖型綠色商店","address":"247新北市蘆洲區長安街11號","number":"F001449","localcallservice":"02-27478711#3961"}},{"type":"Feature","geometry":{"type":"Point","coordinates":[121.460247003222,25.084820992818]},"properties":{"name":"7-11蘆荻門市","type":"連鎖型綠色商店","address":"247新北市蘆洲區永康街1巷37號","number":"F000958","localcallservice":"02-27478711#3961"}},{"type":"Feature","geometry":{"type":"Point","coordinates":[121.474545021297,25.078906009476]},"properties":{"name":"7-11蘆揚門市","type":"連鎖型綠色商店","address":"247新北市蘆洲區民生街30號","number":"F001417","localcallservice":"02-27478711#3961"}},{"type":"Feature","geometry":{"type":"Point","coordinates":[121.459994959393,25.082114015278]},"properties":{"name":"7-11蘆華門市","type":"連鎖型綠色商店","address":"247新北市蘆洲區長安街205號","number":"F001465","localcallservice":"02-27478711#3961"}},{"type":"Feature","geometry":{"type":"Point","coordinates":[121.462931307714,25.08610811787]},"properties":{"name":"7-11蘆樂門市","type":"連鎖型綠色商店","address":"247新北市蘆洲區長樂路55號1樓","number":"F001386","localcallservice":"02-27478711#3961"}},{"type":"Feature","geometry":{"type":"Point","coordinates":[121.470479965895,25.080602003765]},"properties":{"name":"7-11蘆讚門市","type":"連鎖型綠色商店","address":"247新北市蘆洲區中山二路184號","number":"F001369","localcallservice":"02-27478711#3961"}},{"type":"Feature","geometry":{"type":"Point","coordinates":[121.4725900262,25.026711018303]},"properties":{"name":"7-11議會門市","type":"連鎖型綠色商店","address":"220新北市板橋區莊敬路60號","number":"F000549","localcallservice":"02-27478711#3961"}},{"type":"Feature","geometry":{"type":"Point","coordinates":[121.432990479019,25.013549795846]},"properties":{"name":"7-11儷新門市","type":"連鎖型綠色商店","address":"242新北市新莊區新樹路451號","number":"F001162","localcallservice":"02-27478711#3961"}},{"type":"Feature","geometry":{"type":"Point","coordinates":[121.348912027361,24.954275994075]},"properties":{"name":"7-11鶯育門市","type":"連鎖型綠色商店","address":"239新北市鶯歌區南雅路35號","number":"F001327","localcallservice":"02-27478711#3961"}},{"type":"Feature","geometry":{"type":"Point","coordinates":[121.325973021484,24.971931006281]},"properties":{"name":"7-11鶯桃門市","type":"連鎖型綠色商店","address":"239新北市鶯歌區鶯桃路二段7號","number":"F001540","localcallservice":"02-27478711#3961"}},{"type":"Feature","geometry":{"type":"Point","coordinates":[121.347461958112,24.951160985488]},"properties":{"name":"7-11鶯瓷門市","type":"連鎖型綠色商店","address":"239新北市鶯歌區尖山埔路100.102號","number":"F001559","localcallservice":"02-27478711#3961"}},{"type":"Feature","geometry":{"type":"Point","coordinates":[121.350931982208,24.953683016335]},"properties":{"name":"7-11鶯歌門市","type":"連鎖型綠色商店","address":"239新北市鶯歌區國慶街139號","number":"F001124","localcallservice":"02-27478711#3961"}},{"type":"Feature","geometry":{"type":"Point","coordinates":[121.460201992402,25.092161989348]},"properties":{"name":"7-11鷺江門市","type":"連鎖型綠色商店","address":"247新北市蘆洲區長榮路679號1樓","number":"F001051","localcallservice":"02-27478711#3961"}},{"type":"Feature","geometry":{"type":"Point","coordinates":[121.444545016365,24.987481993152]},"properties":{"name":"7-11鑫城門市","type":"連鎖型綠色商店","address":"236新北市土城區中華路1段94號","number":"F001071","localcallservice":"02-27478711#3961"}},{"type":"Feature","geometry":{"type":"Point","coordinates":[121.635272037999,25.010752000385]},"properties":{"name":"7-11鑫庫門市","type":"連鎖型綠色商店","address":"222新北市深坑區北深路一段118.120號","number":"F001454","localcallservice":"02-27478711#3961"}},{"type":"Feature","geometry":{"type":"Point","coordinates":[121.486818474478,25.072467911557]},"properties":{"name":"7-11鑫強門市","type":"連鎖型綠色商店","address":"241新北市三重區自強路三段30.32號","number":"F001335","localcallservice":"02-27478711#3961"}},{"type":"Feature","geometry":{"type":"Point","coordinates":[121.535583968058,24.982676983337]},"properties":{"name":"7-11鑫權門市","type":"連鎖型綠色商店","address":"231新北市新店區民權路125號","number":"F000990","localcallservice":"02-27478711#3961"}},{"type":"Feature","geometry":{"type":"Point","coordinates":[121.451334022661,25.174073006573]},"properties":{"name":"7-11鑫鑫門市","type":"連鎖型綠色商店","address":"251新北市淡水區水源街2段76號","number":"F001185","localcallservice":"02-27478711#3961"}},{"type":"Feature","geometry":{"type":"Point","coordinates":[121.389173409617,25.080750908275]},"properties":{"name":"7-11觀林門市","type":"連鎖型綠色商店","address":"244新北市林口區林口路78.80號","number":"F001469","localcallservice":"02-27478711#3961"}},{"type":"Feature","geometry":{"type":"Point","coordinates":[121.441906979979,25.003174005543]},"properties":{"name":"7-11觀泰門市","type":"連鎖型綠色商店","address":"220新北市板橋區大觀路2段174巷166弄2.4號","number":"F001588","localcallservice":"02-27478711#3961"}},{"type":"Feature","geometry":{"type":"Point","coordinates":[121.453035968101,25.125668018649]},"properties":{"name":"7-11觀海門市","type":"連鎖型綠色商店","address":"249新北市八里區龍米路一段140號","number":"F001239","localcallservice":"02-27478711#3961"}},{"type":"Feature","geometry":{"type":"Point","coordinates":[121.427830998519,25.161621982773]},"properties":{"name":"7-11觀景門市","type":"連鎖型綠色商店","address":"249新北市八里區觀海大道61.63號","number":"F001322","localcallservice":"02-27478711#3961"}},{"type":"Feature","geometry":{"type":"Point","coordinates":[121.443068963216,25.000200986397]},"properties":{"name":"7-11觀龍門市","type":"連鎖型綠色商店","address":"220新北市板橋區龍興街24號","number":"F000924","localcallservice":"02-27478711#3961"}},{"type":"Feature","geometry":{"type":"Point","coordinates":[121.497109020826,25.001132006292]},"properties":{"name":"一俐車業有限公司","type":"連鎖型綠色商店","address":"235新北市中和區景平路670號","number":"F002054","localcallservice":"22405252"}},{"type":"Feature","geometry":{"type":"Point","coordinates":[121.524788998777,25.004777002616]},"properties":{"name":"一楓車業有限公司","type":"連鎖型綠色商店","address":"234新北市永和區林森路48巷2號","number":"F002095","localcallservice":"29239582"}},{"type":"Feature","geometry":{"type":"Point","coordinates":[121.467938991947,24.99756299192]},"properties":{"name":"力昌機車行","type":"連鎖型綠色商店","address":"235新北市中和區民德路236號","number":"F002129","localcallservice":"29531099"}},{"type":"Feature","geometry":{"type":"Point","coordinates":[121.443244983183,24.98198941582]},"properties":{"name":"力溢車業有限公司","type":"連鎖型綠色商店","address":"236新北市土城區中央路一段302號","number":"F002157","localcallservice":"22616577"}},{"type":"Feature","geometry":{"type":"Point","coordinates":[121.512300968874,24.993265003428]},"properties":{"name":"久川車業有限公司","type":"連鎖型綠色商店","address":"235新北市中和區安樂路68號","number":"F002070","localcallservice":"29428322"}},{"type":"Feature","geometry":{"type":"Point","coordinates":[121.496570902642,25.066181400356]},"properties":{"name":"大同綜合訊電股份有限公司-大同3C_三重正義門市","type":"連鎖型綠色商店","address":"241新北市三重區正義北路150號","number":"F001972","localcallservice":"02-29836377"}},{"type":"Feature","geometry":{"type":"Point","coordinates":[121.372808581857,24.936207209218]},"properties":{"name":"大同綜合訊電股份有限公司-大同3C_三峽門市","type":"連鎖型綠色商店","address":"237新北市三峽區文化路48號","number":"F001959","localcallservice":"02-26711210"}},{"type":"Feature","geometry":{"type":"Point","coordinates":[121.44186188534,24.976146307297]},"properties":{"name":"大同綜合訊電股份有限公司-大同3C_土城中央門市","type":"連鎖型綠色商店","address":"236新北市土城區中央路二段186號","number":"F001974","localcallservice":"02-22602344"}},{"type":"Feature","geometry":{"type":"Point","coordinates":[121.504730014831,24.99952201033]},"properties":{"name":"大同綜合訊電股份有限公司-大同3C_中和雙和門市","type":"連鎖型綠色商店","address":"235新北市中和區中和路176號","number":"F002328","localcallservice":"02-22451320"}},{"type":"Feature","geometry":{"type":"Point","coordinates":[121.512783012126,25.010483989031]},"properties":{"name":"大同綜合訊電股份有限公司-大同3C_永和中山門市","type":"連鎖型綠色商店","address":"234新北市永和區中山路一段65號","number":"F001954","localcallservice":"02-29213392"}},{"type":"Feature","geometry":{"type":"Point","coordinates":[121.517360034174,24.999240001198]},"properties":{"name":"大同綜合訊電股份有限公司-大同3C_永和中正門市","type":"連鎖型綠色商店","address":"234新北市永和區中正路306號","number":"F001981","localcallservice":"0930255170"}},{"type":"Feature","geometry":{"type":"Point","coordinates":[121.661006492405,25.06870020417]},"properties":{"name":"大同綜合訊電股份有限公司-大同3C_汐止大同門市","type":"連鎖型綠色商店","address":"221新北市汐止區大同路二段497號","number":"F001977","localcallservice":"02-26412423"}},{"type":"Feature","geometry":{"type":"Point","coordinates":[121.633655001239,25.064588000562]},"properties":{"name":"大同綜合訊電股份有限公司-大同3C_汐止福德門市","type":"連鎖型綠色商店","address":"221新北市汐止區福德一路249號","number":"F001975","localcallservice":"02-86934966"}},{"type":"Feature","geometry":{"type":"Point","coordinates":[121.456687041305,25.016924014789]},"properties":{"name":"大同綜合訊電股份有限公司-大同3C_板橋中正門市","type":"連鎖型綠色商店","address":"220新北市板橋區中正路162號","number":"F001958","localcallservice":"02-22710873"}},{"type":"Feature","geometry":{"type":"Point","coordinates":[121.461203378374,24.996095194945]},"properties":{"name":"大同綜合訊電股份有限公司-大同3C_板橋國慶門市","type":"連鎖型綠色商店","address":"220新北市板橋區國慶路143號","number":"F001979","localcallservice":"02-29512903"}},{"type":"Feature","geometry":{"type":"Point","coordinates":[121.429219963695,25.052634987539]},"properties":{"name":"大同綜合訊電股份有限公司-大同3C_泰山門市","type":"連鎖型綠色商店","address":"243新北市泰山區明志路二段59號","number":"F001960","localcallservice":"02-29098442"}},{"type":"Feature","geometry":{"type":"Point","coordinates":[121.536574038461,24.974837012112]},"properties":{"name":"大同綜合訊電股份有限公司-大同3C_新店中正門市","type":"連鎖型綠色商店","address":"231新北市新店區中正路309號","number":"F001971","localcallservice":"02-29154814"}},{"type":"Feature","geometry":{"type":"Point","coordinates":[121.445323024618,25.040940011405]},"properties":{"name":"大同綜合訊電股份有限公司-大同3C_新莊新泰門市","type":"連鎖型綠色商店","address":"242新北市新莊區新泰路303號","number":"F001973","localcallservice":"02-29938989"}},{"type":"Feature","geometry":{"type":"Point","coordinates":[121.42458200521,25.024274985783]},"properties":{"name":"大同綜合訊電股份有限公司-大同3C_新莊鴻金寶門市","type":"連鎖型綠色商店","address":"242新北市新莊區富國路188號","number":"F001956","localcallservice":"02-22067657"}},{"type":"Feature","geometry":{"type":"Point","coordinates":[121.425965186873,24.99297490576]},"properties":{"name":"大同綜合訊電股份有限公司-大同3C_樹林門市","type":"連鎖型綠色商店","address":"238新北市樹林區鎮前街32號","number":"F001970","localcallservice":"02-26812538"}},{"type":"Feature","geometry":{"type":"Point","coordinates":[121.464635910494,25.08195011537]},"properties":{"name":"大同綜合訊電股份有限公司-大同3C_蘆洲光華門市","type":"連鎖型綠色商店","address":"247新北市蘆洲區光華路188、190號","number":"F001965","localcallservice":"02-22810868"}},{"type":"Feature","geometry":{"type":"Point","coordinates":[121.516453196069,24.992377192244]},"properties":{"name":"大潤發流通事業股分有限公司中和分公司景平店","type":"連鎖型綠色商店","address":"235新北市中和區景平路182號地下1樓","number":"F000015","localcallservice":"02-29436000#501"}},{"type":"Feature","geometry":{"type":"Point","coordinates":[121.433359930802,24.964461439228]},"properties":{"name":"大潤發流通事業股份有限公司土城分公司","type":"連鎖型綠色商店","address":"236新北市土城區永安街25號","number":"F001999","localcallservice":"02-22674750"}},{"type":"Feature","geometry":{"type":"Point","coordinates":[121.537136674629,24.961960880973]},"properties":{"name":"大潤發流通事業股份有限公司新店分公司","type":"連鎖型綠色商店","address":"231新北市新店區環河路22號B1","number":"F000010","localcallservice":"02-89122188#501"}},{"type":"Feature","geometry":{"type":"Point","coordinates":[121.516906977626,25.006825466035]},"properties":{"name":"大鑫車業有限公司","type":"連鎖型綠色商店","address":"234新北市永和區中正路40號","number":"F002093","localcallservice":"29468888"}},{"type":"Feature","geometry":{"type":"Point","coordinates":[121.505959975303,24.997088995295]},"properties":{"name":"川吉機車行","type":"連鎖型綠色商店","address":"235新北市中和區景新街133號","number":"F002111","localcallservice":"22402909"}},{"type":"Feature","geometry":{"type":"Point","coordinates":[121.499877395807,25.002021116671]},"properties":{"name":"中和地區農會超市","type":"連鎖型綠色商店","address":"235新北市中和區中和路25號","number":"F000249","localcallservice":"02-22491000"}},{"type":"Feature","geometry":{"type":"Point","coordinates":[121.494482719104,25.061571688886]},"properties":{"name":"中華電信股份有限公司（股）新北營運處三重服務中心","type":"連鎖型綠色商店","address":"241新北市三重區重新路三段27號","number":"F002254","localcallservice":"02-23445862"}},{"type":"Feature","geometry":{"type":"Point","coordinates":[121.410014128936,25.157059559588]},"properties":{"name":"中華電信股份有限公司台北營運處八里服務中心","type":"連鎖型綠色商店","address":"249新北市八里區中山路二段356巷12號","number":"F002238","localcallservice":"02-23445862"}},{"type":"Feature","geometry":{"type":"Point","coordinates":[121.500101611717,25.257966008623]},"properties":{"name":"中華電信股份有限公司台北營運處三芝服務中心","type":"連鎖型綠色商店","address":"252新北市三芝區公正街1號","number":"F002234","localcallservice":"02-23445862"}},{"type":"Feature","geometry":{"type":"Point","coordinates":[121.539731166111,24.983061503145]},"properties":{"name":"中華電信股份有限公司台北營運處大坪林服務中心","type":"連鎖型綠色商店","address":"231新北市新店區民權路48號","number":"F002273","localcallservice":"02-23445862"}},{"type":"Feature","geometry":{"type":"Point","coordinates":[121.568182782069,25.292453810243]},"properties":{"name":"中華電信股份有限公司台北營運處石門洞服務中心","type":"連鎖型綠色商店","address":"253新北市石門區中央路32號","number":"F002233","localcallservice":"02-23445862"}},{"type":"Feature","geometry":{"type":"Point","coordinates":[121.498879111139,24.9554744805]},"properties":{"name":"中華電信股份有限公司台北營運處安康服務中心","type":"連鎖型綠色商店","address":"231新北市新店區安康路二段337號","number":"F002270","localcallservice":"02-23445862"}},{"type":"Feature","geometry":{"type":"Point","coordinates":[121.46011297659,25.136022016004]},"properties":{"name":"中華電信股份有限公司台北營運處竹圍服務中心","type":"連鎖型綠色商店","address":"251新北市淡水區民權路157號","number":"F002235","localcallservice":"02-23445862"}},{"type":"Feature","geometry":{"type":"Point","coordinates":[121.446695309806,25.168035479806]},"properties":{"name":"中華電信股份有限公司台北營運處淡水服務中心","type":"連鎖型綠色商店","address":"251新北市淡水區中正東路51號","number":"F002236","localcallservice":"02-23445862"}},{"type":"Feature","geometry":{"type":"Point","coordinates":[121.446695309806,25.168035479806]},"properties":{"name":"中華電信股份有限公司台北營運處淡水捷運服務中心","type":"連鎖型綠色商店","address":"251新北市淡水區中正東路51號","number":"F002237","localcallservice":"02-23445862"}},{"type":"Feature","geometry":{"type":"Point","coordinates":[121.444002120497,25.185352701314]},"properties":{"name":"中華電信股份有限公司台北營運處淡水新市服務中心","type":"連鎖型綠色商店","address":"251新北市淡水區中山北路二段191號","number":"F002329","localcallservice":"0800-080-123"}},{"type":"Feature","geometry":{"type":"Point","coordinates":[121.615707334883,25.002388914582]},"properties":{"name":"中華電信股份有限公司台北營運處深坑服務中心","type":"連鎖型綠色商店","address":"222新北市深坑區深坑街14號","number":"F002278","localcallservice":"02-23445862"}},{"type":"Feature","geometry":{"type":"Point","coordinates":[121.539731166111,24.983061503145]},"properties":{"name":"中華電信股份有限公司台北營運處新店服務中心","type":"連鎖型綠色商店","address":"231新北市新店區民權路48號","number":"F002272","localcallservice":"02-23445862"}},{"type":"Feature","geometry":{"type":"Point","coordinates":[121.659319299115,25.063531587396]},"properties":{"name":"中華電信股份有限公司基隆營運處汐止服務中心","type":"連鎖型綠色商店","address":"221新北市汐止區仁愛路12號","number":"F002279","localcallservice":"02-23445862"}},{"type":"Feature","geometry":{"type":"Point","coordinates":[121.632529982195,25.064110986453]},"properties":{"name":"中華電信股份有限公司基隆營運處汐止福德服務中心","type":"連鎖型綠色商店","address":"221新北市汐止區福德一路264號","number":"F002311","localcallservice":"0800-080-123"}},{"type":"Feature","geometry":{"type":"Point","coordinates":[121.806062367654,25.10733981389]},"properties":{"name":"中華電信股份有限公司基隆營運處金山服務中心","type":"連鎖型綠色商店","address":"224新北市瑞芳區中正路65號2樓","number":"F002277","localcallservice":"02-23445862"}},{"type":"Feature","geometry":{"type":"Point","coordinates":[121.66395801197,25.068253993554]},"properties":{"name":"中華電信股份有限公司基隆營運處站前服務中心","type":"連鎖型綠色商店","address":"221新北市汐止區忠孝東路286號","number":"F002310","localcallservice":"0800-080-123"}},{"type":"Feature","geometry":{"type":"Point","coordinates":[121.905484037737,25.020905206418]},"properties":{"name":"中華電信股份有限公司基隆營運處貢寮服務中心","type":"連鎖型綠色商店","address":"228新北市貢寮區長泰路18號","number":"F002274","localcallservice":"02-23445862"}},{"type":"Feature","geometry":{"type":"Point","coordinates":[121.806062367654,25.10733981389]},"properties":{"name":"中華電信股份有限公司基隆營運處瑞芳服務中心","type":"連鎖型綠色商店","address":"224新北市瑞芳區中正路65號2樓","number":"F002276","localcallservice":"02-23445862"}},{"type":"Feature","geometry":{"type":"Point","coordinates":[121.6780014,25.1919422]},"properties":{"name":"中華電信股份有限公司基隆營運處萬里服務中心","type":"連鎖型綠色商店","address":"207新北市萬里區瑪鍊路16號","number":"F002288","localcallservice":"02-23445862"}},{"type":"Feature","geometry":{"type":"Point","coordinates":[121.865835982312,25.038991009369]},"properties":{"name":"中華電信股份有限公司基隆營運處雙溪服務中心","type":"連鎖型綠色商店","address":"227新北市雙溪區中華路107號","number":"F002275","localcallservice":"02-23445862"}},{"type":"Feature","geometry":{"type":"Point","coordinates":[121.497819973853,25.063058009866]},"properties":{"name":"中華電信股份有限公司新北營運處三重正義服務中心","type":"連鎖型綠色商店","address":"241新北市三重區正義北路15-3號","number":"F002253","localcallservice":"02-23445862"}},{"type":"Feature","geometry":{"type":"Point","coordinates":[121.36976201151,24.933937012653]},"properties":{"name":"中華電信股份有限公司新北營運處三峽服務中心","type":"連鎖型綠色商店","address":"237新北市三峽區民權街36號","number":"F002259","localcallservice":"02-23445862"}},{"type":"Feature","geometry":{"type":"Point","coordinates":[121.370802373332,24.938563194563]},"properties":{"name":"中華電信股份有限公司新北營運處三峽復興服務中心","type":"連鎖型綠色商店","address":"237新北市三峽區復興路172號","number":"F002258","localcallservice":"02-23445862"}},{"type":"Feature","geometry":{"type":"Point","coordinates":[121.458841022783,24.985264979762]},"properties":{"name":"中華電信股份有限公司新北營運處土城服務中心","type":"連鎖型綠色商店","address":"236新北市土城區青雲路136號","number":"F002262","localcallservice":"02-23445862"}},{"type":"Feature","geometry":{"type":"Point","coordinates":[121.503743297189,24.999614881817]},"properties":{"name":"中華電信股份有限公司新北營運處中和南山服務中心","type":"連鎖型綠色商店","address":"235新北市中和區中和路138號","number":"F002290","localcallservice":"02-23445862"}},{"type":"Feature","geometry":{"type":"Point","coordinates":[121.441975963042,25.088202001102]},"properties":{"name":"中華電信股份有限公司新北營運處五股服務中心","type":"連鎖型綠色商店","address":"248新北市五股區成泰路三段18號","number":"F002239","localcallservice":"02-23445862"}},{"type":"Feature","geometry":{"type":"Point","coordinates":[121.372832218824,24.946412888796]},"properties":{"name":"中華電信股份有限公司新北營運處北大服務中心","type":"連鎖型綠色商店","address":"237新北市三峽區大學路168號","number":"F002260","localcallservice":"02-23445862"}},{"type":"Feature","geometry":{"type":"Point","coordinates":[121.517548291719,25.000682191458]},"properties":{"name":"中華電信股份有限公司新北營運處永和中正服務中心","type":"連鎖型綠色商店","address":"234新北市永和區中正路261號","number":"F002267","localcallservice":"02-23445862"}},{"type":"Feature","geometry":{"type":"Point","coordinates":[121.51945701871,25.008620985322]},"properties":{"name":"中華電信股份有限公司新北營運處永和服務中心","type":"連鎖型綠色商店","address":"234新北市永和區國光路8號","number":"F002268","localcallservice":"02-23445862"}},{"type":"Feature","geometry":{"type":"Point","coordinates":[121.475415901037,25.028203499982]},"properties":{"name":"中華電信股份有限公司新北營運處江翠服務中心","type":"連鎖型綠色商店","address":"220新北市板橋區雙十路二段70巷2號","number":"F002286","localcallservice":"02-23445862"}},{"type":"Feature","geometry":{"type":"Point","coordinates":[121.459375033835,25.009954001293]},"properties":{"name":"中華電信股份有限公司新北營運處府中服務中心","type":"連鎖型綠色商店","address":"220新北市板橋區府後街1號","number":"F002282","localcallservice":"02-23445862"}},{"type":"Feature","geometry":{"type":"Point","coordinates":[121.424862966605,25.039670991264]},"properties":{"name":"中華電信股份有限公司新北營運處明志服務中心","type":"連鎖型綠色商店","address":"243新北市泰山區明志路三段155號","number":"F002245","localcallservice":"02-23445862"}},{"type":"Feature","geometry":{"type":"Point","coordinates":[121.369134039324,25.071432997972]},"properties":{"name":"中華電信股份有限公司新北營運處林口忠孝服務中心","type":"連鎖型綠色商店","address":"244新北市林口區忠孝路370號1樓","number":"F002243","localcallservice":"02-23445862"}},{"type":"Feature","geometry":{"type":"Point","coordinates":[121.384806438063,25.080021179784]},"properties":{"name":"中華電信股份有限公司新北營運處林口服務中心","type":"連鎖型綠色商店","address":"244新北市林口區中山路262號","number":"F002244","localcallservice":"02-23445862"}},{"type":"Feature","geometry":{"type":"Point","coordinates":[121.479248693902,25.014429099399]},"properties":{"name":"中華電信股份有限公司新北營運處板橋三民服務中心","type":"連鎖型綠色商店","address":"220新北市板橋區三民路2段171號","number":"F002280","localcallservice":"02-23445862"}},{"type":"Feature","geometry":{"type":"Point","coordinates":[121.463816017594,25.027368997702]},"properties":{"name":"中華電信股份有限公司新北營運處板橋四維服務中心","type":"連鎖型綠色商店","address":"220新北市板橋區四維路229號","number":"F002284","localcallservice":"02-23445862"}},{"type":"Feature","geometry":{"type":"Point","coordinates":[121.465183022183,25.008471284531]},"properties":{"name":"中華電信股份有限公司新北營運處板橋服務中心","type":"連鎖型綠色商店","address":"220新北市板橋區民族路166號","number":"F002287","localcallservice":"02-23445862"}},{"type":"Feature","geometry":{"type":"Point","coordinates":[121.469116939882,25.025261114188]},"properties":{"name":"中華電信股份有限公司新北營運處板橋新埔服務中心","type":"連鎖型綠色商店","address":"220新北市板橋區文化路二段51 號","number":"F002285","localcallservice":"02-23445862"}},{"type":"Feature","geometry":{"type":"Point","coordinates":[121.513324985985,24.992209009357]},"properties":{"name":"中華電信股份有限公司新北營運處南勢角服務中心","type":"連鎖型綠色商店","address":"235新北市中和區景平路155號","number":"F002264","localcallservice":"02-23445862"}},{"type":"Feature","geometry":{"type":"Point","coordinates":[121.423990997218,25.024533986591]},"properties":{"name":"中華電信股份有限公司新北營運處後港服務中心","type":"連鎖型綠色商店","address":"242新北市新莊區四維路7號","number":"F002248","localcallservice":"02-23445862"}},{"type":"Feature","geometry":{"type":"Point","coordinates":[121.433176976365,25.062260094593]},"properties":{"name":"中華電信股份有限公司新北營運處泰明服務中心","type":"連鎖型綠色商店","address":"243新北市泰山區明志路一段167號1樓","number":"F002246","localcallservice":"02-23445862"}},{"type":"Feature","geometry":{"type":"Point","coordinates":[121.449687984516,24.987632993137]},"properties":{"name":"中華電信股份有限公司新北營運處海山捷運服務中心","type":"連鎖型綠色商店","address":"236新北市土城區裕民路73號","number":"F002261","localcallservice":"02-23445862"}},{"type":"Feature","geometry":{"type":"Point","coordinates":[121.496712975901,25.000508979429]},"properties":{"name":"中華電信股份有限公司新北營運處連城服務中心","type":"連鎖型綠色商店","address":"235新北市中和區連城路94號","number":"F002265","localcallservice":"02-23445862"}},{"type":"Feature","geometry":{"type":"Point","coordinates":[121.505290009782,24.993686990344]},"properties":{"name":"中華電信股份有限公司新北營運處景安捷運服務中心","type":"連鎖型綠色商店","address":"235新北市中和區景平路476號","number":"F002263","localcallservice":"02-23445862"}},{"type":"Feature","geometry":{"type":"Point","coordinates":[121.481072931309,25.084437814115]},"properties":{"name":"中華電信股份有限公司新北營運處集賢服務中心","type":"連鎖型綠色商店","address":"247新北市蘆洲區集賢路338號1樓","number":"F002242","localcallservice":"02-23445862"}},{"type":"Feature","geometry":{"type":"Point","coordinates":[121.444618860932,25.052213713085]},"properties":{"name":"中華電信股份有限公司新北營運處新莊中平服務中心","type":"連鎖型綠色商店","address":"242新北市新莊區中平路369號","number":"F002250","localcallservice":"02-23445862"}},{"type":"Feature","geometry":{"type":"Point","coordinates":[121.425870974281,25.022664989821]},"properties":{"name":"中華電信股份有限公司新北營運處新莊民安服務中心","type":"連鎖型綠色商店","address":"242新北市新莊區民安路214號1樓","number":"F002247","localcallservice":"02-23445862"}},{"type":"Feature","geometry":{"type":"Point","coordinates":[121.451717997646,25.049258002569]},"properties":{"name":"中華電信股份有限公司新北營運處新莊幸福服務中心","type":"連鎖型綠色商店","address":"242新北市新莊區幸福路612號1樓","number":"F002289","localcallservice":"02-23445862"}},{"type":"Feature","geometry":{"type":"Point","coordinates":[121.451829979872,25.038897886425]},"properties":{"name":"中華電信股份有限公司新北營運處新莊服務中心","type":"連鎖型綠色商店","address":"242新北市新莊區中華路一段57號","number":"F002251","localcallservice":"02-23445862"}},{"type":"Feature","geometry":{"type":"Point","coordinates":[121.512911003788,25.006770009644]},"properties":{"name":"中華電信股份有限公司新北營運處樂華夜市服務中心","type":"連鎖型綠色商店","address":"234新北市永和區永和路一段57號","number":"F002269","localcallservice":"02-23445862"}},{"type":"Feature","geometry":{"type":"Point","coordinates":[121.426520990872,24.994093009734]},"properties":{"name":"中華電信股份有限公司新北營運處樹林中華服務中心","type":"連鎖型綠色商店","address":"238新北市樹林區樹新路15號","number":"F002257","localcallservice":"02-23445862"}},{"type":"Feature","geometry":{"type":"Point","coordinates":[121.416846598227,24.980396602759]},"properties":{"name":"中華電信股份有限公司新北營運處樹林服務中心","type":"連鎖型綠色商店","address":"238新北市樹林區中華路144號","number":"F002256","localcallservice":"02-23445862"}},{"type":"Feature","geometry":{"type":"Point","coordinates":[121.474554157974,25.005975765783]},"properties":{"name":"中華電信股份有限公司新北營運處環球服務中心","type":"連鎖型綠色商店","address":"235新北市中和區中山路三段117 號","number":"F002266","localcallservice":"02-23445862"}},{"type":"Feature","geometry":{"type":"Point","coordinates":[121.462198980833,25.080577989612]},"properties":{"name":"中華電信股份有限公司新北營運處蘆洲中華服務中心","type":"連鎖型綠色商店","address":"247新北市蘆洲區中華街73號1樓","number":"F002241","localcallservice":"02-23445862"}},{"type":"Feature","geometry":{"type":"Point","coordinates":[121.462198980833,25.080577989612]},"properties":{"name":"中華電信股份有限公司新北營運處蘆洲服務中心","type":"連鎖型綠色商店","address":"247新北市蘆洲區中華街73號1樓","number":"F002240","localcallservice":"02-23445862"}},{"type":"Feature","geometry":{"type":"Point","coordinates":[121.350600980851,24.954827984308]},"properties":{"name":"中華電信股份有限公司新北營運處鶯歌服務中心","type":"連鎖型綠色商店","address":"239新北市鶯歌區國慶街93號","number":"F002255","localcallservice":"02-23445862"}},{"type":"Feature","geometry":{"type":"Point","coordinates":[121.52617301863,24.994196987243]},"properties":{"name":"元宏機車行","type":"連鎖型綠色商店","address":"235新北市中和區秀朗路3段74-3號","number":"F002112","localcallservice":"29481535"}},{"type":"Feature","geometry":{"type":"Point","coordinates":[121.455462026156,24.981966281767]},"properties":{"name":"元泓機車行","type":"連鎖型綠色商店","address":"236新北市土城區裕民路282號","number":"F002135","localcallservice":"22730268"}},{"type":"Feature","geometry":{"type":"Point","coordinates":[121.453799978576,25.010301012085]},"properties":{"name":"日日興車業行","type":"連鎖型綠色商店","address":"220新北市板橋區林園街40號","number":"F002147","localcallservice":"29660591"}},{"type":"Feature","geometry":{"type":"Point","coordinates":[121.51371499594,24.988682994148]},"properties":{"name":"世昌車業行","type":"連鎖型綠色商店","address":"235新北市中和區景新街467巷15弄1號1樓","number":"F002091","localcallservice":"86682975"}},{"type":"Feature","geometry":{"type":"Point","coordinates":[121.505427975909,24.993260980115]},"properties":{"name":"世揚車業有限公司","type":"連鎖型綠色商店","address":"235新北市中和區景平路337號","number":"F002067","localcallservice":"29424490"}},{"type":"Feature","geometry":{"type":"Point","coordinates":[121.443191087545,24.981099802526]},"properties":{"name":"世煇車業有限公司","type":"連鎖型綠色商店","address":"236新北市土城區中央路一段357號","number":"F002149","localcallservice":"02-22631818"}},{"type":"Feature","geometry":{"type":"Point","coordinates":[121.455553975634,25.011685995856]},"properties":{"name":"北門車業有限公司","type":"連鎖型綠色商店","address":"220新北市板橋區西門街12號","number":"F002145","localcallservice":"29651205"}},{"type":"Feature","geometry":{"type":"Point","coordinates":[121.516498961261,24.977777383746]},"properties":{"name":"北都汽車股份有限公司-安坑營業所","type":"連鎖型綠色商店","address":"231新北市新店區安和路2段251號","number":"F002006","localcallservice":"02-2211-3480"}},{"type":"Feature","geometry":{"type":"Point","coordinates":[121.670896970514,25.077076994384]},"properties":{"name":"北都汽車股份有限公司-汐止營業所","type":"連鎖型綠色商店","address":"221新北市汐止區大同路3段110號","number":"F002008","localcallservice":"02-8648-9696"}},{"type":"Feature","geometry":{"type":"Point","coordinates":[121.551776212431,24.979257711665]},"properties":{"name":"北都汽車股份有限公司-新店營業所","type":"連鎖型綠色商店","address":"231新北市新店區寶橋路233-1號1樓","number":"F002007","localcallservice":"02-2917-9707"}},{"type":"Feature","geometry":{"type":"Point","coordinates":[121.465727091518,25.031615479398]},"properties":{"name":"仟松車業有限公司","type":"連鎖型綠色商店","address":"220新北市板橋區長江路2段128號","number":"F002050","localcallservice":"22525332"}},{"type":"Feature","geometry":{"type":"Point","coordinates":[121.44335000843,25.172591002273]},"properties":{"name":"台北縣淡水鎮農會生鮮超級市場","type":"連鎖型綠色商店","address":"251新北市淡水區水源街1段31號","number":"F000101","localcallservice":"02-26239307"}},{"type":"Feature","geometry":{"type":"Point","coordinates":[121.466619009835,25.013677997055]},"properties":{"name":"台象股份有限公司-象印大遠百板橋據點","type":"連鎖型綠色商店","address":"220新北市板橋區新站路28號7樓","number":"F002171","localcallservice":"02-2506-9009#217"}},{"type":"Feature","geometry":{"type":"Point","coordinates":[121.448990191076,25.069365308187]},"properties":{"name":"台象股份有限公司-象印五股服務中心","type":"連鎖型綠色商店","address":"248新北市五股區五權八路41號1樓","number":"F002167","localcallservice":"02-2506-9009#217"}},{"type":"Feature","geometry":{"type":"Point","coordinates":[121.507646078946,25.007836481094]},"properties":{"name":"台象股份有限公司-象印比漾廣場據點","type":"連鎖型綠色商店","address":"234新北市永和區中山路一段238號?5樓","number":"F002169","localcallservice":"02-2506-9009#217"}},{"type":"Feature","geometry":{"type":"Point","coordinates":[121.449451028113,25.059944007108]},"properties":{"name":"台象股份有限公司-象印宏匯據點","type":"連鎖型綠色商店","address":"242新北市新莊區新北大道四段3號","number":"F002331","localcallservice":"02-25069009#276"}},{"type":"Feature","geometry":{"type":"Point","coordinates":[121.464423035022,25.011040002578]},"properties":{"name":"台象股份有限公司-象印遠東板橋據點","type":"連鎖型綠色商店","address":"220新北市板橋區中山路一段152號10樓","number":"F002170","localcallservice":"02-2506-9009#217"}},{"type":"Feature","geometry":{"type":"Point","coordinates":[121.475688899623,25.006077203437]},"properties":{"name":"台象股份有限公司-象印環球中和據點","type":"連鎖型綠色商店","address":"235新北市中和區中山路三段122號","number":"F002330","localcallservice":"02-25069009#276"}},{"type":"Feature","geometry":{"type":"Point","coordinates":[121.512584025745,24.99292901484]},"properties":{"name":"台灣歐德家具","type":"連鎖型綠色商店","address":"235新北市中和區景平路306號","number":"F000226","localcallservice":"(02)86681038"}},{"type":"Feature","geometry":{"type":"Point","coordinates":[121.510993978712,25.005854999184]},"properties":{"name":"弘安車業有限公司","type":"連鎖型綠色商店","address":"234新北市永和區永貞路344號","number":"F002108","localcallservice":"29238884"}},{"type":"Feature","geometry":{"type":"Point","coordinates":[121.467686026109,25.007685900204]},"properties":{"name":"永督機車行","type":"連鎖型綠色商店","address":"220新北市板橋區民族路178號","number":"F002142","localcallservice":"29500229"}},{"type":"Feature","geometry":{"type":"Point","coordinates":[121.512928019051,25.015170981649]},"properties":{"name":"永諭車行","type":"連鎖型綠色商店","address":"234新北市永和區文化路105號","number":"F002127","localcallservice":"29241721"}},{"type":"Feature","geometry":{"type":"Point","coordinates":[121.565195974691,25.291064006878]},"properties":{"name":"石門鄉農會超市","type":"連鎖型綠色商店","address":"253新北市石門區石門村中央路2號","number":"F000104","localcallservice":"02-26381005"}},{"type":"Feature","geometry":{"type":"Point","coordinates":[121.518560993261,25.01476399834]},"properties":{"name":"立志機車行","type":"連鎖型綠色商店","address":"234新北市永和區竹林路39巷15號","number":"F002128","localcallservice":"89283808"}},{"type":"Feature","geometry":{"type":"Point","coordinates":[121.508532968121,25.004698003179]},"properties":{"name":"立晟車業有限公司","type":"連鎖型綠色商店","address":"234新北市永和區保平路213號","number":"F002125","localcallservice":"29240832"}},{"type":"Feature","geometry":{"type":"Point","coordinates":[121.459021988073,24.988599007478]},"properties":{"name":"任峰機車行","type":"連鎖型綠色商店","address":"236新北市土城區學府路一段16號","number":"F002144","localcallservice":"22625619"}},{"type":"Feature","geometry":{"type":"Point","coordinates":[121.452048915183,25.128178901564]},"properties":{"name":"全家便利商店股份有限公司-八里春池店","type":"連鎖型綠色商店","address":"249新北市八里區龍源村龍米路一段２０６號１樓","number":"F000689","localcallservice":"02-29029199"}},{"type":"Feature","geometry":{"type":"Point","coordinates":[121.434464688149,25.158349603954]},"properties":{"name":"全家便利商店股份有限公司-八里船頭店","type":"連鎖型綠色商店","address":"249新北市八里區渡船頭街１號","number":"F000815","localcallservice":"02-29029199"}},{"type":"Feature","geometry":{"type":"Point","coordinates":[121.325579994044,24.972309994033]},"properties":{"name":"全家便利商店股份有限公司-八德鳳福店","type":"連鎖型綠色商店","address":"239新北市鶯歌區鶯桃路二段２７號","number":"F000612","localcallservice":"03-4684211"}},{"type":"Feature","geometry":{"type":"Point","coordinates":[121.501797581071,25.258746485096]},"properties":{"name":"全家便利商店股份有限公司-三芝吉祥店","type":"連鎖型綠色商店","address":"252新北市三芝區淡金路一段７３，７５，７７號","number":"F000767","localcallservice":"02-25221128"}},{"type":"Feature","geometry":{"type":"Point","coordinates":[121.486131996608,25.067935020229]},"properties":{"name":"全家便利商店股份有限公司-三重力行店","type":"連鎖型綠色商店","address":"241新北市三重區力行路一段４０號","number":"F000476","localcallservice":"02-29029199"}},{"type":"Feature","geometry":{"type":"Point","coordinates":[121.485024328104,25.063423586573]},"properties":{"name":"全家便利商店股份有限公司-三重三民店","type":"連鎖型綠色商店","address":"241新北市三重區三民街１１２號","number":"F000300","localcallservice":"02-29029199"}},{"type":"Feature","geometry":{"type":"Point","coordinates":[121.50043898332,25.065504016851]},"properties":{"name":"全家便利商店股份有限公司-三重三佾店","type":"連鎖型綠色商店","address":"241新北市三重區中央北路５８號１樓","number":"F000779","localcallservice":"02-29029199"}},{"type":"Feature","geometry":{"type":"Point","coordinates":[121.484314297086,25.078167396168]},"properties":{"name":"全家便利商店股份有限公司-三重三和店","type":"連鎖型綠色商店","address":"241新北市三重區三和路四段１４３之１號","number":"F000674","localcallservice":"02-29029199"}},{"type":"Feature","geometry":{"type":"Point","coordinates":[121.488933983021,25.086548000149]},"properties":{"name":"全家便利商店股份有限公司-三重三信店","type":"連鎖型綠色商店","address":"241新北市三重區五華街２５７號１樓","number":"F000679","localcallservice":"02-29029199"}},{"type":"Feature","geometry":{"type":"Point","coordinates":[121.485824967495,25.05894999721]},"properties":{"name":"全家便利商店股份有限公司-三重三陽店","type":"連鎖型綠色商店","address":"241新北市三重區三陽路１３巷２號","number":"F000761","localcallservice":"02-29029199"}},{"type":"Feature","geometry":{"type":"Point","coordinates":[121.495515034299,25.062319019373]},"properties":{"name":"全家便利商店股份有限公司-三重大成店","type":"連鎖型綠色商店","address":"241新北市三重區大同北路１號１樓","number":"F000376","localcallservice":"02-29029199"}},{"type":"Feature","geometry":{"type":"Point","coordinates":[121.482001981457,25.072613002301]},"properties":{"name":"全家便利商店股份有限公司-三重大勇店","type":"連鎖型綠色商店","address":"241新北市三重區永發里力行路二段２號一樓","number":"F000680","localcallservice":"02-29029199"}},{"type":"Feature","geometry":{"type":"Point","coordinates":[121.493422995086,25.066324018438]},"properties":{"name":"全家便利商店股份有限公司-三重大智店","type":"連鎖型綠色商店","address":"241新北市三重區大智街９４號","number":"F000852","localcallservice":"02-29029199"}},{"type":"Feature","geometry":{"type":"Point","coordinates":[121.480757804515,25.061420631711]},"properties":{"name":"全家便利商店股份有限公司-三重中山店","type":"連鎖型綠色商店","address":"241新北市三重區中山路１１９，１２１號","number":"F000622","localcallservice":"02-29029199"}},{"type":"Feature","geometry":{"type":"Point","coordinates":[121.494076532076,25.056416399338]},"properties":{"name":"全家便利商店股份有限公司-三重中正店","type":"連鎖型綠色商店","address":"241新北市三重區中正南路１８４號１樓","number":"F000860","localcallservice":"02-29029199"}},{"type":"Feature","geometry":{"type":"Point","coordinates":[121.469601039528,25.045767987634]},"properties":{"name":"全家便利商店股份有限公司-三重中興店","type":"連鎖型綠色商店","address":"241新北市三重區重新路五段５９５，５９７號","number":"F000485","localcallservice":"02-29029199"}},{"type":"Feature","geometry":{"type":"Point","coordinates":[121.49206697079,25.083393009884]},"properties":{"name":"全家便利商店股份有限公司-三重五華店","type":"連鎖型綠色商店","address":"241新北市三重區五華街８９號","number":"F000697","localcallservice":"02-29029199"}},{"type":"Feature","geometry":{"type":"Point","coordinates":[121.48205101559,25.080626981836]},"properties":{"name":"全家便利商店股份有限公司-三重仁華店","type":"連鎖型綠色商店","address":"241新北市三重區仁愛街７１９之１號","number":"F000344","localcallservice":"02-29029199"}},{"type":"Feature","geometry":{"type":"Point","coordinates":[121.497199241018,25.080995738955]},"properties":{"name":"全家便利商店股份有限公司-三重仁義店","type":"連鎖型綠色商店","address":"241新北市三重區仁義街１５３號、１５５號１樓","number":"F000501","localcallservice":"02-29029199"}},{"type":"Feature","geometry":{"type":"Point","coordinates":[121.492990907977,25.069924800224]},"properties":{"name":"全家便利商店股份有限公司-三重六張店","type":"連鎖型綠色商店","address":"241新北市三重區六張街９０巷１號","number":"F000393","localcallservice":"02-29029199"}},{"type":"Feature","geometry":{"type":"Point","coordinates":[121.485615000821,25.070696983054]},"properties":{"name":"全家便利商店股份有限公司-三重公園店","type":"連鎖型綠色商店","address":"241新北市三重區忠孝路二段３４號","number":"F000645","localcallservice":"02-29029199"}},{"type":"Feature","geometry":{"type":"Point","coordinates":[121.49729308742,25.061885381612]},"properties":{"name":"全家便利商店股份有限公司-三重天臺店","type":"連鎖型綠色商店","address":"241新北市三重區重新路二段７８號","number":"F000890","localcallservice":"02-29029199"}},{"type":"Feature","geometry":{"type":"Point","coordinates":[121.492553037355,25.068299004374]},"properties":{"name":"全家便利商店股份有限公司-三重民生店","type":"連鎖型綠色商店","address":"241新北市三重區民生東街２號","number":"F000295","localcallservice":"02-29029199"}},{"type":"Feature","geometry":{"type":"Point","coordinates":[121.481926041414,25.081292882134]},"properties":{"name":"全家便利商店股份有限公司-三重永安店","type":"連鎖型綠色商店","address":"241新北市三重區永安北路二段１１號１樓","number":"F000642","localcallservice":"02-29029199"}},{"type":"Feature","geometry":{"type":"Point","coordinates":[121.483987989595,25.076490009705]},"properties":{"name":"全家便利商店股份有限公司-三重永盛店","type":"連鎖型綠色商店","address":"241新北市三重區車路頭街１４１號","number":"F000621","localcallservice":"02-29029199"}},{"type":"Feature","geometry":{"type":"Point","coordinates":[121.479277024734,25.075059386471]},"properties":{"name":"全家便利商店股份有限公司-三重永福店","type":"連鎖型綠色商店","address":"241新北市三重區永福街１２４號","number":"F000608","localcallservice":"02-29029199"}},{"type":"Feature","geometry":{"type":"Point","coordinates":[121.477845982405,25.069298420599]},"properties":{"name":"全家便利商店股份有限公司-三重永德店","type":"連鎖型綠色商店","address":"241新北市三重區中正北路３４６號","number":"F000318","localcallservice":"02-29029199"}},{"type":"Feature","geometry":{"type":"Point","coordinates":[121.483093724345,25.064452884283]},"properties":{"name":"全家便利商店股份有限公司-三重田心店","type":"連鎖型綠色商店","address":"241新北市三重區田心里忠孝路三段５０巷８２號一樓","number":"F000723","localcallservice":"02-29029199"}},{"type":"Feature","geometry":{"type":"Point","coordinates":[121.493697837691,25.054697690091]},"properties":{"name":"全家便利商店股份有限公司-三重光正店","type":"連鎖型綠色商店","address":"241新北市三重區光正里中正南路２２４號，２２６號","number":"F000613","localcallservice":"02-29029199"}},{"type":"Feature","geometry":{"type":"Point","coordinates":[121.483427994644,25.05855701168]},"properties":{"name":"全家便利商店股份有限公司-三重光陽店","type":"連鎖型綠色商店","address":"241新北市三重區三陽路１０２號","number":"F000650","localcallservice":"02-29029199"}},{"type":"Feature","geometry":{"type":"Point","coordinates":[121.501058192667,25.069041422461]},"properties":{"name":"全家便利商店股份有限公司-三重光榮店","type":"連鎖型綠色商店","address":"241新北市三重區長興街６０號１樓","number":"F000776","localcallservice":"02-29029199"}},{"type":"Feature","geometry":{"type":"Point","coordinates":[121.487891022809,25.053580005212]},"properties":{"name":"全家便利商店股份有限公司-三重成功店","type":"連鎖型綠色商店","address":"241新北市三重區福德里成功路１４５巷４５號４７號一樓","number":"F000710","localcallservice":"02-29029199"}},{"type":"Feature","geometry":{"type":"Point","coordinates":[121.486914531089,25.072053091168]},"properties":{"name":"全家便利商店股份有限公司-三重自強店","type":"連鎖型綠色商店","address":"241新北市三重區自強路三段１６號","number":"F000480","localcallservice":"02-29029199"}},{"type":"Feature","geometry":{"type":"Point","coordinates":[121.489584083431,25.069159113369]},"properties":{"name":"全家便利商店股份有限公司-三重欣田店","type":"連鎖型綠色商店","address":"241新北市三重區自強路二段２４號","number":"F000826","localcallservice":"02-29029199"}},{"type":"Feature","geometry":{"type":"Point","coordinates":[121.49802197772,25.067688005542]},"properties":{"name":"全家便利商店股份有限公司-三重長壽店","type":"連鎖型綠色商店","address":"241新北市三重區雙園里長壽西街１號","number":"F000764","localcallservice":"02-29029199"}},{"type":"Feature","geometry":{"type":"Point","coordinates":[121.48108491743,25.066772617896]},"properties":{"name":"全家便利商店股份有限公司-三重珍寶店","type":"連鎖型綠色商店","address":"241新北市三重區忠孝路三段４７號．４９號","number":"F000499","localcallservice":"02-29029199"}},{"type":"Feature","geometry":{"type":"Point","coordinates":[121.491409159029,25.065290487867]},"properties":{"name":"全家便利商店股份有限公司-三重重仁店","type":"連鎖型綠色商店","address":"241新北市三重區重陽路三段５巷３０號","number":"F000487","localcallservice":"02-29029199"}},{"type":"Feature","geometry":{"type":"Point","coordinates":[121.48689801874,25.059743386255]},"properties":{"name":"全家便利商店股份有限公司-三重重陽店","type":"連鎖型綠色商店","address":"241新北市三重區重陽路一段１０９，１１１號","number":"F000585","localcallservice":"02-29029199"}},{"type":"Feature","geometry":{"type":"Point","coordinates":[121.48679408314,25.067913394919]},"properties":{"name":"全家便利商店股份有限公司-三重首里店","type":"連鎖型綠色商店","address":"241新北市三重區力行路一段８７號","number":"F000541","localcallservice":"02-29029199"}},{"type":"Feature","geometry":{"type":"Point","coordinates":[121.488968013548,25.073544986115]},"properties":{"name":"全家便利商店股份有限公司-三重格致店","type":"連鎖型綠色商店","address":"241新北市三重區三和路四段２０巷７９號","number":"F000670","localcallservice":"02-29029199"}},{"type":"Feature","geometry":{"type":"Point","coordinates":[121.48459098371,25.056214982204]},"properties":{"name":"全家便利商店股份有限公司-三重捷運店","type":"連鎖型綠色商店","address":"241新北市三重區捷運路１９巷２弄１５號１樓","number":"F000311","localcallservice":"02-29029199"}},{"type":"Feature","geometry":{"type":"Point","coordinates":[121.475558980124,25.068241001604]},"properties":{"name":"全家便利商店股份有限公司-三重頂崁店","type":"連鎖型綠色商店","address":"241新北市三重區博愛里２２鄰頂崁街２１０巷３１號１樓","number":"F000292","localcallservice":"02-29029199"}},{"type":"Feature","geometry":{"type":"Point","coordinates":[121.485369997791,25.086714003741]},"properties":{"name":"全家便利商店股份有限公司-三重富貴店","type":"連鎖型綠色商店","address":"241新北市三重區三賢街２０１號","number":"F000340","localcallservice":"02-29029199"}},{"type":"Feature","geometry":{"type":"Point","coordinates":[121.494166839802,25.08560395564]},"properties":{"name":"全家便利商店股份有限公司-三重華義店","type":"連鎖型綠色商店","address":"241新北市三重區仁義街２４４號、富華街１９３號１樓","number":"F000732","localcallservice":"02-29029199"}},{"type":"Feature","geometry":{"type":"Point","coordinates":[121.49445799249,25.081204997879]},"properties":{"name":"全家便利商店股份有限公司-三重華興店","type":"連鎖型綠色商店","address":"241新北市三重區五華街４５號．４７號１樓","number":"F000447","localcallservice":"02-29029199"}},{"type":"Feature","geometry":{"type":"Point","coordinates":[121.489586011269,25.051540981537]},"properties":{"name":"全家便利商店股份有限公司-三重集成店","type":"連鎖型綠色商店","address":"241新北市三重區環河南路２５４巷４３號之１、２號","number":"F000377","localcallservice":"02-29029199"}},{"type":"Feature","geometry":{"type":"Point","coordinates":[121.488757963054,25.053875006295]},"properties":{"name":"全家便利商店股份有限公司-三重集明店","type":"連鎖型綠色商店","address":"241新北市三重區集美街１１６號１樓","number":"F000379","localcallservice":"02-29029199"}},{"type":"Feature","geometry":{"type":"Point","coordinates":[121.49069401505,25.053067996657]},"properties":{"name":"全家便利商店股份有限公司-三重集美店","type":"連鎖型綠色商店","address":"241新北市三重區集美街１４９號１樓","number":"F000802","localcallservice":"02-29029199"}},{"type":"Feature","geometry":{"type":"Point","coordinates":[121.488796184533,25.080175406803]},"properties":{"name":"全家便利商店股份有限公司-三重溪尾店","type":"連鎖型綠色商店","address":"241新北市三重區溪尾街１６０號１樓","number":"F000522","localcallservice":"02-29029199"}},{"type":"Feature","geometry":{"type":"Point","coordinates":[121.489268001862,25.058788016932]},"properties":{"name":"全家便利商店股份有限公司-三重過圳店","type":"連鎖型綠色商店","address":"241新北市三重區過圳街３號１樓","number":"F000917","localcallservice":"02-29029199"}},{"type":"Feature","geometry":{"type":"Point","coordinates":[121.491208999181,25.084372016175]},"properties":{"name":"全家便利商店股份有限公司-三重碧華店","type":"連鎖型綠色商店","address":"241新北市三重區五華街１３１號１樓","number":"F000463","localcallservice":"02-29029199"}},{"type":"Feature","geometry":{"type":"Point","coordinates":[121.478903024215,25.068440993814]},"properties":{"name":"全家便利商店股份有限公司-三重福田店","type":"連鎖型綠色商店","address":"241新北市三重區三民街２８５號一樓","number":"F000373","localcallservice":"02-29029199"}},{"type":"Feature","geometry":{"type":"Point","coordinates":[121.478953986186,25.077074018809]},"properties":{"name":"全家便利商店股份有限公司-三重福旺店","type":"連鎖型綠色商店","address":"241新北市三重區永福街１２３號１樓","number":"F000343","localcallservice":"02-29029199"}},{"type":"Feature","geometry":{"type":"Point","coordinates":[121.490537022003,25.077590008768]},"properties":{"name":"全家便利商店股份有限公司-三重福溪店","type":"連鎖型綠色商店","address":"241新北市三重區溪尾街５６號","number":"F000651","localcallservice":"02-29029199"}},{"type":"Feature","geometry":{"type":"Point","coordinates":[121.501281029313,25.061700015823]},"properties":{"name":"全家便利商店股份有限公司-三重福德店","type":"連鎖型綠色商店","address":"241新北市三重區中央南路５１號１樓","number":"F000638","localcallservice":"02-29029199"}},{"type":"Feature","geometry":{"type":"Point","coordinates":[121.482573962529,25.07863900395]},"properties":{"name":"全家便利商店股份有限公司-三重銀行店","type":"連鎖型綠色商店","address":"241新北市三重區三和路四段３７６號","number":"F000693","localcallservice":"02-29029199"}},{"type":"Feature","geometry":{"type":"Point","coordinates":[121.502789017513,25.068809001273]},"properties":{"name":"全家便利商店股份有限公司-三重龍成店","type":"連鎖型綠色商店","address":"241新北市三重區龍濱路５１＆５３號１樓","number":"F000834","localcallservice":"02-29029199"}},{"type":"Feature","geometry":{"type":"Point","coordinates":[121.501342971577,25.072565015905]},"properties":{"name":"全家便利商店股份有限公司-三重龍明店","type":"連鎖型綠色商店","address":"241新北市三重區龍濱路１６８號１樓","number":"F000395","localcallservice":"02-29029199"}},{"type":"Feature","geometry":{"type":"Point","coordinates":[121.501718983753,25.074219980777]},"properties":{"name":"全家便利商店股份有限公司-三重龍門店","type":"連鎖型綠色商店","address":"241新北市三重區龍門路２７６號","number":"F000842","localcallservice":"02-29029199"}},{"type":"Feature","geometry":{"type":"Point","coordinates":[121.501857033699,25.070952002458]},"properties":{"name":"全家便利商店股份有限公司-三重龍美店","type":"連鎖型綠色商店","address":"241新北市三重區龍濱路１２０號１樓","number":"F000578","localcallservice":"02-29029199"}},{"type":"Feature","geometry":{"type":"Point","coordinates":[121.501942696749,25.071751007378]},"properties":{"name":"全家便利商店股份有限公司-三重龍濱店","type":"連鎖型綠色商店","address":"241新北市三重區龍濱路２０７號１樓","number":"F000913","localcallservice":"02-29029199"}},{"type":"Feature","geometry":{"type":"Point","coordinates":[121.491125012511,25.050670017978]},"properties":{"name":"全家便利商店股份有限公司-三重環北店","type":"連鎖型綠色商店","address":"241新北市三重區成功里環河南路２５３號一樓","number":"F000877","localcallservice":"02-29029199"}},{"type":"Feature","geometry":{"type":"Point","coordinates":[121.488864999958,25.050621989672]},"properties":{"name":"全家便利商店股份有限公司-三重環南店","type":"連鎖型綠色商店","address":"241新北市三重區成功路５２號，５４號，５６號１樓","number":"F000698","localcallservice":"02-29029199"}},{"type":"Feature","geometry":{"type":"Point","coordinates":[121.378848916562,24.94310911975]},"properties":{"name":"全家便利商店股份有限公司-三峽三樹店","type":"連鎖型綠色商店","address":"237新北市三峽區龍埔里三樹路２５７號２５９號一樓","number":"F000666","localcallservice":"02-29029199"}},{"type":"Feature","geometry":{"type":"Point","coordinates":[121.375791030645,24.92819000265]},"properties":{"name":"全家便利商店股份有限公司-三峽大同店","type":"連鎖型綠色商店","address":"237新北市三峽區光明路１００之６號","number":"F000652","localcallservice":"02-29029199"}},{"type":"Feature","geometry":{"type":"Point","coordinates":[121.374602979689,24.943390584059]},"properties":{"name":"全家便利商店股份有限公司-三峽大寧店","type":"連鎖型綠色商店","address":"237新北市三峽區大學路１２５號１樓","number":"F000404","localcallservice":"02-29029199"}},{"type":"Feature","geometry":{"type":"Point","coordinates":[121.402456965951,24.94397999949]},"properties":{"name":"全家便利商店股份有限公司-三峽介壽店","type":"連鎖型綠色商店","address":"237新北市三峽區溪北里介壽路三段１７４號一樓","number":"F000280","localcallservice":"02-29029199"}},{"type":"Feature","geometry":{"type":"Point","coordinates":[121.370131569621,24.936019999411]},"properties":{"name":"全家便利商店股份有限公司-三峽文化店","type":"連鎖型綠色商店","address":"237新北市三峽區文化路１１７號１樓","number":"F000819","localcallservice":"02-29029199"}},{"type":"Feature","geometry":{"type":"Point","coordinates":[121.373014022304,24.931183012636]},"properties":{"name":"全家便利商店股份有限公司-三峽光明店","type":"連鎖型綠色商店","address":"237新北市三峽區光明路６號，８號１樓","number":"F000798","localcallservice":"02-29029199"}},{"type":"Feature","geometry":{"type":"Point","coordinates":[121.362439999991,24.93749001759]},"properties":{"name":"全家便利商店股份有限公司-三峽金寶店","type":"連鎖型綠色商店","address":"237新北市三峽區中山路２４０號","number":"F000481","localcallservice":"02-29029199"}},{"type":"Feature","geometry":{"type":"Point","coordinates":[121.361252032854,24.937711006467]},"properties":{"name":"全家便利商店股份有限公司-三峽峇里店","type":"連鎖型綠色商店","address":"237新北市三峽區鳶山里中山路３０３號一樓","number":"F000591","localcallservice":"02-29029199"}},{"type":"Feature","geometry":{"type":"Point","coordinates":[121.363410521195,24.93856075689]},"properties":{"name":"全家便利商店股份有限公司-三峽恩主店","type":"連鎖型綠色商店","address":"237新北市三峽區復興路３７３、３７５號１樓","number":"F000742","localcallservice":"02-29029199"}},{"type":"Feature","geometry":{"type":"Point","coordinates":[121.372793997346,24.942294985495]},"properties":{"name":"全家便利商店股份有限公司-三峽國寧店","type":"連鎖型綠色商店","address":"237新北市三峽區國學街３１．３３號","number":"F000386","localcallservice":"02-29029199"}},{"type":"Feature","geometry":{"type":"Point","coordinates":[121.359719988592,24.908039991235]},"properties":{"name":"全家便利商店股份有限公司-三峽莉雅店","type":"連鎖型綠色商店","address":"237新北市三峽區二鬮路１３４號","number":"F000835","localcallservice":"02-29029199"}},{"type":"Feature","geometry":{"type":"Point","coordinates":[121.373572005599,24.937159016233]},"properties":{"name":"全家便利商店股份有限公司-三峽復興店","type":"連鎖型綠色商店","address":"237新北市三峽區復興路５６號１樓","number":"F000589","localcallservice":"02-29029199"}},{"type":"Feature","geometry":{"type":"Point","coordinates":[121.374153039127,24.946296003156]},"properties":{"name":"全家便利商店股份有限公司-三峽觀成店","type":"連鎖型綠色商店","address":"237新北市三峽區大觀路８０號１樓","number":"F000378","localcallservice":"02-29029199"}},{"type":"Feature","geometry":{"type":"Point","coordinates":[121.449590000068,24.987738018384]},"properties":{"name":"全家便利商店股份有限公司-土城八洋店","type":"連鎖型綠色商店","address":"236新北市土城區裕民路６９號","number":"F000851","localcallservice":"02-82571522"}},{"type":"Feature","geometry":{"type":"Point","coordinates":[121.442332026289,24.978073013471]},"properties":{"name":"全家便利商店股份有限公司-土城中央店","type":"連鎖型綠色商店","address":"236新北市土城區員林里中央路二段８９號","number":"F000911","localcallservice":"02-82571522"}},{"type":"Feature","geometry":{"type":"Point","coordinates":[121.439294005483,24.976851979725]},"properties":{"name":"全家便利商店股份有限公司-土城中華店","type":"連鎖型綠色商店","address":"236新北市土城區中華路二段１１７號","number":"F000743","localcallservice":"02-82571522"}},{"type":"Feature","geometry":{"type":"Point","coordinates":[121.459807037124,24.981463996219]},"properties":{"name":"全家便利商店股份有限公司-土城仁愛店","type":"連鎖型綠色商店","address":"236新北市土城區清水路１６６號","number":"F000605","localcallservice":"02-82571522"}},{"type":"Feature","geometry":{"type":"Point","coordinates":[121.446711989793,24.983393007416]},"properties":{"name":"全家便利商店股份有限公司-土城玉山店","type":"連鎖型綠色商店","address":"236新北市土城區明德里明德路二段２０３號１樓","number":"F000774","localcallservice":"02-82571522"}},{"type":"Feature","geometry":{"type":"Point","coordinates":[121.4443359717,24.984575107221]},"properties":{"name":"全家便利商店股份有限公司-土城多德店","type":"連鎖型綠色商店","address":"236新北市土城區中央路一段２５２號１樓","number":"F000436","localcallservice":"02-82571522"}},{"type":"Feature","geometry":{"type":"Point","coordinates":[121.469902033671,24.986129992169]},"properties":{"name":"全家便利商店股份有限公司-土城延吉店","type":"連鎖型綠色商店","address":"236新北市土城區延吉街１２０號","number":"F000791","localcallservice":"02-82571522"}},{"type":"Feature","geometry":{"type":"Point","coordinates":[121.469535995959,24.990181594617]},"properties":{"name":"全家便利商店股份有限公司-土城延和店","type":"連鎖型綠色商店","address":"236新北市土城區延和路２０１號","number":"F000888","localcallservice":"02-82571522"}},{"type":"Feature","geometry":{"type":"Point","coordinates":[121.471297033816,24.9903960037]},"properties":{"name":"全家便利商店股份有限公司-土城延壽店","type":"連鎖型綠色商店","address":"236新北市土城區延壽路１１號１樓","number":"F000435","localcallservice":"02-82571522"}},{"type":"Feature","geometry":{"type":"Point","coordinates":[121.465862040159,24.984583992038]},"properties":{"name":"全家便利商店股份有限公司-土城延豐店","type":"連鎖型綠色商店","address":"236新北市土城區延吉街２７０號１樓","number":"F000561","localcallservice":"02-82571522"}},{"type":"Feature","geometry":{"type":"Point","coordinates":[121.426541023621,24.963179000171]},"properties":{"name":"全家便利商店股份有限公司-土城欣隆店","type":"連鎖型綠色商店","address":"236新北市土城區中央路三段２８３號１樓","number":"F000278","localcallservice":"02-82571522"}},{"type":"Feature","geometry":{"type":"Point","coordinates":[121.46840703742,24.988399979187]},"properties":{"name":"全家便利商店股份有限公司-土城金和店","type":"連鎖型綠色商店","address":"236新北市土城區金城路三段１４７號","number":"F000672","localcallservice":"02-82571522"}},{"type":"Feature","geometry":{"type":"Point","coordinates":[121.459781975234,24.988276304206]},"properties":{"name":"全家便利商店股份有限公司-土城青雲店","type":"連鎖型綠色商店","address":"236新北市土城區青雲路４２號，４４號","number":"F000413","localcallservice":"02-82571522"}},{"type":"Feature","geometry":{"type":"Point","coordinates":[121.467870008884,24.990419012024]},"properties":{"name":"全家便利商店股份有限公司-土城冠延店","type":"連鎖型綠色商店","address":"236新北市土城區延和路１１１號","number":"F000701","localcallservice":"02-82571522"}},{"type":"Feature","geometry":{"type":"Point","coordinates":[121.439518975764,24.975088008202]},"properties":{"name":"全家便利商店股份有限公司-土城城堡店","type":"連鎖型綠色商店","address":"236新北市土城區福仁街５０巷１號","number":"F000554","localcallservice":"02-82571522"}},{"type":"Feature","geometry":{"type":"Point","coordinates":[121.452145977622,24.984781008672]},"properties":{"name":"全家便利商店股份有限公司-土城城學店","type":"連鎖型綠色商店","address":"236新北市土城區學府路一段１９１號１樓","number":"F000389","localcallservice":"02-82571522"}},{"type":"Feature","geometry":{"type":"Point","coordinates":[121.41249546847,24.953671700765]},"properties":{"name":"全家便利商店股份有限公司-土城恆山店","type":"連鎖型綠色商店","address":"236新北市土城區中央路４段２８１號１樓","number":"F000818","localcallservice":"02-82571522"}},{"type":"Feature","geometry":{"type":"Point","coordinates":[121.449213987891,24.981761008958]},"properties":{"name":"全家便利商店股份有限公司-土城美仁店","type":"連鎖型綠色商店","address":"236新北市土城區學府路２段２１號１樓","number":"F000891","localcallservice":"02-82571522"}},{"type":"Feature","geometry":{"type":"Point","coordinates":[121.424763473414,24.9639555835]},"properties":{"name":"全家便利商店股份有限公司-土城美生店","type":"連鎖型綠色商店","address":"236新北市土城區中山路６１號１樓","number":"F000905","localcallservice":"02-82571522"}},{"type":"Feature","geometry":{"type":"Point","coordinates":[121.441345560104,24.974451402656]},"properties":{"name":"全家便利商店股份有限公司-土城員林店","type":"連鎖型綠色商店","address":"236新北市土城區中央路二段２６８號","number":"F000596","localcallservice":"02-82571522"}},{"type":"Feature","geometry":{"type":"Point","coordinates":[121.449491009791,24.982574011657]},"properties":{"name":"全家便利商店股份有限公司-土城海山店","type":"連鎖型綠色商店","address":"236新北市土城區學府路一段２９４號","number":"F000685","localcallservice":"02-82571522"}},{"type":"Feature","geometry":{"type":"Point","coordinates":[121.448414019052,24.987378979562]},"properties":{"name":"全家便利商店股份有限公司-土城御前店","type":"連鎖型綠色商店","address":"236新北市土城區裕生路１９號１樓","number":"F000426","localcallservice":"02-82571522"}},{"type":"Feature","geometry":{"type":"Point","coordinates":[121.459306302229,24.982569192062]},"properties":{"name":"全家便利商店股份有限公司-土城雲陽店","type":"連鎖型綠色商店","address":"236新北市土城區青雲路１８５號１樓","number":"F000384","localcallservice":"02-82571522"}},{"type":"Feature","geometry":{"type":"Point","coordinates":[121.441825004966,24.97674599056]},"properties":{"name":"全家便利商店股份有限公司-土城順風店","type":"連鎖型綠色商店","address":"236新北市土城區中央路二段１５４號","number":"F000871","localcallservice":"02-82571522"}},{"type":"Feature","geometry":{"type":"Point","coordinates":[121.459634034643,24.976962998033]},"properties":{"name":"全家便利商店股份有限公司-土城義鴻店","type":"連鎖型綠色商店","address":"236新北市土城區明德路一段３１１號１樓","number":"F000468","localcallservice":"02-82571522"}},{"type":"Feature","geometry":{"type":"Point","coordinates":[121.447813036594,24.986190006596]},"properties":{"name":"全家便利商店股份有限公司-土城裕生店","type":"連鎖型綠色商店","address":"236新北市土城區裕生路６１號","number":"F000597","localcallservice":"02-82571522"}},{"type":"Feature","geometry":{"type":"Point","coordinates":[121.4496279,24.9797798]},"properties":{"name":"全家便利商店股份有限公司-土城福祥店","type":"連鎖型綠色商店","address":"236新北市土城區福祥路４６號一樓","number":"F000631","localcallservice":"02-82571522"}},{"type":"Feature","geometry":{"type":"Point","coordinates":[121.458681012252,24.973241013928]},"properties":{"name":"全家便利商店股份有限公司-土城寬樺店","type":"連鎖型綠色商店","address":"236新北市土城區青雲路３８２號","number":"F000712","localcallservice":"02-82571522"}},{"type":"Feature","geometry":{"type":"Point","coordinates":[121.454215888611,24.986783612979]},"properties":{"name":"全家便利商店股份有限公司-土城廣福店","type":"連鎖型綠色商店","address":"236新北市土城區學府路一段１６２號","number":"F000739","localcallservice":"02-82571522"}},{"type":"Feature","geometry":{"type":"Point","coordinates":[121.455950020559,24.988068013912]},"properties":{"name":"全家便利商店股份有限公司-土城廣興店","type":"連鎖型綠色商店","address":"236新北市土城區廣興里學府路一段１００號","number":"F000745","localcallservice":"02-82571522"}},{"type":"Feature","geometry":{"type":"Point","coordinates":[121.462679012428,24.978456988455]},"properties":{"name":"全家便利商店股份有限公司-土城德陽店","type":"連鎖型綠色商店","address":"236新北市土城區青山里仁愛路２５號１樓","number":"F000265","localcallservice":"02-82571522"}},{"type":"Feature","geometry":{"type":"Point","coordinates":[121.450457024132,24.986206016031]},"properties":{"name":"全家便利商店股份有限公司-土城樂利店","type":"連鎖型綠色商店","address":"236新北市土城區裕民路１１４巷１２號１樓","number":"F000702","localcallservice":"02-82571522"}},{"type":"Feature","geometry":{"type":"Point","coordinates":[121.452344964003,24.987644979259]},"properties":{"name":"全家便利商店股份有限公司-土城學成店","type":"連鎖型綠色商店","address":"236新北市土城區學成路４６號","number":"F000431","localcallservice":"02-82571522"}},{"type":"Feature","geometry":{"type":"Point","coordinates":[121.421795022405,24.966136009882]},"properties":{"name":"全家便利商店股份有限公司-土城鴻海店","type":"連鎖型綠色商店","address":"236新北市土城區自由街２號５樓","number":"F000629","localcallservice":"02-82571522"}},{"type":"Feature","geometry":{"type":"Point","coordinates":[121.419224041244,24.958983019441]},"properties":{"name":"全家便利商店股份有限公司-土城鴻海附店","type":"連鎖型綠色商店","address":"236新北市土城區中央路四段５３－１號１樓","number":"F000769","localcallservice":"02-82571522"}},{"type":"Feature","geometry":{"type":"Point","coordinates":[121.516484041473,24.993694995061]},"properties":{"name":"全家便利商店股份有限公司-中和大勇店","type":"連鎖型綠色商店","address":"235新北市中和區秀明里大勇街２７巷２號１樓","number":"F000715","localcallservice":"02-82571522"}},{"type":"Feature","geometry":{"type":"Point","coordinates":[121.503696023255,25.005057000092]},"properties":{"name":"全家便利商店股份有限公司-中和山水店","type":"連鎖型綠色商店","address":"235新北市中和區佳和里中山路二段６４巷８號一樓","number":"F000904","localcallservice":"02-82571522"}},{"type":"Feature","geometry":{"type":"Point","coordinates":[121.511382982839,24.999159995932]},"properties":{"name":"全家便利商店股份有限公司-中和中安店","type":"連鎖型綠色商店","address":"235新北市中和區中安街１９２號","number":"F000305","localcallservice":"02-82571522"}},{"type":"Feature","geometry":{"type":"Point","coordinates":[121.512543960247,25.004149994349]},"properties":{"name":"全家便利商店股份有限公司-中和中和店","type":"連鎖型綠色商店","address":"235新北市中和區中和路４８０號１Ｆ","number":"F000775","localcallservice":"02-82571522"}},{"type":"Feature","geometry":{"type":"Point","coordinates":[121.472872999251,25.000544979703]},"properties":{"name":"全家便利商店股份有限公司-中和中城店","type":"連鎖型綠色商店","address":"235新北市中和區民享街８６巷３８號１樓","number":"F000758","localcallservice":"02-82571522"}},{"type":"Feature","geometry":{"type":"Point","coordinates":[121.46823302911,25.001491003205]},"properties":{"name":"全家便利商店股份有限公司-中和中海店","type":"連鎖型綠色商店","address":"235新北市中和區國光街１４４號．１４６號．１４６－１號","number":"F000821","localcallservice":"02-82571522"}},{"type":"Feature","geometry":{"type":"Point","coordinates":[121.487039002351,25.004706007896]},"properties":{"name":"全家便利商店股份有限公司-中和中業店","type":"連鎖型綠色商店","address":"235新北市中和區中山路二段３８３＆３８５號１樓","number":"F000765","localcallservice":"02-82571522"}},{"type":"Feature","geometry":{"type":"Point","coordinates":[121.512105586711,25.001847820823]},"properties":{"name":"全家便利商店股份有限公司-中和中鼎店","type":"連鎖型綠色商店","address":"235新北市中和區中安里中安街８０號一樓","number":"F000756","localcallservice":"02-82571522"}},{"type":"Feature","geometry":{"type":"Point","coordinates":[121.500074035255,24.992205991872]},"properties":{"name":"全家便利商店股份有限公司-中和中興店","type":"連鎖型綠色商店","address":"235新北市中和區復興里中興街１１１號，１１３號","number":"F000543","localcallservice":"02-82571522"}},{"type":"Feature","geometry":{"type":"Point","coordinates":[121.47473780507,25.00592628727]},"properties":{"name":"全家便利商店股份有限公司-中和中環店","type":"連鎖型綠色商店","address":"235新北市中和區中山路三段１１１號１樓","number":"F000816","localcallservice":"02-82571522"}},{"type":"Feature","geometry":{"type":"Point","coordinates":[121.483309977447,25.004003981596]},"properties":{"name":"全家便利商店股份有限公司-中和中穗店","type":"連鎖型綠色商店","address":"235新北市中和區新生街２號１樓","number":"F000866","localcallservice":"02-82571522"}},{"type":"Feature","geometry":{"type":"Point","coordinates":[121.477943883034,25.00545799034]},"properties":{"name":"全家便利商店股份有限公司-中和元氣店","type":"連鎖型綠色商店","address":"235新北市中和區中山路３段３９號２樓","number":"F000323","localcallservice":"02-82571522"}},{"type":"Feature","geometry":{"type":"Point","coordinates":[121.500780964969,24.989560998506]},"properties":{"name":"全家便利商店股份有限公司-中和巴黎店","type":"連鎖型綠色商店","address":"235新北市中和區中興街２３５巷１號","number":"F000338","localcallservice":"02-82571522"}},{"type":"Feature","geometry":{"type":"Point","coordinates":[121.486868765897,24.996460394467]},"properties":{"name":"全家便利商店股份有限公司-中和世紀店","type":"連鎖型綠色商店","address":"235新北市中和區連城路２６８之１號１樓","number":"F000353","localcallservice":"02-82571522"}},{"type":"Feature","geometry":{"type":"Point","coordinates":[121.496537039753,24.999639985617]},"properties":{"name":"全家便利商店股份有限公司-中和巨人店","type":"連鎖型綠色商店","address":"235新北市中和區連城路１０１號１樓","number":"F000388","localcallservice":"02-82571522"}},{"type":"Feature","geometry":{"type":"Point","coordinates":[121.478183102551,24.998034306335]},"properties":{"name":"全家便利商店股份有限公司-中和民利店","type":"連鎖型綠色商店","address":"235新北市中和區嘉穗里民利街８７號１樓","number":"F000918","localcallservice":"02-82571522"}},{"type":"Feature","geometry":{"type":"Point","coordinates":[121.466470985425,24.994341994167]},"properties":{"name":"全家便利商店股份有限公司-中和民德店","type":"連鎖型綠色商店","address":"235新北市中和區壽德里壽德街２６號１樓","number":"F000507","localcallservice":"02-82571522"}},{"type":"Feature","geometry":{"type":"Point","coordinates":[121.514287982841,25.003873014359]},"properties":{"name":"全家便利商店股份有限公司-中和永貞店","type":"連鎖型綠色商店","address":"235新北市中和區永貞路２４４號","number":"F000735","localcallservice":"02-82571522"}},{"type":"Feature","geometry":{"type":"Point","coordinates":[121.480454011578,25.010518019558]},"properties":{"name":"全家便利商店股份有限公司-中和立德店","type":"連鎖型綠色商店","address":"235新北市中和區積穗里中正路１１９６號","number":"F000416","localcallservice":"02-82571522"}},{"type":"Feature","geometry":{"type":"Point","coordinates":[121.497653006342,24.995160989927]},"properties":{"name":"全家便利商店股份有限公司-中和安邦店","type":"連鎖型綠色商店","address":"235新北市中和區圓通路１６９號","number":"F000830","localcallservice":"02-82571522"}},{"type":"Feature","geometry":{"type":"Point","coordinates":[121.512791980762,24.995887994299]},"properties":{"name":"全家便利商店股份有限公司-中和安陽店","type":"連鎖型綠色商店","address":"235新北市中和區安順里宜安路２５號一樓","number":"F000660","localcallservice":"02-82571522"}},{"type":"Feature","geometry":{"type":"Point","coordinates":[121.472666972071,25.001753985417]},"properties":{"name":"全家便利商店股份有限公司-中和自強店","type":"連鎖型綠色商店","address":"235新北市中和區莒光路１３１號","number":"F000531","localcallservice":"02-82571522"}},{"type":"Feature","geometry":{"type":"Point","coordinates":[121.503698034912,25.00349201495]},"properties":{"name":"全家便利商店股份有限公司-中和汾陽店","type":"連鎖型綠色商店","address":"235新北市中和區水源路８１巷１６弄１８－１號１樓","number":"F000570","localcallservice":"02-82571522"}},{"type":"Feature","geometry":{"type":"Point","coordinates":[121.520035034753,24.994182989464]},"properties":{"name":"全家便利商店股份有限公司-中和秀山店","type":"連鎖型綠色商店","address":"235新北市中和區立人街６５號，６７號","number":"F000800","localcallservice":"02-82571522"}},{"type":"Feature","geometry":{"type":"Point","coordinates":[121.526297992806,24.995415003502]},"properties":{"name":"全家便利商店股份有限公司-中和秀福店","type":"連鎖型綠色商店","address":"235新北市中和區秀朗路三段５２號","number":"F000681","localcallservice":"02-82571522"}},{"type":"Feature","geometry":{"type":"Point","coordinates":[121.502240002855,25.007031986027]},"properties":{"name":"全家便利商店股份有限公司-中和秀鴻店","type":"連鎖型綠色商店","address":"235新北市中和區中山路二段二巷４５弄２號１樓","number":"F000663","localcallservice":"02-82571522"}},{"type":"Feature","geometry":{"type":"Point","coordinates":[121.502207983985,25.003430994695]},"properties":{"name":"全家便利商店股份有限公司-中和佳和店","type":"連鎖型綠色商店","address":"235新北市中和區中山路二段１３４號","number":"F000525","localcallservice":"02-82571522"}},{"type":"Feature","geometry":{"type":"Point","coordinates":[121.508383015873,24.99118201667]},"properties":{"name":"全家便利商店股份有限公司-中和和平店","type":"連鎖型綠色商店","address":"235新北市中和區和平街５６號１樓；５４巷１弄１號１樓","number":"F000586","localcallservice":"02-82571522"}},{"type":"Feature","geometry":{"type":"Point","coordinates":[121.491532037729,24.996201980392]},"properties":{"name":"全家便利商店股份有限公司-中和和連店","type":"連鎖型綠色商店","address":"235新北市中和區建和里連城路２６５巷１號一樓","number":"F000478","localcallservice":"02-82571522"}},{"type":"Feature","geometry":{"type":"Point","coordinates":[121.509722024905,24.980740009332]},"properties":{"name":"全家便利商店股份有限公司-中和和隆店","type":"連鎖型綠色商店","address":"235新北市中和區華新街１０９巷５號１樓","number":"F000308","localcallservice":"02-82571522"}},{"type":"Feature","geometry":{"type":"Point","coordinates":[121.499576988397,25.003564015498]},"properties":{"name":"全家便利商店股份有限公司-中和和潤店","type":"連鎖型綠色商店","address":"235新北市中和區永和路２４號","number":"F000747","localcallservice":"02-82571522"}},{"type":"Feature","geometry":{"type":"Point","coordinates":[121.502998984187,24.993341991209]},"properties":{"name":"全家便利商店股份有限公司-中和和興店","type":"連鎖型綠色商店","address":"235新北市中和區中正路１１號，１３號","number":"F000475","localcallservice":"02-82571522"}},{"type":"Feature","geometry":{"type":"Point","coordinates":[121.511513991985,24.983925006811]},"properties":{"name":"全家便利商店股份有限公司-中和忠孝店","type":"連鎖型綠色商店","address":"235新北市中和區忠孝街３９之１號","number":"F000406","localcallservice":"02-82571522"}},{"type":"Feature","geometry":{"type":"Point","coordinates":[121.510433816123,24.989444490052]},"properties":{"name":"全家便利商店股份有限公司-中和信義店","type":"連鎖型綠色商店","address":"235新北市中和區興南路一段６３號","number":"F000632","localcallservice":"02-82571522"}},{"type":"Feature","geometry":{"type":"Point","coordinates":[121.508111023115,24.998238992411]},"properties":{"name":"全家便利商店股份有限公司-中和保健店","type":"連鎖型綠色商店","address":"235新北市中和區保健路１７號","number":"F000314","localcallservice":"02-82571522"}},{"type":"Feature","geometry":{"type":"Point","coordinates":[121.507250034021,24.990520013958]},"properties":{"name":"全家便利商店股份有限公司-中和南勢角店","type":"連鎖型綠色商店","address":"235新北市中和區南山路３９９巷１０號１樓","number":"F000364","localcallservice":"02-82571522"}},{"type":"Feature","geometry":{"type":"Point","coordinates":[121.512531974126,24.992931697049]},"properties":{"name":"全家便利商店股份有限公司-中和南園店","type":"連鎖型綠色商店","address":"235新北市中和區景平路２９６號２９８號３００號１樓","number":"F000766","localcallservice":"02-82571522"}},{"type":"Feature","geometry":{"type":"Point","coordinates":[121.497787032974,24.997192008885]},"properties":{"name":"全家便利商店股份有限公司-中和城邦店","type":"連鎖型綠色商店","address":"235新北市中和區力行里連勝街５５號１樓","number":"F000647","localcallservice":"02-82571522"}},{"type":"Feature","geometry":{"type":"Point","coordinates":[121.509314999687,24.997251017484]},"properties":{"name":"全家便利商店股份有限公司-中和建陽店","type":"連鎖型綠色商店","address":"235新北市中和區保健路４２－３號１樓","number":"F000812","localcallservice":"02-82571522"}},{"type":"Feature","geometry":{"type":"Point","coordinates":[121.484727189636,25.00916911988]},"properties":{"name":"全家便利商店股份有限公司-中和建業店","type":"連鎖型綠色商店","address":"235新北市中和區立德街１８９號１樓","number":"F000899","localcallservice":"02-82571522"}},{"type":"Feature","geometry":{"type":"Point","coordinates":[121.500685998006,25.00502598705]},"properties":{"name":"全家便利商店股份有限公司-中和美勝店","type":"連鎖型綠色商店","address":"235新北市中和區莊敬路３５號１樓","number":"F000828","localcallservice":"02-82571522"}},{"type":"Feature","geometry":{"type":"Point","coordinates":[121.491285023043,24.989219980775]},"properties":{"name":"全家便利商店股份有限公司-中和凌雲店","type":"連鎖型綠色商店","address":"235新北市中和區圓通路３６７巷２號","number":"F000633","localcallservice":"02-82571522"}},{"type":"Feature","geometry":{"type":"Point","coordinates":[121.481138980706,25.000809009653]},"properties":{"name":"全家便利商店股份有限公司-中和員山店","type":"連鎖型綠色商店","address":"235新北市中和區員山路３２５之５號１Ｆ＆地下室","number":"F000678","localcallservice":"02-82571522"}},{"type":"Feature","geometry":{"type":"Point","coordinates":[121.469075997113,25.004566994032]},"properties":{"name":"全家便利商店股份有限公司-中和偉德店","type":"連鎖型綠色商店","address":"235新北市中和區民生街８５巷１弄２號１樓","number":"F000664","localcallservice":"02-82571522"}},{"type":"Feature","geometry":{"type":"Point","coordinates":[121.470053997575,25.000674019102]},"properties":{"name":"全家便利商店股份有限公司-中和國興店","type":"連鎖型綠色商店","address":"235新北市中和區國華里國光街１１０號一樓","number":"F000319","localcallservice":"02-82571522"}},{"type":"Feature","geometry":{"type":"Point","coordinates":[121.494136965598,24.997422008308]},"properties":{"name":"全家便利商店股份有限公司-中和連勝店","type":"連鎖型綠色商店","address":"235新北市中和區連城路２３１號１樓及２樓","number":"F000548","localcallservice":"02-82571522"}},{"type":"Feature","geometry":{"type":"Point","coordinates":[121.486450006015,24.996007981243]},"properties":{"name":"全家便利商店股份有限公司-中和連福店","type":"連鎖型綠色商店","address":"235新北市中和區連城路３９１號，３９３號","number":"F000515","localcallservice":"02-82571522"}},{"type":"Feature","geometry":{"type":"Point","coordinates":[121.48163896123,24.995135006027]},"properties":{"name":"全家便利商店股份有限公司-中和連興店","type":"連鎖型綠色商店","address":"235新北市中和區連城路５２５號，５２５之１號","number":"F000410","localcallservice":"02-82571522"}},{"type":"Feature","geometry":{"type":"Point","coordinates":[121.500998978271,24.995602003762]},"properties":{"name":"全家便利商店股份有限公司-中和都會店","type":"連鎖型綠色商店","address":"235新北市中和區景平路４３１巷２＆６號１樓","number":"F000361","localcallservice":"02-82571522"}},{"type":"Feature","geometry":{"type":"Point","coordinates":[121.499225404325,24.998836230135]},"properties":{"name":"全家便利商店股份有限公司-中和勝平店","type":"連鎖型綠色商店","address":"235新北市中和區景平路５１７、５１９號１樓","number":"F000910","localcallservice":"02-82571522"}},{"type":"Feature","geometry":{"type":"Point","coordinates":[121.505270982862,24.993755009488]},"properties":{"name":"全家便利商店股份有限公司-中和景平店","type":"連鎖型綠色商店","address":"235新北市中和區景平路４７８號","number":"F000466","localcallservice":"02-82571522"}},{"type":"Feature","geometry":{"type":"Point","coordinates":[121.51912624479,24.991442960442]},"properties":{"name":"全家便利商店股份有限公司-中和景秀店","type":"連鎖型綠色商店","address":"235新北市中和區景平路７１—２號","number":"F000640","localcallservice":"02-82571522"}},{"type":"Feature","geometry":{"type":"Point","coordinates":[121.512498027418,24.990212984844]},"properties":{"name":"全家便利商店股份有限公司-中和景欣店","type":"連鎖型綠色商店","address":"235新北市中和區景本里景新街３８５號，３８５號之１","number":"F000669","localcallservice":"02-82571522"}},{"type":"Feature","geometry":{"type":"Point","coordinates":[121.514929881816,24.990944532134]},"properties":{"name":"全家便利商店股份有限公司-中和景德店","type":"連鎖型綠色商店","address":"235新北市中和區景平路１１１巷６０弄５４號，５６號","number":"F000789","localcallservice":"02-82571522"}},{"type":"Feature","geometry":{"type":"Point","coordinates":[121.522834003681,24.992438002952]},"properties":{"name":"全家便利商店股份有限公司-中和智山店","type":"連鎖型綠色商店","address":"235新北市中和區自立路３８－１號１樓","number":"F000330","localcallservice":"02-82571522"}},{"type":"Feature","geometry":{"type":"Point","coordinates":[121.504443772838,24.997294687199]},"properties":{"name":"全家便利商店股份有限公司-中和華山店","type":"連鎖型綠色商店","address":"235新北市中和區南華路６５號１樓","number":"F000620","localcallservice":"02-82571522"}},{"type":"Feature","geometry":{"type":"Point","coordinates":[121.497122012776,25.005494996442]},"properties":{"name":"全家便利商店股份有限公司-中和華中店","type":"連鎖型綠色商店","address":"235新北市中和區永和路９２號１樓","number":"F000825","localcallservice":"02-82571522"}},{"type":"Feature","geometry":{"type":"Point","coordinates":[121.506661037685,24.981949015046]},"properties":{"name":"全家便利商店股份有限公司-中和華夏店","type":"連鎖型綠色商店","address":"235新北市中和區華新街２０２號，２０４號","number":"F000833","localcallservice":"02-82571522"}},{"type":"Feature","geometry":{"type":"Point","coordinates":[121.466417005968,24.998455999884]},"properties":{"name":"全家便利商店股份有限公司-中和華順店","type":"連鎖型綠色商店","address":"235新北市中和區華順街５９號１樓","number":"F000704","localcallservice":"02-82571522"}},{"type":"Feature","geometry":{"type":"Point","coordinates":[121.465387959716,24.996719018089]},"properties":{"name":"全家便利商店股份有限公司-中和華福店","type":"連鎖型綠色商店","address":"235新北市中和區華順街１１７號，１１９號","number":"F000824","localcallservice":"02-82571522"}},{"type":"Feature","geometry":{"type":"Point","coordinates":[121.504553994864,25.004322996831]},"properties":{"name":"全家便利商店股份有限公司-中和萊陽店","type":"連鎖型綠色商店","address":"235新北市中和區瓦嗂里光華街１號３號一樓","number":"F000801","localcallservice":"02-82571522"}},{"type":"Feature","geometry":{"type":"Point","coordinates":[121.492255982706,24.990469010077]},"properties":{"name":"全家便利商店股份有限公司-中和圓通店","type":"連鎖型綠色商店","address":"235新北市中和區圓通路３０７之５號３３５巷１弄２７號","number":"F000915","localcallservice":"02-82571522"}},{"type":"Feature","geometry":{"type":"Point","coordinates":[121.508909722286,24.993922757872]},"properties":{"name":"全家便利商店股份有限公司-中和新平店","type":"連鎖型綠色商店","address":"235新北市中和區景新街２６５、２６７號","number":"F000822","localcallservice":"02-82571522"}},{"type":"Feature","geometry":{"type":"Point","coordinates":[121.483525140902,25.001034189482]},"properties":{"name":"全家便利商店股份有限公司-中和新生店","type":"連鎖型綠色商店","address":"235新北市中和區新生街１３２號","number":"F000895","localcallservice":"02-82571522"}},{"type":"Feature","geometry":{"type":"Point","coordinates":[121.506890785651,24.985348882612]},"properties":{"name":"全家便利商店股份有限公司-中和新興店","type":"連鎖型綠色商店","address":"235新北市中和區興南路二段３６號","number":"F000658","localcallservice":"02-82571522"}},{"type":"Feature","geometry":{"type":"Point","coordinates":[121.481003026236,24.99622201314]},"properties":{"name":"全家便利商店股份有限公司-中和嘉慶店","type":"連鎖型綠色商店","address":"235新北市中和區員山路１４１號１樓","number":"F000783","localcallservice":"02-82571522"}},{"type":"Feature","geometry":{"type":"Point","coordinates":[121.466010986579,24.995233996303]},"properties":{"name":"全家便利商店股份有限公司-中和壽德店","type":"連鎖型綠色商店","address":"235新北市中和區壽德街２３號","number":"F000289","localcallservice":"02-82571522"}},{"type":"Feature","geometry":{"type":"Point","coordinates":[121.499778992263,25.001666981262]},"properties":{"name":"全家便利商店股份有限公司-中和漳和店","type":"連鎖型綠色商店","address":"235新北市中和區中和路３０號","number":"F000771","localcallservice":"02-82571522"}},{"type":"Feature","geometry":{"type":"Point","coordinates":[121.472821785823,25.006503381304]},"properties":{"name":"全家便利商店股份有限公司-中和漢陽店","type":"連鎖型綠色商店","address":"235新北市中和區瑞穗里中山路三段１７２號１樓","number":"F000808","localcallservice":"02-82571522"}},{"type":"Feature","geometry":{"type":"Point","coordinates":[121.523047993669,24.992441984356]},"properties":{"name":"全家便利商店股份有限公司-中和福山店","type":"連鎖型綠色商店","address":"235新北市中和區秀福里自立路１７號一樓","number":"F000746","localcallservice":"02-82571522"}},{"type":"Feature","geometry":{"type":"Point","coordinates":[121.4928304,25.003819]},"properties":{"name":"全家便利商店股份有限公司-中和福后店","type":"連鎖型綠色商店","address":"235新北市中和區連成路４６９巷１９號１樓","number":"F000421","localcallservice":"02-82571522"}},{"type":"Feature","geometry":{"type":"Point","coordinates":[121.489877030947,24.995603009591]},"properties":{"name":"全家便利商店股份有限公司-中和福多店","type":"連鎖型綠色商店","address":"235新北市中和區錦和路１７０號１樓","number":"F000374","localcallservice":"02-82571522"}},{"type":"Feature","geometry":{"type":"Point","coordinates":[121.485127006418,24.99527498381]},"properties":{"name":"全家便利商店股份有限公司-中和福朋店","type":"連鎖型綠色商店","address":"235新北市中和區中正路６３３號","number":"F000881","localcallservice":"02-82571522"}},{"type":"Feature","geometry":{"type":"Point","coordinates":[121.496474346628,25.0034606311]},"properties":{"name":"全家便利商店股份有限公司-中和福真店","type":"連鎖型綠色商店","address":"235新北市中和區景平路７０１、７０１之１號２樓","number":"F000568","localcallservice":"02-82571522"}},{"type":"Feature","geometry":{"type":"Point","coordinates":[121.511914295378,24.986811308637]},"properties":{"name":"全家便利商店股份有限公司-中和維新店","type":"連鎖型綠色商店","address":"235新北市中和區仁愛街９５號、９５之１號","number":"F000734","localcallservice":"02-82571522"}},{"type":"Feature","geometry":{"type":"Point","coordinates":[121.487805275939,24.997323311398]},"properties":{"name":"全家便利商店股份有限公司-中和遠建店","type":"連鎖型綠色商店","address":"235新北市中和區建一路１７６號１樓","number":"F000299","localcallservice":"02-82571522"}},{"type":"Feature","geometry":{"type":"Point","coordinates":[121.485607960022,24.997076212893]},"properties":{"name":"全家便利商店股份有限公司-中和廣場店","type":"連鎖型綠色商店","address":"235新北市中和區平河里中正路７１２號一樓","number":"F000676","localcallservice":"02-82571522"}},{"type":"Feature","geometry":{"type":"Point","coordinates":[121.50362201105,25.002007998993]},"properties":{"name":"全家便利商店股份有限公司-中和廣學店","type":"連鎖型綠色商店","address":"235新北市中和區廣福路５８號","number":"F000792","localcallservice":"02-82571522"}},{"type":"Feature","geometry":{"type":"Point","coordinates":[121.495887023162,24.993139987343]},"properties":{"name":"全家便利商店股份有限公司-中和德行店","type":"連鎖型綠色商店","address":"235新北市中和區圓通路２６７號","number":"F000317","localcallservice":"02-82571522"}},{"type":"Feature","geometry":{"type":"Point","coordinates":[121.470868970021,25.00447198516]},"properties":{"name":"全家便利商店股份有限公司-中和德穗店","type":"連鎖型綠色商店","address":"235新北市中和區德光路２４．２６號１樓","number":"F000786","localcallservice":"02-82571522"}},{"type":"Feature","geometry":{"type":"Point","coordinates":[121.516453196069,24.992377192244]},"properties":{"name":"全家便利商店股份有限公司-中和摩天店","type":"連鎖型綠色商店","address":"235新北市中和區景平路１８２號１樓","number":"F000639","localcallservice":"02-82571522"}},{"type":"Feature","geometry":{"type":"Point","coordinates":[121.494034035827,25.006137092135]},"properties":{"name":"全家便利商店股份有限公司-中和橋和店","type":"連鎖型綠色商店","address":"235新北市中和區橋和路１５２號，１５６號","number":"F000544","localcallservice":"02-82571522"}},{"type":"Feature","geometry":{"type":"Point","coordinates":[121.509797964948,24.988701979159]},"properties":{"name":"全家便利商店股份有限公司-中和興南店","type":"連鎖型綠色商店","address":"235新北市中和區興南路一段９１號","number":"F000492","localcallservice":"02-82571522"}},{"type":"Feature","geometry":{"type":"Point","coordinates":[121.490557976761,24.991329999171]},"properties":{"name":"全家便利商店股份有限公司-中和錦中店","type":"連鎖型綠色商店","address":"235新北市中和區錦中里錦和路３５６號１樓","number":"F000293","localcallservice":"02-82571522"}},{"type":"Feature","geometry":{"type":"Point","coordinates":[121.490045004287,24.989141987166]},"properties":{"name":"全家便利商店股份有限公司-中和錦和店","type":"連鎖型綠色商店","address":"235新北市中和區圓通路３９１之７號","number":"F000408","localcallservice":"02-82571522"}},{"type":"Feature","geometry":{"type":"Point","coordinates":[121.475694012584,25.006053189284]},"properties":{"name":"全家便利商店股份有限公司-中和環球店","type":"連鎖型綠色商店","address":"235新北市中和區中山路三段１２０之１１號","number":"F000341","localcallservice":"02-82571522"}},{"type":"Feature","geometry":{"type":"Point","coordinates":[121.498171007958,24.992704002649]},"properties":{"name":"全家便利商店股份有限公司-中和鎮陽店","type":"連鎖型綠色商店","address":"235新北市中和區德行里中正路１６７巷１８號一樓","number":"F000510","localcallservice":"02-82571522"}},{"type":"Feature","geometry":{"type":"Point","coordinates":[121.438098997547,25.084919019176]},"properties":{"name":"全家便利商店股份有限公司-五股工商店","type":"連鎖型綠色商店","address":"248新北市五股區五股村工商路８１號及８３號","number":"F000880","localcallservice":"02-29029199"}},{"type":"Feature","geometry":{"type":"Point","coordinates":[121.433298011047,25.087208997033]},"properties":{"name":"全家便利商店股份有限公司-五股五義店","type":"連鎖型綠色商店","address":"248新北市五股區工商路２０３號１樓","number":"F000399","localcallservice":"02-29029199"}},{"type":"Feature","geometry":{"type":"Point","coordinates":[121.434229994861,25.088923012414]},"properties":{"name":"全家便利商店股份有限公司-五股五福店","type":"連鎖型綠色商店","address":"248新北市五股區五福村五福路２４號","number":"F000646","localcallservice":"02-29029199"}},{"type":"Feature","geometry":{"type":"Point","coordinates":[121.450386029412,25.066181609904]},"properties":{"name":"全家便利商店股份有限公司-五股五權店","type":"連鎖型綠色商店","address":"248新北市五股區五工五路３４號","number":"F000339","localcallservice":"02-29029199"}},{"type":"Feature","geometry":{"type":"Point","coordinates":[121.433039010238,25.090082983994]},"properties":{"name":"全家便利商店股份有限公司-五股六福店","type":"連鎖型綠色商店","address":"248新北市五股區五福路７０號１樓","number":"F000337","localcallservice":"02-29029199"}},{"type":"Feature","geometry":{"type":"Point","coordinates":[121.432282295122,25.067192272167]},"properties":{"name":"全家便利商店股份有限公司-五股水碓店","type":"連鎖型綠色商店","address":"248新北市五股區成泰路一段７巷２１號、２３號１樓","number":"F000717","localcallservice":"02-29029199"}},{"type":"Feature","geometry":{"type":"Point","coordinates":[121.420812998629,25.096552011136]},"properties":{"name":"全家便利商店股份有限公司-五股民義店","type":"連鎖型綠色商店","address":"248新北市五股區民義路二段１６號１樓","number":"F000820","localcallservice":"02-29029199"}},{"type":"Feature","geometry":{"type":"Point","coordinates":[121.448003138158,25.104086713448]},"properties":{"name":"全家便利商店股份有限公司-五股成泰店","type":"連鎖型綠色商店","address":"248新北市五股區成泰路三段５７７巷１３８號１樓","number":"F000312","localcallservice":"02-29029199"}},{"type":"Feature","geometry":{"type":"Point","coordinates":[121.447657971386,25.095757993448]},"properties":{"name":"全家便利商店股份有限公司-五股西雲店","type":"連鎖型綠色商店","address":"248新北市五股區西雲路１８９號，１８９號之１","number":"F000513","localcallservice":"02-29029199"}},{"type":"Feature","geometry":{"type":"Point","coordinates":[121.450822726568,25.101223581052]},"properties":{"name":"全家便利商店股份有限公司-五股凌雲店","type":"連鎖型綠色商店","address":"248新北市五股區凌雲路一段８１號","number":"F000751","localcallservice":"02-29029199"}},{"type":"Feature","geometry":{"type":"Point","coordinates":[121.440444,25.0832969]},"properties":{"name":"全家便利商店股份有限公司-五股高亞店","type":"連鎖型綠色商店","address":"248新北市五股區興珍村中興路一段１４２號１４２之１號一","number":"F000848","localcallservice":"02-29029199"}},{"type":"Feature","geometry":{"type":"Point","coordinates":[121.45356671021,25.106600907215]},"properties":{"name":"全家便利商店股份有限公司-五股清水店","type":"連鎖型綠色商店","address":"248新北市五股區成泰路四段１８號","number":"F000675","localcallservice":"02-29029199"}},{"type":"Feature","geometry":{"type":"Point","coordinates":[121.42793652668,25.070483705527]},"properties":{"name":"全家便利商店股份有限公司-五股登林店","type":"連鎖型綠色商店","address":"248新北市五股區登林路１００之７號","number":"F000863","localcallservice":"02-29029199"}},{"type":"Feature","geometry":{"type":"Point","coordinates":[121.432035025876,25.070240001693]},"properties":{"name":"全家便利商店股份有限公司-五股貿商店","type":"連鎖型綠色商店","address":"248新北市五股區自強路１５４號１樓","number":"F000328","localcallservice":"02-29029199"}},{"type":"Feature","geometry":{"type":"Point","coordinates":[121.467463989494,25.072918983676]},"properties":{"name":"全家便利商店股份有限公司-五股維興店","type":"連鎖型綠色商店","address":"248新北市五股區四維路７８號．８０號１樓","number":"F000580","localcallservice":"02-29029199"}},{"type":"Feature","geometry":{"type":"Point","coordinates":[121.433993960467,25.072247006498]},"properties":{"name":"全家便利商店股份有限公司-五股德音店","type":"連鎖型綠色商店","address":"248新北市五股區水碓路１０號，１０號之１，一樓","number":"F000285","localcallservice":"02-29029199"}},{"type":"Feature","geometry":{"type":"Point","coordinates":[121.517147972024,25.007209011823]},"properties":{"name":"全家便利商店股份有限公司-永和大福店","type":"連鎖型綠色商店","address":"234新北市永和區中正路６０８．６１０．６１０之１號","number":"F000411","localcallservice":"02-82571522"}},{"type":"Feature","geometry":{"type":"Point","coordinates":[121.514226375853,25.013344103942]},"properties":{"name":"全家便利商店股份有限公司-永和仁和店","type":"連鎖型綠色商店","address":"234新北市永和區仁愛路３３號","number":"F000587","localcallservice":"02-82571522"}},{"type":"Feature","geometry":{"type":"Point","coordinates":[121.51237292261,25.013141461205]},"properties":{"name":"全家便利商店股份有限公司-永和仁愛店","type":"連鎖型綠色商店","address":"234新北市永和區仁愛路１０３、１０５號","number":"F000867","localcallservice":"02-82571522"}},{"type":"Feature","geometry":{"type":"Point","coordinates":[121.515357010772,25.015209999408]},"properties":{"name":"全家便利商店股份有限公司-永和文化店","type":"連鎖型綠色商店","address":"234新北市永和區文化路１８，２０，２２號１樓","number":"F000535","localcallservice":"02-82571522"}},{"type":"Feature","geometry":{"type":"Point","coordinates":[121.520640040525,25.008432015315]},"properties":{"name":"全家便利商店股份有限公司-永和市竹店","type":"連鎖型綠色商店","address":"234新北市永和區竹林路２０６號１樓","number":"F000721","localcallservice":"02-82571522"}},{"type":"Feature","geometry":{"type":"Point","coordinates":[121.517158030307,24.998855984304]},"properties":{"name":"全家便利商店股份有限公司-永和正中店","type":"連鎖型綠色商店","address":"234新北市永和區中正路２８４號","number":"F000482","localcallservice":"02-82571522"}},{"type":"Feature","geometry":{"type":"Point","coordinates":[121.52459403571,25.000873005484]},"properties":{"name":"全家便利商店股份有限公司-永和永元店","type":"連鎖型綠色商店","address":"234新北市永和區秀林里秀朗路二段１２６巷３０號永元路５","number":"F000810","localcallservice":"02-82571522"}},{"type":"Feature","geometry":{"type":"Point","coordinates":[121.508892970862,25.010949980938]},"properties":{"name":"全家便利商店股份有限公司-永和永平店","type":"連鎖型綠色商店","address":"234新北市永和區永平路２３２號","number":"F000637","localcallservice":"02-82571522"}},{"type":"Feature","geometry":{"type":"Point","coordinates":[121.520712963082,25.006031983069]},"properties":{"name":"全家便利商店股份有限公司-永和永亨店","type":"連鎖型綠色商店","address":"234新北市永和區永亨路６６號１樓","number":"F000366","localcallservice":"02-82571522"}},{"type":"Feature","geometry":{"type":"Point","coordinates":[121.517686006388,25.002133015079]},"properties":{"name":"全家便利商店股份有限公司-永和永和店","type":"連鎖型綠色商店","address":"234新北市永和區中正路４１４號１樓","number":"F000331","localcallservice":"02-82571522"}},{"type":"Feature","geometry":{"type":"Point","coordinates":[121.517896978891,25.014307980898]},"properties":{"name":"全家便利商店股份有限公司-永和永林店","type":"連鎖型綠色商店","address":"234新北市永和區竹林路３７號","number":"F000862","localcallservice":"02-82571522"}},{"type":"Feature","geometry":{"type":"Point","coordinates":[121.513433028717,25.007627981253]},"properties":{"name":"全家便利商店股份有限公司-永和永福店","type":"連鎖型綠色商店","address":"234新北市永和區永和路一段９３號","number":"F000459","localcallservice":"02-82571522"}},{"type":"Feature","geometry":{"type":"Point","coordinates":[121.526717004146,24.997444010804]},"properties":{"name":"全家便利商店股份有限公司-永和田單店","type":"連鎖型綠色商店","address":"234新北市永和區成功路二段１５７號１樓","number":"F000351","localcallservice":"02-82571522"}},{"type":"Feature","geometry":{"type":"Point","coordinates":[121.516554030365,25.016708013144]},"properties":{"name":"全家便利商店股份有限公司-永和光復店","type":"連鎖型綠色商店","address":"234新北市永和區光復街４號","number":"F000504","localcallservice":"02-82571522"}},{"type":"Feature","geometry":{"type":"Point","coordinates":[121.526999977197,25.001539995429]},"properties":{"name":"全家便利商店股份有限公司-永和秀成店","type":"連鎖型綠色商店","address":"234新北市永和區成功路一段１３７，１３９號","number":"F000814","localcallservice":"02-82571522"}},{"type":"Feature","geometry":{"type":"Point","coordinates":[121.515500425135,25.005882282278]},"properties":{"name":"全家便利商店股份有限公司-永和秀和店","type":"連鎖型綠色商店","address":"234新北市永和區秀朗路一段７８號","number":"F000528","localcallservice":"02-82571522"}},{"type":"Feature","geometry":{"type":"Point","coordinates":[121.526332023333,24.998982006218]},"properties":{"name":"全家便利商店股份有限公司-永和秀朗店","type":"連鎖型綠色商店","address":"234新北市永和區得和路４２０號","number":"F000276","localcallservice":"02-82571522"}},{"type":"Feature","geometry":{"type":"Point","coordinates":[121.510317978221,25.006499986633]},"properties":{"name":"全家便利商店股份有限公司-永和保平店","type":"連鎖型綠色商店","address":"234新北市永和區永貞路３５４號，３５６號","number":"F000615","localcallservice":"02-82571522"}},{"type":"Feature","geometry":{"type":"Point","coordinates":[121.510366006526,25.012992986018]},"properties":{"name":"全家便利商店股份有限公司-永和保福店","type":"連鎖型綠色商店","address":"234新北市永和區仁愛路１６２號，保福路二段９５號","number":"F000661","localcallservice":"02-82571522"}},{"type":"Feature","geometry":{"type":"Point","coordinates":[121.502133385046,25.008504602596]},"properties":{"name":"全家便利商店股份有限公司-永和紐約店","type":"連鎖型綠色商店","address":"234新北市永和區保順里仁愛路３０６巷３３號一樓","number":"F000641","localcallservice":"02-82571522"}},{"type":"Feature","geometry":{"type":"Point","coordinates":[121.517747026644,25.012107018853]},"properties":{"name":"全家便利商店股份有限公司-永和耕莘店","type":"連鎖型綠色商店","address":"234新北市永和區中興街９５號１樓","number":"F000403","localcallservice":"02-82571522"}},{"type":"Feature","geometry":{"type":"Point","coordinates":[121.528671999242,25.000599001069]},"properties":{"name":"全家便利商店股份有限公司-永和國艷店","type":"連鎖型綠色商店","address":"234新北市永和區民樂街３９巷２號１樓","number":"F000882","localcallservice":"02-82571522"}},{"type":"Feature","geometry":{"type":"Point","coordinates":[121.524465624953,24.999282413628]},"properties":{"name":"全家便利商店股份有限公司-永和得和店","type":"連鎖型綠色商店","address":"234新北市永和區得和路３７２號","number":"F000614","localcallservice":"02-82571522"}},{"type":"Feature","geometry":{"type":"Point","coordinates":[121.523216972837,25.009080020249]},"properties":{"name":"全家便利商店股份有限公司-永和御林店","type":"連鎖型綠色商店","address":"234新北市永和區竹林路２１３巷４４號１樓","number":"F000470","localcallservice":"02-82571522"}},{"type":"Feature","geometry":{"type":"Point","coordinates":[121.522440976241,24.99730499694]},"properties":{"name":"全家便利商店股份有限公司-永和教士店","type":"連鎖型綠色商店","address":"234新北市永和區民生路２４號１樓","number":"F000855","localcallservice":"02-82571522"}},{"type":"Feature","geometry":{"type":"Point","coordinates":[121.515665967723,25.012915998238]},"properties":{"name":"全家便利商店股份有限公司-永和頂溪店","type":"連鎖型綠色商店","address":"234新北市永和區復興街３號","number":"F000790","localcallservice":"02-82571522"}},{"type":"Feature","geometry":{"type":"Point","coordinates":[121.507829977902,25.008706983649]},"properties":{"name":"全家便利商店股份有限公司-永和勝田店","type":"連鎖型綠色商店","address":"234新北市永和區永貞路３９１號１樓","number":"F000636","localcallservice":"02-82571522"}},{"type":"Feature","geometry":{"type":"Point","coordinates":[121.519118976555,25.00313100638]},"properties":{"name":"全家便利商店股份有限公司-永和復興店","type":"連鎖型綠色商店","address":"234新北市永和區秀朗路一段１８６號１Ｆ","number":"F000846","localcallservice":"02-82571522"}},{"type":"Feature","geometry":{"type":"Point","coordinates":[121.523073977569,25.007158007942]},"properties":{"name":"全家便利商店股份有限公司-永和超富店","type":"連鎖型綠色商店","address":"234新北市永和區國中路１４８號１樓","number":"F000334","localcallservice":"02-82571522"}},{"type":"Feature","geometry":{"type":"Point","coordinates":[121.516180029845,25.007046989634]},"properties":{"name":"全家便利商店股份有限公司-永和雷霆店","type":"連鎖型綠色商店","address":"234新北市永和區福和路３１１．３１３號１樓","number":"F000797","localcallservice":"02-82571522"}},{"type":"Feature","geometry":{"type":"Point","coordinates":[121.520079039745,25.007504012905]},"properties":{"name":"全家便利商店股份有限公司-永和福和店","type":"連鎖型綠色商店","address":"234新北市永和區福和路１７３．１７５號","number":"F000509","localcallservice":"02-82571522"}},{"type":"Feature","geometry":{"type":"Point","coordinates":[121.510297023463,25.004183019048]},"properties":{"name":"全家便利商店股份有限公司-永和維源店","type":"連鎖型綠色商店","address":"234新北市永和區水源街３９巷２號","number":"F000794","localcallservice":"02-82571522"}},{"type":"Feature","geometry":{"type":"Point","coordinates":[121.51517797332,25.008344005332]},"properties":{"name":"全家便利商店股份有限公司-永和樂新店","type":"連鎖型綠色商店","address":"234新北市永和區大新街１８號１樓","number":"F000298","localcallservice":"02-82571522"}},{"type":"Feature","geometry":{"type":"Point","coordinates":[121.520555970036,25.015329106252]},"properties":{"name":"全家便利商店股份有限公司-永和環東店","type":"連鎖型綠色商店","address":"234新北市永和區環河東路一段１２２號，１２４號","number":"F000705","localcallservice":"02-82571522"}},{"type":"Feature","geometry":{"type":"Point","coordinates":[121.501217997401,25.010161998221]},"properties":{"name":"全家便利商店股份有限公司-永和環河店","type":"連鎖型綠色商店","address":"234新北市永和區環河西路二段２１９號，２２１號","number":"F000803","localcallservice":"02-82571522"}},{"type":"Feature","geometry":{"type":"Point","coordinates":[121.520026401393,24.996814613695]},"properties":{"name":"全家便利商店股份有限公司-永和騎士店","type":"連鎖型綠色商店","address":"234新北市永和區民權路５３號１樓","number":"F000616","localcallservice":"02-82571522"}},{"type":"Feature","geometry":{"type":"Point","coordinates":[121.507978002312,25.005778011403]},"properties":{"name":"全家便利商店股份有限公司-永和羅鄰店","type":"連鎖型綠色商店","address":"234新北市永和區保平路２６８巷２５號１樓","number":"F000788","localcallservice":"02-82571522"}},{"type":"Feature","geometry":{"type":"Point","coordinates":[121.691505974946,24.979017989235]},"properties":{"name":"全家便利商店股份有限公司-石碇華梵店","type":"連鎖型綠色商店","address":"223新北市石碇區華梵路１號","number":"F000394","localcallservice":"02-87732988"}},{"type":"Feature","geometry":{"type":"Point","coordinates":[121.617422020816,25.051235000161]},"properties":{"name":"全家便利商店股份有限公司-汐止力行店","type":"連鎖型綠色商店","address":"221新北市汐止區力行街１號","number":"F000874","localcallservice":"02-87732988"}},{"type":"Feature","geometry":{"type":"Point","coordinates":[121.673771963303,25.075769920403]},"properties":{"name":"全家便利商店股份有限公司-汐止大同店","type":"連鎖型綠色商店","address":"221新北市汐止區大同路三段２６９，２７１號","number":"F000372","localcallservice":"02-87732988"}},{"type":"Feature","geometry":{"type":"Point","coordinates":[121.638326235878,25.073287284501]},"properties":{"name":"全家便利商店股份有限公司-汐止日月光店","type":"連鎖型綠色商店","address":"221新北市汐止區康寧街７４７號．７４９號","number":"F000332","localcallservice":"02-87732988"}},{"type":"Feature","geometry":{"type":"Point","coordinates":[121.630137141495,25.077815183417]},"properties":{"name":"全家便利商店股份有限公司-汐止水蓮店","type":"連鎖型綠色商店","address":"221新北市汐止區湖前街１１０巷９７弄２４號Ｂ１之７","number":"F000370","localcallservice":"02-87732988"}},{"type":"Feature","geometry":{"type":"Point","coordinates":[121.653803000997,25.066310984579]},"properties":{"name":"全家便利商店股份有限公司-汐止宏國店","type":"連鎖型綠色商店","address":"221新北市汐止區大同路２段２８３號","number":"F000367","localcallservice":"02-87732988"}},{"type":"Feature","geometry":{"type":"Point","coordinates":[121.662391769543,25.066770815787]},"properties":{"name":"全家便利商店股份有限公司-汐止秀峰店","type":"連鎖型綠色商店","address":"221新北市汐止區忠孝東路２２８號","number":"F000412","localcallservice":"02-87732988"}},{"type":"Feature","geometry":{"type":"Point","coordinates":[121.647260338835,25.060304387035]},"properties":{"name":"全家便利商店股份有限公司-汐止亞太二店","type":"連鎖型綠色商店","address":"221新北市汐止區新臺五路一段８２至１１６號、Ｄ８—２號","number":"F000369","localcallservice":"02-87732988"}},{"type":"Feature","geometry":{"type":"Point","coordinates":[121.648487533279,25.060497799451]},"properties":{"name":"全家便利商店股份有限公司-汐止亞太店","type":"連鎖型綠色商店","address":"221新北市汐止區新臺五路一段９６號Ｃ棟","number":"F000355","localcallservice":"02-87732988"}},{"type":"Feature","geometry":{"type":"Point","coordinates":[121.621300997968,25.041415013858]},"properties":{"name":"全家便利商店股份有限公司-汐止宜興店","type":"連鎖型綠色商店","address":"221新北市汐止區宜興街１２號","number":"F000346","localcallservice":"02-87732988"}},{"type":"Feature","geometry":{"type":"Point","coordinates":[121.629334968342,25.070610020808]},"properties":{"name":"全家便利商店股份有限公司-汐止明峰店","type":"連鎖型綠色商店","address":"221新北市汐止區金龍里明峰街１６０號一樓","number":"F000438","localcallservice":"02-87732988"}},{"type":"Feature","geometry":{"type":"Point","coordinates":[121.655870732691,25.062979010429]},"properties":{"name":"全家便利商店股份有限公司-汐止青山店","type":"連鎖型綠色商店","address":"221新北市汐止區新臺五路一段２１２號；２１２之１號","number":"F000303","localcallservice":"02-87732988"}},{"type":"Feature","geometry":{"type":"Point","coordinates":[121.66181802827,25.073069019743]},"properties":{"name":"全家便利商店股份有限公司-汐止建安店","type":"連鎖型綠色商店","address":"221新北市汐止區建成路５９巷９號．１５號","number":"F000879","localcallservice":"02-87732988"}},{"type":"Feature","geometry":{"type":"Point","coordinates":[121.662351345471,25.073181577902]},"properties":{"name":"全家便利商店股份有限公司-汐止建成店","type":"連鎖型綠色商店","address":"221新北市汐止區建成路５７巷２號、６號１樓","number":"F000624","localcallservice":"02-87732988"}},{"type":"Feature","geometry":{"type":"Point","coordinates":[121.667075996132,25.070478005833]},"properties":{"name":"全家便利商店股份有限公司-汐止茄苳店","type":"連鎖型綠色商店","address":"221新北市汐止區崇德里茄苳路８４號、８６號１樓","number":"F000474","localcallservice":"02-87732988"}},{"type":"Feature","geometry":{"type":"Point","coordinates":[121.654763986196,25.057110001825]},"properties":{"name":"全家便利商店股份有限公司-汐止桂冠店","type":"連鎖型綠色商店","address":"221新北市汐止區水源路二段３４號","number":"F000420","localcallservice":"02-87732988"}},{"type":"Feature","geometry":{"type":"Point","coordinates":[121.662987974315,25.068366981609]},"properties":{"name":"全家便利商店股份有限公司-汐止站前店","type":"連鎖型綠色商店","address":"221新北市汐止區南昌街１６號","number":"F000368","localcallservice":"02-87732988"}},{"type":"Feature","geometry":{"type":"Point","coordinates":[121.621257998804,25.067618016651]},"properties":{"name":"全家便利商店股份有限公司-汐止康湖店","type":"連鎖型綠色商店","address":"221新北市汐止區康寧街１４１巷４１號","number":"F000358","localcallservice":"02-87732988"}},{"type":"Feature","geometry":{"type":"Point","coordinates":[121.622717120509,25.068212293586]},"properties":{"name":"全家便利商店股份有限公司-汐止康寧店","type":"連鎖型綠色商店","address":"221新北市汐止區康寧街１６９巷２３號１樓","number":"F000601","localcallservice":"02-87732988"}},{"type":"Feature","geometry":{"type":"Point","coordinates":[121.654450000103,25.060630987892]},"properties":{"name":"全家便利商店股份有限公司-汐止莊敬店","type":"連鎖型綠色商店","address":"221新北市汐止區莊敬街１３９號","number":"F000423","localcallservice":"02-87732988"}},{"type":"Feature","geometry":{"type":"Point","coordinates":[121.66322995986,25.067496981969]},"properties":{"name":"全家便利商店股份有限公司-汐止新忠孝店","type":"連鎖型綠色商店","address":"221新北市汐止區忠孝東路２５８號","number":"F000329","localcallservice":"02-87732988"}},{"type":"Feature","geometry":{"type":"Point","coordinates":[121.656688974079,25.064620019432]},"properties":{"name":"全家便利商店股份有限公司-汐止新興店","type":"連鎖型綠色商店","address":"221新北市汐止區新興路２１及２３號","number":"F000409","localcallservice":"02-87732988"}},{"type":"Feature","geometry":{"type":"Point","coordinates":[121.660929965629,25.069643000639]},"properties":{"name":"全家便利商店股份有限公司-汐止農會店","type":"連鎖型綠色商店","address":"221新北市汐止區中正路１０６號１樓","number":"F000872","localcallservice":"02-87732988"}},{"type":"Feature","geometry":{"type":"Point","coordinates":[121.645768276251,25.060902016731]},"properties":{"name":"全家便利商店股份有限公司-汐止遠科店","type":"連鎖型綠色商店","address":"221新北市汐止區新臺五路一段７５號Ｂ１","number":"F000356","localcallservice":"02-87732988"}},{"type":"Feature","geometry":{"type":"Point","coordinates":[121.64199398907,25.06485999332]},"properties":{"name":"全家便利商店股份有限公司-汐止樟中店","type":"連鎖型綠色商店","address":"221新北市汐止區樟樹一路１２７號１樓","number":"F000829","localcallservice":"02-87732988"}},{"type":"Feature","geometry":{"type":"Point","coordinates":[121.642474020665,25.066305997347]},"properties":{"name":"全家便利商店股份有限公司-汐止樟福店","type":"連鎖型綠色商店","address":"221新北市汐止區樟樹一路２２０號","number":"F000371","localcallservice":"02-87732988"}},{"type":"Feature","geometry":{"type":"Point","coordinates":[121.640971983616,25.069147001518]},"properties":{"name":"全家便利商店股份有限公司-汐止樟樹店","type":"連鎖型綠色商店","address":"221新北市汐止區樟樹二路２７９號，２８１號一樓","number":"F000653","localcallservice":"02-87732988"}},{"type":"Feature","geometry":{"type":"Point","coordinates":[121.641889969652,25.062284988846]},"properties":{"name":"全家便利商店股份有限公司-汐止樟興店","type":"連鎖型綠色商店","address":"221新北市汐止區樟樹一路１６號，１８號","number":"F000768","localcallservice":"02-87732988"}},{"type":"Feature","geometry":{"type":"Point","coordinates":[121.630915460005,25.06528679983]},"properties":{"name":"全家便利商店股份有限公司-汐止興福店","type":"連鎖型綠色商店","address":"221新北市汐止區福德二路１３４號","number":"F000770","localcallservice":"02-87732988"}},{"type":"Feature","geometry":{"type":"Point","coordinates":[121.653714991013,25.063647006202]},"properties":{"name":"全家便利商店股份有限公司-汐止龍安店","type":"連鎖型綠色商店","address":"221新北市汐止區大同路二段１８４巷１１號","number":"F000452","localcallservice":"02-87732988"}},{"type":"Feature","geometry":{"type":"Point","coordinates":[121.400413038861,25.077093003819]},"properties":{"name":"全家便利商店股份有限公司-林口工六店","type":"連鎖型綠色商店","address":"244新北市林口區東林村工六路７８號","number":"F000494","localcallservice":"02-29029199"}},{"type":"Feature","geometry":{"type":"Point","coordinates":[121.389415814257,25.077763095069]},"properties":{"name":"全家便利商店股份有限公司-林口中正店","type":"連鎖型綠色商店","address":"244新北市林口區中正路２６６號","number":"F000804","localcallservice":"02-29029199"}},{"type":"Feature","geometry":{"type":"Point","coordinates":[121.391746989168,25.077579992394]},"properties":{"name":"全家便利商店股份有限公司-林口中林店","type":"連鎖型綠色商店","address":"244新北市林口區林口路１號","number":"F000897","localcallservice":"02-29029199"}},{"type":"Feature","geometry":{"type":"Point","coordinates":[121.388482992253,25.08176499283]},"properties":{"name":"全家便利商店股份有限公司-林口竹林店","type":"連鎖型綠色商店","address":"244新北市林口區林口路１２６號１Ｆ","number":"F000725","localcallservice":"02-29029199"}},{"type":"Feature","geometry":{"type":"Point","coordinates":[121.378148273275,25.068548617451]},"properties":{"name":"全家便利商店股份有限公司-林口忠孝店","type":"連鎖型綠色商店","address":"244新北市林口區忠孝路６０１號","number":"F000856","localcallservice":"02-29029199"}},{"type":"Feature","geometry":{"type":"Point","coordinates":[121.381331971558,25.074226979666]},"properties":{"name":"全家便利商店股份有限公司-林口高中店","type":"連鎖型綠色商店","address":"244新北市林口區西林村仁愛路二段１６２號、１６４號１樓","number":"F000757","localcallservice":"02-29029199"}},{"type":"Feature","geometry":{"type":"Point","coordinates":[121.376298973978,25.070998102925]},"properties":{"name":"全家便利商店股份有限公司-林口國宅店","type":"連鎖型綠色商店","address":"244新北市林口區麗園一街４巷１號１之４","number":"F000688","localcallservice":"02-29029199"}},{"type":"Feature","geometry":{"type":"Point","coordinates":[121.392641002961,25.076270990575]},"properties":{"name":"全家便利商店股份有限公司-林口菁埔店","type":"連鎖型綠色商店","address":"244新北市林口區仁愛路一段２９２號","number":"F000592","localcallservice":"02-29029199"}},{"type":"Feature","geometry":{"type":"Point","coordinates":[121.37890876335,25.081250302066]},"properties":{"name":"全家便利商店股份有限公司-林口隆林店","type":"連鎖型綠色商店","address":"244新北市林口區文化二路二段９０．９２號","number":"F000304","localcallservice":"02-29029199"}},{"type":"Feature","geometry":{"type":"Point","coordinates":[121.366346972699,25.073865007178]},"properties":{"name":"全家便利商店股份有限公司-林口新林店","type":"連鎖型綠色商店","address":"244新北市林口區忠孝路１２８＆１３０號１樓","number":"F000427","localcallservice":"02-29029199"}},{"type":"Feature","geometry":{"type":"Point","coordinates":[121.370046996218,25.076117015014]},"properties":{"name":"全家便利商店股份有限公司-林口新都店","type":"連鎖型綠色商店","address":"244新北市林口區文化三路一段５５７號．５５９號１樓","number":"F000283","localcallservice":"02-29029199"}},{"type":"Feature","geometry":{"type":"Point","coordinates":[121.395881027633,25.077297019343]},"properties":{"name":"全家便利商店股份有限公司-林口僑大店","type":"連鎖型綠色商店","address":"244新北市林口區中正路３９號","number":"F000537","localcallservice":"02-29029199"}},{"type":"Feature","geometry":{"type":"Point","coordinates":[121.399764558351,25.085863355015]},"properties":{"name":"全家便利商店股份有限公司-林口醒吾店","type":"連鎖型綠色商店","address":"244新北市林口區粉寮路７號","number":"F000439","localcallservice":"02-29029199"}},{"type":"Feature","geometry":{"type":"Point","coordinates":[121.378725702585,25.083612280471]},"properties":{"name":"全家便利商店股份有限公司-林口麗林店","type":"連鎖型綠色商店","address":"244新北市林口區中山路５２２號１樓","number":"F000488","localcallservice":"02-29029199"}},{"type":"Feature","geometry":{"type":"Point","coordinates":[121.479225978944,25.013749997604]},"properties":{"name":"全家便利商店股份有限公司-板橋三民店","type":"連鎖型綠色商店","address":"220新北市板橋區三民路二段２０３之９號","number":"F000457","localcallservice":"02-82571522"}},{"type":"Feature","geometry":{"type":"Point","coordinates":[121.428494007061,24.991314995564]},"properties":{"name":"全家便利商店股份有限公司-板橋千甲店","type":"連鎖型綠色商店","address":"220新北市板橋區溪北里溪崑二街２６號一樓","number":"F000894","localcallservice":"02-29029199"}},{"type":"Feature","geometry":{"type":"Point","coordinates":[121.45307502777,25.016014997389]},"properties":{"name":"全家便利商店股份有限公司-板橋大仁店","type":"連鎖型綠色商店","address":"220新北市板橋區大仁街１０８之１號","number":"F000523","localcallservice":"02-82571522"}},{"type":"Feature","geometry":{"type":"Point","coordinates":[121.448762035672,25.002761993093]},"properties":{"name":"全家便利商店股份有限公司-板橋大安店","type":"連鎖型綠色商店","address":"220新北市板橋區大觀路二段３７巷３９號１樓","number":"F000296","localcallservice":"02-82571522"}},{"type":"Feature","geometry":{"type":"Point","coordinates":[121.456366517328,25.017001002569]},"properties":{"name":"全家便利商店股份有限公司-板橋大庭店","type":"連鎖型綠色商店","address":"220新北市板橋區中正路１９１號","number":"F000458","localcallservice":"02-82571522"}},{"type":"Feature","geometry":{"type":"Point","coordinates":[121.460801969031,25.001858004835]},"properties":{"name":"全家便利商店股份有限公司-板橋大隆店","type":"連鎖型綠色商店","address":"220新北市板橋區福星里忠孝路５０號一樓","number":"F000817","localcallservice":"02-82571522"}},{"type":"Feature","geometry":{"type":"Point","coordinates":[121.472008992672,25.022316009282]},"properties":{"name":"全家便利商店股份有限公司-板橋大萬店","type":"連鎖型綠色商店","address":"220新北市板橋區萬板路３２號１樓","number":"F000333","localcallservice":"02-82571522"}},{"type":"Feature","geometry":{"type":"Point","coordinates":[121.462970032107,24.999466019217]},"properties":{"name":"全家便利商店股份有限公司-板橋大豐店","type":"連鎖型綠色商店","address":"220新北市板橋區重慶路２７８之１號","number":"F000422","localcallservice":"02-82571522"}},{"type":"Feature","geometry":{"type":"Point","coordinates":[121.45417096161,25.009339984976]},"properties":{"name":"全家便利商店股份有限公司-板橋中勝店","type":"連鎖型綠色商店","address":"220新北市板橋區林園街２號","number":"F000827","localcallservice":"02-82571522"}},{"type":"Feature","geometry":{"type":"Point","coordinates":[121.467643613679,25.020115592061]},"properties":{"name":"全家便利商店股份有限公司-板橋介壽店","type":"連鎖型綠色商店","address":"220新北市板橋區介壽里介壽街２０號１樓","number":"F000288","localcallservice":"02-82571522"}},{"type":"Feature","geometry":{"type":"Point","coordinates":[121.432467029166,24.990204980127]},"properties":{"name":"全家便利商店股份有限公司-板橋公園店","type":"連鎖型綠色商店","address":"220新北市板橋區金門街２０６＆２０８號１樓","number":"F000857","localcallservice":"02-29029199"}},{"type":"Feature","geometry":{"type":"Point","coordinates":[121.467187973423,25.021160019106]},"properties":{"name":"全家便利商店股份有限公司-板橋文化店","type":"連鎖型綠色商店","address":"220新北市板橋區文化路一段２８０號","number":"F000760","localcallservice":"02-82571522"}},{"type":"Feature","geometry":{"type":"Point","coordinates":[121.469129976569,25.022076999313]},"properties":{"name":"全家便利商店股份有限公司-板橋文生店","type":"連鎖型綠色商店","address":"220新北市板橋區華江里民生路二段２２８號一樓","number":"F000643","localcallservice":"02-82571522"}},{"type":"Feature","geometry":{"type":"Point","coordinates":[121.478776960391,25.027877988772]},"properties":{"name":"全家便利商店股份有限公司-板橋文聖店","type":"連鎖型綠色商店","address":"220新北市板橋區文聖街１５７號","number":"F000687","localcallservice":"02-82571522"}},{"type":"Feature","geometry":{"type":"Point","coordinates":[121.464429321449,25.026681220637]},"properties":{"name":"全家便利商店股份有限公司-板橋四維店","type":"連鎖型綠色商店","address":"220新北市板橋區四維路１８０號","number":"F000876","localcallservice":"02-82571522"}},{"type":"Feature","geometry":{"type":"Point","coordinates":[121.454348574138,25.0213189819]},"properties":{"name":"全家便利商店股份有限公司-板橋正光店","type":"連鎖型綠色商店","address":"220新北市板橋區中正路３７７之１號，３７７之２號","number":"F000837","localcallservice":"02-82571522"}},{"type":"Feature","geometry":{"type":"Point","coordinates":[121.477222033533,25.013639985124]},"properties":{"name":"全家便利商店股份有限公司-板橋正隆店","type":"連鎖型綠色商店","address":"220新北市板橋區正泰里三民路二段正隆巷３４號一樓","number":"F000443","localcallservice":"02-82571522"}},{"type":"Feature","geometry":{"type":"Point","coordinates":[121.467766995294,25.024654015445]},"properties":{"name":"全家便利商店股份有限公司-板橋民生店","type":"連鎖型綠色商店","address":"220新北市板橋區民生路三段２４號，２６號．２８號一樓","number":"F000590","localcallservice":"02-82571522"}},{"type":"Feature","geometry":{"type":"Point","coordinates":[121.465209006083,25.008880991958]},"properties":{"name":"全家便利商店股份有限公司-板橋民族店","type":"連鎖型綠色商店","address":"220新北市板橋區民族路６１號","number":"F000780","localcallservice":"02-82571522"}},{"type":"Feature","geometry":{"type":"Point","coordinates":[121.458976977253,25.013898902113]},"properties":{"name":"全家便利商店股份有限公司-板橋民權店","type":"連鎖型綠色商店","address":"220新北市板橋區民權路２０４號","number":"F000326","localcallservice":"02-82571522"}},{"type":"Feature","geometry":{"type":"Point","coordinates":[121.467540013356,25.025905014493]},"properties":{"name":"全家便利商店股份有限公司-板橋永炘店","type":"連鎖型綠色商店","address":"220新北市板橋區光武街３４號","number":"F000611","localcallservice":"02-82571522"}},{"type":"Feature","geometry":{"type":"Point","coordinates":[121.472381735906,25.015195917811]},"properties":{"name":"全家便利商店股份有限公司-板橋光仁店","type":"連鎖型綠色商店","address":"220新北市板橋區中山路二段２３號","number":"F000534","localcallservice":"02-82571522"}},{"type":"Feature","geometry":{"type":"Point","coordinates":[121.470506033614,25.02436098411]},"properties":{"name":"全家便利商店股份有限公司-板橋光芒店","type":"連鎖型綠色商店","address":"220新北市板橋區莒光路４２號","number":"F000281","localcallservice":"02-82571522"}},{"type":"Feature","geometry":{"type":"Point","coordinates":[121.482629031633,25.021129006064]},"properties":{"name":"全家便利商店股份有限公司-板橋光復店","type":"連鎖型綠色商店","address":"220新北市板橋區中山路二段５０３號１樓","number":"F000497","localcallservice":"02-82571522"}},{"type":"Feature","geometry":{"type":"Point","coordinates":[121.454065014354,25.011353988671]},"properties":{"name":"全家便利商店股份有限公司-板橋光華店","type":"連鎖型綠色商店","address":"220新北市板橋區光華街３號","number":"F000878","localcallservice":"02-82571522"}},{"type":"Feature","geometry":{"type":"Point","coordinates":[121.455810964785,25.005745992533]},"properties":{"name":"全家便利商店股份有限公司-板橋再興店","type":"連鎖型綠色商店","address":"220新北市板橋區南雅南路一段７號１樓","number":"F000350","localcallservice":"02-82571522"}},{"type":"Feature","geometry":{"type":"Point","coordinates":[121.478881985638,25.030989015955]},"properties":{"name":"全家便利商店股份有限公司-板橋江翠店","type":"連鎖型綠色商店","address":"220新北市板橋區懷德街１２７巷１，３號１Ｆ","number":"F000806","localcallservice":"02-82571522"}},{"type":"Feature","geometry":{"type":"Point","coordinates":[121.451673992654,25.013832014526]},"properties":{"name":"全家便利商店股份有限公司-板橋西華店","type":"連鎖型綠色商店","address":"220新北市板橋區南雅西路二段１７０號","number":"F000909","localcallservice":"02-82571522"}},{"type":"Feature","geometry":{"type":"Point","coordinates":[121.455502007834,25.005569008647]},"properties":{"name":"全家便利商店股份有限公司-板橋佑昇店","type":"連鎖型綠色商店","address":"220新北市板橋區湳興里南雅南路一段６０號一樓","number":"F000619","localcallservice":"02-82571522"}},{"type":"Feature","geometry":{"type":"Point","coordinates":[121.456270963632,25.021275982736]},"properties":{"name":"全家便利商店股份有限公司-板橋甫華店","type":"連鎖型綠色商店","address":"220新北市板橋區新生街２７號１樓","number":"F000260","localcallservice":"02-82571522"}},{"type":"Feature","geometry":{"type":"Point","coordinates":[121.454058979384,24.994785983579]},"properties":{"name":"全家便利商店股份有限公司-板橋亞東店","type":"連鎖型綠色商店","address":"220新北市板橋區四川路二段４７巷４弄２號","number":"F000257","localcallservice":"02-82571522"}},{"type":"Feature","geometry":{"type":"Point","coordinates":[121.469830033122,25.011730000848]},"properties":{"name":"全家便利商店股份有限公司-板橋東昇店","type":"連鎖型綠色商店","address":"220新北市板橋區漢生東路１８９號","number":"F000441","localcallservice":"02-82571522"}},{"type":"Feature","geometry":{"type":"Point","coordinates":[121.479274091068,25.0148756872]},"properties":{"name":"全家便利商店股份有限公司-板橋板三店","type":"連鎖型綠色商店","address":"220新北市板橋區三民路二段１５５號１樓","number":"F000380","localcallservice":"02-82571522"}},{"type":"Feature","geometry":{"type":"Point","coordinates":[121.471226961106,25.029144997256]},"properties":{"name":"全家便利商店股份有限公司-板橋板文店","type":"連鎖型綠色商店","address":"220新北市板橋區文化路二段２６１號１樓","number":"F000375","localcallservice":"02-82571522"}},{"type":"Feature","geometry":{"type":"Point","coordinates":[121.463939985942,25.01069529681]},"properties":{"name":"全家便利商店股份有限公司-板橋板民店","type":"連鎖型綠色商店","address":"220新北市板橋區新民街３９號１樓","number":"F000359","localcallservice":"02-82571522"}},{"type":"Feature","geometry":{"type":"Point","coordinates":[121.472914992586,25.013969016734]},"properties":{"name":"全家便利商店股份有限公司-板橋板長店","type":"連鎖型綠色商店","address":"220新北市板橋區板新路９７＆９９號１樓","number":"F000354","localcallservice":"02-82571522"}},{"type":"Feature","geometry":{"type":"Point","coordinates":[121.458824771765,25.008811607683]},"properties":{"name":"全家便利商店股份有限公司-板橋板農店","type":"連鎖型綠色商店","address":"220新北市板橋區府中路２９—１號１樓","number":"F000307","localcallservice":"02-82571522"}},{"type":"Feature","geometry":{"type":"Point","coordinates":[121.462578010495,25.03001298524]},"properties":{"name":"全家便利商店股份有限公司-板橋板維店","type":"連鎖型綠色商店","address":"220新北市板橋區四維路３１４號１樓","number":"F000365","localcallservice":"02-82571522"}},{"type":"Feature","geometry":{"type":"Point","coordinates":[121.474217037425,25.029750003028]},"properties":{"name":"全家便利商店股份有限公司-板橋松柏店","type":"連鎖型綠色商店","address":"220新北市板橋區松柏街１３號","number":"F000460","localcallservice":"02-82571522"}},{"type":"Feature","geometry":{"type":"Point","coordinates":[121.430109032164,24.986480020446]},"properties":{"name":"全家便利商店股份有限公司-板橋金門店","type":"連鎖型綠色商店","address":"220新北市板橋區金門街２９９號","number":"F000682","localcallservice":"02-29029199"}},{"type":"Feature","geometry":{"type":"Point","coordinates":[121.426983001375,24.983842989888]},"properties":{"name":"全家便利商店股份有限公司-板橋金鑫店","type":"連鎖型綠色商店","address":"220新北市板橋區金門街３７６號１樓","number":"F000473","localcallservice":"02-29029199"}},{"type":"Feature","geometry":{"type":"Point","coordinates":[121.433467996043,24.994094015562]},"properties":{"name":"全家便利商店股份有限公司-板橋金鑽店","type":"連鎖型綠色商店","address":"220新北市板橋區成和里金門街２９號","number":"F000731","localcallservice":"02-29029199"}},{"type":"Feature","geometry":{"type":"Point","coordinates":[121.474574022682,25.012094990822]},"properties":{"name":"全家便利商店股份有限公司-板橋長安店","type":"連鎖型綠色商店","address":"220新北市板橋區長安街２１０號","number":"F000912","localcallservice":"02-82571522"}},{"type":"Feature","geometry":{"type":"Point","coordinates":[121.459692037413,25.029596991385]},"properties":{"name":"全家便利商店股份有限公司-板橋長江店","type":"連鎖型綠色商店","address":"220新北市板橋區長江路一段１０８號１樓","number":"F000496","localcallservice":"02-82571522"}},{"type":"Feature","geometry":{"type":"Point","coordinates":[121.471608002424,25.012329013558]},"properties":{"name":"全家便利商店股份有限公司-板橋長東店","type":"連鎖型綠色商店","address":"220新北市板橋區長安街３３１巷１０９號，１１１號","number":"F000270","localcallservice":"02-82571522"}},{"type":"Feature","geometry":{"type":"Point","coordinates":[121.479424378592,25.01663131873]},"properties":{"name":"全家便利商店股份有限公司-板橋長壽店","type":"連鎖型綠色商店","address":"220新北市板橋區三民路二段８３號","number":"F000279","localcallservice":"02-82571522"}},{"type":"Feature","geometry":{"type":"Point","coordinates":[121.457311996006,24.993377991483]},"properties":{"name":"全家便利商店股份有限公司-板橋信陽店","type":"連鎖型綠色商店","address":"220新北市板橋區信義里信義路７２號一樓","number":"F000671","localcallservice":"02-82571522"}},{"type":"Feature","geometry":{"type":"Point","coordinates":[121.451470982959,24.992883710653]},"properties":{"name":"全家便利商店股份有限公司-板橋帝國店","type":"連鎖型綠色商店","address":"220新北市板橋區四川路二段２４５巷３號１樓","number":"F000916","localcallservice":"02-82571522"}},{"type":"Feature","geometry":{"type":"Point","coordinates":[121.456695168347,25.018611347096]},"properties":{"name":"全家便利商店股份有限公司-板橋美庭店","type":"連鎖型綠色商店","address":"220新北市板橋區中正路２１６巷２１號、２３號１樓","number":"F000467","localcallservice":"02-82571522"}},{"type":"Feature","geometry":{"type":"Point","coordinates":[121.443271972911,25.001895010938]},"properties":{"name":"全家便利商店股份有限公司-板橋美堤店","type":"連鎖型綠色商店","address":"220新北市板橋區龍興街７１巷１號１樓","number":"F000602","localcallservice":"02-82571522"}},{"type":"Feature","geometry":{"type":"Point","coordinates":[121.466116430921,25.020402295059]},"properties":{"name":"全家便利商店股份有限公司-板橋致理店","type":"連鎖型綠色商店","address":"220新北市板橋區文化路一段３１５號１樓","number":"F000854","localcallservice":"02-82571522"}},{"type":"Feature","geometry":{"type":"Point","coordinates":[121.461928999732,25.007062999069]},"properties":{"name":"全家便利商店股份有限公司-板橋重慶店","type":"連鎖型綠色商店","address":"220新北市板橋區重慶路６７號","number":"F000258","localcallservice":"02-82571522"}},{"type":"Feature","geometry":{"type":"Point","coordinates":[121.467122621679,25.023962590652]},"properties":{"name":"全家便利商店股份有限公司-板橋首富店","type":"連鎖型綠色商店","address":"220新北市板橋區新埔里民生路三段２３號１樓","number":"F000546","localcallservice":"02-82571522"}},{"type":"Feature","geometry":{"type":"Point","coordinates":[121.481767036711,25.023314000584]},"properties":{"name":"全家便利商店股份有限公司-板橋振興店","type":"連鎖型綠色商店","address":"220新北市板橋區三民路一段３１巷８９弄３號","number":"F000716","localcallservice":"02-82571522"}},{"type":"Feature","geometry":{"type":"Point","coordinates":[121.4740773111,25.01948979917]},"properties":{"name":"全家便利商店股份有限公司-板橋偉豐店","type":"連鎖型綠色商店","address":"220新北市板橋區永豐街１０９號１樓","number":"F000805","localcallservice":"02-82571522"}},{"type":"Feature","geometry":{"type":"Point","coordinates":[121.464362421273,25.003017258923]},"properties":{"name":"全家便利商店股份有限公司-板橋國民店","type":"連鎖型綠色商店","address":"220新北市板橋區實踐路１３２號１樓","number":"F000261","localcallservice":"02-82571522"}},{"type":"Feature","geometry":{"type":"Point","coordinates":[121.429239074434,24.987457517994]},"properties":{"name":"全家便利商店股份有限公司-板橋堂春店","type":"連鎖型綠色商店","address":"220新北市板橋區篤行路三段１號１樓","number":"F000465","localcallservice":"02-29029199"}},{"type":"Feature","geometry":{"type":"Point","coordinates":[121.431751969006,24.99406300252]},"properties":{"name":"全家便利商店股份有限公司-板橋崑崙店","type":"連鎖型綠色商店","address":"220新北市板橋區篤行路一段３０號１樓","number":"F000402","localcallservice":"02-29029199"}},{"type":"Feature","geometry":{"type":"Point","coordinates":[121.474308986903,25.02252999927]},"properties":{"name":"全家便利商店股份有限公司-板橋莒光店","type":"連鎖型綠色商店","address":"220新北市板橋區莒光路２２５，２２７號","number":"F000777","localcallservice":"02-82571522"}},{"type":"Feature","geometry":{"type":"Point","coordinates":[121.472924967051,25.024170002446]},"properties":{"name":"全家便利商店股份有限公司-板橋莒安店","type":"連鎖型綠色商店","address":"220新北市板橋區莒光路１３１號","number":"F000451","localcallservice":"02-82571522"}},{"type":"Feature","geometry":{"type":"Point","coordinates":[121.475234013738,25.031652988415]},"properties":{"name":"全家便利商店股份有限公司-板橋勝文店","type":"連鎖型綠色商店","address":"220新北市板橋區仁化街４６號１樓","number":"F000900","localcallservice":"02-82571522"}},{"type":"Feature","geometry":{"type":"Point","coordinates":[121.479226398039,25.02165308456]},"properties":{"name":"全家便利商店股份有限公司-板橋富山店","type":"連鎖型綠色商店","address":"220新北市板橋區三民路一段９４號，９６號","number":"F000450","localcallservice":"02-82571522"}},{"type":"Feature","geometry":{"type":"Point","coordinates":[121.464383723896,25.031464395594]},"properties":{"name":"全家便利商店股份有限公司-板橋富華店","type":"連鎖型綠色商店","address":"220新北市板橋區長江路二段４７號１樓","number":"F000583","localcallservice":"02-82571522"}},{"type":"Feature","geometry":{"type":"Point","coordinates":[121.457707035103,25.028438989552]},"properties":{"name":"全家便利商店股份有限公司-板橋富貴店","type":"連鎖型綠色商店","address":"220新北市板橋區新海路４６２，４６４，４６６號１樓","number":"F000617","localcallservice":"02-82571522"}},{"type":"Feature","geometry":{"type":"Point","coordinates":[121.461081002588,25.0178189925]},"properties":{"name":"全家便利商店股份有限公司-板橋富陽店","type":"連鎖型綠色商店","address":"220新北市板橋區漢生里復興街１３０號一樓","number":"F000727","localcallservice":"02-82571522"}},{"type":"Feature","geometry":{"type":"Point","coordinates":[121.470927391886,25.031575581539]},"properties":{"name":"全家便利商店股份有限公司-板橋華江店","type":"連鎖型綠色商店","address":"220新北市板橋區雙十路三段５４號","number":"F000733","localcallservice":"02-82571522"}},{"type":"Feature","geometry":{"type":"Point","coordinates":[121.464426974517,25.023066985897]},"properties":{"name":"全家便利商店股份有限公司-板橋華陽店","type":"連鎖型綠色商店","address":"220新北市板橋區陽明里陽明街９０號一樓","number":"F000382","localcallservice":"02-82571522"}},{"type":"Feature","geometry":{"type":"Point","coordinates":[121.458003000104,25.004599012902]},"properties":{"name":"全家便利商店股份有限公司-板橋華興店","type":"連鎖型綠色商店","address":"220新北市板橋區華興街４１．４３號","number":"F000726","localcallservice":"02-82571522"}},{"type":"Feature","geometry":{"type":"Point","coordinates":[121.45841798813,24.999617983121]},"properties":{"name":"全家便利商店股份有限公司-板橋愛買店","type":"連鎖型綠色商店","address":"220新北市板橋區四川路一段３６７號","number":"F000730","localcallservice":"02-82571522"}},{"type":"Feature","geometry":{"type":"Point","coordinates":[121.466747001497,25.018968319064]},"properties":{"name":"全家便利商店股份有限公司-板橋新民店","type":"連鎖型綠色商店","address":"220新北市板橋區文化路一段１８８巷４２號１樓","number":"F000398","localcallservice":"02-82571522"}},{"type":"Feature","geometry":{"type":"Point","coordinates":[121.460502986545,25.024092008837]},"properties":{"name":"全家便利商店股份有限公司-板橋新農店","type":"連鎖型綠色商店","address":"220新北市板橋區新海路３２８，３３０號１樓","number":"F000448","localcallservice":"02-82571522"}},{"type":"Feature","geometry":{"type":"Point","coordinates":[121.425790005096,24.987758009223]},"properties":{"name":"全家便利商店股份有限公司-板橋溪崑店","type":"連鎖型綠色商店","address":"220新北市板橋區溪崑二街１３４、１３６、１３８號１樓","number":"F000708","localcallservice":"02-29029199"}},{"type":"Feature","geometry":{"type":"Point","coordinates":[121.461732025008,25.028883984792]},"properties":{"name":"全家便利商店股份有限公司-板橋裕民店","type":"連鎖型綠色商店","address":"220新北市板橋區裕民街４４號１樓","number":"F000385","localcallservice":"02-82571522"}},{"type":"Feature","geometry":{"type":"Point","coordinates":[121.460243985737,25.027905984329]},"properties":{"name":"全家便利商店股份有限公司-板橋裕盛店","type":"連鎖型綠色商店","address":"220新北市板橋區裕民街９５號","number":"F000799","localcallservice":"02-82571522"}},{"type":"Feature","geometry":{"type":"Point","coordinates":[121.467429036958,25.009159983606]},"properties":{"name":"全家便利商店股份有限公司-板橋運山店","type":"連鎖型綠色商店","address":"220新北市板橋區海山路３３號","number":"F000259","localcallservice":"02-82571522"}},{"type":"Feature","geometry":{"type":"Point","coordinates":[121.446744008663,25.011812981689]},"properties":{"name":"全家便利商店股份有限公司-板橋僑中店","type":"連鎖型綠色商店","address":"220新北市板橋區僑中一街１００號１樓","number":"F000461","localcallservice":"02-82571522"}},{"type":"Feature","geometry":{"type":"Point","coordinates":[121.481408961807,25.01843799605]},"properties":{"name":"全家便利商店股份有限公司-板橋福樂店","type":"連鎖型綠色商店","address":"220新北市板橋區三民路二段２１巷８號１樓","number":"F000853","localcallservice":"02-82571522"}},{"type":"Feature","geometry":{"type":"Point","coordinates":[121.462741960521,24.992131015748]},"properties":{"name":"全家便利商店股份有限公司-板橋廣和店","type":"連鎖型綠色商店","address":"220新北市板橋區廣福里廣和街７９號１樓","number":"F000677","localcallservice":"02-82571522"}},{"type":"Feature","geometry":{"type":"Point","coordinates":[121.475938931795,25.012017500127]},"properties":{"name":"全家便利商店股份有限公司-板橋廣隆店","type":"連鎖型綠色商店","address":"220新北市板橋區民生路一段３３號１樓","number":"F000885","localcallservice":"02-82571522"}},{"type":"Feature","geometry":{"type":"Point","coordinates":[121.445524022656,25.006548014938]},"properties":{"name":"全家便利商店股份有限公司-板橋橋興店","type":"連鎖型綠色商店","address":"220新北市板橋區僑中二街１１６巷２號","number":"F000841","localcallservice":"02-82571522"}},{"type":"Feature","geometry":{"type":"Point","coordinates":[121.431609895747,24.99137421371]},"properties":{"name":"全家便利商店股份有限公司-板橋篤行店","type":"連鎖型綠色商店","address":"220新北市板橋區篤行路二段１０３，１０５號１樓","number":"F000273","localcallservice":"02-29029199"}},{"type":"Feature","geometry":{"type":"Point","coordinates":[121.456341958352,25.008046992593]},"properties":{"name":"全家便利商店股份有限公司-板橋館欣店","type":"連鎖型綠色商店","address":"220新北市板橋區館前西路１３８號","number":"F000277","localcallservice":"02-82571522"}},{"type":"Feature","geometry":{"type":"Point","coordinates":[121.462971037935,25.007540683731]},"properties":{"name":"全家便利商店股份有限公司-板橋館前店","type":"連鎖型綠色商店","address":"220新北市板橋區館前東路１０６號","number":"F000665","localcallservice":"02-82571522"}},{"type":"Feature","geometry":{"type":"Point","coordinates":[121.472460022882,25.029095879304]},"properties":{"name":"全家便利商店股份有限公司-板橋龍江店","type":"連鎖型綠色商店","address":"220新北市板橋區文化路二段１８２巷３弄９１，９３號１樓","number":"F000795","localcallservice":"02-82571522"}},{"type":"Feature","geometry":{"type":"Point","coordinates":[121.457034471192,25.024207218096]},"properties":{"name":"全家便利商店股份有限公司-板橋龍泉店","type":"連鎖型綠色商店","address":"220新北市板橋區龍泉街１２２號","number":"F000908","localcallservice":"02-82571522"}},{"type":"Feature","geometry":{"type":"Point","coordinates":[121.477002595308,25.025981708908]},"properties":{"name":"全家便利商店股份有限公司-板橋雙十店","type":"連鎖型綠色商店","address":"220新北市板橋區雙十路二段６—８號，６—９號，６—１０","number":"F000893","localcallservice":"02-82571522"}},{"type":"Feature","geometry":{"type":"Point","coordinates":[121.467137011451,25.015357981909]},"properties":{"name":"全家便利商店股份有限公司-板橋雙城店","type":"連鎖型綠色商店","address":"220新北市板橋區縣民大道二段１０６號１樓","number":"F000352","localcallservice":"02-82571522"}},{"type":"Feature","geometry":{"type":"Point","coordinates":[121.47911902586,25.031567995917]},"properties":{"name":"全家便利商店股份有限公司-板橋懷翠店","type":"連鎖型綠色商店","address":"220新北市板橋區懷翠里民治街９７號，９９號一樓","number":"F000744","localcallservice":"02-82571522"}},{"type":"Feature","geometry":{"type":"Point","coordinates":[121.465602871713,25.024702085659]},"properties":{"name":"全家便利商店股份有限公司-板橋羅德店","type":"連鎖型綠色商店","address":"220新北市板橋區明翠里四維路１１０號一樓","number":"F000294","localcallservice":"02-82571522"}},{"type":"Feature","geometry":{"type":"Point","coordinates":[121.637861291709,25.221272299635]},"properties":{"name":"全家便利商店股份有限公司-金山中山店","type":"連鎖型綠色商店","address":"208新北市金山鄉中山路２０５號","number":"F000618","localcallservice":"02-87732988"}},{"type":"Feature","geometry":{"type":"Point","coordinates":[121.424196018569,25.039173986315]},"properties":{"name":"全家便利商店股份有限公司-泰山工專店","type":"連鎖型綠色商店","address":"243新北市泰山區明志路三段１７０號","number":"F000275","localcallservice":"02-29029199"}},{"type":"Feature","geometry":{"type":"Point","coordinates":[121.371334778526,25.080245041791]},"properties":{"name":"全家便利商店股份有限公司-泰山民權店","type":"連鎖型綠色商店","address":"243新北市泰山區民權路２９號１樓","number":"F000781","localcallservice":"02-29029199"}},{"type":"Feature","geometry":{"type":"Point","coordinates":[121.434208537188,25.056120015241]},"properties":{"name":"全家便利商店股份有限公司-泰山全興店","type":"連鎖型綠色商店","address":"243新北市泰山區福泰村全興路１６５號一樓","number":"F000644","localcallservice":"02-29029199"}},{"type":"Feature","geometry":{"type":"Point","coordinates":[121.432814961967,25.053839006021]},"properties":{"name":"全家便利商店股份有限公司-泰山同興店","type":"連鎖型綠色商店","address":"243新北市泰山區仁義路２２０巷８號１樓","number":"F000320","localcallservice":"02-29029199"}},{"type":"Feature","geometry":{"type":"Point","coordinates":[121.42507201127,25.043710984776]},"properties":{"name":"全家便利商店股份有限公司-泰山明豐店","type":"連鎖型綠色商店","address":"243新北市泰山區明志路二段３８３號１樓","number":"F000302","localcallservice":"02-29029199"}},{"type":"Feature","geometry":{"type":"Point","coordinates":[121.434497964305,25.059121993864]},"properties":{"name":"全家便利商店股份有限公司-泰山泰林店","type":"連鎖型綠色商店","address":"243新北市泰山區泰林路二段１０９號１樓","number":"F000703","localcallservice":"02-29029199"}},{"type":"Feature","geometry":{"type":"Point","coordinates":[121.425862005644,25.041774010771]},"properties":{"name":"全家便利商店股份有限公司-泰山貴子店","type":"連鎖型綠色商店","address":"243新北市泰山區貴子路２８號","number":"F000667","localcallservice":"02-29029199"}},{"type":"Feature","geometry":{"type":"Point","coordinates":[121.429574015285,25.052822993627]},"properties":{"name":"全家便利商店股份有限公司-泰山義學店","type":"連鎖型綠色商店","address":"243新北市泰山區明志路二段４７號","number":"F000628","localcallservice":"02-29029199"}},{"type":"Feature","geometry":{"type":"Point","coordinates":[121.432628716078,25.058273493805]},"properties":{"name":"全家便利商店股份有限公司-泰山福興店","type":"連鎖型綠色商店","address":"243新北市泰山區同興村福興一街６０號一樓","number":"F000519","localcallservice":"02-29029199"}},{"type":"Feature","geometry":{"type":"Point","coordinates":[121.4318155,25.0542273]},"properties":{"name":"全家便利商店股份有限公司-泰山黎明店","type":"連鎖型綠色商店","address":"243新北市泰山區泰林路５７５號、５７７號１樓","number":"F000655","localcallservice":"02-29029199"}},{"type":"Feature","geometry":{"type":"Point","coordinates":[121.428718977342,25.063865983423]},"properties":{"name":"全家便利商店股份有限公司-泰山憲訓店","type":"連鎖型綠色商店","address":"243新北市泰山區泰林路２段３６４號１樓","number":"F000759","localcallservice":"02-29029199"}},{"type":"Feature","geometry":{"type":"Point","coordinates":[121.430677073743,25.057787888245]},"properties":{"name":"全家便利商店股份有限公司-泰山辭修店","type":"連鎖型綠色商店","address":"243新北市泰山區明志路一段３７４號１樓","number":"F000784","localcallservice":"02-29029199"}},{"type":"Feature","geometry":{"type":"Point","coordinates":[121.424124018021,25.064065011714]},"properties":{"name":"全家便利商店股份有限公司-泰山麗池店","type":"連鎖型綠色商店","address":"243新北市泰山區泰林路二段５１８號","number":"F000719","localcallservice":"02-29029199"}},{"type":"Feature","geometry":{"type":"Point","coordinates":[121.548145004338,24.864575003676]},"properties":{"name":"全家便利商店股份有限公司-烏來泉鄉店","type":"連鎖型綠色商店","address":"233新北市烏來區烏來村環山路６０號１樓","number":"F000823","localcallservice":"02-82571522"}},{"type":"Feature","geometry":{"type":"Point","coordinates":[121.552194972314,24.864655008942]},"properties":{"name":"全家便利商店股份有限公司-烏來泰雅店","type":"連鎖型綠色商店","address":"233新北市烏來區烏來街６號１樓","number":"F000773","localcallservice":"02-82571522"}},{"type":"Feature","geometry":{"type":"Point","coordinates":[121.924842988106,25.055572006412]},"properties":{"name":"全家便利商店股份有限公司-貢寮澳底一店","type":"連鎖型綠色商店","address":"228新北市貢寮區大澳街１之１、３號１樓","number":"F000464","localcallservice":"02-87732988"}},{"type":"Feature","geometry":{"type":"Point","coordinates":[121.443011966275,25.172222994814]},"properties":{"name":"全家便利商店股份有限公司-淡水日源店","type":"連鎖型綠色商店","address":"251新北市淡水區水源街１段２６號１樓","number":"F000348","localcallservice":"02-25221128"}},{"type":"Feature","geometry":{"type":"Point","coordinates":[121.447370472107,25.171741915481]},"properties":{"name":"全家便利商店股份有限公司-淡水水源店","type":"連鎖型綠色商店","address":"251新北市淡水區水源街一段１２４號１樓","number":"F000552","localcallservice":"02-25221128"}},{"type":"Feature","geometry":{"type":"Point","coordinates":[121.459427001634,25.133700019277]},"properties":{"name":"全家便利商店股份有限公司-淡水世紀店","type":"連鎖型綠色商店","address":"251新北市淡水區民權路１８５－１０號一樓","number":"F000342","localcallservice":"02-25221128"}},{"type":"Feature","geometry":{"type":"Point","coordinates":[121.448487025429,25.177208005999]},"properties":{"name":"全家便利商店股份有限公司-淡水北新店","type":"連鎖型綠色商店","address":"251新北市淡水區水碓里北新路１８２巷３９號１樓","number":"F000662","localcallservice":"02-25221128"}},{"type":"Feature","geometry":{"type":"Point","coordinates":[121.452961033887,25.16215201242]},"properties":{"name":"全家便利商店股份有限公司-淡水正中店","type":"連鎖型綠色商店","address":"251新北市淡水區竿蓁里中正東路一段７７號７９號","number":"F000869","localcallservice":"02-25221128"}},{"type":"Feature","geometry":{"type":"Point","coordinates":[121.440576017574,25.174827000673]},"properties":{"name":"全家便利商店股份有限公司-淡水旭陞店","type":"連鎖型綠色商店","address":"251新北市淡水區新興里新生街５３號１樓","number":"F000706","localcallservice":"02-25221128"}},{"type":"Feature","geometry":{"type":"Point","coordinates":[121.462109378289,25.13788870775]},"properties":{"name":"全家便利商店股份有限公司-淡水竹圍店","type":"連鎖型綠色商店","address":"251新北市淡水區民生路５８號","number":"F000397","localcallservice":"02-25221128"}},{"type":"Feature","geometry":{"type":"Point","coordinates":[121.462743703698,25.128069928308]},"properties":{"name":"全家便利商店股份有限公司-淡水自強店","type":"連鎖型綠色商店","address":"251新北市淡水區自強路８２號、８４號","number":"F000433","localcallservice":"02-25221128"}},{"type":"Feature","geometry":{"type":"Point","coordinates":[121.423469978116,25.183255004316]},"properties":{"name":"全家便利商店股份有限公司-淡水沙崙店","type":"連鎖型綠色商店","address":"251新北市淡水區沙崙里沙崙路１４９號","number":"F000455","localcallservice":"02-25221128"}},{"type":"Feature","geometry":{"type":"Point","coordinates":[121.459579971367,25.154576993154]},"properties":{"name":"全家便利商店股份有限公司-淡水紅林店","type":"連鎖型綠色商店","address":"251新北市淡水區八勢里中正東路二段６９號１樓","number":"F000711","localcallservice":"02-25221128"}},{"type":"Feature","geometry":{"type":"Point","coordinates":[121.445724014866,25.172198980661]},"properties":{"name":"全家便利商店股份有限公司-淡水英士店","type":"連鎖型綠色商店","address":"251新北市淡水區水源街一段８２．８４號Ｂ１","number":"F000831","localcallservice":"02-25221128"}},{"type":"Feature","geometry":{"type":"Point","coordinates":[121.446856996718,25.17301198336]},"properties":{"name":"全家便利商店股份有限公司-淡水校園店","type":"連鎖型綠色商店","address":"251新北市淡水區英專路１５１號〈淡大美食廣場Ｂ１部分〉","number":"F000335","localcallservice":"02-25221128"}},{"type":"Feature","geometry":{"type":"Point","coordinates":[121.451665024018,25.165223016015]},"properties":{"name":"全家便利商店股份有限公司-淡水海揚店","type":"連鎖型綠色商店","address":"251新北市淡水區中正東路一段３巷２０．２２號","number":"F000902","localcallservice":"02-25221128"}},{"type":"Feature","geometry":{"type":"Point","coordinates":[121.446525995362,25.174334019038]},"properties":{"name":"全家便利商店股份有限公司-淡水淡大店","type":"連鎖型綠色商店","address":"251新北市淡水區學府路１５２號","number":"F000575","localcallservice":"02-25221128"}},{"type":"Feature","geometry":{"type":"Point","coordinates":[121.425689003163,25.177045019892]},"properties":{"name":"全家便利商店股份有限公司-淡水淡海店","type":"連鎖型綠色商店","address":"251新北市淡水區中正路一段６２巷２號","number":"F000309","localcallservice":"02-25221128"}},{"type":"Feature","geometry":{"type":"Point","coordinates":[121.445569033476,25.170538986647]},"properties":{"name":"全家便利商店股份有限公司-淡水清英店","type":"連鎖型綠色商店","address":"251新北市淡水區清水街２號；英專路４３號","number":"F000582","localcallservice":"02-25221128"}},{"type":"Feature","geometry":{"type":"Point","coordinates":[121.446222989562,25.169968011403]},"properties":{"name":"全家便利商店股份有限公司-淡水博愛店","type":"連鎖型綠色商店","address":"251新北市淡水區博愛街１５號","number":"F000864","localcallservice":"02-25221128"}},{"type":"Feature","geometry":{"type":"Point","coordinates":[121.459452566439,25.156786420921]},"properties":{"name":"全家便利商店股份有限公司-淡水登峰店","type":"連鎖型綠色商店","address":"251新北市淡水區中正東路二段２７號２樓","number":"F000287","localcallservice":"02-25221128"}},{"type":"Feature","geometry":{"type":"Point","coordinates":[121.436676001845,25.179279006635]},"properties":{"name":"全家便利商店股份有限公司-淡水新民店","type":"連鎖型綠色商店","address":"251新北市淡水區新民街１８０之６號","number":"F000870","localcallservice":"02-25221128"}},{"type":"Feature","geometry":{"type":"Point","coordinates":[121.443313966246,25.178174984259]},"properties":{"name":"全家便利商店股份有限公司-淡水新生店","type":"連鎖型綠色商店","address":"251新北市淡水區新興里大義街１１號","number":"F000440","localcallservice":"02-25221128"}},{"type":"Feature","geometry":{"type":"Point","coordinates":[121.449382967059,25.180293007372]},"properties":{"name":"全家便利商店股份有限公司-淡水新旭店","type":"連鎖型綠色商店","address":"251新北市淡水區北新路１６９巷３５號１樓","number":"F000606","localcallservice":"02-25221128"}},{"type":"Feature","geometry":{"type":"Point","coordinates":[121.451984961262,25.226738012967]},"properties":{"name":"全家便利商店股份有限公司-淡水新埔店","type":"連鎖型綠色商店","address":"251新北市淡水區淡金路四段５３６號１樓","number":"F000657","localcallservice":"02-25221128"}},{"type":"Feature","geometry":{"type":"Point","coordinates":[121.451658989047,25.226897981589]},"properties":{"name":"全家便利商店股份有限公司-淡水聖約翰店","type":"連鎖型綠色商店","address":"251新北市淡水區淡金路四段４９９號","number":"F000793","localcallservice":"02-25221128"}},{"type":"Feature","geometry":{"type":"Point","coordinates":[121.436852021812,25.181487009479]},"properties":{"name":"全家便利商店股份有限公司-淡水福春店","type":"連鎖型綠色商店","address":"251新北市淡水區新興里新春街２號一樓","number":"F000692","localcallservice":"02-25221128"}},{"type":"Feature","geometry":{"type":"Point","coordinates":[121.443851330059,25.180799483871]},"properties":{"name":"全家便利商店股份有限公司-淡水摩天店","type":"連鎖型綠色商店","address":"251新北市淡水區新春街１９４號","number":"F000754","localcallservice":"02-25221128"}},{"type":"Feature","geometry":{"type":"Point","coordinates":[121.44908599623,25.17739400043]},"properties":{"name":"全家便利商店股份有限公司-淡水學城店","type":"連鎖型綠色商店","address":"251新北市淡水區北新路１８２巷２１弄１－１號","number":"F000847","localcallservice":"02-25221128"}},{"type":"Feature","geometry":{"type":"Point","coordinates":[121.444538478481,25.176413317759]},"properties":{"name":"全家便利商店股份有限公司-淡水興忠店","type":"連鎖型綠色商店","address":"251新北市淡水區水碓里１１鄰大忠街４３號１樓","number":"F000405","localcallservice":"02-25221128"}},{"type":"Feature","geometry":{"type":"Point","coordinates":[121.447807839814,25.168596187219]},"properties":{"name":"全家便利商店股份有限公司-淡水麗景店","type":"連鎖型綠色商店","address":"251新北市淡水區學府路３０號１樓","number":"F000691","localcallservice":"02-25221128"}},{"type":"Feature","geometry":{"type":"Point","coordinates":[121.601613919065,25.003529104871]},"properties":{"name":"全家便利商店股份有限公司-深坑北深店","type":"連鎖型綠色商店","address":"222新北市深坑區北深路三段１７９號","number":"F000274","localcallservice":"02-87732988"}},{"type":"Feature","geometry":{"type":"Point","coordinates":[121.619482963169,25.002185988707]},"properties":{"name":"全家便利商店股份有限公司-深坑埔新店","type":"連鎖型綠色商店","address":"222新北市深坑區埔新村埔新街９３號１樓","number":"F000449","localcallservice":"02-87732988"}},{"type":"Feature","geometry":{"type":"Point","coordinates":[121.68775249234,25.203830684765]},"properties":{"name":"全家便利商店股份有限公司-野柳港口店","type":"連鎖型綠色商店","address":"207新北市萬里鄉野柳村港東路６５之１號","number":"F000453","localcallservice":"02-87732988"}},{"type":"Feature","geometry":{"type":"Point","coordinates":[121.532776030494,24.977134994686]},"properties":{"name":"全家便利商店股份有限公司-新店中央店","type":"連鎖型綠色商店","address":"231新北市新店區百忍街９０號","number":"F000840","localcallservice":"02-87732988"}},{"type":"Feature","geometry":{"type":"Point","coordinates":[121.53628151004,24.975055779784]},"properties":{"name":"全家便利商店股份有限公司-新店中正店","type":"連鎖型綠色商店","address":"231新北市新店區中正路３２１號","number":"F000838","localcallservice":"02-87732988"}},{"type":"Feature","geometry":{"type":"Point","coordinates":[121.539717000695,24.968518984955]},"properties":{"name":"全家便利商店股份有限公司-新店中華店","type":"連鎖型綠色商店","address":"231新北市新店區中華路５０號","number":"F000437","localcallservice":"02-87732988"}},{"type":"Feature","geometry":{"type":"Point","coordinates":[121.542477999601,24.980249081263]},"properties":{"name":"全家便利商店股份有限公司-新店文強店","type":"連鎖型綠色商店","address":"231新北市新店區文化路２１巷２號１樓","number":"F000538","localcallservice":"02-87732988"}},{"type":"Feature","geometry":{"type":"Point","coordinates":[121.538153021381,24.983201019924]},"properties":{"name":"全家便利商店股份有限公司-新店民佳店","type":"連鎖型綠色商店","address":"231新北市新店區民權路７２號","number":"F000573","localcallservice":"02-87732988"}},{"type":"Feature","geometry":{"type":"Point","coordinates":[121.538522998587,24.97735799522]},"properties":{"name":"全家便利商店股份有限公司-新店民族店","type":"連鎖型綠色商店","address":"231新北市新店區明德里民族路１０５號","number":"F000263","localcallservice":"02-87732988"}},{"type":"Feature","geometry":{"type":"Point","coordinates":[121.536585018754,24.982775009695]},"properties":{"name":"全家便利商店股份有限公司-新店民權店","type":"連鎖型綠色商店","address":"231新北市新店區民權路１０５號１樓","number":"F000327","localcallservice":"02-87732988"}},{"type":"Feature","geometry":{"type":"Point","coordinates":[121.510475390363,24.959557305537]},"properties":{"name":"全家便利商店股份有限公司-新店永安店","type":"連鎖型綠色商店","address":"231新北市新店區安康路二段１５７號","number":"F000407","localcallservice":"02-82571522"}},{"type":"Feature","geometry":{"type":"Point","coordinates":[121.543044029522,24.976666991122]},"properties":{"name":"全家便利商店股份有限公司-新店永新店","type":"連鎖型綠色商店","address":"231新北市新店區北新路二段１９８號","number":"F000763","localcallservice":"02-87732988"}},{"type":"Feature","geometry":{"type":"Point","coordinates":[121.529783020508,24.949396008136]},"properties":{"name":"全家便利商店股份有限公司-新店永業店","type":"連鎖型綠色商店","address":"231新北市新店區永業路８１巷１弄１號","number":"F000489","localcallservice":"02-82571522"}},{"type":"Feature","geometry":{"type":"Point","coordinates":[121.5315433,24.9585927]},"properties":{"name":"全家便利商店股份有限公司-新店光明店","type":"連鎖型綠色商店","address":"231新北市新店區廣明里７鄰光明路１３６號１樓","number":"F000839","localcallservice":"02-87732988"}},{"type":"Feature","geometry":{"type":"Point","coordinates":[121.494172001953,24.948171998816]},"properties":{"name":"全家便利商店股份有限公司-新店如意店","type":"連鎖型綠色商店","address":"231新北市新店區如意街２９號１樓","number":"F000469","localcallservice":"02-82571522"}},{"type":"Feature","geometry":{"type":"Point","coordinates":[121.515245363822,24.964524379449]},"properties":{"name":"全家便利商店股份有限公司-新店安民店","type":"連鎖型綠色商店","address":"231新北市新店區安民街１號１樓","number":"F000313","localcallservice":"02-82571522"}},{"type":"Feature","geometry":{"type":"Point","coordinates":[121.516369041762,24.985612996382]},"properties":{"name":"全家便利商店股份有限公司-新店安和店","type":"連鎖型綠色商店","address":"231新北市新店區永平街８９號１樓","number":"F000741","localcallservice":"02-82571522"}},{"type":"Feature","geometry":{"type":"Point","coordinates":[121.492633838902,24.952420492169]},"properties":{"name":"全家便利商店股份有限公司-新店安康店","type":"連鎖型綠色商店","address":"231新北市新店區安康路三段５１號","number":"F000787","localcallservice":"02-82571522"}},{"type":"Feature","geometry":{"type":"Point","coordinates":[121.537600353427,24.9806362683]},"properties":{"name":"全家便利商店股份有限公司-新店江陵店","type":"連鎖型綠色商店","address":"231新北市新店區建國路２１９號","number":"F000567","localcallservice":"02-87732988"}},{"type":"Feature","geometry":{"type":"Point","coordinates":[121.534587527409,24.97753028524]},"properties":{"name":"全家便利商店股份有限公司-新店百和店","type":"連鎖型綠色商店","address":"231新北市新店區中正路４０２號","number":"F000889","localcallservice":"02-87732988"}},{"type":"Feature","geometry":{"type":"Point","coordinates":[121.519909976758,24.986389998806]},"properties":{"name":"全家便利商店股份有限公司-新店君臨店","type":"連鎖型綠色商店","address":"231新北市新店區永安里永安街７６號一樓","number":"F000714","localcallservice":"02-82571522"}},{"type":"Feature","geometry":{"type":"Point","coordinates":[121.547287032729,24.922769006771]},"properties":{"name":"全家便利商店股份有限公司-新店屈尺店","type":"連鎖型綠色商店","address":"231新北市新店區屈尺里屈尺路６０號１樓","number":"F000625","localcallservice":"02-82571522"}},{"type":"Feature","geometry":{"type":"Point","coordinates":[121.534172958477,24.990430998146]},"properties":{"name":"全家便利商店股份有限公司-新店忠孝店","type":"連鎖型綠色商店","address":"231新北市新店區中正路６９２號","number":"F000603","localcallservice":"02-87732988"}},{"type":"Feature","geometry":{"type":"Point","coordinates":[121.542676985982,24.974917017377]},"properties":{"name":"全家便利商店股份有限公司-新店忠誠店","type":"連鎖型綠色商店","address":"231新北市新店區北新路二段１１９號１樓","number":"F000699","localcallservice":"02-87732988"}},{"type":"Feature","geometry":{"type":"Point","coordinates":[121.494826963867,24.946594985643]},"properties":{"name":"全家便利商店股份有限公司-新店玫瑰店","type":"連鎖型綠色商店","address":"231新北市新店區玫瑰路５８巷１號１樓","number":"F000324","localcallservice":"02-82571522"}},{"type":"Feature","geometry":{"type":"Point","coordinates":[121.551793982066,24.953238985014]},"properties":{"name":"全家便利商店股份有限公司-新店長春店","type":"連鎖型綠色商店","address":"231新北市新店區北宜路二段１４９號１樓","number":"F000310","localcallservice":"02-87732988"}},{"type":"Feature","geometry":{"type":"Point","coordinates":[121.485716002754,24.951394002396]},"properties":{"name":"全家便利商店股份有限公司-新店城泰店","type":"連鎖型綠色商店","address":"231新北市新店區安康路三段３１１號１樓","number":"F000563","localcallservice":"02-82571522"}},{"type":"Feature","geometry":{"type":"Point","coordinates":[121.540370034771,24.976550985582]},"properties":{"name":"全家便利商店股份有限公司-新店建興店","type":"連鎖型綠色商店","address":"231新北市新店區建國路８５號","number":"F000796","localcallservice":"02-87732988"}},{"type":"Feature","geometry":{"type":"Point","coordinates":[121.516800961232,24.983468989368]},"properties":{"name":"全家便利商店股份有限公司-新店皇家店","type":"連鎖型綠色商店","address":"231新北市新店區永平里永平街２７號一樓","number":"F000750","localcallservice":"02-82571522"}},{"type":"Feature","geometry":{"type":"Point","coordinates":[121.475296961831,24.956751002444]},"properties":{"name":"全家便利商店股份有限公司-新店香坡店","type":"連鎖型綠色商店","address":"231新北市新店區安祥路１１３號，１１５號","number":"F000262","localcallservice":"02-82571522"}},{"type":"Feature","geometry":{"type":"Point","coordinates":[121.517214021421,24.971553988276]},"properties":{"name":"全家便利商店股份有限公司-新店康城店","type":"連鎖型綠色商店","address":"231新北市新店區安民街１９６＆１９８號","number":"F000749","localcallservice":"02-82571522"}},{"type":"Feature","geometry":{"type":"Point","coordinates":[121.510316134202,24.961485101358]},"properties":{"name":"全家便利商店股份有限公司-新店康德店","type":"連鎖型綠色商店","address":"231新北市新店區安德街７１巷２號","number":"F000901","localcallservice":"02-82571522"}},{"type":"Feature","geometry":{"type":"Point","coordinates":[121.473762543123,24.94200222583]},"properties":{"name":"全家便利商店股份有限公司-新店康橋店","type":"連鎖型綠色商店","address":"231新北市新店區安康路３段７３８號、７４０號１樓","number":"F000718","localcallservice":"02-82571522"}},{"type":"Feature","geometry":{"type":"Point","coordinates":[121.493934961731,24.949146981793]},"properties":{"name":"全家便利商店股份有限公司-新店富貴店","type":"連鎖型綠色商店","address":"231新北市新店區富貴街１２巷１號","number":"F000807","localcallservice":"02-82571522"}},{"type":"Feature","geometry":{"type":"Point","coordinates":[121.523719824831,24.97757288646]},"properties":{"name":"全家便利商店股份有限公司-新店湯泉店","type":"連鎖型綠色商店","address":"231新北市新店區溪園路４０３號１樓","number":"F000914","localcallservice":"02-87732988"}},{"type":"Feature","geometry":{"type":"Point","coordinates":[121.513330015127,24.959180999994]},"properties":{"name":"全家便利商店股份有限公司-新店陽光店","type":"連鎖型綠色商店","address":"231新北市新店區安忠路５７巷１０號１樓","number":"F000600","localcallservice":"02-82571522"}},{"type":"Feature","geometry":{"type":"Point","coordinates":[121.535750935569,24.985812611406]},"properties":{"name":"全家便利商店股份有限公司-新店慈濟店","type":"連鎖型綠色商店","address":"231新北市新店區建國路２８９號Ｂ１慈濟醫院大愛美食坊","number":"F000284","localcallservice":"02-87732988"}},{"type":"Feature","geometry":{"type":"Point","coordinates":[121.543956986416,24.965598310794]},"properties":{"name":"全家便利商店股份有限公司-新店新坡店","type":"連鎖型綠色商店","address":"231新北市新店區中興路一段２１６號１樓","number":"F000306","localcallservice":"02-87732988"}},{"type":"Feature","geometry":{"type":"Point","coordinates":[121.550365035213,24.933844979356]},"properties":{"name":"全家便利商店股份有限公司-新店新陽店","type":"連鎖型綠色商店","address":"231新北市新店區粗坑里花園一路一段２號一樓","number":"F000264","localcallservice":"02-82571522"}},{"type":"Feature","geometry":{"type":"Point","coordinates":[121.52392046597,24.979123601215]},"properties":{"name":"全家便利商店股份有限公司-新店溪園店","type":"連鎖型綠色商店","address":"231新北市新店區中山里溪園路３８９號一樓","number":"F000271","localcallservice":"02-87732988"}},{"type":"Feature","geometry":{"type":"Point","coordinates":[121.549180085561,24.973772007494]},"properties":{"name":"全家便利商店股份有限公司-新店福興店","type":"連鎖型綠色商店","address":"231新北市新店區寶興路４３號","number":"F000414","localcallservice":"02-87732988"}},{"type":"Feature","geometry":{"type":"Point","coordinates":[121.55150103455,24.902328981507]},"properties":{"name":"全家便利商店股份有限公司-新店翡翠店","type":"連鎖型綠色商店","address":"231新北市新店區龜山里新烏路三段１８８號１９０號一樓","number":"F000604","localcallservice":"02-82571522"}},{"type":"Feature","geometry":{"type":"Point","coordinates":[121.544556963045,24.971523981062]},"properties":{"name":"全家便利商店股份有限公司-新店德正店","type":"連鎖型綠色商店","address":"231新北市新店區德正街２７巷１號","number":"F000695","localcallservice":"02-87732988"}},{"type":"Feature","geometry":{"type":"Point","coordinates":[121.502240002855,24.957169007956]},"properties":{"name":"全家便利商店股份有限公司-新店德安店","type":"連鎖型綠色商店","address":"231新北市新店區安康路二段３０３號","number":"F000762","localcallservice":"02-82571522"}},{"type":"Feature","geometry":{"type":"Point","coordinates":[121.535609029949,24.975955996186]},"properties":{"name":"全家便利商店股份有限公司-新店慶中店","type":"連鎖型綠色商店","address":"231新北市新店區中正路３６０號１樓","number":"F000588","localcallservice":"02-87732988"}},{"type":"Feature","geometry":{"type":"Point","coordinates":[121.540254029231,24.982598989728]},"properties":{"name":"全家便利商店股份有限公司-新店慶民店","type":"連鎖型綠色商店","address":"231新北市新店區二十張路３號","number":"F000700","localcallservice":"02-87732988"}},{"type":"Feature","geometry":{"type":"Point","coordinates":[121.551360302396,24.983646015163]},"properties":{"name":"全家便利商店股份有限公司-新店橋興店","type":"連鎖型綠色商店","address":"231新北市新店區寶橋路２３５巷１２９號","number":"F000387","localcallservice":"02-87732988"}},{"type":"Feature","geometry":{"type":"Point","coordinates":[121.479235701952,24.962251710222]},"properties":{"name":"全家便利商店股份有限公司-新店襄陽店","type":"連鎖型綠色商店","address":"231新北市新店區安祥路１０４－１０號","number":"F000858","localcallservice":"02-82571522"}},{"type":"Feature","geometry":{"type":"Point","coordinates":[121.551429034002,24.984706996467]},"properties":{"name":"全家便利商店股份有限公司-新店寶工店","type":"連鎖型綠色商店","address":"231新北市新店區寶橋路２３５巷４號１樓","number":"F000584","localcallservice":"02-87732988"}},{"type":"Feature","geometry":{"type":"Point","coordinates":[121.54758123753,24.980712810057]},"properties":{"name":"全家便利商店股份有限公司-新店寶中店","type":"連鎖型綠色商店","address":"231新北市新店區寶中路７７號","number":"F000832","localcallservice":"02-87732988"}},{"type":"Feature","geometry":{"type":"Point","coordinates":[121.542077009353,24.982707996379]},"properties":{"name":"全家便利商店股份有限公司-新店寶元店","type":"連鎖型綠色商店","address":"231新北市新店區民權路１９號","number":"F000486","localcallservice":"02-87732988"}},{"type":"Feature","geometry":{"type":"Point","coordinates":[121.543559013653,24.981738000634]},"properties":{"name":"全家便利商店股份有限公司-新店寶安店","type":"連鎖型綠色商店","address":"231新北市新店區中興路三段２０７號１樓","number":"F000530","localcallservice":"02-87732988"}},{"type":"Feature","geometry":{"type":"Point","coordinates":[121.54918796455,24.980231018262]},"properties":{"name":"全家便利商店股份有限公司-新店寶福店","type":"連鎖型綠色商店","address":"231新北市新店區寶中路１１１號","number":"F001654","localcallservice":"02-87732988"}},{"type":"Feature","geometry":{"type":"Point","coordinates":[121.544642961372,24.974678007408]},"properties":{"name":"全家便利商店股份有限公司-新店寶橋店","type":"連鎖型綠色商店","address":"231新北市新店區寶橋路４５號","number":"F000282","localcallservice":"02-87732988"}},{"type":"Feature","geometry":{"type":"Point","coordinates":[121.546305930962,24.975488202169]},"properties":{"name":"全家便利商店股份有限公司-新店寶興店","type":"連鎖型綠色商店","address":"231新北市新店區寶橋里寶橋路８０號一樓","number":"F000627","localcallservice":"02-87732988"}},{"type":"Feature","geometry":{"type":"Point","coordinates":[121.425422961556,25.022404019266]},"properties":{"name":"全家便利商店股份有限公司-新莊八德店","type":"連鎖型綠色商店","address":"242新北市新莊區八德街１５巷２號，１７號","number":"F000748","localcallservice":"02-29029199"}},{"type":"Feature","geometry":{"type":"Point","coordinates":[121.444924968036,25.051599990135]},"properties":{"name":"全家便利商店股份有限公司-新莊中平店","type":"連鎖型綠色商店","address":"242新北市新莊區中平路２９４號","number":"F000349","localcallservice":"02-29029199"}},{"type":"Feature","geometry":{"type":"Point","coordinates":[121.444911976086,25.044460997472]},"properties":{"name":"全家便利商店股份有限公司-新莊中永店","type":"連鎖型綠色商店","address":"242新北市新莊區中平路６６號","number":"F000321","localcallservice":"02-29029199"}},{"type":"Feature","geometry":{"type":"Point","coordinates":[121.447330825705,25.04843288802]},"properties":{"name":"全家便利商店股份有限公司-新莊中和店","type":"連鎖型綠色商店","address":"242新北市新莊區中宏里中和街１２３號１樓","number":"F000668","localcallservice":"02-29029199"}},{"type":"Feature","geometry":{"type":"Point","coordinates":[121.444644006642,25.046069987605]},"properties":{"name":"全家便利商店股份有限公司-新莊中定店","type":"連鎖型綠色商店","address":"242新北市新莊區中平路８９號１樓","number":"F000892","localcallservice":"02-29029199"}},{"type":"Feature","geometry":{"type":"Point","coordinates":[121.449843133544,25.050890881126]},"properties":{"name":"全家便利商店股份有限公司-新莊中信店","type":"連鎖型綠色商店","address":"242新北市新莊區中信街３８號１Ｆ","number":"F000363","localcallservice":"02-29029199"}},{"type":"Feature","geometry":{"type":"Point","coordinates":[121.452065008437,25.047367003303]},"properties":{"name":"全家便利商店股份有限公司-新莊中美店","type":"連鎖型綠色商店","address":"242新北市新莊區中港路４１３＆４１５號１樓","number":"F000360","localcallservice":"02-29029199"}},{"type":"Feature","geometry":{"type":"Point","coordinates":[121.447653612796,25.054237900793]},"properties":{"name":"全家便利商店股份有限公司-新莊中原店","type":"連鎖型綠色商店","address":"242新北市新莊區中原路２９７號","number":"F000690","localcallservice":"02-29029199"}},{"type":"Feature","geometry":{"type":"Point","coordinates":[121.455310984261,25.040379010625]},"properties":{"name":"全家便利商店股份有限公司-新莊中港店","type":"連鎖型綠色商店","address":"242新北市新莊區中港路１２６號","number":"F000728","localcallservice":"02-29029199"}},{"type":"Feature","geometry":{"type":"Point","coordinates":[121.44814495996,25.052926007217]},"properties":{"name":"全家便利商店股份有限公司-新莊中榮店","type":"連鎖型綠色商店","address":"242新北市新莊區中榮街８４號","number":"F000859","localcallservice":"02-29029199"}},{"type":"Feature","geometry":{"type":"Point","coordinates":[121.458277339795,25.048422201093]},"properties":{"name":"全家便利商店股份有限公司-新莊仁義店","type":"連鎖型綠色商店","address":"242新北市新莊區福壽街３８號１Ｆ","number":"F000720","localcallservice":"02-29029199"}},{"type":"Feature","geometry":{"type":"Point","coordinates":[121.4432848,25.0303904]},"properties":{"name":"全家便利商店股份有限公司-新莊天成店","type":"連鎖型綠色商店","address":"242新北市新莊區中山路三段１２５號１樓","number":"F000381","localcallservice":"02-29029199"}},{"type":"Feature","geometry":{"type":"Point","coordinates":[121.416839641247,25.028891318957]},"properties":{"name":"全家便利商店股份有限公司-新莊天美店","type":"連鎖型綠色商店","address":"242新北市新莊區天祥街４２號１樓","number":"F000357","localcallservice":"02-29029199"}},{"type":"Feature","geometry":{"type":"Point","coordinates":[121.429344015862,25.019918994522]},"properties":{"name":"全家便利商店股份有限公司-新莊民本店","type":"連鎖型綠色商店","address":"242新北市新莊區民本街２３巷２號１樓","number":"F000686","localcallservice":"02-29029199"}},{"type":"Feature","geometry":{"type":"Point","coordinates":[121.427206228148,25.021085821963]},"properties":{"name":"全家便利商店股份有限公司-新莊民安店","type":"連鎖型綠色商店","address":"242新北市新莊區民安西路３８巷２號、４號１樓","number":"F000673","localcallservice":"02-29029199"}},{"type":"Feature","geometry":{"type":"Point","coordinates":[121.426113965654,25.013744717005]},"properties":{"name":"全家便利商店股份有限公司-新莊民榮店","type":"連鎖型綠色商店","address":"242新北市新莊區民安西路２４３號１樓","number":"F000694","localcallservice":"02-29029199"}},{"type":"Feature","geometry":{"type":"Point","coordinates":[121.444614921438,25.052470283142]},"properties":{"name":"全家便利商店股份有限公司-新莊立榮店","type":"連鎖型綠色商店","address":"242新北市新莊區中平路３７５號１樓及地下室","number":"F000626","localcallservice":"02-29029199"}},{"type":"Feature","geometry":{"type":"Point","coordinates":[121.450009430503,25.03548921786]},"properties":{"name":"全家便利商店股份有限公司-新莊立德店","type":"連鎖型綠色商店","address":"242新北市新莊區中正路２５３號１樓","number":"F000844","localcallservice":"02-29029199"}},{"type":"Feature","geometry":{"type":"Point","coordinates":[121.421571979961,25.02706100467]},"properties":{"name":"全家便利商店股份有限公司-新莊安和店","type":"連鎖型綠色商店","address":"242新北市新莊區中正路８２９巷２２弄１號","number":"F000429","localcallservice":"02-29029199"}},{"type":"Feature","geometry":{"type":"Point","coordinates":[121.458050022581,25.045652987922]},"properties":{"name":"全家便利商店股份有限公司-新莊自立店","type":"連鎖型綠色商店","address":"242新北市新莊區自立街２３１號","number":"F000709","localcallservice":"02-29029199"}},{"type":"Feature","geometry":{"type":"Point","coordinates":[121.453330005265,25.048082985472]},"properties":{"name":"全家便利商店股份有限公司-新莊自成店","type":"連鎖型綠色商店","address":"242新北市新莊區自信街２號１樓","number":"F000362","localcallservice":"02-29029199"}},{"type":"Feature","geometry":{"type":"Point","coordinates":[121.454913011498,25.045490001815]},"properties":{"name":"全家便利商店股份有限公司-新莊自強店","type":"連鎖型綠色商店","address":"242新北市新莊區自強街２號","number":"F000724","localcallservice":"02-29029199"}},{"type":"Feature","geometry":{"type":"Point","coordinates":[121.445430983531,25.048850013432]},"properties":{"name":"全家便利商店股份有限公司-新莊幸福店","type":"連鎖型綠色商店","address":"242新北市新莊區幸福路８１９號１樓","number":"F000477","localcallservice":"02-29029199"}},{"type":"Feature","geometry":{"type":"Point","coordinates":[121.454769261859,25.053567516177]},"properties":{"name":"全家便利商店股份有限公司-新莊昌平店","type":"連鎖型綠色商店","address":"242新北市新莊區昌平街５０號","number":"F000301","localcallservice":"02-29029199"}},{"type":"Feature","geometry":{"type":"Point","coordinates":[121.45493798957,25.050039992225]},"properties":{"name":"全家便利商店股份有限公司-新莊昌盛店","type":"連鎖型綠色商店","address":"242新北市新莊區幸福里昌盛街６７號一樓","number":"F000269","localcallservice":"02-29029199"}},{"type":"Feature","geometry":{"type":"Point","coordinates":[121.457478209146,25.039240790084]},"properties":{"name":"全家便利商店股份有限公司-新莊明中店","type":"連鎖型綠色商店","address":"242新北市新莊區恆安里明中街４５號之２一樓","number":"F000610","localcallservice":"02-29029199"}},{"type":"Feature","geometry":{"type":"Point","coordinates":[121.450153515418,25.033572318514]},"properties":{"name":"全家便利商店股份有限公司-新莊武廟店","type":"連鎖型綠色商店","address":"242新北市新莊區新莊路４３５號，４３５號之１","number":"F000778","localcallservice":"02-29029199"}},{"type":"Feature","geometry":{"type":"Point","coordinates":[121.444923459294,25.050121212867]},"properties":{"name":"全家便利商店股份有限公司-新莊狀元店","type":"連鎖型綠色商店","address":"242新北市新莊區中平路２６８號","number":"F000850","localcallservice":"02-29029199"}},{"type":"Feature","geometry":{"type":"Point","coordinates":[121.424415372975,25.025422887423]},"properties":{"name":"全家便利商店股份有限公司-新莊長明店","type":"連鎖型綠色商店","address":"242新北市新莊區民安路９３號１樓．Ｂ１","number":"F000390","localcallservice":"02-29029199"}},{"type":"Feature","geometry":{"type":"Point","coordinates":[121.445634999054,25.036598017922]},"properties":{"name":"全家便利商店股份有限公司-新莊建中店","type":"連鎖型綠色商店","address":"242新北市新莊區建中街１１８號，１２０號","number":"F000836","localcallservice":"02-29029199"}},{"type":"Feature","geometry":{"type":"Point","coordinates":[121.427624971339,25.024979987659]},"properties":{"name":"全家便利商店股份有限公司-新莊建安店","type":"連鎖型綠色商店","address":"242新北市新莊區建安街４２號","number":"F000813","localcallservice":"02-29029199"}},{"type":"Feature","geometry":{"type":"Point","coordinates":[121.425502002903,25.025915994787]},"properties":{"name":"全家便利商店股份有限公司-新莊建明店","type":"連鎖型綠色商店","address":"242新北市新莊區後港一路３０號１樓","number":"F000392","localcallservice":"02-29029199"}},{"type":"Feature","geometry":{"type":"Point","coordinates":[121.43441699512,25.030748120058]},"properties":{"name":"全家便利商店股份有限公司-新莊建國店","type":"連鎖型綠色商店","address":"242新北市新莊區建國一路４９號１樓右半","number":"F000471","localcallservice":"02-29029199"}},{"type":"Feature","geometry":{"type":"Point","coordinates":[121.428669021199,25.026313003631]},"properties":{"name":"全家便利商店股份有限公司-新莊建興店","type":"連鎖型綠色商店","address":"242新北市新莊區建安街１８號１樓","number":"F000434","localcallservice":"02-29029199"}},{"type":"Feature","geometry":{"type":"Point","coordinates":[121.422475800581,25.02339140746]},"properties":{"name":"全家便利商店股份有限公司-新莊昭德店","type":"連鎖型綠色商店","address":"242新北市新莊區後港二路２５號１樓","number":"F000550","localcallservice":"02-29029199"}},{"type":"Feature","geometry":{"type":"Point","coordinates":[121.453493200919,25.045241017381]},"properties":{"name":"全家便利商店股份有限公司-新莊首富店","type":"連鎖型綠色商店","address":"242新北市新莊區中華里中華路二段５號","number":"F000268","localcallservice":"02-29029199"}},{"type":"Feature","geometry":{"type":"Point","coordinates":[121.429529004465,25.022607992879]},"properties":{"name":"全家便利商店股份有限公司-新莊香山店","type":"連鎖型綠色商店","address":"242新北市新莊區民安路３０１號１樓","number":"F000861","localcallservice":"02-29029199"}},{"type":"Feature","geometry":{"type":"Point","coordinates":[121.443022527473,25.032906418216]},"properties":{"name":"全家便利商店股份有限公司-新莊海山店","type":"連鎖型綠色商店","address":"242新北市新莊區新莊路７４１號１樓","number":"F000648","localcallservice":"02-29029199"}},{"type":"Feature","geometry":{"type":"Point","coordinates":[121.443287982346,25.032081010301]},"properties":{"name":"全家便利商店股份有限公司-新莊海豐店","type":"連鎖型綠色商店","address":"242新北市新莊區瓊泰路１４０號","number":"F000722","localcallservice":"02-29029199"}},{"type":"Feature","geometry":{"type":"Point","coordinates":[121.42763704128,25.012948017108]},"properties":{"name":"全家便利商店股份有限公司-新莊盛華店","type":"連鎖型綠色商店","address":"242新北市新莊區西盛街３９０號１樓","number":"F000424","localcallservice":"02-29029199"}},{"type":"Feature","geometry":{"type":"Point","coordinates":[121.428285213852,25.018138091554]},"properties":{"name":"全家便利商店股份有限公司-新莊盛寧店","type":"連鎖型綠色商店","address":"242新北市新莊區西盛街１５１號１樓","number":"F000418","localcallservice":"02-29029199"}},{"type":"Feature","geometry":{"type":"Point","coordinates":[121.446232461113,25.033720384833]},"properties":{"name":"全家便利商店股份有限公司-新莊景德店","type":"連鎖型綠色商店","address":"242新北市新莊區景德路３８２號","number":"F000272","localcallservice":"02-29029199"}},{"type":"Feature","geometry":{"type":"Point","coordinates":[121.451834841376,25.04614487991]},"properties":{"name":"全家便利商店股份有限公司-新莊港榮店","type":"連鎖型綠色商店","address":"242新北市新莊區中泰里中港路３６５號一樓","number":"F000556","localcallservice":"02-29029199"}},{"type":"Feature","geometry":{"type":"Point","coordinates":[121.452211021191,25.03654801987]},"properties":{"name":"全家便利商店股份有限公司-新莊華寧店","type":"連鎖型綠色商店","address":"242新北市新莊區中華路１段８號１樓","number":"F000383","localcallservice":"02-29029199"}},{"type":"Feature","geometry":{"type":"Point","coordinates":[121.449834835459,25.039514710679]},"properties":{"name":"全家便利商店股份有限公司-新莊園寧店","type":"連鎖型綠色商店","address":"242新北市新莊區公園路７２號１樓","number":"F000396","localcallservice":"02-29029199"}},{"type":"Feature","geometry":{"type":"Point","coordinates":[121.45982556113,25.06620960546]},"properties":{"name":"全家便利商店股份有限公司-新莊新工店","type":"連鎖型綠色商店","address":"242新北市新莊區福興里五工二路８１號一樓","number":"F000634","localcallservice":"02-29029199"}},{"type":"Feature","geometry":{"type":"Point","coordinates":[121.445806576612,25.039167280793]},"properties":{"name":"全家便利商店股份有限公司-新莊新立店","type":"連鎖型綠色商店","address":"242新北市新莊區新泰路２２５巷１號１樓","number":"F000267","localcallservice":"02-29029199"}},{"type":"Feature","geometry":{"type":"Point","coordinates":[121.447900962759,25.044924013803]},"properties":{"name":"全家便利商店股份有限公司-新莊新和港店","type":"連鎖型綠色商店","address":"242新北市新莊區中港一街１４３號","number":"F000415","localcallservice":"02-29029199"}},{"type":"Feature","geometry":{"type":"Point","coordinates":[121.44788696498,25.037151013984]},"properties":{"name":"全家便利商店股份有限公司-新莊新泰店","type":"連鎖型綠色商店","address":"242新北市新莊區新泰路１４６號","number":"F000565","localcallservice":"02-29029199"}},{"type":"Feature","geometry":{"type":"Point","coordinates":[121.43361803211,25.004019991031]},"properties":{"name":"全家便利商店股份有限公司-新莊新樹店","type":"連鎖型綠色商店","address":"242新北市新莊區新樹路６１３號１樓","number":"F000875","localcallservice":"02-29029199"}},{"type":"Feature","geometry":{"type":"Point","coordinates":[121.420788272014,25.023103489086]},"properties":{"name":"全家便利商店股份有限公司-新莊萬安店","type":"連鎖型綠色商店","address":"242新北市新莊區萬安街８０號","number":"F000713","localcallservice":"02-29029199"}},{"type":"Feature","geometry":{"type":"Point","coordinates":[121.418445027163,25.023273013077]},"properties":{"name":"全家便利商店股份有限公司-新莊裕民店","type":"連鎖型綠色商店","address":"242新北市新莊區裕民街９７號１樓","number":"F000425","localcallservice":"02-29029199"}},{"type":"Feature","geometry":{"type":"Point","coordinates":[121.465896992695,25.057299013742]},"properties":{"name":"全家便利商店股份有限公司-新莊福中店","type":"連鎖型綠色商店","address":"242新北市新莊區化成路７３４號","number":"F000290","localcallservice":"02-29029199"}},{"type":"Feature","geometry":{"type":"Point","coordinates":[121.445269967171,25.034418010635]},"properties":{"name":"全家便利商店股份有限公司-新莊福海店","type":"連鎖型綠色商店","address":"242新北市新莊區中正路４０１號","number":"F000607","localcallservice":"02-29029199"}},{"type":"Feature","geometry":{"type":"Point","coordinates":[121.465118565348,25.059685299666]},"properties":{"name":"全家便利商店股份有限公司-新莊福基店","type":"連鎖型綠色商店","address":"242新北市新莊區福基里化成路８１２號","number":"F000729","localcallservice":"02-29029199"}},{"type":"Feature","geometry":{"type":"Point","coordinates":[121.458108695903,25.050017612544]},"properties":{"name":"全家便利商店股份有限公司-新莊福祿店","type":"連鎖型綠色商店","address":"242新北市新莊區福壽街８１號１樓","number":"F000738","localcallservice":"02-29029199"}},{"type":"Feature","geometry":{"type":"Point","coordinates":[121.457729498603,25.05162291464]},"properties":{"name":"全家便利商店股份有限公司-新莊福義店","type":"連鎖型綠色商店","address":"242新北市新莊區福壽街１３０號１樓","number":"F000843","localcallservice":"02-29029199"}},{"type":"Feature","geometry":{"type":"Point","coordinates":[121.458109869369,25.054232620194]},"properties":{"name":"全家便利商店股份有限公司-新莊福壽店","type":"連鎖型綠色商店","address":"242新北市新莊區中原路４５號","number":"F000649","localcallservice":"02-29029199"}},{"type":"Feature","geometry":{"type":"Point","coordinates":[121.429903004984,25.030023001614]},"properties":{"name":"全家便利商店股份有限公司-新莊福營店","type":"連鎖型綠色商店","address":"242新北市新莊區福營路２３１號","number":"F000809","localcallservice":"02-29029199"}},{"type":"Feature","geometry":{"type":"Point","coordinates":[121.423534015856,25.019434981523]},"properties":{"name":"全家便利商店股份有限公司-新莊德勝店","type":"連鎖型綠色商店","address":"242新北市新莊區八德街１５５號１樓","number":"F000755","localcallservice":"02-29029199"}},{"type":"Feature","geometry":{"type":"Point","coordinates":[121.427969970474,25.016443983194]},"properties":{"name":"全家便利商店股份有限公司-新莊興盛店","type":"連鎖型綠色商店","address":"242新北市新莊區西盛街２３０號１樓","number":"F000684","localcallservice":"02-29029199"}},{"type":"Feature","geometry":{"type":"Point","coordinates":[121.459572511473,25.059783493662]},"properties":{"name":"全家便利商店股份有限公司-新莊頭前店","type":"連鎖型綠色商店","address":"242新北市新莊區昌平里思源路５９５號一樓","number":"F000599","localcallservice":"02-29029199"}},{"type":"Feature","geometry":{"type":"Point","coordinates":[121.418228019689,25.02051302]},"properties":{"name":"全家便利商店股份有限公司-新莊龍安店","type":"連鎖型綠色商店","address":"242新北市新莊區龍安路１０４號，１０６巷２號１樓","number":"F000594","localcallservice":"02-29029199"}},{"type":"Feature","geometry":{"type":"Point","coordinates":[121.446557008404,25.031499012854]},"properties":{"name":"全家便利商店股份有限公司-新莊豐榮店","type":"連鎖型綠色商店","address":"242新北市新莊區豐年街５３巷２號１樓","number":"F000635","localcallservice":"02-29029199"}},{"type":"Feature","geometry":{"type":"Point","coordinates":[121.417066958461,25.026979993576]},"properties":{"name":"全家便利商店股份有限公司-新莊雙鳳店","type":"連鎖型綠色商店","address":"242新北市新莊區雙鳳路１２號，１４號１樓","number":"F000906","localcallservice":"02-29029199"}},{"type":"Feature","geometry":{"type":"Point","coordinates":[121.6780014,25.1919422]},"properties":{"name":"全家便利商店股份有限公司-萬里頂社店","type":"連鎖型綠色商店","address":"207新北市萬里鄉大鵬村頂社１號","number":"F000883","localcallservice":"02-87732988"}},{"type":"Feature","geometry":{"type":"Point","coordinates":[121.420032978719,25.015766012955]},"properties":{"name":"全家便利商店股份有限公司-樹林三俊店","type":"連鎖型綠色商店","address":"238新北市樹林區圳生里三俊街１９７號","number":"F000555","localcallservice":"02-29029199"}},{"type":"Feature","geometry":{"type":"Point","coordinates":[121.420585010862,24.981767002019]},"properties":{"name":"全家便利商店股份有限公司-樹林中華店","type":"連鎖型綠色商店","address":"238新北市樹林區中華路１８３．１８５號１樓","number":"F000903","localcallservice":"02-29029199"}},{"type":"Feature","geometry":{"type":"Point","coordinates":[121.424487960257,24.980965985442]},"properties":{"name":"全家便利商店股份有限公司-樹林五圓店","type":"連鎖型綠色商店","address":"238新北市樹林區忠孝街９９號１樓","number":"F000845","localcallservice":"02-29029199"}},{"type":"Feature","geometry":{"type":"Point","coordinates":[121.418514010226,24.979398988643]},"properties":{"name":"全家便利商店股份有限公司-樹林太平店","type":"連鎖型綠色商店","address":"238新北市樹林區太元街５８號","number":"F000400","localcallservice":"02-29029199"}},{"type":"Feature","geometry":{"type":"Point","coordinates":[121.44340708919,24.988125220401]},"properties":{"name":"全家便利商店股份有限公司-樹林日新店","type":"連鎖型綠色商店","address":"新北市樹林鎮日新街５０號１樓","number":"F001951","localcallservice":"02-29029199"}},{"type":"Feature","geometry":{"type":"Point","coordinates":[121.416692371209,24.98008487978]},"properties":{"name":"全家便利商店股份有限公司-樹林全球店","type":"連鎖型綠色商店","address":"238新北市樹林區中華路２９９號１樓","number":"F000516","localcallservice":"02-29029199"}},{"type":"Feature","geometry":{"type":"Point","coordinates":[121.421010979182,24.989133982448]},"properties":{"name":"全家便利商店股份有限公司-樹林育英店","type":"連鎖型綠色商店","address":"238新北市樹林區育英街４９號，５１號","number":"F000736","localcallservice":"02-29029199"}},{"type":"Feature","geometry":{"type":"Point","coordinates":[121.393177193307,24.970627117423]},"properties":{"name":"全家便利商店股份有限公司-樹林育園店","type":"連鎖型綠色商店","address":"238新北市樹林區佳園路一段４３號","number":"F000598","localcallservice":"02-29029199"}},{"type":"Feature","geometry":{"type":"Point","coordinates":[121.423767032765,24.991257998623]},"properties":{"name":"全家便利商店股份有限公司-樹林車站店","type":"連鎖型綠色商店","address":"238新北市樹林區後站街８號","number":"F000753","localcallservice":"02-29029199"}},{"type":"Feature","geometry":{"type":"Point","coordinates":[121.415326540086,24.9823702895]},"properties":{"name":"全家便利商店股份有限公司-樹林東榮店","type":"連鎖型綠色商店","address":"238新北市樹林區東榮街１１８、１２０號東榮街１１６巷１","number":"F000595","localcallservice":"02-29029199"}},{"type":"Feature","geometry":{"type":"Point","coordinates":[121.41334204069,25.003931017129]},"properties":{"name":"全家便利商店股份有限公司-樹林保安店","type":"連鎖型綠色商店","address":"238新北市樹林區保安街二段２０９號１樓","number":"F000873","localcallservice":"02-29029199"}},{"type":"Feature","geometry":{"type":"Point","coordinates":[121.424719971337,25.010034006559]},"properties":{"name":"全家便利商店股份有限公司-樹林俊英店","type":"連鎖型綠色商店","address":"238新北市樹林區俊英街１１３號","number":"F000898","localcallservice":"02-29029199"}},{"type":"Feature","geometry":{"type":"Point","coordinates":[121.418130035241,25.015657006305]},"properties":{"name":"全家便利商店股份有限公司-樹林俊興店","type":"連鎖型綠色商店","address":"238新北市樹林區三俊街１２７號１Ｆ","number":"F000740","localcallservice":"02-29029199"}},{"type":"Feature","geometry":{"type":"Point","coordinates":[121.4152302,24.9820411]},"properties":{"name":"全家便利商店股份有限公司-樹林柑園店","type":"連鎖型綠色商店","address":"238新北市樹林區柑園路二段２號","number":"F000707","localcallservice":"02-29029199"}},{"type":"Feature","geometry":{"type":"Point","coordinates":[121.42120502024,24.979224980333]},"properties":{"name":"全家便利商店股份有限公司-樹林國凱店","type":"連鎖型綠色商店","address":"238新北市樹林區國凱街８２號","number":"F000442","localcallservice":"02-29029199"}},{"type":"Feature","geometry":{"type":"Point","coordinates":[121.382704675841,24.944957999953]},"properties":{"name":"全家便利商店股份有限公司-樹林凱旋店","type":"連鎖型綠色商店","address":"238新北市樹林區南園里大成路１０號１樓（光纖）三峽鎮","number":"F000654","localcallservice":"02-29029199"}},{"type":"Feature","geometry":{"type":"Point","coordinates":[121.426017992863,24.990983994208]},"properties":{"name":"全家便利商店股份有限公司-樹林博愛店","type":"連鎖型綠色商店","address":"238新北市樹林區博愛街１５８號１樓","number":"F000456","localcallservice":"02-29029199"}},{"type":"Feature","geometry":{"type":"Point","coordinates":[121.418269677748,24.988608520938]},"properties":{"name":"全家便利商店股份有限公司-樹林復興店","type":"連鎖型綠色商店","address":"238新北市樹林區復興路２７２號，２７４號","number":"F000560","localcallservice":"02-29029199"}},{"type":"Feature","geometry":{"type":"Point","coordinates":[121.399737960379,24.974443984672]},"properties":{"name":"全家便利商店股份有限公司-樹林新中店","type":"連鎖型綠色商店","address":"238新北市樹林區中山路三段１０７號","number":"F000345","localcallservice":"02-29029199"}},{"type":"Feature","geometry":{"type":"Point","coordinates":[121.397300000022,24.970310993944]},"properties":{"name":"全家便利商店股份有限公司-樹林德園店","type":"連鎖型綠色商店","address":"238新北市樹林區八德街６００及６０２號","number":"F000297","localcallservice":"02-29029199"}},{"type":"Feature","geometry":{"type":"Point","coordinates":[121.425306034007,24.99901301926]},"properties":{"name":"全家便利商店股份有限公司-樹林潭興店","type":"連鎖型綠色商店","address":"238新北市樹林區潭興街２２號１樓、地下室","number":"F000316","localcallservice":"02-29029199"}},{"type":"Feature","geometry":{"type":"Point","coordinates":[121.378936004536,24.949117980408]},"properties":{"name":"全家便利商店股份有限公司-樹林學明店","type":"連鎖型綠色商店","address":"238新北市樹林區學林路９０號１樓","number":"F000391","localcallservice":"02-29029199"}},{"type":"Feature","geometry":{"type":"Point","coordinates":[121.38410202292,24.948309001023]},"properties":{"name":"全家便利商店股份有限公司-樹林學勤店","type":"連鎖型綠色商店","address":"238新北市樹林區學勤路５５０．５５２號１樓","number":"F000444","localcallservice":"02-29029199"}},{"type":"Feature","geometry":{"type":"Point","coordinates":[121.378327394546,24.945640999333]},"properties":{"name":"全家便利商店股份有限公司-樹林學誠店","type":"連鎖型綠色商店","address":"238新北市樹林區大義路１９６＆１９８號","number":"F000886","localcallservice":"02-29029199"}},{"type":"Feature","geometry":{"type":"Point","coordinates":[121.402938003374,25.016269891065]},"properties":{"name":"全家便利商店股份有限公司-樹林龍興店","type":"連鎖型綠色商店","address":"238新北市樹林區龍興街１５號","number":"F000479","localcallservice":"02-29029199"}},{"type":"Feature","geometry":{"type":"Point","coordinates":[121.424719971337,24.989498008503]},"properties":{"name":"全家便利商店股份有限公司-樹林鎮前店","type":"連鎖型綠色商店","address":"238新北市樹林區博愛街１９８號","number":"F000454","localcallservice":"02-29029199"}},{"type":"Feature","geometry":{"type":"Point","coordinates":[121.473400975332,25.083660979329]},"properties":{"name":"全家便利商店股份有限公司-蘆洲中央店","type":"連鎖型綠色商店","address":"247新北市蘆洲區仁復里５鄰中央路５６號","number":"F000785","localcallservice":"02-29029199"}},{"type":"Feature","geometry":{"type":"Point","coordinates":[121.4686910163,25.085823007434]},"properties":{"name":"全家便利商店股份有限公司-蘆洲中正店","type":"連鎖型綠色商店","address":"247新北市蘆洲區中正路１６８號","number":"F000446","localcallservice":"02-29029199"}},{"type":"Feature","geometry":{"type":"Point","coordinates":[121.467478993101,25.080158014353]},"properties":{"name":"全家便利商店股份有限公司-蘆洲中華店","type":"連鎖型綠色商店","address":"247新北市蘆洲區和平路１２２，１２４號","number":"F000737","localcallservice":"02-29029199"}},{"type":"Feature","geometry":{"type":"Point","coordinates":[121.477593016567,25.084759008644]},"properties":{"name":"全家便利商店股份有限公司-蘆洲仁德店","type":"連鎖型綠色商店","address":"247新北市蘆洲區民族路７４號１樓","number":"F000417","localcallservice":"02-29029199"}},{"type":"Feature","geometry":{"type":"Point","coordinates":[121.463024011563,25.078359006475]},"properties":{"name":"全家便利商店股份有限公司-蘆洲太子店","type":"連鎖型綠色商店","address":"247新北市蘆洲區永安南路二段１０４號１樓","number":"F000462","localcallservice":"02-29029199"}},{"type":"Feature","geometry":{"type":"Point","coordinates":[121.467444962574,25.084838008082]},"properties":{"name":"全家便利商店股份有限公司-蘆洲正原店","type":"連鎖型綠色商店","address":"247新北市蘆洲區中正路１８５巷１９號","number":"F000445","localcallservice":"02-29029199"}},{"type":"Feature","geometry":{"type":"Point","coordinates":[121.472479971811,25.092056000182]},"properties":{"name":"全家便利商店股份有限公司-蘆洲民仁店","type":"連鎖型綠色商店","address":"247新北市蘆洲區民族路４４８號","number":"F000430","localcallservice":"02-29029199"}},{"type":"Feature","geometry":{"type":"Point","coordinates":[121.473311959521,25.078748010601]},"properties":{"name":"全家便利商店股份有限公司-蘆洲民生店","type":"連鎖型綠色商店","address":"247新北市蘆洲區得仁里民生街１０９號一樓","number":"F000505","localcallservice":"02-29029199"}},{"type":"Feature","geometry":{"type":"Point","coordinates":[121.473996090458,25.091805590825]},"properties":{"name":"全家便利商店股份有限公司-蘆洲民星店","type":"連鎖型綠色商店","address":"247新北市蘆洲區民族路４２４，４２４之１號１樓","number":"F000884","localcallservice":"02-29029199"}},{"type":"Feature","geometry":{"type":"Point","coordinates":[121.471476993277,25.091422998855]},"properties":{"name":"全家便利商店股份有限公司-蘆洲民族店","type":"連鎖型綠色商店","address":"247新北市蘆洲區民族路３７１號","number":"F000656","localcallservice":"02-29029199"}},{"type":"Feature","geometry":{"type":"Point","coordinates":[121.47882901201,25.08918301905]},"properties":{"name":"全家便利商店股份有限公司-蘆洲民復店","type":"連鎖型綠色商店","address":"247新北市蘆洲區復興路２１０號１樓","number":"F000484","localcallservice":"02-29029199"}},{"type":"Feature","geometry":{"type":"Point","coordinates":[121.473901374952,25.093770602296]},"properties":{"name":"全家便利商店股份有限公司-蘆洲民華店","type":"連鎖型綠色商店","address":"247新北市蘆洲區民族路４２２巷８２弄１４，１６號","number":"F000500","localcallservice":"02-29029199"}},{"type":"Feature","geometry":{"type":"Point","coordinates":[121.4693072,25.0817761]},"properties":{"name":"全家便利商店股份有限公司-蘆洲民愛店","type":"連鎖型綠色商店","address":"247新北市蘆洲區仁愛路９７號","number":"F000887","localcallservice":"02-29029199"}},{"type":"Feature","geometry":{"type":"Point","coordinates":[121.458342970097,25.093117987315]},"properties":{"name":"全家便利商店股份有限公司-蘆洲永平店","type":"連鎖型綠色商店","address":"247新北市蘆洲區永平街３２巷４５弄３６號１樓","number":"F000782","localcallservice":"02-29029199"}},{"type":"Feature","geometry":{"type":"Point","coordinates":[121.455918085508,25.088730019093]},"properties":{"name":"全家便利商店股份有限公司-蘆洲永成店","type":"連鎖型綠色商店","address":"247新北市蘆洲區成功里永樂街８３號一樓","number":"F000659","localcallservice":"02-29029199"}},{"type":"Feature","geometry":{"type":"Point","coordinates":[121.458410025322,25.088341014967]},"properties":{"name":"全家便利商店股份有限公司-蘆洲永華店","type":"連鎖型綠色商店","address":"247新北市蘆洲區永樂街２８號１樓","number":"F000325","localcallservice":"02-29029199"}},{"type":"Feature","geometry":{"type":"Point","coordinates":[121.457900873433,25.090452596258]},"properties":{"name":"全家便利商店股份有限公司-蘆洲永樂店","type":"連鎖型綠色商店","address":"247新北市蘆洲區永樂街３８巷５７弄１號１Ｆ","number":"F000865","localcallservice":"02-29029199"}},{"type":"Feature","geometry":{"type":"Point","coordinates":[121.479935004134,25.086760984308]},"properties":{"name":"全家便利商店股份有限公司-蘆洲玉清店","type":"連鎖型綠色商店","address":"247新北市蘆洲區民族路１７８號，１８０號一樓","number":"F000630","localcallservice":"02-29029199"}},{"type":"Feature","geometry":{"type":"Point","coordinates":[121.466213996274,25.082538013851]},"properties":{"name":"全家便利商店股份有限公司-蘆洲光華店","type":"連鎖型綠色商店","address":"247新北市蘆洲區光華路１３２巷１號，１３４號１樓","number":"F000609","localcallservice":"02-29029199"}},{"type":"Feature","geometry":{"type":"Point","coordinates":[121.457646014848,25.086316994897]},"properties":{"name":"全家便利商店股份有限公司-蘆洲成功店","type":"連鎖型綠色商店","address":"247新北市蘆洲區長安街２４８號","number":"F000752","localcallservice":"02-29029199"}},{"type":"Feature","geometry":{"type":"Point","coordinates":[121.465102975008,25.083752006797]},"properties":{"name":"全家便利商店股份有限公司-蘆洲明原店","type":"連鎖型綠色商店","address":"247新北市蘆洲區中原里中正路１８５巷９８號一樓","number":"F000291","localcallservice":"02-29029199"}},{"type":"Feature","geometry":{"type":"Point","coordinates":[121.464545997542,25.078705011438]},"properties":{"name":"全家便利商店股份有限公司-蘆洲長九店","type":"連鎖型綠色商店","address":"247新北市蘆洲區長安街１號","number":"F000772","localcallservice":"02-29029199"}},{"type":"Feature","geometry":{"type":"Point","coordinates":[121.457835026764,25.085130997507]},"properties":{"name":"全家便利商店股份有限公司-蘆洲長安店","type":"連鎖型綠色商店","address":"247新北市蘆洲區長安街３０７號","number":"F000896","localcallservice":"02-29029199"}},{"type":"Feature","geometry":{"type":"Point","coordinates":[121.459044032478,25.083147001026]},"properties":{"name":"全家便利商店股份有限公司-蘆洲長泰店","type":"連鎖型綠色商店","address":"247新北市蘆洲區永德里長安街２４７號一樓","number":"F000322","localcallservice":"02-29029199"}},{"type":"Feature","geometry":{"type":"Point","coordinates":[121.479077032525,25.085205009712]},"properties":{"name":"全家便利商店股份有限公司-蘆洲信義店","type":"連鎖型綠色商店","address":"247新北市蘆洲區信義路２２０號１樓","number":"F000524","localcallservice":"02-29029199"}},{"type":"Feature","geometry":{"type":"Point","coordinates":[121.477474999371,25.082956983281]},"properties":{"name":"全家便利商店股份有限公司-蘆洲恆德店","type":"連鎖型綠色商店","address":"247新北市蘆洲區三民路２６巷２２號，２４號","number":"F000315","localcallservice":"02-29029199"}},{"type":"Feature","geometry":{"type":"Point","coordinates":[121.472036988229,25.087895013899]},"properties":{"name":"全家便利商店股份有限公司-蘆洲虹展店","type":"連鎖型綠色商店","address":"247新北市蘆洲區水湳街３１號１樓","number":"F000907","localcallservice":"02-29029199"}},{"type":"Feature","geometry":{"type":"Point","coordinates":[121.477204012441,25.08776501058]},"properties":{"name":"全家便利商店股份有限公司-蘆洲復江店","type":"連鎖型綠色商店","address":"247新北市蘆洲區復興路１５０˙１５２號一樓","number":"F000432","localcallservice":"02-29029199"}},{"type":"Feature","geometry":{"type":"Point","coordinates":[121.462424034934,25.082688008008]},"properties":{"name":"全家便利商店股份有限公司-蘆洲華安店","type":"連鎖型綠色商店","address":"247新北市蘆洲區中華街６巷５２號１樓","number":"F000336","localcallservice":"02-29029199"}},{"type":"Feature","geometry":{"type":"Point","coordinates":[121.481898967867,25.085277010261]},"properties":{"name":"全家便利商店股份有限公司-蘆洲集賢店","type":"連鎖型綠色商店","address":"247新北市蘆洲區集賢路２３７號","number":"F000623","localcallservice":"02-29029199"}},{"type":"Feature","geometry":{"type":"Point","coordinates":[121.473050376155,25.089831250174]},"properties":{"name":"全家便利商店股份有限公司-蘆洲義興店","type":"連鎖型綠色商店","address":"247新北市蘆洲區民義街６８巷２、６號１樓","number":"F000347","localcallservice":"02-29029199"}},{"type":"Feature","geometry":{"type":"Point","coordinates":[121.475203000696,25.087263982318]},"properties":{"name":"全家便利商店股份有限公司-蘆洲福安店","type":"連鎖型綠色商店","address":"247新北市蘆洲區民權路６６號１樓","number":"F000849","localcallservice":"02-29029199"}},{"type":"Feature","geometry":{"type":"Point","coordinates":[121.45825697177,25.081729998384]},"properties":{"name":"全家便利商店股份有限公司-蘆洲福原店","type":"連鎖型綠色商店","address":"247新北市蘆洲區中原路７９號１樓","number":"F000593","localcallservice":"02-29029199"}},{"type":"Feature","geometry":{"type":"Point","coordinates":[121.481925287043,25.087544608436]},"properties":{"name":"全家便利商店股份有限公司-蘆洲興賢店","type":"連鎖型綠色商店","address":"247新北市蘆洲區中興街６０號１樓","number":"F000696","localcallservice":"02-29029199"}},{"type":"Feature","geometry":{"type":"Point","coordinates":[121.464363020595,25.081460981202]},"properties":{"name":"全家便利商店股份有限公司-蘆洲寶吉店","type":"連鎖型綠色商店","address":"247新北市蘆洲區九芎街９０巷３１號１樓","number":"F000419","localcallservice":"02-29029199"}},{"type":"Feature","geometry":{"type":"Point","coordinates":[121.475867015066,25.086446998215]},"properties":{"name":"全家便利商店股份有限公司-蘆洲鷺江店","type":"連鎖型綠色商店","address":"247新北市蘆洲區鷺江里民權路３３號一樓","number":"F000490","localcallservice":"02-29029199"}},{"type":"Feature","geometry":{"type":"Point","coordinates":[121.341221882655,24.955855899004]},"properties":{"name":"全家便利商店股份有限公司-鶯歌永明店","type":"連鎖型綠色商店","address":"239新北市鶯歌區永明街７８號１樓","number":"F000286","localcallservice":"02-29029199"}},{"type":"Feature","geometry":{"type":"Point","coordinates":[121.352270404507,24.955970311983]},"properties":{"name":"全家便利商店股份有限公司-鶯歌行政店","type":"連鎖型綠色商店","address":"239新北市鶯歌區中正一路１５４號","number":"F000401","localcallservice":"02-29029199"}},{"type":"Feature","geometry":{"type":"Point","coordinates":[121.347038001449,24.954145990756]},"properties":{"name":"全家便利商店股份有限公司-鶯歌南雅店","type":"連鎖型綠色商店","address":"239新北市鶯歌區南雅路４３５號","number":"F000266","localcallservice":"02-29029199"}},{"type":"Feature","geometry":{"type":"Point","coordinates":[121.349016968789,24.953940005486]},"properties":{"name":"全家便利商店股份有限公司-鶯歌南鶯店","type":"連鎖型綠色商店","address":"239新北市鶯歌區南鶯里南雅路３４號１樓","number":"F000811","localcallservice":"02-29029199"}},{"type":"Feature","geometry":{"type":"Point","coordinates":[121.355036013459,24.955068000106]},"properties":{"name":"全家便利商店股份有限公司-鶯歌站前店","type":"連鎖型綠色商店","address":"239新北市鶯歌區建國路５３之５號、、５３之６號１樓","number":"F000868","localcallservice":"02-29029199"}},{"type":"Feature","geometry":{"type":"Point","coordinates":[121.438511471003,25.084973794913]},"properties":{"name":"全國電子股份有公司新北市第三十分公司","type":"連鎖型綠色商店","address":"248新北市五股區工商路72號","number":"F000131","localcallservice":"02-22990328"}},{"type":"Feature","geometry":{"type":"Point","coordinates":[121.468033288358,24.987715512974]},"properties":{"name":"全國電子股份有公司新北市第五十二分公司","type":"連鎖型綠色商店","address":"236新北市土城區金城路3段180號","number":"F000130","localcallservice":"02-22989922#5302"}},{"type":"Feature","geometry":{"type":"Point","coordinates":[121.631302033379,25.065661009897]},"properties":{"name":"全國電子股份有公司新北市第五十三分公司","type":"連鎖型綠色商店","address":"221新北市汐止區中興路145號","number":"F000133","localcallservice":"02-22989922#5302"}},{"type":"Feature","geometry":{"type":"Point","coordinates":[121.481434023698,25.000631019939]},"properties":{"name":"全國電子股份有公司新北市第五十四分公司","type":"連鎖型綠色商店","address":"235新北市中和區員山路202.204號","number":"F000139","localcallservice":"02-22990328"}},{"type":"Feature","geometry":{"type":"Point","coordinates":[121.477282969969,25.017614013058]},"properties":{"name":"全國電子股份有限公司新北市第七分公司","type":"連鎖型綠色商店","address":"220新北市板橋區中山路2段245號","number":"F000061","localcallservice":"02-22989922#5302"}},{"type":"Feature","geometry":{"type":"Point","coordinates":[121.442450965495,24.978640300677]},"properties":{"name":"全國電子股份有限公司新北市第九分公司","type":"連鎖型綠色商店","address":"236新北市土城區中央路二段71-75號","number":"F000062","localcallservice":"02-22989922#5302"}},{"type":"Feature","geometry":{"type":"Point","coordinates":[121.654096032332,25.065489013244]},"properties":{"name":"全國電子股份有限公司新北市第二十一分公司","type":"連鎖型綠色商店","address":"221新北市汐止區大同路2段240號","number":"F000019","localcallservice":"02-22989922#5302"}},{"type":"Feature","geometry":{"type":"Point","coordinates":[121.525494000654,24.999344984535]},"properties":{"name":"全國電子股份有限公司新北市第二十七分公司","type":"連鎖型綠色商店","address":"235新北市中和區得和路403號","number":"F000068","localcallservice":"02-22989922#5302"}},{"type":"Feature","geometry":{"type":"Point","coordinates":[121.472547027037,25.006239979996]},"properties":{"name":"全國電子股份有限公司新北市第二十二分公司","type":"連鎖型綠色商店","address":"235新北市中和區中山路三段185-189號","number":"F000066","localcallservice":"02-22989922#5302"}},{"type":"Feature","geometry":{"type":"Point","coordinates":[121.47609600866,25.082282994446]},"properties":{"name":"全國電子股份有限公司新北市第二十三分公司","type":"連鎖型綠色商店","address":"247新北市蘆洲區三民路10號","number":"F000058","localcallservice":"02-22989922#5302"}},{"type":"Feature","geometry":{"type":"Point","coordinates":[121.503170980841,24.999881007243]},"properties":{"name":"全國電子股份有限公司新北市第二十五分公司","type":"連鎖型綠色商店","address":"235新北市中和區中和路175號","number":"F000067","localcallservice":"02-22989922#5302"}},{"type":"Feature","geometry":{"type":"Point","coordinates":[121.496756980893,25.066647015077]},"properties":{"name":"全國電子股份有限公司新北市第二十六分公司","type":"連鎖型綠色商店","address":"241新北市三重區正義北路137號","number":"F000054","localcallservice":"02-22989922#5302"}},{"type":"Feature","geometry":{"type":"Point","coordinates":[121.373295989527,24.937406994839]},"properties":{"name":"全國電子股份有限公司新北市第二十分公司","type":"連鎖型綠色商店","address":"237新北市三峽區復興路78號","number":"F000065","localcallservice":"02-22989922#5302"}},{"type":"Feature","geometry":{"type":"Point","coordinates":[121.46067397737,25.081756988113]},"properties":{"name":"全國電子股份有限公司新北市第二十四分公司","type":"連鎖型綠色商店","address":"247新北市蘆洲區長安街122號","number":"F000059","localcallservice":"02-22989922#5302"}},{"type":"Feature","geometry":{"type":"Point","coordinates":[121.486928025953,25.061707014712]},"properties":{"name":"全國電子股份有限公司新北市第八分公司","type":"連鎖型綠色商店","address":"241新北市三重區重陽路二段1號","number":"F000056","localcallservice":"02-22989922#5302"}},{"type":"Feature","geometry":{"type":"Point","coordinates":[121.516939765549,24.999160917941]},"properties":{"name":"全國電子股份有限公司新北市第十一分公司","type":"連鎖型綠色商店","address":"234新北市永和區中正路191-193號","number":"F000060","localcallservice":"02-22989922#5302"}},{"type":"Feature","geometry":{"type":"Point","coordinates":[121.540911002802,24.972319004579]},"properties":{"name":"全國電子股份有限公司新北市第十九分公司","type":"連鎖型綠色商店","address":"231新北市新店區中正路188號","number":"F000021","localcallservice":"02-22989922#5302"}},{"type":"Feature","geometry":{"type":"Point","coordinates":[121.464496963408,25.017727001113]},"properties":{"name":"全國電子股份有限公司新北市第十二分公司","type":"連鎖型綠色商店","address":"220新北市板橋區文化路一段90-92號","number":"F000064","localcallservice":"02-22989922#5302"}},{"type":"Feature","geometry":{"type":"Point","coordinates":[121.484016823342,25.078329418357]},"properties":{"name":"全國電子股份有限公司新北市第十八分公司","type":"連鎖型綠色商店","address":"241新北市三重區三和路四段147號","number":"F000057","localcallservice":"02-22989922#5302"}},{"type":"Feature","geometry":{"type":"Point","coordinates":[121.441376992241,25.171085989648]},"properties":{"name":"全國電子股份有限公司新北市第十五分公司","type":"連鎖型綠色商店","address":"251新北市淡水區中山路127號","number":"F000069","localcallservice":"02-22989922#5302"}},{"type":"Feature","geometry":{"type":"Point","coordinates":[121.452076994559,25.049318980914]},"properties":{"name":"全國電子股份有限公司新北市第十六分公司","type":"連鎖型綠色商店","address":"242新北市新莊區幸福路602號","number":"F000028","localcallservice":"02-22989922#5302"}},{"type":"Feature","geometry":{"type":"Point","coordinates":[121.519523990117,25.012063013861]},"properties":{"name":"全國電子股份有限公司新北市第十分公司","type":"連鎖型綠色商店","address":"234新北市永和區竹林路100號","number":"F000063","localcallservice":"02-22989922#5302"}},{"type":"Feature","geometry":{"type":"Point","coordinates":[121.426538006136,25.026452813775]},"properties":{"name":"全國電子股份有限公司新北市第十四分公司","type":"連鎖型綠色商店","address":"242新北市新莊區後港一路62號","number":"F000018","localcallservice":"02-22989922#5302"}},{"type":"Feature","geometry":{"type":"Point","coordinates":[121.426466005587,24.990505010351]},"properties":{"name":"全國電子股份有限公司新北市第三十七分公司","type":"連鎖型綠色商店","address":"220新北市板橋區溪北路2號","number":"F000078","localcallservice":"02-22989922#5302"}},{"type":"Feature","geometry":{"type":"Point","coordinates":[121.417543972571,25.025345019542]},"properties":{"name":"全國電子股份有限公司新北市第三十九分公司","type":"連鎖型綠色商店","address":"242新北市新莊區中正路881-5、881-6號","number":"F000024","localcallservice":"02-22989922#5302"}},{"type":"Feature","geometry":{"type":"Point","coordinates":[121.370771025014,25.06959698399]},"properties":{"name":"全國電子股份有限公司新北市第三十二分公司","type":"連鎖型綠色商店","address":"244新北市林口區文化一路一段41號","number":"F000085","localcallservice":"03-3570833#32"}},{"type":"Feature","geometry":{"type":"Point","coordinates":[121.426122526553,25.024049728089]},"properties":{"name":"全國電子股份有限公司新北市第三十八分公司","type":"連鎖型綠色商店","address":"242新北市新莊區建安街117、119號","number":"F000025","localcallservice":"02-22989922#5302"}},{"type":"Feature","geometry":{"type":"Point","coordinates":[121.350695025805,24.953979693797]},"properties":{"name":"全國電子股份有限公司新北市第三十三分公司","type":"連鎖型綠色商店","address":"239新北市鶯歌區國慶街123號","number":"F000086","localcallservice":"03-3570833#32"}},{"type":"Feature","geometry":{"type":"Point","coordinates":[121.513103033189,24.988208997524]},"properties":{"name":"全國電子股份有限公司新北市第三十四分公司","type":"連鎖型綠色商店","address":"235新北市中和區景新街438號","number":"F000070","localcallservice":"02-22989922#5302"}},{"type":"Feature","geometry":{"type":"Point","coordinates":[121.510877973172,24.959895012416]},"properties":{"name":"全國電子股份有限公司新北市第三分公司","type":"連鎖型綠色商店","address":"231新北市新店區安康路二段196號","number":"F000022","localcallservice":"02-22989922#5302"}},{"type":"Feature","geometry":{"type":"Point","coordinates":[121.445890527898,25.040399627579]},"properties":{"name":"全國電子股份有限公司新北市第五十一分公司","type":"連鎖型綠色商店","address":"242新北市新莊區新泰路276、278號","number":"F000027","localcallservice":"02-22989922#5302"}},{"type":"Feature","geometry":{"type":"Point","coordinates":[121.494514989431,25.061286285082]},"properties":{"name":"全國電子股份有限公司新北市第五十七分公司","type":"連鎖型綠色商店","address":"241新北市三重區重新路三段36號","number":"F002162","localcallservice":"22989922#5302"}},{"type":"Feature","geometry":{"type":"Point","coordinates":[121.805648804552,25.108141207652]},"properties":{"name":"全國電子股份有限公司新北市第五十九分公司","type":"連鎖型綠色商店","address":"224新北市瑞芳區明燈路三段63號1樓","number":"F002163","localcallservice":"22989922#5302"}},{"type":"Feature","geometry":{"type":"Point","coordinates":[121.541616004678,24.968769017127]},"properties":{"name":"全國電子股份有限公司新北市第五十八分公司","type":"連鎖型綠色商店","address":"231新北市新店區北新路一段335號","number":"F002164","localcallservice":"22989922#5302"}},{"type":"Feature","geometry":{"type":"Point","coordinates":[121.480960203815,25.084084129966]},"properties":{"name":"全國電子股份有限公司新北市第五十五分公司","type":"連鎖型綠色商店","address":"247新北市蘆洲區集賢路348號B1、1樓","number":"F001989","localcallservice":"02-22989922#5302"}},{"type":"Feature","geometry":{"type":"Point","coordinates":[121.460259995172,25.137921019987]},"properties":{"name":"全國電子股份有限公司新北市第五十六分公司","type":"連鎖型綠色商店","address":"251新北市淡水區民生路1-1號","number":"F002165","localcallservice":"22989922#5302"}},{"type":"Feature","geometry":{"type":"Point","coordinates":[121.474549379886,25.028532489682]},"properties":{"name":"全國電子股份有限公司新北市第五十分公司","type":"連鎖型綠色商店","address":"220新北市板橋區雙十路二段108號","number":"F000084","localcallservice":"02-22989922#5302"}},{"type":"Feature","geometry":{"type":"Point","coordinates":[121.430636002417,25.05824101393]},"properties":{"name":"全國電子股份有限公司新北市第五分公司","type":"連鎖型綠色商店","address":"243新北市泰山區明志路一段354號","number":"F000055","localcallservice":"02-22989922#5302"}},{"type":"Feature","geometry":{"type":"Point","coordinates":[121.42537158049,24.984397285145]},"properties":{"name":"全國電子股份有限公司新北市第六十一分公司","type":"連鎖型綠色商店","address":"238新北市樹林區中華路2號","number":"F002187","localcallservice":"02-22989922-5302"}},{"type":"Feature","geometry":{"type":"Point","coordinates":[121.426549992257,25.017358993654]},"properties":{"name":"全國電子股份有限公司新北市第六十七分公司","type":"連鎖型綠色商店","address":"242新北市新莊區民安西路135號","number":"F002186","localcallservice":"02-22989922-5302"}},{"type":"Feature","geometry":{"type":"Point","coordinates":[121.494748676892,24.992103816472]},"properties":{"name":"全國電子股份有限公司新北市第六十二分公司","type":"連鎖型綠色商店","address":"235新北市中和區圓通路295之3號","number":"F002185","localcallservice":"02-22989922-5302"}},{"type":"Feature","geometry":{"type":"Point","coordinates":[121.50297191064,24.999948691111]},"properties":{"name":"全國電子股份有限公司新北市第六十八分公司","type":"連鎖型綠色商店","address":"235新北市中和區中和路167號","number":"F002181","localcallservice":"02-22989922-5302"}},{"type":"Feature","geometry":{"type":"Point","coordinates":[121.51393577527,25.007925496906]},"properties":{"name":"全國電子股份有限公司新北市第六十三分公司","type":"連鎖型綠色商店","address":"234新北市永和區永和路一段122號","number":"F002182","localcallservice":"02-22989922-5302"}},{"type":"Feature","geometry":{"type":"Point","coordinates":[121.424084874533,25.038799692429]},"properties":{"name":"全國電子股份有限公司新北市第六十五分公司","type":"連鎖型綠色商店","address":"243新北市泰山區明志路三段188,190號","number":"F002183","localcallservice":"02-22989922-5302"}},{"type":"Feature","geometry":{"type":"Point","coordinates":[121.456370037727,24.987903016148]},"properties":{"name":"全國電子股份有限公司新北市第六十六分公司","type":"連鎖型綠色商店","address":"236新北市土城區學府路一段93號","number":"F002180","localcallservice":"02-22989922-5302"}},{"type":"Feature","geometry":{"type":"Point","coordinates":[121.482291995307,25.067913017733]},"properties":{"name":"全國電子股份有限公司新北市第六十分公司","type":"連鎖型綠色商店","address":"241新北市三重區忠孝路二段160號","number":"F002161","localcallservice":"22989922#5302"}},{"type":"Feature","geometry":{"type":"Point","coordinates":[121.460469961846,25.00181001844]},"properties":{"name":"全國電子股份有限公司新北市第六十四分公司","type":"連鎖型綠色商店","address":"220新北市板橋區忠孝路42,44號","number":"F002184","localcallservice":"02-22989922-5302"}},{"type":"Feature","geometry":{"type":"Point","coordinates":[121.463374375116,25.000521217007]},"properties":{"name":"全國電子股份有限公司新北市第六分公司","type":"連鎖型綠色商店","address":"220新北市板橋區重慶路247號 ","number":"F000073","localcallservice":"02-22989922#5302"}},{"type":"Feature","geometry":{"type":"Point","coordinates":[121.46337403984,25.08222298002]},"properties":{"name":"全國電子股份有限公司新北市第四十一分公司","type":"連鎖型綠色商店","address":"247新北市蘆洲區長榮路23號","number":"F000075","localcallservice":"02-22989922#5302"}},{"type":"Feature","geometry":{"type":"Point","coordinates":[121.509694029349,25.001308990177]},"properties":{"name":"全國電子股份有限公司新北市第四十七分公司","type":"連鎖型綠色商店","address":"234新北市永和區中和路443號","number":"F000082","localcallservice":"02-22989922#5302"}},{"type":"Feature","geometry":{"type":"Point","coordinates":[121.444937959986,25.049774788809]},"properties":{"name":"全國電子股份有限公司新北市第四十九分公司","type":"連鎖型綠色商店","address":"242新北市新莊區中平路262號","number":"F000083","localcallservice":"02-22989922#5302"}},{"type":"Feature","geometry":{"type":"Point","coordinates":[121.497061411616,25.00117198797]},"properties":{"name":"全國電子股份有限公司新北市第四十二分公司","type":"連鎖型綠色商店","address":"235新北市中和區景平路672、672-1、674、674-1號","number":"F000076","localcallservice":"02-22989922#5302"}},{"type":"Feature","geometry":{"type":"Point","coordinates":[121.373626990883,24.935454304766]},"properties":{"name":"全國電子股份有限公司新北市第四十八分公司","type":"連鎖型綠色商店","address":"237新北市三峽區民生街106-2號","number":"F000023","localcallservice":"02-22989922#5302"}},{"type":"Feature","geometry":{"type":"Point","coordinates":[121.461645607586,25.022195603243]},"properties":{"name":"全國電子股份有限公司新北市第四十三分公司","type":"連鎖型綠色商店","address":"220新北市板橋區新海路92號","number":"F000077","localcallservice":"02-22989922#5302"}},{"type":"Feature","geometry":{"type":"Point","coordinates":[121.444491958918,25.169693001159]},"properties":{"name":"全國電子股份有限公司新北市第四十六分公司","type":"連鎖型綠色商店","address":"251新北市淡水區中山路24、26號","number":"F000081","localcallservice":"02-22989922#5302"}},{"type":"Feature","geometry":{"type":"Point","coordinates":[121.510303561348,25.009997712919]},"properties":{"name":"全國電子股份有限公司新北市第四十分公司","type":"連鎖型綠色商店","address":"234新北市永和區中山路一段134、136號","number":"F000074","localcallservice":"02-22989922#5302"}},{"type":"Feature","geometry":{"type":"Point","coordinates":[121.493367003972,25.071853979059]},"properties":{"name":"全國電子股份有限公司新北市第四十四分公司","type":"連鎖型綠色商店","address":"241新北市三重區正義北路351號","number":"F000079","localcallservice":"02-22989922#5302"}},{"type":"Feature","geometry":{"type":"Point","coordinates":[121.449073507194,25.035518303064]},"properties":{"name":"全國電子股份有限公司新北市第四分公司","type":"連鎖型綠色商店","address":"242新北市新莊區中正路212號","number":"F000017","localcallservice":"02-22989922#5302"}},{"type":"Feature","geometry":{"type":"Point","coordinates":[121.465892717925,25.080171006303]},"properties":{"name":"全聯實業股份有限公司-九芎店","type":"連鎖型綠色商店","address":"247新北市蘆洲區九芎街90巷6、8、10號1樓","number":"F000122","localcallservice":"02-82833529"}},{"type":"Feature","geometry":{"type":"Point","coordinates":[121.436291021032,25.079913011324]},"properties":{"name":"全聯實業股份有限公司五股分公司","type":"連鎖型綠色商店","address":"248新北市五股區德音村成泰路1段235-13號1樓","number":"F000124","localcallservice":"02-82953966"}},{"type":"Feature","geometry":{"type":"Point","coordinates":[121.654096032332,25.065489013244]},"properties":{"name":"全聯實業股份有限公司汐止大同店","type":"連鎖型綠色商店","address":"221新北市汐止區大同路2段240號b1","number":"F000216","localcallservice":"02-26490272"}},{"type":"Feature","geometry":{"type":"Point","coordinates":[121.66587201956,25.071856996544]},"properties":{"name":"全聯實業股份有限公司汐止忠孝分公司","type":"連鎖型綠色商店","address":"221新北市汐止區忠孝東路429號","number":"F000204","localcallservice":"02-86476668"}},{"type":"Feature","geometry":{"type":"Point","coordinates":[121.663426391428,25.072994827992]},"properties":{"name":"全聯實業股份有限公司汐止建成分公司","type":"連鎖型綠色商店","address":"221新北市汐止區建成路58號B1","number":"F000195","localcallservice":"02-26416373"}},{"type":"Feature","geometry":{"type":"Point","coordinates":[121.630935241296,25.067956813177]},"properties":{"name":"全聯實業股份有限公司汐止康寧分公司","type":"連鎖型綠色商店","address":"221新北市汐止區康寧街430號","number":"F000212","localcallservice":"02-26954980"}},{"type":"Feature","geometry":{"type":"Point","coordinates":[121.655182204292,25.064264223842]},"properties":{"name":"全聯實業股份有限公司汐止龍安分公司","type":"連鎖型綠色商店","address":"221新北市汐止區龍安路28巷6號B1","number":"F000202","localcallservice":"02-26494296"}},{"type":"Feature","geometry":{"type":"Point","coordinates":[121.460994191625,25.136622957077]},"properties":{"name":"全聯實業股份有限公司竹圍分公司","type":"連鎖型綠色商店","address":"251新北市淡水區民族路31號B1","number":"F000112","localcallservice":"02-26242377"}},{"type":"Feature","geometry":{"type":"Point","coordinates":[121.481270911862,25.082762984132]},"properties":{"name":"全聯實業股份有限公司重陽分公司","type":"連鎖型綠色商店","address":"247新北市蘆洲區重陽街46號1樓","number":"F000121","localcallservice":"02-28486699"}},{"type":"Feature","geometry":{"type":"Point","coordinates":[121.44648802534,25.177829985124]},"properties":{"name":"全聯實業股份有限公司淡大分公司","type":"連鎖型綠色商店","address":"251新北市淡水區大忠街89號1樓","number":"F000111","localcallservice":"02-26296697"}},{"type":"Feature","geometry":{"type":"Point","coordinates":[121.446697004389,25.169175315505]},"properties":{"name":"全聯實業股份有限公司淡水博愛分公司","type":"連鎖型綠色商店","address":"251新北市淡水區博愛街51巷5號1F、B1","number":"F000114","localcallservice":"02-26266229"}},{"type":"Feature","geometry":{"type":"Point","coordinates":[121.470504692509,25.089989400045]},"properties":{"name":"全聯實業股份有限公司蘆洲民族分公司","type":"連鎖型綠色商店","address":"247新北市蘆洲區水湳街74號1、2樓","number":"F000119","localcallservice":"02-82832182"}},{"type":"Feature","geometry":{"type":"Point","coordinates":[121.523203058878,24.999697317835]},"properties":{"name":"成和機車有限公司","type":"連鎖型綠色商店","address":"234新北市永和區得和路313號","number":"F002096","localcallservice":"29288538"}},{"type":"Feature","geometry":{"type":"Point","coordinates":[121.460139966318,25.026331988641]},"properties":{"name":"有利車業有限公司","type":"連鎖型綠色商店","address":"220新北市板橋區互助街94號","number":"F002047","localcallservice":"22563364"}},{"type":"Feature","geometry":{"type":"Point","coordinates":[121.45483497598,24.982483990017]},"properties":{"name":"自來車行","type":"連鎖型綠色商店","address":"236新北市土城區裕民路270號","number":"F002148","localcallservice":"22616353"}},{"type":"Feature","geometry":{"type":"Point","coordinates":[121.513504023437,24.988220983645]},"properties":{"name":"佑泰車業有限公司","type":"連鎖型綠色商店","address":"235新北市中和區景新街467巷1號","number":"F002090","localcallservice":"29489000"}},{"type":"Feature","geometry":{"type":"Point","coordinates":[121.521630027109,25.005892005286]},"properties":{"name":"呈運機車行","type":"連鎖型綠色商店","address":"234新北市永和區永亨路75號","number":"F002101","localcallservice":"29286290"}},{"type":"Feature","geometry":{"type":"Point","coordinates":[121.520620594509,25.009839420677]},"properties":{"name":"宏健機車行","type":"連鎖型綠色商店","address":"234新北市永和區竹林路177號","number":"F002110","localcallservice":"89282338"}},{"type":"Feature","geometry":{"type":"Point","coordinates":[121.510174982953,25.016478013721]},"properties":{"name":"宏億車行","type":"連鎖型綠色商店","address":"234新北市永和區文化路165號","number":"F002103","localcallservice":"89218921"}},{"type":"Feature","geometry":{"type":"Point","coordinates":[121.512441030476,25.01418401255]},"properties":{"name":"宏聯機車行","type":"連鎖型綠色商店","address":"234新北市永和區信義路106號","number":"F002137","localcallservice":"22314318"}},{"type":"Feature","geometry":{"type":"Point","coordinates":[121.502186023398,25.006990998521]},"properties":{"name":"志宏機車行","type":"連鎖型綠色商店","address":"235新北市中和區中山路2段2巷45弄4號","number":"F002133","localcallservice":"22469536"}},{"type":"Feature","geometry":{"type":"Point","coordinates":[121.481172005404,24.998813990969]},"properties":{"name":"良力車業有限公司","type":"連鎖型綠色商店","address":"235新北市中和區員山路257號","number":"F002076","localcallservice":"22260793"}},{"type":"Feature","geometry":{"type":"Point","coordinates":[121.508042040052,24.986816009035]},"properties":{"name":"佳順機車行","type":"連鎖型綠色商店","address":"235新北市中和區南山路543號","number":"F002064","localcallservice":"29464366"}},{"type":"Feature","geometry":{"type":"Point","coordinates":[121.497411020797,25.005355982578]},"properties":{"name":"佳慶機車行","type":"連鎖型綠色商店","address":"235新北市中和區永和路88之4號1樓","number":"F002085","localcallservice":"22483320"}},{"type":"Feature","geometry":{"type":"Point","coordinates":[121.458846973935,25.026697984443]},"properties":{"name":"來興車業有限公司","type":"連鎖型綠色商店","address":"220新北市板橋區新海路398號","number":"F002045","localcallservice":"22566065"}},{"type":"Feature","geometry":{"type":"Point","coordinates":[121.466487665412,25.00839781715]},"properties":{"name":"協泰車業有限公司","type":"連鎖型綠色商店","address":"220新北市板橋區民族路93號","number":"F002154","localcallservice":"29616060"}},{"type":"Feature","geometry":{"type":"Point","coordinates":[121.447927030478,24.99095700448]},"properties":{"name":"協聖汽車股份有限公司土城分公司","type":"連鎖型綠色商店","address":"236新北市土城區中華路一段2號","number":"F001994","localcallservice":"02-25066898"}},{"type":"Feature","geometry":{"type":"Point","coordinates":[121.43886401385,25.033094005209]},"properties":{"name":"協聖汽車股份有限公司新莊營業所","type":"連鎖型綠色商店","address":"242新北市新莊區中正路535號","number":"F001996","localcallservice":"02-25066898"}},{"type":"Feature","geometry":{"type":"Point","coordinates":[121.504780976802,24.999609014485]},"properties":{"name":"和昇機車行","type":"連鎖型綠色商店","address":"235新北市中和區中和路178號","number":"F002098","localcallservice":"22491026"}},{"type":"Feature","geometry":{"type":"Point","coordinates":[121.632571388796,25.056058492072]},"properties":{"name":"固德汽車股份有限公司","type":"連鎖型綠色商店","address":"221新北市汐止區大同路一段156-2號","number":"F001991","localcallservice":"02-25066898"}},{"type":"Feature","geometry":{"type":"Point","coordinates":[121.511179973144,24.992369983807]},"properties":{"name":"奇典機車行","type":"連鎖型綠色商店","address":"235新北市中和區景新街311號","number":"F002094","localcallservice":"29414356"}},{"type":"Feature","geometry":{"type":"Point","coordinates":[121.50001997198,24.991504007481]},"properties":{"name":"尚成車業行","type":"連鎖型綠色商店","address":"235新北市中和區中興街133號","number":"F002066","localcallservice":"22451788"}},{"type":"Feature","geometry":{"type":"Point","coordinates":[121.463225009601,25.016861988705]},"properties":{"name":"忠山機車行","type":"連鎖型綠色商店","address":"220新北市板橋區文化路一段205號","number":"F002046","localcallservice":"29661923"}},{"type":"Feature","geometry":{"type":"Point","coordinates":[121.460819990123,25.018209002455]},"properties":{"name":"旺昇機車行","type":"連鎖型綠色商店","address":"220新北市板橋區國光路180號","number":"F002042","localcallservice":"29673210"}},{"type":"Feature","geometry":{"type":"Point","coordinates":[121.497408003312,24.995222010182]},"properties":{"name":"旺泰機車行","type":"連鎖型綠色商店","address":"235新北市中和區圓通路162-3號","number":"F002061","localcallservice":"22427128"}},{"type":"Feature","geometry":{"type":"Point","coordinates":[121.466386998755,24.994260689707]},"properties":{"name":"明展機車行","type":"連鎖型綠色商店","address":"235新北市中和區民德路332號","number":"F002105","localcallservice":"29626622"}},{"type":"Feature","geometry":{"type":"Point","coordinates":[121.454920890487,25.016556091149]},"properties":{"name":"明德車業行","type":"連鎖型綠色商店","address":"220新北市板橋區大仁街41號","number":"F002041","localcallservice":"29681854"}},{"type":"Feature","geometry":{"type":"Point","coordinates":[121.461375458847,25.030580481994]},"properties":{"name":"明興機車行","type":"連鎖型綠色商店","address":"220新北市板橋區長江路一段359號","number":"F002034","localcallservice":"22567976"}},{"type":"Feature","geometry":{"type":"Point","coordinates":[121.465268014681,25.027223990777]},"properties":{"name":"昇龍國際車業有限公司","type":"連鎖型綠色商店","address":"220新北市板橋區民生路3段179號","number":"F002155","localcallservice":"22597313"}},{"type":"Feature","geometry":{"type":"Point","coordinates":[121.525342036749,25.001671004576]},"properties":{"name":"昇鴻車業有限公司","type":"連鎖型綠色商店","address":"234新北市永和區秀朗路2段167號","number":"F002109","localcallservice":"29203504"}},{"type":"Feature","geometry":{"type":"Point","coordinates":[121.513425987919,25.015388994951]},"properties":{"name":"東政機車行","type":"連鎖型綠色商店","address":"234新北市永和區文化路112號","number":"F002102","localcallservice":"29272615"}},{"type":"Feature","geometry":{"type":"Point","coordinates":[121.483250968849,25.004869999832]},"properties":{"name":"東茂車業有限公司","type":"連鎖型綠色商店","address":"235新北市中和區中山路2段475號","number":"F002072","localcallservice":"22223327"}},{"type":"Feature","geometry":{"type":"Point","coordinates":[121.458618064159,25.008417388894]},"properties":{"name":"板橋市農會","type":"連鎖型綠色商店","address":"220新北市板橋區府中路29-1號","number":"F000159","localcallservice":"02-89656868#715"}},{"type":"Feature","geometry":{"type":"Point","coordinates":[121.450543022459,25.00868699281]},"properties":{"name":"欣展車業行","type":"連鎖型綠色商店","address":"220新北市板橋區大觀路一段8號","number":"F002048","localcallservice":"29652668"}},{"type":"Feature","geometry":{"type":"Point","coordinates":[121.459679967472,25.029802012737]},"properties":{"name":"欣富車業行","type":"連鎖型綠色商店","address":"220新北市板橋區長江路一段109號","number":"F002037","localcallservice":"22501151"}},{"type":"Feature","geometry":{"type":"Point","coordinates":[121.501057735412,25.258492308323]},"properties":{"name":"芝農商行","type":"連鎖型綠色商店","address":"252新北市三芝區中山路1段6號","number":"F000103","localcallservice":"26363111"}},{"type":"Feature","geometry":{"type":"Point","coordinates":[121.482265089397,24.987103089219]},"properties":{"name":"金馴車行","type":"連鎖型綠色商店","address":"235新北市中和區員山路286巷1號","number":"F002071","localcallservice":"22211005"}},{"type":"Feature","geometry":{"type":"Point","coordinates":[121.468346771537,24.9909231835]},"properties":{"name":"長新機車行","type":"連鎖型綠色商店","address":"236新北市土城區延平街14號","number":"F002122","localcallservice":"22647762"}},{"type":"Feature","geometry":{"type":"Point","coordinates":[121.499137022299,24.999852005858]},"properties":{"name":"信隆機車行","type":"連鎖型綠色商店","address":"235新北市中和區泰和街42號","number":"F002068","localcallservice":"22493018"}},{"type":"Feature","geometry":{"type":"Point","coordinates":[121.467756015001,25.032134989757]},"properties":{"name":"建發車業行","type":"連鎖型綠色商店","address":"220新北市板橋區長江路2段210號","number":"F002038","localcallservice":"22525308"}},{"type":"Feature","geometry":{"type":"Point","coordinates":[121.454539010979,24.995326993519]},"properties":{"name":"建榮機車行","type":"連鎖型綠色商店","address":"220新北市板橋區四川路二段29號","number":"F002158","localcallservice":"02-89668703"}},{"type":"Feature","geometry":{"type":"Point","coordinates":[121.523802029679,25.008081987038]},"properties":{"name":"彥銘機車行","type":"連鎖型綠色商店","address":"234新北市永和區福和路29號1樓","number":"F002097","localcallservice":"29218584"}},{"type":"Feature","geometry":{"type":"Point","coordinates":[121.515787002405,24.986085987178]},"properties":{"name":"泉和車業有限公司","type":"連鎖型綠色商店","address":"231新北市新店區安和路3段175號","number":"F002078","localcallservice":"29455555"}},{"type":"Feature","geometry":{"type":"Point","coordinates":[121.527027972754,25.002142989543]},"properties":{"name":"皇偉機車行","type":"連鎖型綠色商店","address":"234新北市永和區成功路1段115號","number":"F002106","localcallservice":"29284462"}},{"type":"Feature","geometry":{"type":"Point","coordinates":[121.465577977461,24.984043987926]},"properties":{"name":"家福股份有限公司土城福益分公司","type":"連鎖型綠色商店","address":"236新北市土城區明德路一段67號","number":"F002025","localcallservice":"02-2261-6611"}},{"type":"Feature","geometry":{"type":"Point","coordinates":[121.495888848732,25.002207943008]},"properties":{"name":"家福股份有限公司中和分公司","type":"連鎖型綠色商店","address":"235新北市中和區中山路二段295號B2","number":"F000034","localcallservice":"(02)8245-5566#880"}},{"type":"Feature","geometry":{"type":"Point","coordinates":[121.379579705643,24.947839472836]},"properties":{"name":"家福股份有限公司北大分公司","type":"連鎖型綠色商店","address":"238新北市樹林區大雅路288號B1","number":"F002021","localcallservice":"02-3501-6879"}},{"type":"Feature","geometry":{"type":"Point","coordinates":[121.459042262944,24.983424874706]},"properties":{"name":"家福股份有限公司台北土城分公司","type":"連鎖型綠色商店","address":"236新北市土城區青雲路152號B1","number":"F000011","localcallservice":"(02)2265-6001#880"}},{"type":"Feature","geometry":{"type":"Point","coordinates":[121.648640335374,25.060552114183]},"properties":{"name":"家福股份有限公司台北汐止分公司","type":"連鎖型綠色商店","address":"221新北市汐止區新台五路一段108號B1","number":"F000013","localcallservice":"02-2696-2277#880"}},{"type":"Feature","geometry":{"type":"Point","coordinates":[121.374334004416,25.077590008768]},"properties":{"name":"家福股份有限公司台北林口分公司","type":"連鎖型綠色商店","address":"244新北市林口區文化二路一段559.561.563地下一樓","number":"F000029","localcallservice":"(02)2602-5858#872"}},{"type":"Feature","geometry":{"type":"Point","coordinates":[121.546235439156,24.975877918757]},"properties":{"name":"家福股份有限公司台北新店分公司","type":"連鎖型綠色商店","address":"231新北市新店區中興路三段1號","number":"F000012","localcallservice":"02-89193333#880"}},{"type":"Feature","geometry":{"type":"Point","coordinates":[121.510554012615,25.002354003956]},"properties":{"name":"家福股份有限公司永和永安分公司","type":"連鎖型綠色商店","address":"234新北市永和區中和路499-1號","number":"F002028","localcallservice":"02-2232-7755"}},{"type":"Feature","geometry":{"type":"Point","coordinates":[121.454877975143,25.0095440005]},"properties":{"name":"家福股份有限公司府中分公司","type":"連鎖型綠色商店","address":"220新北市板橋區府中路126號1樓","number":"F000123","localcallservice":"02-22729000#803"}},{"type":"Feature","geometry":{"type":"Point","coordinates":[121.479411973376,25.017810191502]},"properties":{"name":"家福股份有限公司板橋分公司","type":"連鎖型綠色商店","address":"220新北市板橋區三民路二段31號B1","number":"F000033","localcallservice":"02-29642988#881"}},{"type":"Feature","geometry":{"type":"Point","coordinates":[121.467123097492,25.043069685364]},"properties":{"name":"家福股份有限公司重新分公司","type":"連鎖型綠色商店","address":"241新北市三重區重新路5段654號","number":"F000032","localcallservice":"02-29995000#880"}},{"type":"Feature","geometry":{"type":"Point","coordinates":[121.445024125951,25.045630901608]},"properties":{"name":"家福股份有限公司新莊中平分公司","type":"連鎖型綠色商店","address":"242新北市新莊區中平路108號B1","number":"F002029","localcallservice":"02-89925678"}},{"type":"Feature","geometry":{"type":"Point","coordinates":[121.420940319738,24.99648868339]},"properties":{"name":"家福股份有限公司樹林分公司","type":"連鎖型綠色商店","address":"238新北市樹林區大安路118號","number":"F000014","localcallservice":"(02)2681-0000#881"}},{"type":"Feature","geometry":{"type":"Point","coordinates":[121.486479929409,25.087995387189]},"properties":{"name":"家福股份有限公司蘆洲分公司","type":"連鎖型綠色商店","address":"241新北市三重區五華街282號","number":"F000100","localcallservice":"02-82879000#880"}},{"type":"Feature","geometry":{"type":"Point","coordinates":[121.523290985042,25.007936980113]},"properties":{"name":"展欣機車行","type":"連鎖型綠色商店","address":"234新北市永和區福和路49號","number":"F002121","localcallservice":"29212248"}},{"type":"Feature","geometry":{"type":"Point","coordinates":[121.394323837661,24.972393980703]},"properties":{"name":"展龍車業行","type":"連鎖型綠色商店","address":"238新北市樹林區中山路3段193號","number":"F002140","localcallservice":"26685516"}},{"type":"Feature","geometry":{"type":"Point","coordinates":[121.446491964835,25.089126986027]},"properties":{"name":"振宇五金股份有限公司五股芳洲分公司","type":"連鎖型綠色商店","address":"248新北市五股區芳洲八路178號","number":"F002326","localcallservice":"02-22910271"}},{"type":"Feature","geometry":{"type":"Point","coordinates":[121.365596037994,25.074925988482]},"properties":{"name":"振宇五金股份有限公司林口忠孝分公司","type":"連鎖型綠色商店","address":"244新北市林口區忠孝路69號","number":"F002323","localcallservice":"02-26006271"}},{"type":"Feature","geometry":{"type":"Point","coordinates":[121.455982290886,25.161515909788]},"properties":{"name":"振宇五金股份有限公司淡水淡金分公司","type":"連鎖型綠色商店","address":"251新北市淡水區淡金路6號1樓","number":"F002327","localcallservice":"02-86268016"}},{"type":"Feature","geometry":{"type":"Point","coordinates":[121.533448007672,24.985803307493]},"properties":{"name":"振宇五金股份有限公司新店中正分公司","type":"連鎖型綠色商店","address":"231新北市新店區中正路533號","number":"F002322","localcallservice":"02-82181151"}},{"type":"Feature","geometry":{"type":"Point","coordinates":[121.43446200594,25.021000008574]},"properties":{"name":"振宇五金股份有限公司新莊新樹分公司","type":"連鎖型綠色商店","address":"242新北市新莊區新樹路267號1~2樓","number":"F002324","localcallservice":"02-22039568"}},{"type":"Feature","geometry":{"type":"Point","coordinates":[121.46067397737,25.092893017034]},"properties":{"name":"振宇五金股份有限公司蘆洲長榮分公司","type":"連鎖型綠色商店","address":"247新北市蘆洲區長榮路699號","number":"F002325","localcallservice":"02-82858325"}},{"type":"Feature","geometry":{"type":"Point","coordinates":[121.467300039468,25.03232002027]},"properties":{"name":"晉新輪業有限公司","type":"連鎖型綠色商店","address":"220新北市板橋區長江路2段197號","number":"F002040","localcallservice":"22511026"}},{"type":"Feature","geometry":{"type":"Point","coordinates":[121.471570032403,25.024720693484]},"properties":{"name":"晉豐機車展業行","type":"連鎖型綠色商店","address":"220新北市板橋區莊敬路155號","number":"F002051","localcallservice":"22523913"}},{"type":"Feature","geometry":{"type":"Point","coordinates":[121.487945168305,25.05621277918]},"properties":{"name":"特力屋(股)三重集美分公司","type":"連鎖型綠色商店","address":"241新北市三重區集美街18-3、18-5號","number":"F002307","localcallservice":"02-87916668#6554"}},{"type":"Feature","geometry":{"type":"Point","coordinates":[121.518012984431,25.000067001674]},"properties":{"name":"特力屋(股)永和得和分公司","type":"連鎖型綠色商店","address":"234新北市永和區得和路102號B1","number":"F002306","localcallservice":"02-87916668#6554"}},{"type":"Feature","geometry":{"type":"Point","coordinates":[121.386415204496,25.07943813593]},"properties":{"name":"特力屋(股)林口中山分公司","type":"連鎖型綠色商店","address":"244新北市林口區中山路248號B1 (3號A1區）","number":"F002302","localcallservice":"02-86019258#666"}},{"type":"Feature","geometry":{"type":"Point","coordinates":[121.46865547703,25.023421917587]},"properties":{"name":"特力屋(股)板橋新埔分公司","type":"連鎖型綠色商店","address":"220新北市板橋區文化路一段360號地下層之17","number":"F002304","localcallservice":"02-87916668#6554"}},{"type":"Feature","geometry":{"type":"Point","coordinates":[121.461560805197,25.080775144992]},"properties":{"name":"特力屋(股)蘆洲長安分公司","type":"連鎖型綠色商店","address":"247新北市蘆洲區長安街101、103號","number":"F002308","localcallservice":"02-87916668#6554"}},{"type":"Feature","geometry":{"type":"Point","coordinates":[121.48027296247,25.081583985631]},"properties":{"name":"特力屋(股)蘆洲集賢分公司","type":"連鎖型綠色商店","address":"247新北市蘆洲區集賢路401號","number":"F002303","localcallservice":"02-87916668#6554"}},{"type":"Feature","geometry":{"type":"Point","coordinates":[121.382120978155,24.946382143462]},"properties":{"name":"特力屋股份有限公司三峽分公司","type":"連鎖型綠色商店","address":"238新北市樹林區大成路85號B1","number":"F002172","localcallservice":"02-89705089#666"}},{"type":"Feature","geometry":{"type":"Point","coordinates":[121.45899198086,24.983346990768]},"properties":{"name":"特力屋股份有限公司土城分公司","type":"連鎖型綠色商店","address":"236新北市土城區青雲路152號2F","number":"F000006","localcallservice":"02-8262-6000#666"}},{"type":"Feature","geometry":{"type":"Point","coordinates":[121.496137725886,25.002218887677]},"properties":{"name":"特力屋股份有限公司中和分公司","type":"連鎖型綠色商店","address":"235新北市中和區中山路二段291號3~4F","number":"F000004","localcallservice":"02-22401888#666"}},{"type":"Feature","geometry":{"type":"Point","coordinates":[121.647975063719,25.061466998915]},"properties":{"name":"特力屋股份有限公司汐止新台分公司","type":"連鎖型綠色商店","address":"221新北市汐止區新北市汐止區新台五路一段93之3號1樓","number":"F002312","localcallservice":"02-87916668#5817"}},{"type":"Feature","geometry":{"type":"Point","coordinates":[121.546235439156,24.975877918757]},"properties":{"name":"特力屋股份有限公司新店分公司","type":"連鎖型綠色商店","address":"231新北市新店區中興路三段一號四樓","number":"F000003","localcallservice":"02-2910-9988#666"}},{"type":"Feature","geometry":{"type":"Point","coordinates":[121.422533803351,25.029559608097]},"properties":{"name":"特力屋股份有限公司新莊分公司","type":"連鎖型綠色商店","address":"242新北市新莊區中正路620號","number":"F000005","localcallservice":"02-29061212#666"}},{"type":"Feature","geometry":{"type":"Point","coordinates":[121.526429001953,24.996855014468]},"properties":{"name":"益成機車行","type":"連鎖型綠色商店","address":"234新北市永和區成功路2段152號","number":"F002130","localcallservice":"29434817"}},{"type":"Feature","geometry":{"type":"Point","coordinates":[121.453885726411,25.010824819776]},"properties":{"name":"益昌車業行","type":"連鎖型綠色商店","address":"220新北市板橋區西門街24號","number":"F002151","localcallservice":"29690230"}},{"type":"Feature","geometry":{"type":"Point","coordinates":[121.465963964102,25.020328701949]},"properties":{"name":"國防部福利事業管理處板橋福利站","type":"連鎖型綠色商店","address":"220新北市板橋區文化路一段311之1號","number":"F000007","localcallservice":"02-22550818"}},{"type":"Feature","geometry":{"type":"Point","coordinates":[121.524363030458,25.00285398448]},"properties":{"name":"國防部福利總處秀朗福利站","type":"連鎖型綠色商店","address":"234新北市永和區永利路248號2樓","number":"F000009","localcallservice":"02-32332663"}},{"type":"Feature","geometry":{"type":"Point","coordinates":[121.486439025722,25.057597996228]},"properties":{"name":"國都豐田汽車三重營業所","type":"連鎖型綠色商店","address":"241新北市三重區重陽路一段10號","number":"F002016","localcallservice":"02-2986-7011"}},{"type":"Feature","geometry":{"type":"Point","coordinates":[121.439058390185,24.970164981191]},"properties":{"name":"國都豐田汽車土城營業所","type":"連鎖型綠色商店","address":"236新北市土城區中央路三段4號","number":"F002012","localcallservice":"02-2269-1171"}},{"type":"Feature","geometry":{"type":"Point","coordinates":[121.484481096959,25.005218309818]},"properties":{"name":"國都豐田汽車中和營業所","type":"連鎖型綠色商店","address":"235新北市中和區中正路860號","number":"F002011","localcallservice":"02-2225-3711"}},{"type":"Feature","geometry":{"type":"Point","coordinates":[121.424892387085,25.029513717177]},"properties":{"name":"國都豐田汽車丹鳳營業所","type":"連鎖型綠色商店","address":"242新北市新莊區中正路717號","number":"F002019","localcallservice":"02-2901-0868"}},{"type":"Feature","geometry":{"type":"Point","coordinates":[121.504612835825,25.01059400151]},"properties":{"name":"國都豐田汽車北永和營業所","type":"連鎖型綠色商店","address":"234新北市永和區保生路55號","number":"F002015","localcallservice":"02-2927-7273"}},{"type":"Feature","geometry":{"type":"Point","coordinates":[121.370410016445,25.069286979301]},"properties":{"name":"國都豐田汽車林口營業所","type":"連鎖型綠色商店","address":"244新北市林口區文化一路一段35號","number":"F002014","localcallservice":"02-2600-2391"}},{"type":"Feature","geometry":{"type":"Point","coordinates":[121.480953992103,25.019961490771]},"properties":{"name":"國都豐田汽車埔墘營業所","type":"連鎖型綠色商店","address":"220新北市板橋區中山路二段421號","number":"F002010","localcallservice":"02-8952-2300"}},{"type":"Feature","geometry":{"type":"Point","coordinates":[121.45967410014,25.152496018052]},"properties":{"name":"國都豐田汽車淡水營業所","type":"連鎖型綠色商店","address":"251新北市淡水區中正東路2段91號","number":"F002017","localcallservice":"02-2809-9301"}},{"type":"Feature","geometry":{"type":"Point","coordinates":[121.459699832583,25.038703090995]},"properties":{"name":"國都豐田汽車新莊營業所","type":"連鎖型綠色商店","address":"242新北市新莊區中正路70號之2","number":"F002013","localcallservice":"02-2996-6737"}},{"type":"Feature","geometry":{"type":"Point","coordinates":[121.427193733033,25.002776550777]},"properties":{"name":"國都豐田汽車樹林營業所","type":"連鎖型綠色商店","address":"238新北市樹林區大安路40 號","number":"F002009","localcallservice":"02-2687-4511"}},{"type":"Feature","geometry":{"type":"Point","coordinates":[121.481005959902,25.083087489513]},"properties":{"name":"國都豐田汽車蘆洲營業所","type":"連鎖型綠色商店","address":"247新北市蘆洲區集賢路281號","number":"F002018","localcallservice":"02-2283-5302"}},{"type":"Feature","geometry":{"type":"Point","coordinates":[121.352035962675,24.95090801965]},"properties":{"name":"國都豐田汽車鶯歌營業所","type":"連鎖型綠色商店","address":"239新北市鶯歌區文化路146號","number":"F002020","localcallservice":"02-2678-1611"}},{"type":"Feature","geometry":{"type":"Point","coordinates":[121.440458000377,25.05342699357]},"properties":{"name":"莊德流行傢俱館","type":"連鎖型綠色商店","address":"242新北市新莊區新北大道4段389-2號","number":"F000129","localcallservice":"02-89921598"}},{"type":"Feature","geometry":{"type":"Point","coordinates":[121.464399314236,25.003845898902]},"properties":{"name":"通天車業有限公司","type":"連鎖型綠色商店","address":"220新北市板橋區實踐路171號","number":"F002139","localcallservice":"29617859"}},{"type":"Feature","geometry":{"type":"Point","coordinates":[121.497243969467,25.000602982473]},"properties":{"name":"速成車業行","type":"連鎖型綠色商店","address":"235新北市中和區景平路595號","number":"F002126","localcallservice":"22496529"}},{"type":"Feature","geometry":{"type":"Point","coordinates":[121.473344984219,25.000516984146]},"properties":{"name":"勝明機車行","type":"連鎖型綠色商店","address":"235新北市中和區民享街86巷23號","number":"F002100","localcallservice":"22252866"}},{"type":"Feature","geometry":{"type":"Point","coordinates":[121.464539040562,25.026646980563]},"properties":{"name":"勝國機車行","type":"連鎖型綠色商店","address":"220新北市板橋區四維路176號","number":"F002033","localcallservice":"22560829"}},{"type":"Feature","geometry":{"type":"Point","coordinates":[121.468447019099,25.027608007671]},"properties":{"name":"勝賓車業行","type":"連鎖型綠色商店","address":"220新北市板橋區松江街55號","number":"F002032","localcallservice":"22583381"}},{"type":"Feature","geometry":{"type":"Point","coordinates":[121.38245808025,24.944476291977]},"properties":{"name":"勝龍車業行","type":"連鎖型綠色商店","address":"238新北市樹林區大成路3號","number":"F002150","localcallservice":"35019887"}},{"type":"Feature","geometry":{"type":"Point","coordinates":[121.518872883878,24.97111729112]},"properties":{"name":"博達汽車股份有限公司新店分公司","type":"連鎖型綠色商店","address":"231新北市新店區安和路2段119號","number":"F001992","localcallservice":"02-25066898"}},{"type":"Feature","geometry":{"type":"Point","coordinates":[121.515420964693,25.000313010533]},"properties":{"name":"富元車業有限公司","type":"連鎖型綠色商店","address":"234新北市永和區得和路26號","number":"F002117","localcallservice":"29468675"}},{"type":"Feature","geometry":{"type":"Point","coordinates":[121.48019157419,25.030804907452]},"properties":{"name":"晶展車業行","type":"連鎖型綠色商店","address":"220新北市板橋區懷德街139巷20弄1號","number":"F002059","localcallservice":"22580521"}},{"type":"Feature","geometry":{"type":"Point","coordinates":[121.505278023661,24.995146992148]},"properties":{"name":"景發車業有限公司","type":"連鎖型綠色商店","address":"235新北市中和區景安路116號","number":"F002057","localcallservice":"22480269"}},{"type":"Feature","geometry":{"type":"Point","coordinates":[121.509943977701,25.006460004955]},"properties":{"name":"景騛機車行","type":"連鎖型綠色商店","address":"234新北市永和區永貞路313號","number":"F002114","localcallservice":"22317972"}},{"type":"Feature","geometry":{"type":"Point","coordinates":[121.496409970101,25.066813982589]},"properties":{"name":"棉花田三重正義門市","type":"連鎖型綠色商店","address":"241新北市三重區正義北路188號","number":"F002175","localcallservice":"02-25791777*212"}},{"type":"Feature","geometry":{"type":"Point","coordinates":[121.380443573641,24.946256817759]},"properties":{"name":"棉花田三峽大雅門市","type":"連鎖型綠色商店","address":"238新北市樹林區大雅路266號","number":"F002224","localcallservice":"02-25791777"}},{"type":"Feature","geometry":{"type":"Point","coordinates":[121.452248907393,24.985031795215]},"properties":{"name":"棉花田土城學府門市","type":"連鎖型綠色商店","address":"236新北市土城區學府路一段185號1樓","number":"F002222","localcallservice":"02-25791777"}},{"type":"Feature","geometry":{"type":"Point","coordinates":[121.510433816123,24.989444490052]},"properties":{"name":"棉花田中和興南門市","type":"連鎖型綠色商店","address":"235新北市中和區興南路一段63號","number":"F002226","localcallservice":"02-25791777"}},{"type":"Feature","geometry":{"type":"Point","coordinates":[121.511737034429,25.003154014704]},"properties":{"name":"棉花田生機園地中和永安門市","type":"連鎖型綠色商店","address":"235新北市中和區中和路422號","number":"F002001","localcallservice":"02-25791777#218"}},{"type":"Feature","geometry":{"type":"Point","coordinates":[121.51565498743,24.997200013603]},"properties":{"name":"棉花田生機園地永和中正門市-","type":"連鎖型綠色商店","address":"234新北市永和區中正路198號","number":"F002003","localcallservice":"02-25791777#218"}},{"type":"Feature","geometry":{"type":"Point","coordinates":[121.457671998747,25.009902997413]},"properties":{"name":"棉花田生機園地板橋府中門市","type":"連鎖型綠色商店","address":"220新北市板橋區文化路1段9號","number":"F002004","localcallservice":"02-25791777#218"}},{"type":"Feature","geometry":{"type":"Point","coordinates":[121.542882510248,24.978106205807]},"properties":{"name":"棉花田生機園地股份有限公司北新門市","type":"連鎖型綠色商店","address":"231新北市新店區北新路2段252-2號","number":"F002177","localcallservice":"02-25791777"}},{"type":"Feature","geometry":{"type":"Point","coordinates":[121.514467523207,25.011938794056]},"properties":{"name":"棉花田生機園地股份有限公司頂溪門市","type":"連鎖型綠色商店","address":"234新北市永和區信義路9號","number":"F002174","localcallservice":"02-25791777"}},{"type":"Feature","geometry":{"type":"Point","coordinates":[121.539741978766,24.968144984435]},"properties":{"name":"棉花田生機園地新店中華門市","type":"連鎖型綠色商店","address":"231新北市新店區中華路63號","number":"F002178","localcallservice":"02-25791777"}},{"type":"Feature","geometry":{"type":"Point","coordinates":[121.53960401264,24.972840987599]},"properties":{"name":"棉花田生機園地新店門市","type":"連鎖型綠色商店","address":"231新北市新店區中正路219號","number":"F002002","localcallservice":"02-25791777#218"}},{"type":"Feature","geometry":{"type":"Point","coordinates":[121.444971990513,25.045349982123]},"properties":{"name":"棉花田生機園地新莊中平門市","type":"連鎖型綠色商店","address":"242新北市新莊區中平路92巷4號","number":"F002005","localcallservice":"02-25791777#218"}},{"type":"Feature","geometry":{"type":"Point","coordinates":[121.5315433,24.9585927]},"properties":{"name":"棉花田生機園地碧潭門市","type":"連鎖型綠色商店","address":"231新北市新店區北?路一段8號","number":"F002179","localcallservice":"02-25018008"}},{"type":"Feature","geometry":{"type":"Point","coordinates":[121.521289218926,25.007925287358]},"properties":{"name":"棉花田生機園地福和門市","type":"連鎖型綠色商店","address":"234新北市永和區福和路162號","number":"F002176","localcallservice":"02-25791777"}},{"type":"Feature","geometry":{"type":"Point","coordinates":[121.467297021983,25.022991003945]},"properties":{"name":"棉花田板橋新埔門市","type":"連鎖型綠色商店","address":"220新北市板橋區文化路一段435巷11號","number":"F002229","localcallservice":"02-25791777"}},{"type":"Feature","geometry":{"type":"Point","coordinates":[121.46084798568,25.136499994032]},"properties":{"name":"棉花田淡水民族門市","type":"連鎖型綠色商店","address":"251新北市淡水區民族路14號","number":"F002225","localcallservice":"02-25791777"}},{"type":"Feature","geometry":{"type":"Point","coordinates":[121.534779975905,24.97214399044]},"properties":{"name":"棉花田新店三民門市","type":"連鎖型綠色商店","address":"231新北市新店區三民路119號","number":"F002223","localcallservice":"02-25791777"}},{"type":"Feature","geometry":{"type":"Point","coordinates":[121.528823963147,24.974616987153]},"properties":{"name":"棉花田新店中央門市","type":"連鎖型綠色商店","address":"231新北市新店區中央五街30號","number":"F002228","localcallservice":"02-25791777"}},{"type":"Feature","geometry":{"type":"Point","coordinates":[121.449051965703,25.034920380001]},"properties":{"name":"棉花田新莊新泰門市","type":"連鎖型綠色商店","address":"242新北市新莊區新泰路97號","number":"F002227","localcallservice":"02-25791777"}},{"type":"Feature","geometry":{"type":"Point","coordinates":[121.374502732127,24.94352549079]},"properties":{"name":"湧德傢俱生活館","type":"連鎖型綠色商店","address":"237新北市三峽區大學路129號1樓","number":"F000252","localcallservice":"02-86720668"}},{"type":"Feature","geometry":{"type":"Point","coordinates":[121.524253981898,25.006455604456]},"properties":{"name":"翔龍機車行","type":"連鎖型綠色商店","address":"234新北市永和區國中路102號","number":"F002088","localcallservice":"29287653"}},{"type":"Feature","geometry":{"type":"Point","coordinates":[121.469247993766,25.021883000164]},"properties":{"name":"華民車業行","type":"連鎖型綠色商店","address":"220新北市板橋區民生路二段222號","number":"F002131","localcallservice":"22541716"}},{"type":"Feature","geometry":{"type":"Point","coordinates":[121.472258019015,25.021256997726]},"properties":{"name":"華豐機車行","type":"連鎖型綠色商店","address":"220新北市板橋區莊敬路214號1樓","number":"F002056","localcallservice":"22534580"}},{"type":"Feature","geometry":{"type":"Point","coordinates":[121.412049886497,25.15850140022]},"properties":{"name":"萊爾富國際股份有限公司-北縣八里店","type":"連鎖型綠色商店","address":"249新北市八里區中山路一段177號","number":"F001694","localcallservice":"02-66068688分機356"}},{"type":"Feature","geometry":{"type":"Point","coordinates":[121.482185964231,25.074421984644]},"properties":{"name":"萊爾富國際股份有限公司-北縣力福店","type":"連鎖型綠色商店","address":"241新北市三重區力行路二段51號","number":"F001882","localcallservice":"02-66068688分機356"}},{"type":"Feature","geometry":{"type":"Point","coordinates":[121.41336802459,25.159162983838]},"properties":{"name":"萊爾富國際股份有限公司-北縣十三行店","type":"連鎖型綠色商店","address":"249新北市八里區埤頭村中山路一段131號1樓","number":"F001738","localcallservice":"02-66068688分機356"}},{"type":"Feature","geometry":{"type":"Point","coordinates":[121.485311827383,25.063171794202]},"properties":{"name":"萊爾富國際股份有限公司-北縣三民店","type":"連鎖型綠色商店","address":"241新北市三重區三民街100,102號","number":"F001817","localcallservice":"02-66068688分機356"}},{"type":"Feature","geometry":{"type":"Point","coordinates":[121.492476594398,25.073557307512]},"properties":{"name":"萊爾富國際股份有限公司-北縣三和二店","type":"連鎖型綠色商店","address":"241新北市三重區三和路三段137號","number":"F001895","localcallservice":"02-66068688分機356"}},{"type":"Feature","geometry":{"type":"Point","coordinates":[121.366828010123,24.938621993614]},"properties":{"name":"萊爾富國際股份有限公司-北縣三勇店","type":"連鎖型綠色商店","address":"237新北市三峽區大勇路2之1號","number":"F001860","localcallservice":"02-66068688分機356"}},{"type":"Feature","geometry":{"type":"Point","coordinates":[121.497645965543,25.062285994674]},"properties":{"name":"萊爾富國際股份有限公司-北縣三重店","type":"連鎖型綠色商店","address":"241新北市三重區重新路二段29號","number":"F001809","localcallservice":"02-66068688分機356"}},{"type":"Feature","geometry":{"type":"Point","coordinates":[121.365834000225,24.909708995796]},"properties":{"name":"萊爾富國際股份有限公司-北縣三埔店","type":"連鎖型綠色商店","address":"237新北市三峽區中正路二段331-1號","number":"F001749","localcallservice":"02-66068688分機356"}},{"type":"Feature","geometry":{"type":"Point","coordinates":[121.374837002426,24.929753018045]},"properties":{"name":"萊爾富國際股份有限公司-北縣三峽店","type":"連鎖型綠色商店","address":"237新北市三峽區中正路一段75-1號","number":"F001912","localcallservice":"02-66068688分機356"}},{"type":"Feature","geometry":{"type":"Point","coordinates":[121.493235827188,25.078326610419]},"properties":{"name":"萊爾富國際股份有限公司-北縣三愛三店","type":"連鎖型綠色商店","address":"241新北市三重區仁愛街253號","number":"F001884","localcallservice":"02-66068688分機356"}},{"type":"Feature","geometry":{"type":"Point","coordinates":[121.490927618691,25.080898010675]},"properties":{"name":"萊爾富國際股份有限公司-北縣三愛店","type":"連鎖型綠色商店","address":"241新北市三重區仁愛街390號","number":"F001894","localcallservice":"02-66068688分機356"}},{"type":"Feature","geometry":{"type":"Point","coordinates":[121.37201800075,24.935960990813]},"properties":{"name":"萊爾富國際股份有限公司-北縣三豐店","type":"連鎖型綠色商店","address":"237新北市三峽區文化路63號,65巷2號","number":"F001821","localcallservice":"02-66068688分機356"}},{"type":"Feature","geometry":{"type":"Point","coordinates":[121.494711125966,25.063749810245]},"properties":{"name":"萊爾富國際股份有限公司-北縣大同北店","type":"連鎖型綠色商店","address":"241新北市三重區大同北路91號                          ","number":"F001862","localcallservice":"02-66068688分機356"}},{"type":"Feature","geometry":{"type":"Point","coordinates":[121.76217799157,25.101788982331]},"properties":{"name":"萊爾富國際股份有限公司-北縣大埔店","type":"連鎖型綠色商店","address":"224新北市瑞芳區大埔路178號","number":"F001920","localcallservice":"02-66068688分機356"}},{"type":"Feature","geometry":{"type":"Point","coordinates":[121.346353032322,24.972766011475]},"properties":{"name":"萊爾富國際股份有限公司-北縣大湖店","type":"連鎖型綠色商店","address":"239新北市鶯歌區大湖路366號,中湖街2號","number":"F001866","localcallservice":"02-66068688分機356"}},{"type":"Feature","geometry":{"type":"Point","coordinates":[121.442790013478,24.999276001472]},"properties":{"name":"萊爾富國際股份有限公司-北縣大興店","type":"連鎖型綠色商店","address":"220新北市板橋區大觀路二段142之2號","number":"F001931","localcallservice":"02-66068688分機356"}},{"type":"Feature","geometry":{"type":"Point","coordinates":[121.469143890529,25.053160197592]},"properties":{"name":"萊爾富國際股份有限公司-北縣中北店","type":"連鎖型綠色商店","address":"241新北市三重區中興北街153號","number":"F001863","localcallservice":"02-66068688分機356"}},{"type":"Feature","geometry":{"type":"Point","coordinates":[121.500275033293,25.066188985978]},"properties":{"name":"萊爾富國際股份有限公司-北縣中央北店","type":"連鎖型綠色商店","address":"241新北市三重區中央北路68號","number":"F001824","localcallservice":"02-66068688分機356"}},{"type":"Feature","geometry":{"type":"Point","coordinates":[121.501345989062,25.062967988226]},"properties":{"name":"萊爾富國際股份有限公司-北縣中央南店","type":"連鎖型綠色商店","address":"241新北市三重區中央南路8號","number":"F001717","localcallservice":"02-66068688分機356"}},{"type":"Feature","geometry":{"type":"Point","coordinates":[121.472049980178,25.0717370096]},"properties":{"name":"萊爾富國際股份有限公司-北縣中正北店","type":"連鎖型綠色商店","address":"241新北市三重區中正北路518號","number":"F001708","localcallservice":"02-66068688分機356"}},{"type":"Feature","geometry":{"type":"Point","coordinates":[121.451130007138,25.050714986888]},"properties":{"name":"萊爾富國際股份有限公司-北縣中信店","type":"連鎖型綠色商店","address":"242新北市新莊區中信街21號","number":"F001782","localcallservice":"02-66068688分機356"}},{"type":"Feature","geometry":{"type":"Point","coordinates":[121.486592833645,25.064472581756]},"properties":{"name":"萊爾富國際股份有限公司-北縣中陽二店","type":"連鎖型綠色商店","address":"241新北市三重區中正北路66號","number":"F001762","localcallservice":"02-66068688分機356"}},{"type":"Feature","geometry":{"type":"Point","coordinates":[121.489579976299,25.063348987635]},"properties":{"name":"萊爾富國際股份有限公司-北縣中陽店","type":"連鎖型綠色商店","address":"241新北市三重區中正北路105號","number":"F001816","localcallservice":"02-66068688分機356"}},{"type":"Feature","geometry":{"type":"Point","coordinates":[121.469094688757,25.057346706771]},"properties":{"name":"萊爾富國際股份有限公司-北縣中興二店","type":"連鎖型綠色商店","address":"241新北市三重區中興北街195,197號","number":"F001789","localcallservice":"02-66068688分機356"}},{"type":"Feature","geometry":{"type":"Point","coordinates":[121.469534990131,25.0492960145]},"properties":{"name":"萊爾富國際股份有限公司-北縣中興北三店","type":"連鎖型綠色商店","address":"241新北市三重區中興北街42號","number":"F001742","localcallservice":"02-66068688分機356"}},{"type":"Feature","geometry":{"type":"Point","coordinates":[121.468876004903,25.05568298281]},"properties":{"name":"萊爾富國際股份有限公司-北縣中興北店","type":"連鎖型綠色商店","address":"241新北市三重區中興北街134號","number":"F001874","localcallservice":"02-66068688分機356"}},{"type":"Feature","geometry":{"type":"Point","coordinates":[121.448309329081,25.064005081106]},"properties":{"name":"萊爾富國際股份有限公司-北縣五工店","type":"連鎖型綠色商店","address":"248新北市五股區五工六路28號1樓","number":"F001837","localcallservice":"02-66068688分機356"}},{"type":"Feature","geometry":{"type":"Point","coordinates":[121.437838990911,25.084501013665]},"properties":{"name":"萊爾富國際股份有限公司-北縣五正店","type":"連鎖型綠色商店","address":"248新北市五股區成泰路二段91巷8號","number":"F001869","localcallservice":"02-66068688分機356"}},{"type":"Feature","geometry":{"type":"Point","coordinates":[121.452302970668,25.068329011588]},"properties":{"name":"萊爾富國際股份有限公司-北縣五股店","type":"連鎖型綠色商店","address":"248新北市五股區五權路42之1號","number":"F001830","localcallservice":"02-66068688分機356"}},{"type":"Feature","geometry":{"type":"Point","coordinates":[121.452996824613,25.064046110522]},"properties":{"name":"萊爾富國際股份有限公司-北縣五春店","type":"連鎖型綠色商店","address":"248新北市五股區五工區五工五路18號","number":"F001755","localcallservice":"02-66068688分機356"}},{"type":"Feature","geometry":{"type":"Point","coordinates":[121.442509974093,25.089980012313]},"properties":{"name":"萊爾富國際股份有限公司-北縣五泰店","type":"連鎖型綠色商店","address":"248新北市五股區西雲路1號","number":"F001804","localcallservice":"02-66068688分機356"}},{"type":"Feature","geometry":{"type":"Point","coordinates":[121.674394990166,25.08010118505]},"properties":{"name":"萊爾富國際股份有限公司-北縣五堵店","type":"連鎖型綠色商店","address":"221新北市汐止區保一街41號","number":"F001799","localcallservice":"02-66068688分機356"}},{"type":"Feature","geometry":{"type":"Point","coordinates":[121.493255021746,25.081851996985]},"properties":{"name":"萊爾富國際股份有限公司-北縣五華二店","type":"連鎖型綠色商店","address":"241新北市三重區五華街72號","number":"F001704","localcallservice":"02-66068688分機356"}},{"type":"Feature","geometry":{"type":"Point","coordinates":[121.493814932878,25.081524809395]},"properties":{"name":"萊爾富國際股份有限公司-北縣五華三店","type":"連鎖型綠色商店","address":"241新北市三重區五華街60號","number":"F001918","localcallservice":"02-66068688分機356"}},{"type":"Feature","geometry":{"type":"Point","coordinates":[121.491369009712,25.084179986773]},"properties":{"name":"萊爾富國際股份有限公司-北縣五華店","type":"連鎖型綠色商店","address":"241新北市三重區五華街125號","number":"F001754","localcallservice":"02-66068688分機356"}},{"type":"Feature","geometry":{"type":"Point","coordinates":[121.467630034996,25.074445998796]},"properties":{"name":"萊爾富國際股份有限公司-北縣五維店","type":"連鎖型綠色商店","address":"248新北市五股區四維路153號","number":"F001901","localcallservice":"02-66068688分機356"}},{"type":"Feature","geometry":{"type":"Point","coordinates":[121.462827372115,25.074364694336]},"properties":{"name":"萊爾富國際股份有限公司-北縣五興店","type":"連鎖型綠色商店","address":"248新北市五股區中興路二段13號1樓","number":"F001828","localcallservice":"02-66068688分機356"}},{"type":"Feature","geometry":{"type":"Point","coordinates":[121.478565233517,25.03416999012]},"properties":{"name":"萊爾富國際股份有限公司-北縣仁化店","type":"連鎖型綠色商店","address":"220新北市板橋區仁化街191號","number":"F001784","localcallservice":"02-66068688分機356"}},{"type":"Feature","geometry":{"type":"Point","coordinates":[121.481193965991,25.079972983841]},"properties":{"name":"萊爾富國際股份有限公司-北縣仁和店","type":"連鎖型綠色商店","address":"241新北市三重區三和路四段233號","number":"F001814","localcallservice":"02-66068688分機356"}},{"type":"Feature","geometry":{"type":"Point","coordinates":[121.487313006766,25.082934980785]},"properties":{"name":"萊爾富國際股份有限公司-北縣仁華店","type":"連鎖型綠色商店","address":"241新北市三重區溪尾街262號","number":"F001829","localcallservice":"02-66068688分機356"}},{"type":"Feature","geometry":{"type":"Point","coordinates":[121.496880027231,25.081812015307]},"properties":{"name":"萊爾富國際股份有限公司-北縣仁義二店","type":"連鎖型綠色商店","address":"241新北市三重區仁義街209號","number":"F001888","localcallservice":"02-66068688分機356"}},{"type":"Feature","geometry":{"type":"Point","coordinates":[121.500031958101,25.075975989493]},"properties":{"name":"萊爾富國際股份有限公司-北縣仁興店","type":"連鎖型綠色商店","address":"241新北市三重區仁興街39巷41.41-1.41-2號","number":"F001695","localcallservice":"02-66068688分機356"}},{"type":"Feature","geometry":{"type":"Point","coordinates":[121.465878301051,25.05115889248]},"properties":{"name":"萊爾富國際股份有限公司-北縣化成二店","type":"連鎖型綠色商店","address":"242新北市新莊區化成路205號之1","number":"F001823","localcallservice":"02-66068688分機356"}},{"type":"Feature","geometry":{"type":"Point","coordinates":[121.498526987386,25.066862010894]},"properties":{"name":"萊爾富國際股份有限公司-北縣文安店","type":"連鎖型綠色商店","address":"241新北市三重區文化北路75號","number":"F001801","localcallservice":"02-66068688分機356"}},{"type":"Feature","geometry":{"type":"Point","coordinates":[121.505983025537,25.003608984409]},"properties":{"name":"萊爾富國際股份有限公司-北縣水源店","type":"連鎖型綠色商店","address":"235新北市中和區水源路73號","number":"F001833","localcallservice":"02-66068688分機356"}},{"type":"Feature","geometry":{"type":"Point","coordinates":[121.627876014275,25.056535003267]},"properties":{"name":"萊爾富國際股份有限公司-北縣北山店","type":"連鎖型綠色商店","address":"221新北市汐止區南陽街261號","number":"F001851","localcallservice":"02-66068688分機356"}},{"type":"Feature","geometry":{"type":"Point","coordinates":[121.492495034585,25.061895984719]},"properties":{"name":"萊爾富國際股份有限公司-北縣台汽店","type":"連鎖型綠色商店","address":"241新北市三重區中正北路23號","number":"F001808","localcallservice":"02-66068688分機356"}},{"type":"Feature","geometry":{"type":"Point","coordinates":[121.504711993739,24.993103987068]},"properties":{"name":"萊爾富國際股份有限公司-北縣平安店","type":"連鎖型綠色商店","address":"235新北市中和區景安路152號","number":"F001753","localcallservice":"02-66068688分機356"}},{"type":"Feature","geometry":{"type":"Point","coordinates":[121.490356978723,24.994389016644]},"properties":{"name":"萊爾富國際股份有限公司-北縣平和店","type":"連鎖型綠色商店","address":"235新北市中和區錦和路216號","number":"F001706","localcallservice":"02-66068688分機356"}},{"type":"Feature","geometry":{"type":"Point","coordinates":[121.495655263539,25.06919188661]},"properties":{"name":"萊爾富國際股份有限公司-北縣正義店","type":"連鎖型綠色商店","address":"241新北市三重區正義北路280號","number":"F001743","localcallservice":"02-66068688分機356"}},{"type":"Feature","geometry":{"type":"Point","coordinates":[121.466104025704,25.025633985654]},"properties":{"name":"萊爾富國際股份有限公司-北縣民生店","type":"連鎖型綠色商店","address":"220新北市板橋區民生路三段119號","number":"F001711","localcallservice":"02-66068688分機356"}},{"type":"Feature","geometry":{"type":"Point","coordinates":[121.461589532654,25.136062584415]},"properties":{"name":"萊爾富國際股份有限公司-北縣民族店","type":"連鎖型綠色商店","address":"251新北市淡水區竹圍里民族路48號","number":"F001778","localcallservice":"02-66068688分機356"}},{"type":"Feature","geometry":{"type":"Point","coordinates":[121.515397998279,25.014063019778]},"properties":{"name":"萊爾富國際股份有限公司-北縣永任店","type":"連鎖型綠色商店","address":"234新北市永和區永和路二段217號1樓","number":"F001767","localcallservice":"02-66068688分機356"}},{"type":"Feature","geometry":{"type":"Point","coordinates":[121.520556975864,24.986133009655]},"properties":{"name":"萊爾富國際股份有限公司-北縣永安店","type":"連鎖型綠色商店","address":"231新北市新店區新和街75號","number":"F001947","localcallservice":"02-66068688分機356"}},{"type":"Feature","geometry":{"type":"Point","coordinates":[121.51722969558,25.005852107427]},"properties":{"name":"萊爾富國際股份有限公司-北縣永利店","type":"連鎖型綠色商店","address":"234新北市永和區中正路560號","number":"F001832","localcallservice":"02-66068688分機356"}},{"type":"Feature","geometry":{"type":"Point","coordinates":[121.465243958619,24.984775015612]},"properties":{"name":"萊爾富國際股份有限公司-北縣永明店","type":"連鎖型綠色商店","address":"236新北市土城區明德路一段51號","number":"F001751","localcallservice":"02-66068688分機356"}},{"type":"Feature","geometry":{"type":"Point","coordinates":[121.517441003359,25.004220989069]},"properties":{"name":"萊爾富國際股份有限公司-北縣永貞店","type":"連鎖型綠色商店","address":"234新北市永和區中正路500號","number":"F001938","localcallservice":"02-66068688分機356"}},{"type":"Feature","geometry":{"type":"Point","coordinates":[121.526171174611,24.9978659139]},"properties":{"name":"萊爾富國際股份有限公司-北縣永朗店","type":"連鎖型綠色商店","address":"234新北市永和區秀朗路二段293號","number":"F001813","localcallservice":"02-66068688分機356"}},{"type":"Feature","geometry":{"type":"Point","coordinates":[121.510914015356,25.008912005]},"properties":{"name":"萊爾富國際股份有限公司-北縣永富店","type":"連鎖型綠色商店","address":"234新北市永和區和平里永平路164號1樓","number":"F001909","localcallservice":"02-66068688分機356"}},{"type":"Feature","geometry":{"type":"Point","coordinates":[121.479362017233,25.077425011004]},"properties":{"name":"萊爾富國際股份有限公司-北縣永福店","type":"連鎖型綠色商店","address":"241新北市三重區永福街101號","number":"F001925","localcallservice":"02-66068688分機356"}},{"type":"Feature","geometry":{"type":"Point","coordinates":[121.525817961211,25.007700987629]},"properties":{"name":"萊爾富國際股份有限公司-北縣永遠店","type":"連鎖型綠色商店","address":"234新北市永和區福和路7巷11弄16號","number":"F001752","localcallservice":"02-66068688分機356"}},{"type":"Feature","geometry":{"type":"Point","coordinates":[121.518642968274,25.013604990679]},"properties":{"name":"萊爾富國際股份有限公司-北縣永鑽店","type":"連鎖型綠色商店","address":"234新北市永和區竹林路69號1樓","number":"F001792","localcallservice":"02-66068688分機356"}},{"type":"Feature","geometry":{"type":"Point","coordinates":[121.483462611904,25.064210395824]},"properties":{"name":"萊爾富國際股份有限公司-北縣田心店","type":"連鎖型綠色商店","address":"241新北市三重區忠孝路三段50巷98號","number":"F001786","localcallservice":"02-66068688分機356"}},{"type":"Feature","geometry":{"type":"Point","coordinates":[121.472262964338,25.055837000281]},"properties":{"name":"萊爾富國際股份有限公司-北縣田倉店","type":"連鎖型綠色商店","address":"241新北市三重區光復路二段51號","number":"F001857","localcallservice":"02-66068688分機356"}},{"type":"Feature","geometry":{"type":"Point","coordinates":[121.445144992995,25.091936013238]},"properties":{"name":"萊爾富國際股份有限公司-北縣成泰店","type":"連鎖型綠色商店","address":"248新北市五股區成泰路三段165號","number":"F001696","localcallservice":"02-66068688分機356"}},{"type":"Feature","geometry":{"type":"Point","coordinates":[121.465485022154,25.001143992413]},"properties":{"name":"萊爾富國際股份有限公司-北縣成都店","type":"連鎖型綠色商店","address":"220新北市板橋區重慶路245巷61號","number":"F001945","localcallservice":"02-66068688分機356"}},{"type":"Feature","geometry":{"type":"Point","coordinates":[121.473903973342,25.031408991214]},"properties":{"name":"萊爾富國際股份有限公司-北縣江翠店","type":"連鎖型綠色商店","address":"220新北市板橋區文化路二段408號","number":"F001935","localcallservice":"02-66068688分機356"}},{"type":"Feature","geometry":{"type":"Point","coordinates":[121.625538972032,25.079124986697]},"properties":{"name":"萊爾富國際股份有限公司-北縣汐忠店","type":"連鎖型綠色商店","address":"221新北市汐止區忠三街19號1樓","number":"F001703","localcallservice":"02-66068688分機356"}},{"type":"Feature","geometry":{"type":"Point","coordinates":[121.648417125292,25.060718704509]},"properties":{"name":"萊爾富國際股份有限公司-北縣汐科店","type":"連鎖型綠色商店","address":"221新北市汐止區新台五路一段94號1樓(東方科學園區)","number":"F001773","localcallservice":"02-66068688分機356"}},{"type":"Feature","geometry":{"type":"Point","coordinates":[121.627420960752,25.060721009532]},"properties":{"name":"萊爾富國際股份有限公司-北縣汐福店","type":"連鎖型綠色商店","address":"221新北市汐止區福德一路270號","number":"F001673","localcallservice":"02-66068688分機356"}},{"type":"Feature","geometry":{"type":"Point","coordinates":[121.632418921977,25.064903411579]},"properties":{"name":"萊爾富國際股份有限公司-北縣汐德店","type":"連鎖型綠色商店","address":"221新北市汐止區中興路156號","number":"F001765","localcallservice":"02-66068688分機356"}},{"type":"Feature","geometry":{"type":"Point","coordinates":[121.634649011136,25.057446996242]},"properties":{"name":"萊爾富國際股份有限公司-北縣汐鑽店","type":"連鎖型綠色商店","address":"221新北市汐止區大同路一段282號","number":"F001836","localcallservice":"02-66068688分機356"}},{"type":"Feature","geometry":{"type":"Point","coordinates":[121.506352447947,24.980646591061]},"properties":{"name":"萊爾富國際股份有限公司-北縣竹林店","type":"連鎖型綠色商店","address":"235新北市中和區華新街143巷12號(竹林中學教學大樓一樓)","number":"F001846","localcallservice":"02-66068688分機356"}},{"type":"Feature","geometry":{"type":"Point","coordinates":[121.451274008235,25.131619002266]},"properties":{"name":"萊爾富國際股份有限公司-北縣米倉店","type":"連鎖型綠色商店","address":"249新北市八里區龍米路一段215.217號","number":"F001750","localcallservice":"02-66068688分機356"}},{"type":"Feature","geometry":{"type":"Point","coordinates":[121.475255722867,25.003221279477]},"properties":{"name":"萊爾富國際股份有限公司-北縣自治店","type":"連鎖型綠色商店","address":"235新北市中和區自治街38.40號","number":"F001677","localcallservice":"02-66068688分機356"}},{"type":"Feature","geometry":{"type":"Point","coordinates":[121.445408844362,25.093924327333]},"properties":{"name":"萊爾富國際股份有限公司-北縣西雲店","type":"連鎖型綠色商店","address":"248新北市五股區西雲路134、134之1號一樓","number":"F001922","localcallservice":"02-66068688分機356"}},{"type":"Feature","geometry":{"type":"Point","coordinates":[121.638730830345,25.069734279564]},"properties":{"name":"萊爾富國際股份有限公司-北縣宏福店","type":"連鎖型綠色商店","address":"221新北市汐止區福德一路6,10號","number":"F001878","localcallservice":"02-66068688分機356"}},{"type":"Feature","geometry":{"type":"Point","coordinates":[121.483910959905,25.071407307438]},"properties":{"name":"萊爾富國際股份有限公司-北縣車路頭店","type":"連鎖型綠色商店","address":"241新北市三重區車路頭街35號","number":"F001897","localcallservice":"02-66068688分機356"}},{"type":"Feature","geometry":{"type":"Point","coordinates":[121.521479991042,24.992039988279]},"properties":{"name":"萊爾富國際股份有限公司-北縣和大店","type":"連鎖型綠色商店","address":"235新北市中和區大智街55巷30弄58-1號","number":"F001769","localcallservice":"02-66068688分機356"}},{"type":"Feature","geometry":{"type":"Point","coordinates":[121.483941972947,24.999631016981]},"properties":{"name":"萊爾富國際股份有限公司-北縣和弘店","type":"連鎖型綠色商店","address":"235新北市中和區新生街213號","number":"F001848","localcallservice":"02-66068688分機356"}},{"type":"Feature","geometry":{"type":"Point","coordinates":[121.489580982127,25.00672101742]},"properties":{"name":"萊爾富國際股份有限公司-北縣和立店","type":"連鎖型綠色商店","address":"235新北市中和區立德街13-9號","number":"F001934","localcallservice":"02-66068688分機356"}},{"type":"Feature","geometry":{"type":"Point","coordinates":[121.499801036669,25.001140011009]},"properties":{"name":"萊爾富國際股份有限公司-北縣和泰店","type":"連鎖型綠色商店","address":"235新北市中和區泰和街10號","number":"F001756","localcallservice":"02-66068688分機356"}},{"type":"Feature","geometry":{"type":"Point","coordinates":[121.472779960126,24.999092982616]},"properties":{"name":"萊爾富國際股份有限公司-北縣和強店","type":"連鎖型綠色商店","address":"235新北市中和區莒光路179號","number":"F001683","localcallservice":"02-66068688分機356"}},{"type":"Feature","geometry":{"type":"Point","coordinates":[121.501877988457,24.998114018234]},"properties":{"name":"萊爾富國際股份有限公司-北縣和圓店","type":"連鎖型綠色商店","address":"235新北市中和區圓通路2.4.6號","number":"F001905","localcallservice":"02-66068688分機356"}},{"type":"Feature","geometry":{"type":"Point","coordinates":[121.480993973781,24.994181019717]},"properties":{"name":"萊爾富國際股份有限公司-北縣和樂店","type":"連鎖型綠色商店","address":"235新北市中和區員山路84號1樓","number":"F001771","localcallservice":"02-66068688分機356"}},{"type":"Feature","geometry":{"type":"Point","coordinates":[121.508818036648,24.998840980697]},"properties":{"name":"萊爾富國際股份有限公司-北縣宜安店","type":"連鎖型綠色商店","address":"235新北市中和區宜安路161號","number":"F001763","localcallservice":"02-66068688分機356"}},{"type":"Feature","geometry":{"type":"Point","coordinates":[121.459847186441,25.009741687686]},"properties":{"name":"萊爾富國際股份有限公司-北縣府中店","type":"連鎖型綠色商店","address":"220新北市板橋區府中路22/24號","number":"F001802","localcallservice":"02-66068688分機356"}},{"type":"Feature","geometry":{"type":"Point","coordinates":[121.474148976372,25.028362001771]},"properties":{"name":"萊爾富國際股份有限公司-北縣昇陽店","type":"連鎖型綠色商店","address":"220新北市板橋區雙十路二段167號","number":"F001919","localcallservice":"02-66068688分機356"}},{"type":"Feature","geometry":{"type":"Point","coordinates":[121.370866997806,25.069704984813]},"properties":{"name":"萊爾富國際股份有限公司-北縣林達店","type":"連鎖型綠色商店","address":"244新北市林口區文化一路一段43號","number":"F001684","localcallservice":"02-66068688分機356"}},{"type":"Feature","geometry":{"type":"Point","coordinates":[121.476937970834,25.0266740122]},"properties":{"name":"萊爾富國際股份有限公司-北縣板同店","type":"連鎖型綠色商店","address":"220新北市板橋區大同街6號","number":"F001689","localcallservice":"02-66068688分機356"}},{"type":"Feature","geometry":{"type":"Point","coordinates":[121.454069959677,25.019801983153]},"properties":{"name":"萊爾富國際股份有限公司-北縣板好店","type":"連鎖型綠色商店","address":"220新北市板橋區中正路341巷37號","number":"F001858","localcallservice":"02-66068688分機356"}},{"type":"Feature","geometry":{"type":"Point","coordinates":[121.47297701867,25.02671298805]},"properties":{"name":"萊爾富國際股份有限公司-北縣板成店","type":"連鎖型綠色商店","address":"220新北市板橋區莊敬路77號","number":"F001891","localcallservice":"02-66068688分機356"}},{"type":"Feature","geometry":{"type":"Point","coordinates":[121.461370010609,25.026984016889]},"properties":{"name":"萊爾富國際股份有限公司-北縣板助店","type":"連鎖型綠色商店","address":"220新北市板橋區新翠里互助街56號1樓","number":"F001873","localcallservice":"02-66068688分機356"}},{"type":"Feature","geometry":{"type":"Point","coordinates":[121.46686099538,25.031198018711]},"properties":{"name":"萊爾富國際股份有限公司-北縣板宏店","type":"連鎖型綠色商店","address":"220新北市板橋區吳鳳路21巷2號1樓","number":"F001881","localcallservice":"02-66068688分機356"}},{"type":"Feature","geometry":{"type":"Point","coordinates":[121.465852987704,25.02352300334]},"properties":{"name":"萊爾富國際股份有限公司-北縣板明店","type":"連鎖型綠色商店","address":"220新北市板橋區陽明街52號+自由路1號","number":"F001946","localcallservice":"02-66068688分機356"}},{"type":"Feature","geometry":{"type":"Point","coordinates":[121.448,25.0199]},"properties":{"name":"萊爾富國際股份有限公司-北縣板松店","type":"連鎖型綠色商店","address":"220新北市板橋區松江路74號","number":"F001910","localcallservice":"02-66068688分機356"}},{"type":"Feature","geometry":{"type":"Point","coordinates":[121.479438041094,25.033192995485]},"properties":{"name":"萊爾富國際股份有限公司-北縣板治店","type":"連鎖型綠色商店","address":"220新北市板橋區民治街52巷1.3號","number":"F001737","localcallservice":"02-66068688分機356"}},{"type":"Feature","geometry":{"type":"Point","coordinates":[121.461223997856,24.998532987665]},"properties":{"name":"萊爾富國際股份有限公司-北縣板美店","type":"連鎖型綠色商店","address":"220新北市板橋區重慶路290巷9號","number":"F001900","localcallservice":"02-66068688分機356"}},{"type":"Feature","geometry":{"type":"Point","coordinates":[121.445119009095,25.007869002879]},"properties":{"name":"萊爾富國際股份有限公司-北縣板盛店","type":"連鎖型綠色商店","address":"220新北市板橋區僑中二街104巷2號1樓","number":"F001724","localcallservice":"02-66068688分機356"}},{"type":"Feature","geometry":{"type":"Point","coordinates":[121.469544964596,25.025129981816]},"properties":{"name":"萊爾富國際股份有限公司-北縣板莒店","type":"連鎖型綠色商店","address":"220新北市板橋區文化路二段78號","number":"F001880","localcallservice":"02-66068688分機356"}},{"type":"Feature","geometry":{"type":"Point","coordinates":[121.473786039964,25.021301002717]},"properties":{"name":"萊爾富國際股份有限公司-北縣板莊店","type":"連鎖型綠色商店","address":"220新北市板橋區莊敬路248號","number":"F001723","localcallservice":"02-66068688分機356"}},{"type":"Feature","geometry":{"type":"Point","coordinates":[121.4641372879,25.013924834458]},"properties":{"name":"萊爾富國際股份有限公司-北縣板速店","type":"連鎖型綠色商店","address":"220新北市板橋區縣民大道二段7號B1","number":"F001939","localcallservice":"02-66068688分機356"}},{"type":"Feature","geometry":{"type":"Point","coordinates":[121.475247867751,25.012571474951]},"properties":{"name":"萊爾富國際股份有限公司-北縣板富店","type":"連鎖型綠色商店","address":"220新北市板橋區板新路1號","number":"F001948","localcallservice":"02-66068688分機356"}},{"type":"Feature","geometry":{"type":"Point","coordinates":[121.45678703741,25.005306990354]},"properties":{"name":"萊爾富國際股份有限公司-北縣板華店","type":"連鎖型綠色商店","address":"220新北市板橋區華星里華興街90號1樓","number":"F001871","localcallservice":"02-66068688分機356"}},{"type":"Feature","geometry":{"type":"Point","coordinates":[121.453660000793,25.007964011751]},"properties":{"name":"萊爾富國際股份有限公司-北縣板雅店","type":"連鎖型綠色商店","address":"220新北市板橋區南雅東路100巷3號","number":"F001745","localcallservice":"02-66068688分機356"}},{"type":"Feature","geometry":{"type":"Point","coordinates":[121.470646011397,25.031440004255]},"properties":{"name":"萊爾富國際股份有限公司-北縣板嘉店","type":"連鎖型綠色商店","address":"220新北市板橋區雙十路三段29號","number":"F001736","localcallservice":"02-66068688分機356"}},{"type":"Feature","geometry":{"type":"Point","coordinates":[121.471657036558,25.032219982255]},"properties":{"name":"萊爾富國際股份有限公司-北縣板寧店","type":"連鎖型綠色商店","address":"220新北市板橋區江寧路三段53號","number":"F001747","localcallservice":"02-66068688分機356"}},{"type":"Feature","geometry":{"type":"Point","coordinates":[121.463678973477,25.028048979597]},"properties":{"name":"萊爾富國際股份有限公司-北縣板維店","type":"連鎖型綠色商店","address":"220新北市板橋區明翠里四維路234號1樓","number":"F001671","localcallservice":"02-66068688分機356"}},{"type":"Feature","geometry":{"type":"Point","coordinates":[121.430114983316,24.993881995321]},"properties":{"name":"萊爾富國際股份有限公司-北縣板億店","type":"連鎖型綠色商店","address":"220新北市板橋區崑崙里大觀路三段160巷31弄1號","number":"F001879","localcallservice":"02-66068688分機356"}},{"type":"Feature","geometry":{"type":"Point","coordinates":[121.461260962049,25.00899599167]},"properties":{"name":"萊爾富國際股份有限公司-北縣板震店","type":"連鎖型綠色商店","address":"220新北市板橋區中山路一段50巷5號","number":"F001943","localcallservice":"02-66068688分機356"}},{"type":"Feature","geometry":{"type":"Point","coordinates":[121.455992013894,25.002858007794]},"properties":{"name":"萊爾富國際股份有限公司-北縣板興店","type":"連鎖型綠色商店","address":"220新北市板橋區貴興路86號","number":"F001761","localcallservice":"02-66068688分機356"}},{"type":"Feature","geometry":{"type":"Point","coordinates":[121.461048983718,25.016860018958]},"properties":{"name":"萊爾富國際股份有限公司-北縣板館店","type":"連鎖型綠色商店","address":"220新北市板橋區公館街110號 ","number":"F001732","localcallservice":"02-66068688分機356"}},{"type":"Feature","geometry":{"type":"Point","coordinates":[121.443842026146,25.002241015901]},"properties":{"name":"萊爾富國際股份有限公司-北縣板龍店","type":"連鎖型綠色商店","address":"220新北市板橋區龍興街73巷2號","number":"F001893","localcallservice":"02-66068688分機356"}},{"type":"Feature","geometry":{"type":"Point","coordinates":[121.448,25.0199]},"properties":{"name":"萊爾富國際股份有限公司-北縣板駿店","type":"連鎖型綠色商店","address":"220新北市板橋區文化路313號(致理技術學院)","number":"F001949","localcallservice":"02-66068688分機356"}},{"type":"Feature","geometry":{"type":"Point","coordinates":[121.473959964455,25.017910019969]},"properties":{"name":"萊爾富國際股份有限公司-北縣板豐店","type":"連鎖型綠色商店","address":"220新北市板橋區永豐街51-1 ,51-2號  ","number":"F001776","localcallservice":"02-66068688分機356"}},{"type":"Feature","geometry":{"type":"Point","coordinates":[121.47155562936,25.030523193733]},"properties":{"name":"萊爾富國際股份有限公司-北縣板雙店","type":"連鎖型綠色商店","address":"220新北市板橋區雙十路三段12、14、16號","number":"F001670","localcallservice":"02-66068688分機356"}},{"type":"Feature","geometry":{"type":"Point","coordinates":[121.462778002705,24.996167991774]},"properties":{"name":"萊爾富國際股份有限公司-北縣板鑽店","type":"連鎖型綠色商店","address":"220新北市板橋區國慶路180號","number":"F001740","localcallservice":"02-66068688分機356"}},{"type":"Feature","geometry":{"type":"Point","coordinates":[121.503937002972,25.257821001698]},"properties":{"name":"萊爾富國際股份有限公司-北縣芝蘭店","type":"連鎖型綠色商店","address":"252新北市三芝區中正路一段68號","number":"F001864","localcallservice":"02-66068688分機356"}},{"type":"Feature","geometry":{"type":"Point","coordinates":[121.466400325981,25.042507594937]},"properties":{"name":"萊爾富國際股份有限公司-北縣金陵店","type":"連鎖型綠色商店","address":"241新北市三重區重新路五段656號(私立金陵女子高級中學)","number":"F001849","localcallservice":"02-66068688分機356"}},{"type":"Feature","geometry":{"type":"Point","coordinates":[121.635789369063,25.222319199341]},"properties":{"name":"萊爾富國際股份有限公司-北縣金陽店","type":"連鎖型綠色商店","address":"208新北市金山鄉中正路26號","number":"F001693","localcallservice":"02-66068688分機356"}},{"type":"Feature","geometry":{"type":"Point","coordinates":[121.457175035708,25.175980099093]},"properties":{"name":"萊爾富國際股份有限公司-北縣金龍店","type":"連鎖型綠色商店","address":"251新北市淡水區水源街二段194號","number":"F001682","localcallservice":"02-66068688分機356"}},{"type":"Feature","geometry":{"type":"Point","coordinates":[121.462813961069,25.080031992439]},"properties":{"name":"萊爾富國際股份有限公司-北縣長安二店","type":"連鎖型綠色商店","address":"247新北市蘆洲區長安街66號","number":"F001865","localcallservice":"02-66068688分機356"}},{"type":"Feature","geometry":{"type":"Point","coordinates":[121.502832016676,25.067951993583]},"properties":{"name":"萊爾富國際股份有限公司-北縣長濱店","type":"連鎖型綠色商店","address":"241新北市三重區長安街120號","number":"F001781","localcallservice":"02-66068688分機356"}},{"type":"Feature","geometry":{"type":"Point","coordinates":[121.446084017607,25.012864994357]},"properties":{"name":"萊爾富國際股份有限公司-北縣阜康店","type":"連鎖型綠色商店","address":"220新北市板橋區僑中一街102巷7弄19號","number":"F001731","localcallservice":"02-66068688分機356"}},{"type":"Feature","geometry":{"type":"Point","coordinates":[121.460778583521,24.978602288747]},"properties":{"name":"萊爾富國際股份有限公司-北縣青雲二店","type":"連鎖型綠色商店","address":"236新北市土城區青仁路27號","number":"F001826","localcallservice":"02-66068688分機356"}},{"type":"Feature","geometry":{"type":"Point","coordinates":[121.459494978869,24.971539990498]},"properties":{"name":"萊爾富國際股份有限公司-北縣青雲店","type":"連鎖型綠色商店","address":"236新北市土城區青雲路585之2號","number":"F001838","localcallservice":"02-66068688分機356"}},{"type":"Feature","geometry":{"type":"Point","coordinates":[121.504507559121,24.98394239926]},"properties":{"name":"萊爾富國際股份有限公司-北縣南勢店","type":"連鎖型綠色商店","address":"235新北市中和區興南路二段118號","number":"F001940","localcallservice":"02-66068688分機356"}},{"type":"Feature","geometry":{"type":"Point","coordinates":[121.453956971622,24.983418991316]},"properties":{"name":"萊爾富國際股份有限公司-北縣城士店","type":"連鎖型綠色商店","address":"236新北市土城區裕民路240.242號","number":"F001902","localcallservice":"02-66068688分機356"}},{"type":"Feature","geometry":{"type":"Point","coordinates":[121.44269202903,24.97488998574]},"properties":{"name":"萊爾富國際股份有限公司-北縣城正店","type":"連鎖型綠色商店","address":"236新北市土城區中正路8號","number":"F001896","localcallservice":"02-66068688分機356"}},{"type":"Feature","geometry":{"type":"Point","coordinates":[121.47049161674,24.986355716822]},"properties":{"name":"萊爾富國際股份有限公司-北縣城吉店","type":"連鎖型綠色商店","address":"236新北市土城區延吉街96號1樓","number":"F001774","localcallservice":"02-66068688分機356"}},{"type":"Feature","geometry":{"type":"Point","coordinates":[121.465871008796,24.989075979678]},"properties":{"name":"萊爾富國際股份有限公司-北縣城和店","type":"連鎖型綠色商店","address":"236新北市土城區安和里延和路64號1樓","number":"F001760","localcallservice":"02-66068688分機356"}},{"type":"Feature","geometry":{"type":"Point","coordinates":[121.453811964697,24.986177014646]},"properties":{"name":"萊爾富國際股份有限公司-北縣城府店","type":"連鎖型綠色商店","address":"236新北市土城區學府路一段139.141號","number":"F001794","localcallservice":"02-66068688分機356"}},{"type":"Feature","geometry":{"type":"Point","coordinates":[121.467582006691,24.984867719461]},"properties":{"name":"萊爾富國際股份有限公司-北縣城堡店","type":"連鎖型綠色商店","address":"236新北市土城區延吉街251號","number":"F001788","localcallservice":"02-66068688分機356"}},{"type":"Feature","geometry":{"type":"Point","coordinates":[121.452093003994,24.985638980281]},"properties":{"name":"萊爾富國際股份有限公司-北縣城裕店","type":"連鎖型綠色商店","address":"236新北市土城區裕民路162號","number":"F001852","localcallservice":"02-66068688分機356"}},{"type":"Feature","geometry":{"type":"Point","coordinates":[121.455366975374,24.993323006198]},"properties":{"name":"萊爾富國際股份有限公司-北縣城廣店","type":"連鎖型綠色商店","address":"236新北市土城區廣明街50號1樓.B1","number":"F001775","localcallservice":"02-66068688分機356"}},{"type":"Feature","geometry":{"type":"Point","coordinates":[121.450732034375,24.98846900416]},"properties":{"name":"萊爾富國際股份有限公司-北縣城學店","type":"連鎖型綠色商店","address":"236新北市土城區學成里學成路91巷2號1樓.B1","number":"F001709","localcallservice":"02-66068688分機356"}},{"type":"Feature","geometry":{"type":"Point","coordinates":[121.538661970542,24.979362988369]},"properties":{"name":"萊爾富國際股份有限公司-北縣建國二店","type":"連鎖型綠色商店","address":"231新北市新店區建國路154號","number":"F001890","localcallservice":"02-66068688分機356"}},{"type":"Feature","geometry":{"type":"Point","coordinates":[121.538605727972,24.973955696902]},"properties":{"name":"萊爾富國際股份有限公司-北縣建國店","type":"連鎖型綠色商店","address":"231新北市新店區中正路282之10號","number":"F001923","localcallservice":"02-66068688分機356"}},{"type":"Feature","geometry":{"type":"Point","coordinates":[121.492476007665,25.065300001328]},"properties":{"name":"萊爾富國際股份有限公司-北縣重大店","type":"連鎖型綠色商店","address":"241新北市三重區重陽里大仁街78號1樓","number":"F001730","localcallservice":"02-66068688分機356"}},{"type":"Feature","geometry":{"type":"Point","coordinates":[121.496610968139,25.057955987313]},"properties":{"name":"萊爾富國際股份有限公司-北縣重山店","type":"連鎖型綠色商店","address":"241新北市三重區大同南路144號1樓","number":"F001714","localcallservice":"02-66068688分機356"}},{"type":"Feature","geometry":{"type":"Point","coordinates":[121.494457323387,25.058093628347]},"properties":{"name":"萊爾富國際股份有限公司-北縣重化店","type":"連鎖型綠色商店","address":"241新北市三重區仁化街118.120號","number":"F001807","localcallservice":"02-66068688分機356"}},{"type":"Feature","geometry":{"type":"Point","coordinates":[121.480809991006,25.068300010203]},"properties":{"name":"萊爾富國際股份有限公司-北縣重北店","type":"連鎖型綠色商店","address":"241新北市三重區中正北路274號","number":"F001759","localcallservice":"02-66068688分機356"}},{"type":"Feature","geometry":{"type":"Point","coordinates":[121.492837016235,25.060508989292]},"properties":{"name":"萊爾富國際股份有限公司-北縣重正店","type":"連鎖型綠色商店","address":"241新北市三重區重新路三段98號","number":"F001798","localcallservice":"02-66068688分機356"}},{"type":"Feature","geometry":{"type":"Point","coordinates":[121.48451998899,25.059026984991]},"properties":{"name":"萊爾富國際股份有限公司-北縣重民店","type":"連鎖型綠色商店","address":"241新北市三重區三陽路59號","number":"F001674","localcallservice":"02-66068688分機356"}},{"type":"Feature","geometry":{"type":"Point","coordinates":[121.482424429377,25.078319192435]},"properties":{"name":"萊爾富國際股份有限公司-北縣重永店","type":"連鎖型綠色商店","address":"241新北市三重區永福街11號","number":"F001766","localcallservice":"02-66068688分機356"}},{"type":"Feature","geometry":{"type":"Point","coordinates":[121.499742028071,25.067897008298]},"properties":{"name":"萊爾富國際股份有限公司-北縣重玉店","type":"連鎖型綠色商店","address":"241新北市三重區中央北路132號","number":"F001859","localcallservice":"02-66068688分機356"}},{"type":"Feature","geometry":{"type":"Point","coordinates":[121.469528787522,25.059923680993]},"properties":{"name":"萊爾富國際股份有限公司-北縣重光店","type":"連鎖型綠色商店","address":"241新北市三重區光華路17號","number":"F001728","localcallservice":"02-66068688分機356"}},{"type":"Feature","geometry":{"type":"Point","coordinates":[121.495968998175,25.059694100665]},"properties":{"name":"萊爾富國際股份有限公司-北縣重安店","type":"連鎖型綠色商店","address":"241新北市三重區大同南路69號","number":"F001686","localcallservice":"02-66068688分機356"}},{"type":"Feature","geometry":{"type":"Point","coordinates":[121.49572793464,25.073224084952]},"properties":{"name":"萊爾富國際股份有限公司-北縣重旺店","type":"連鎖型綠色商店","address":"241新北市三重區尚德里仁愛街70號","number":"F001926","localcallservice":"02-66068688分機356"}},{"type":"Feature","geometry":{"type":"Point","coordinates":[121.492827963779,25.068388984105]},"properties":{"name":"萊爾富國際股份有限公司-北縣重武店","type":"連鎖型綠色商店","address":"241新北市三重區安慶街203之1號","number":"F001722","localcallservice":"02-66068688分機356"}},{"type":"Feature","geometry":{"type":"Point","coordinates":[121.501472974895,25.060621013427]},"properties":{"name":"萊爾富國際股份有限公司-北縣重治店","type":"連鎖型綠色商店","address":"241新北市三重區中央南路93號","number":"F001687","localcallservice":"02-66068688分機356"}},{"type":"Feature","geometry":{"type":"Point","coordinates":[121.500127008883,25.062543989654]},"properties":{"name":"萊爾富國際股份有限公司-北縣重冠店","type":"連鎖型綠色商店","address":"241新北市三重區文化南路8號","number":"F001705","localcallservice":"02-66068688分機356"}},{"type":"Feature","geometry":{"type":"Point","coordinates":[121.497977972728,25.06839200159]},"properties":{"name":"萊爾富國際股份有限公司-北縣重盈店","type":"連鎖型綠色商店","address":"241新北市三重區文化里文化北路10號1樓","number":"F001872","localcallservice":"02-66068688分機356"}},{"type":"Feature","geometry":{"type":"Point","coordinates":[121.485541994444,25.080670986828]},"properties":{"name":"萊爾富國際股份有限公司-北縣重美店","type":"連鎖型綠色商店","address":"241新北市三重區慈愛里仁美街106號","number":"F001815","localcallservice":"02-66068688分機356"}},{"type":"Feature","geometry":{"type":"Point","coordinates":[121.487988001429,25.070195996701]},"properties":{"name":"萊爾富國際股份有限公司-北縣重國店","type":"連鎖型綠色商店","address":"241新北市三重區自強路二段76號","number":"F001854","localcallservice":"02-66068688分機356"}},{"type":"Feature","geometry":{"type":"Point","coordinates":[121.495493073713,25.06628319857]},"properties":{"name":"萊爾富國際股份有限公司-北縣重強店","type":"連鎖型綠色商店","address":"241新北市三重區自強路一段164,166號","number":"F001715","localcallservice":"02-66068688分機356"}},{"type":"Feature","geometry":{"type":"Point","coordinates":[121.472154253421,25.050317157176]},"properties":{"name":"萊爾富國際股份有限公司-北縣重富店","type":"連鎖型綠色商店","address":"241新北市三重區光復路一段85號、85-2號","number":"F001676","localcallservice":"02-66068688分機356"}},{"type":"Feature","geometry":{"type":"Point","coordinates":[121.49244700628,25.071429016568]},"properties":{"name":"萊爾富國際股份有限公司-北縣重陽二店","type":"連鎖型綠色商店","address":"241新北市三重區重陽路四段132,134號","number":"F001883","localcallservice":"02-66068688分機356"}},{"type":"Feature","geometry":{"type":"Point","coordinates":[121.48638898576,25.055324907906]},"properties":{"name":"萊爾富國際股份有限公司-北縣重集店","type":"連鎖型綠色商店","address":"241新北市三重區重新路四段176號","number":"F001744","localcallservice":"02-66068688分機356"}},{"type":"Feature","geometry":{"type":"Point","coordinates":[121.492309962163,25.079598983321]},"properties":{"name":"萊爾富國際股份有限公司-北縣重愛店","type":"連鎖型綠色商店","address":"241新北市三重區仁愛街329號","number":"F001877","localcallservice":"02-66068688分機356"}},{"type":"Feature","geometry":{"type":"Point","coordinates":[121.48767971503,25.053788295506]},"properties":{"name":"萊爾富國際股份有限公司-北縣重新店","type":"連鎖型綠色商店","address":"241新北市三重區重新路四段244巷40號","number":"F001876","localcallservice":"02-66068688分機356"}},{"type":"Feature","geometry":{"type":"Point","coordinates":[121.483436292728,25.063053693186]},"properties":{"name":"萊爾富國際股份有限公司-北縣重萬店","type":"連鎖型綠色商店","address":"241新北市三重區中華路94號1樓","number":"F001834","localcallservice":"02-66068688分機356"}},{"type":"Feature","geometry":{"type":"Point","coordinates":[121.483353730982,25.060766104171]},"properties":{"name":"萊爾富國際股份有限公司-北縣重鈴店","type":"連鎖型綠色商店","address":"241新北市三重區中華路18號","number":"F001787","localcallservice":"02-66068688分機356"}},{"type":"Feature","geometry":{"type":"Point","coordinates":[121.48412000457,25.074780017638]},"properties":{"name":"萊爾富國際股份有限公司-北縣重福店","type":"連鎖型綠色商店","address":"241新北市三重區永福街258號","number":"F001889","localcallservice":"02-66068688分機356"}},{"type":"Feature","geometry":{"type":"Point","coordinates":[121.49547597463,25.061381000588]},"properties":{"name":"萊爾富國際股份有限公司-北縣重樂店","type":"連鎖型綠色商店","address":"241新北市三重區重新路三段2號","number":"F001688","localcallservice":"02-66068688分機356"}},{"type":"Feature","geometry":{"type":"Point","coordinates":[121.500903005479,25.063712007861]},"properties":{"name":"萊爾富國際股份有限公司-北縣重錦店","type":"連鎖型綠色商店","address":"241新北市三重區中央北路2號","number":"F001757","localcallservice":"02-66068688分機356"}},{"type":"Feature","geometry":{"type":"Point","coordinates":[121.490981011414,25.050538003003]},"properties":{"name":"萊爾富國際股份有限公司-北縣重環店","type":"連鎖型綠色商店","address":"241新北市三重區環河南路255號","number":"F001831","localcallservice":"02-66068688分機356"}},{"type":"Feature","geometry":{"type":"Point","coordinates":[121.496609962311,25.056825981036]},"properties":{"name":"萊爾富國際股份有限公司-北縣重鑫店","type":"連鎖型綠色商店","address":"241新北市三重區大同南路153,153-1號","number":"F001719","localcallservice":"02-66068688分機356"}},{"type":"Feature","geometry":{"type":"Point","coordinates":[121.497704515512,25.005132541254]},"properties":{"name":"萊爾富國際股份有限公司-北縣飛和店","type":"連鎖型綠色商店","address":"235新北市中和區永和路343號","number":"F001729","localcallservice":"02-66068688分機356"}},{"type":"Feature","geometry":{"type":"Point","coordinates":[121.394174975061,25.077357997688]},"properties":{"name":"萊爾富國際股份有限公司-北縣凌羽店","type":"連鎖型綠色商店","address":"244新北市林口區中正路94號","number":"F001795","localcallservice":"02-66068688分機356"}},{"type":"Feature","geometry":{"type":"Point","coordinates":[121.478157873022,25.009466509805]},"properties":{"name":"萊爾富國際股份有限公司-北縣員山二店","type":"連鎖型綠色商店","address":"235新北市中和區員山路581巷2號","number":"F001936","localcallservice":"02-66068688分機356"}},{"type":"Feature","geometry":{"type":"Point","coordinates":[121.479728976954,25.007870008707]},"properties":{"name":"萊爾富國際股份有限公司-北縣員山店","type":"連鎖型綠色商店","address":"235新北市中和區員山路502-7號","number":"F001803","localcallservice":"02-66068688分機356"}},{"type":"Feature","geometry":{"type":"Point","coordinates":[121.479965514261,25.080319701266]},"properties":{"name":"萊爾富國際股份有限公司-北縣徐匯店","type":"連鎖型綠色商店","address":"247新北市蘆洲區中山一路一號(匯心樓)","number":"F001681","localcallservice":"02-66068688分機356"}},{"type":"Feature","geometry":{"type":"Point","coordinates":[121.426040959277,25.045944007601]},"properties":{"name":"萊爾富國際股份有限公司-北縣泰富店","type":"連鎖型綠色商店","address":"243新北市泰山區明志路二段324.326號","number":"F001764","localcallservice":"02-66068688分機356"}},{"type":"Feature","geometry":{"type":"Point","coordinates":[121.449603494932,24.982245315324]},"properties":{"name":"萊爾富國際股份有限公司-北縣海山店","type":"連鎖型綠色商店","address":"236新北市土城區明德路二段131號","number":"F001941","localcallservice":"02-66068688分機356"}},{"type":"Feature","geometry":{"type":"Point","coordinates":[121.43488,25.17677]},"properties":{"name":"萊爾富國際股份有限公司-北縣真理店","type":"連鎖型綠色商店","address":"251新北市淡水區真理街32號(真理大學)","number":"F001835","localcallservice":"02-66068688分機356"}},{"type":"Feature","geometry":{"type":"Point","coordinates":[121.537055997894,24.977066011623]},"properties":{"name":"萊爾富國際股份有限公司-北縣耕莘店","type":"連鎖型綠色商店","address":"231新北市新店區民族路112號(耕莘護專)","number":"F001680","localcallservice":"02-66068688分機356"}},{"type":"Feature","geometry":{"type":"Point","coordinates":[121.535561001643,24.976130004495]},"properties":{"name":"萊爾富國際股份有限公司-北縣耕醫店","type":"連鎖型綠色商店","address":"231新北市新店區中正路362號1樓耕莘醫院新店總院1樓","number":"F001932","localcallservice":"02-66068688分機356"}},{"type":"Feature","geometry":{"type":"Point","coordinates":[121.396275731454,25.145287916598]},"properties":{"name":"萊爾富國際股份有限公司-北縣商港店","type":"連鎖型綠色商店","address":"249新北市八里區訊塘村23鄰商港路48號","number":"F001839","localcallservice":"02-66068688分機356"}},{"type":"Feature","geometry":{"type":"Point","coordinates":[121.457209820606,25.160035917144]},"properties":{"name":"萊爾富國際股份有限公司-北縣淡金店","type":"連鎖型綠色商店","address":"251新北市淡水區淡金路18號","number":"F001734","localcallservice":"02-66068688分機356"}},{"type":"Feature","geometry":{"type":"Point","coordinates":[121.449370628757,25.178908746091]},"properties":{"name":"萊爾富國際股份有限公司-北縣淡俊店","type":"連鎖型綠色商店","address":"251新北市淡水區北新路137、139號1F","number":"F001811","localcallservice":"02-66068688分機356"}},{"type":"Feature","geometry":{"type":"Point","coordinates":[121.453463026068,25.232439006321]},"properties":{"name":"萊爾富國際股份有限公司-北縣淡虹店","type":"連鎖型綠色商店","address":"251新北市淡水區淡金路五段20-22號","number":"F001868","localcallservice":"02-66068688分機356"}},{"type":"Feature","geometry":{"type":"Point","coordinates":[121.459578211168,25.153685284384]},"properties":{"name":"萊爾富國際股份有限公司-北縣淡陽店","type":"連鎖型綠色商店","address":"251新北市淡水區中正東路二段81號","number":"F001768","localcallservice":"02-66068688分機356"}},{"type":"Feature","geometry":{"type":"Point","coordinates":[121.413121009904,25.184063983701]},"properties":{"name":"萊爾富國際股份有限公司-北縣淡漁店","type":"連鎖型綠色商店","address":"251新北市淡水區觀海路135號(漁人碼頭木棧道下方商店街)","number":"F001785","localcallservice":"02-66068688分機356"}},{"type":"Feature","geometry":{"type":"Point","coordinates":[121.459813323552,25.139179101744]},"properties":{"name":"萊爾富國際股份有限公司-北縣淡醫店","type":"連鎖型綠色商店","address":"251新北市淡水區民權路47號1樓(淡水馬偕醫院一樓) ","number":"F001855","localcallservice":"02-66068688分機356"}},{"type":"Feature","geometry":{"type":"Point","coordinates":[121.450149995019,25.179374015508]},"properties":{"name":"萊爾富國際股份有限公司-北縣淡鑫店","type":"連鎖型綠色商店","address":"251新北市淡水區北新路165.167號","number":"F001875","localcallservice":"02-66068688分機356"}},{"type":"Feature","geometry":{"type":"Point","coordinates":[121.618804029012,25.003816017417]},"properties":{"name":"萊爾富國際股份有限公司-北縣深北店","type":"連鎖型綠色商店","address":"222新北市深坑區北深路二段57.59號","number":"F001796","localcallservice":"02-66068688分機356"}},{"type":"Feature","geometry":{"type":"Point","coordinates":[121.448133979667,25.043690993937]},"properties":{"name":"萊爾富國際股份有限公司-北縣莊月店","type":"連鎖型綠色商店","address":"242新北市新莊區中和街19號","number":"F001929","localcallservice":"02-66068688分機356"}},{"type":"Feature","geometry":{"type":"Point","coordinates":[121.458034013146,25.043783991152]},"properties":{"name":"萊爾富國際股份有限公司-北縣莊民店","type":"連鎖型綠色商店","address":"242新北市新莊區民樂街80.82號","number":"F001886","localcallservice":"02-66068688分機356"}},{"type":"Feature","geometry":{"type":"Point","coordinates":[121.448565982957,25.034268016477]},"properties":{"name":"萊爾富國際股份有限公司-北縣莊年店","type":"連鎖型綠色商店","address":"242新北市新莊區新豐街11號","number":"F001678","localcallservice":"02-66068688分機356"}},{"type":"Feature","geometry":{"type":"Point","coordinates":[121.451291191136,25.04814119779]},"properties":{"name":"萊爾富國際股份有限公司-北縣莊成店","type":"連鎖型綠色商店","address":"242新北市新莊區忠誠里中誠街44號1樓","number":"F001679","localcallservice":"02-66068688分機356"}},{"type":"Feature","geometry":{"type":"Point","coordinates":[121.455843989484,25.048248989064]},"properties":{"name":"萊爾富國際股份有限公司-北縣莊玲店","type":"連鎖型綠色商店","address":"242新北市新莊區自信街77號","number":"F001841","localcallservice":"02-66068688分機356"}},{"type":"Feature","geometry":{"type":"Point","coordinates":[121.443538014518,25.028495986494]},"properties":{"name":"萊爾富國際股份有限公司-北縣莊泰店","type":"連鎖型綠色商店","address":"242新北市新莊區瓊林里瓊泰路49號1樓","number":"F001672","localcallservice":"02-66068688分機356"}},{"type":"Feature","geometry":{"type":"Point","coordinates":[121.45428001017,25.044120985569]},"properties":{"name":"萊爾富國際股份有限公司-北縣莊國店","type":"連鎖型綠色商店","address":"242新北市新莊區復興路二段31號","number":"F001885","localcallservice":"02-66068688分機356"}},{"type":"Feature","geometry":{"type":"Point","coordinates":[121.411937988089,25.021768000453]},"properties":{"name":"萊爾富國際股份有限公司-北縣莊捷店","type":"連鎖型綠色商店","address":"242新北市新莊區中正路895-50號一樓","number":"F001700","localcallservice":"02-66068688分機356"}},{"type":"Feature","geometry":{"type":"Point","coordinates":[121.454529036514,25.049435992283]},"properties":{"name":"萊爾富國際股份有限公司-北縣莊勝店","type":"連鎖型綠色商店","address":"242新北市新莊區幸福路562號 ","number":"F001840","localcallservice":"02-66068688分機356"}},{"type":"Feature","geometry":{"type":"Point","coordinates":[121.465652995494,25.057438279063]},"properties":{"name":"萊爾富國際股份有限公司-北縣莊富店","type":"連鎖型綠色商店","address":"242新北市新莊區化成路738,740號","number":"F001770","localcallservice":"02-66068688分機356"}},{"type":"Feature","geometry":{"type":"Point","coordinates":[121.4432848,25.0303904]},"properties":{"name":"萊爾富國際股份有限公司-北縣莊華店","type":"連鎖型綠色商店","address":"242新北市新莊區昌隆路5號1樓","number":"F001847","localcallservice":"02-66068688分機356"}},{"type":"Feature","geometry":{"type":"Point","coordinates":[121.533477763428,24.985421008889]},"properties":{"name":"萊爾富國際股份有限公司-北縣莊敬店","type":"連鎖型綠色商店","address":"231新北市新店區中正路525號","number":"F001914","localcallservice":"02-66068688分機356"}},{"type":"Feature","geometry":{"type":"Point","coordinates":[121.448241016571,25.047235994156]},"properties":{"name":"萊爾富國際股份有限公司-北縣莊達店","type":"連鎖型綠色商店","address":"242新北市新莊區中全里中誠街167號1樓","number":"F001898","localcallservice":"02-66068688分機356"}},{"type":"Feature","geometry":{"type":"Point","coordinates":[121.453236463225,25.034482216013]},"properties":{"name":"萊爾富國際股份有限公司-北縣莊榮店","type":"連鎖型綠色商店","address":"242新北市新莊區新莊路307.309號1樓","number":"F001741","localcallservice":"02-66068688分機356"}},{"type":"Feature","geometry":{"type":"Point","coordinates":[121.4432848,25.0303904]},"properties":{"name":"萊爾富國際股份有限公司-北縣莊鳳店","type":"連鎖型綠色商店","address":"242新北市新莊區中山路三段487、489號","number":"F001827","localcallservice":"02-66068688分機356"}},{"type":"Feature","geometry":{"type":"Point","coordinates":[121.465377985251,25.046523993391]},"properties":{"name":"萊爾富國際股份有限公司-北縣莊廣店","type":"連鎖型綠色商店","address":"242新北市新莊區化成路85號","number":"F001870","localcallservice":"02-66068688分機356"}},{"type":"Feature","geometry":{"type":"Point","coordinates":[121.4647920064,25.043247004525]},"properties":{"name":"萊爾富國際股份有限公司-北縣莊鴻店","type":"連鎖型綠色商店","address":"242新北市新莊區化成路9-3號","number":"F001783","localcallservice":"02-66068688分機356"}},{"type":"Feature","geometry":{"type":"Point","coordinates":[121.498297993791,25.001669998747]},"properties":{"name":"萊爾富國際股份有限公司-北縣連城店","type":"連鎖型綠色商店","address":"235新北市中和區連城路47巷1號","number":"F001937","localcallservice":"02-66068688分機356"}},{"type":"Feature","geometry":{"type":"Point","coordinates":[121.65527871887,25.063598600711]},"properties":{"name":"萊爾富國際股份有限公司-北縣連興店","type":"連鎖型綠色商店","address":"221新北市汐止區連興街26號","number":"F001712","localcallservice":"02-66068688分機356"}},{"type":"Feature","geometry":{"type":"Point","coordinates":[121.420081007024,24.960430993214]},"properties":{"name":"萊爾富國際股份有限公司-北縣頂埔店","type":"連鎖型綠色商店","address":"236新北市土城區中央路四段56號","number":"F001820","localcallservice":"02-66068688分機356"}},{"type":"Feature","geometry":{"type":"Point","coordinates":[121.487778705306,25.078252682033]},"properties":{"name":"萊爾富國際股份有限公司-北縣富美店","type":"連鎖型綠色商店","address":"241新北市三重區溪尾街108巷58號","number":"F001806","localcallservice":"02-66068688分機356"}},{"type":"Feature","geometry":{"type":"Point","coordinates":[121.491233977252,25.052823999456]},"properties":{"name":"萊爾富國際股份有限公司-北縣集美店","type":"連鎖型綠色商店","address":"241新北市三重區環河南路221巷31號","number":"F001720","localcallservice":"02-66068688分機356"}},{"type":"Feature","geometry":{"type":"Point","coordinates":[121.482316973378,25.08654100126]},"properties":{"name":"萊爾富國際股份有限公司-北縣集賢店","type":"連鎖型綠色商店","address":"247新北市蘆洲區集賢路226號","number":"F001930","localcallservice":"02-66068688分機356"}},{"type":"Feature","geometry":{"type":"Point","coordinates":[121.486070976353,25.079015980046]},"properties":{"name":"萊爾富國際股份有限公司-北縣慈愛店","type":"連鎖型綠色商店","address":"241新北市三重區慈愛街51號","number":"F001904","localcallservice":"02-66068688分機356"}},{"type":"Feature","geometry":{"type":"Point","coordinates":[121.457217029043,24.997077009174]},"properties":{"name":"萊爾富國際股份有限公司-北縣愛買店","type":"連鎖型綠色商店","address":"220新北市板橋區四川路一段489號","number":"F001780","localcallservice":"02-66068688分機356"}},{"type":"Feature","geometry":{"type":"Point","coordinates":[121.542448998216,24.985365017776]},"properties":{"name":"萊爾富國際股份有限公司-北縣新元店","type":"連鎖型綠色商店","address":"231新北市新店區信義里中興路三段304號1樓","number":"F001933","localcallservice":"02-66068688分機356"}},{"type":"Feature","geometry":{"type":"Point","coordinates":[121.517044958434,24.974997986562]},"properties":{"name":"萊爾富國際股份有限公司-北縣新民店","type":"連鎖型綠色商店","address":"231新北市新店區安民街341號","number":"F001710","localcallservice":"02-66068688分機356"}},{"type":"Feature","geometry":{"type":"Point","coordinates":[121.518152040205,24.982770399648]},"properties":{"name":"萊爾富國際股份有限公司-北縣新和店","type":"連鎖型綠色商店","address":"231新北市新店區安和路三段60之1號","number":"F001692","localcallservice":"02-66068688分機356"}},{"type":"Feature","geometry":{"type":"Point","coordinates":[121.45899198086,25.026495980577]},"properties":{"name":"萊爾富國際股份有限公司-北縣新海店","type":"連鎖型綠色商店","address":"220新北市板橋區新海路392號","number":"F001793","localcallservice":"02-66068688分機356"}},{"type":"Feature","geometry":{"type":"Point","coordinates":[121.540387972044,24.975137000426]},"properties":{"name":"萊爾富國際股份有限公司-北縣新國店","type":"連鎖型綠色商店","address":"231新北市新店區建國路43號.建安街1號","number":"F001725","localcallservice":"02-66068688分機356"}},{"type":"Feature","geometry":{"type":"Point","coordinates":[121.418588022431,25.023798013583]},"properties":{"name":"萊爾富國際股份有限公司-北縣新裕店","type":"連鎖型綠色商店","address":"242新北市新莊區裕民街83之6號","number":"F001892","localcallservice":"02-66068688分機356"}},{"type":"Feature","geometry":{"type":"Point","coordinates":[121.516621001771,24.969469995689]},"properties":{"name":"萊爾富國際股份有限公司-北縣新戰店","type":"連鎖型綠色商店","address":"231新北市新店區安民街136號","number":"F001727","localcallservice":"02-66068688分機356"}},{"type":"Feature","geometry":{"type":"Point","coordinates":[121.433855072332,25.020550403288]},"properties":{"name":"萊爾富國際股份有限公司-北縣新樹店","type":"連鎖型綠色商店","address":"242新北市新莊區新樹路210號","number":"F001899","localcallservice":"02-66068688分機356"}},{"type":"Feature","geometry":{"type":"Point","coordinates":[121.551833963744,24.980334995771]},"properties":{"name":"萊爾富國際股份有限公司-北縣新橋店","type":"連鎖型綠色商店","address":"231新北市新店區寶橋路235巷8號","number":"F001791","localcallservice":"02-66068688分機356"}},{"type":"Feature","geometry":{"type":"Point","coordinates":[121.548837014264,24.979699018868]},"properties":{"name":"萊爾富國際股份有限公司-北縣新寶店","type":"連鎖型綠色商店","address":"231新北市新店區寶中路94-3.94-4號","number":"F001772","localcallservice":"02-66068688分機356"}},{"type":"Feature","geometry":{"type":"Point","coordinates":[121.54022301619,24.983127007719]},"properties":{"name":"萊爾富國際股份有限公司-北縣新權二店","type":"連鎖型綠色商店","address":"231新北市新店區民權路44之2號","number":"F001699","localcallservice":"02-66068688分機356"}},{"type":"Feature","geometry":{"type":"Point","coordinates":[121.489316030168,25.079182989467]},"properties":{"name":"萊爾富國際股份有限公司-北縣溪尾二店","type":"連鎖型綠色商店","address":"241新北市三重區溪尾街122號","number":"F001746","localcallservice":"02-66068688分機356"}},{"type":"Feature","geometry":{"type":"Point","coordinates":[121.48828220623,25.080893610176]},"properties":{"name":"萊爾富國際股份有限公司-北縣溪尾店","type":"連鎖型綠色商店","address":"241新北市三重區溪尾街192號","number":"F001917","localcallservice":"02-66068688分機356"}},{"type":"Feature","geometry":{"type":"Point","coordinates":[121.6722225,24.9818877]},"properties":{"name":"萊爾富國際股份有限公司-北縣碇晨店","type":"連鎖型綠色商店","address":"223新北市石碇區湳窟路2號","number":"F001850","localcallservice":"02-66068688分機356"}},{"type":"Feature","geometry":{"type":"Point","coordinates":[121.44519997828,25.011184003675]},"properties":{"name":"萊爾富國際股份有限公司-北縣僑中三店","type":"連鎖型綠色商店","address":"220新北市板橋區僑中一街125巷8弄2號","number":"F001908","localcallservice":"02-66068688分機356"}},{"type":"Feature","geometry":{"type":"Point","coordinates":[121.45668402382,25.018918991563]},"properties":{"name":"萊爾富國際股份有限公司-北縣僑福二店","type":"連鎖型綠色商店","address":"220新北市板橋區中正路216巷25號","number":"F001713","localcallservice":"02-66068688分機356"}},{"type":"Feature","geometry":{"type":"Point","coordinates":[121.448,25.0199]},"properties":{"name":"萊爾富國際股份有限公司-北縣僑福店","type":"連鎖型綠色商店","address":"220新北市板橋區幸褔路70巷1號","number":"F001825","localcallservice":"02-66068688分機356"}},{"type":"Feature","geometry":{"type":"Point","coordinates":[121.511617759947,25.003070111854]},"properties":{"name":"萊爾富國際股份有限公司-北縣嘉和店","type":"連鎖型綠色商店","address":"235新北市中和區中和路414號","number":"F001856","localcallservice":"02-66068688分機356"}},{"type":"Feature","geometry":{"type":"Point","coordinates":[121.500179060502,25.004746995403]},"properties":{"name":"萊爾富國際股份有限公司-北縣福美店","type":"連鎖型綠色商店","address":"235新北市中和區莊敬路29號","number":"F001702","localcallservice":"02-66068688分機356"}},{"type":"Feature","geometry":{"type":"Point","coordinates":[121.486119004658,25.055574981987]},"properties":{"name":"萊爾富國際股份有限公司-北縣福音店","type":"連鎖型綠色商店","address":"241新北市三重區重新路四段89號","number":"F001726","localcallservice":"02-66068688分機356"}},{"type":"Feature","geometry":{"type":"Point","coordinates":[121.457928987899,25.053386006063]},"properties":{"name":"萊爾富國際股份有限公司-北縣福壽店","type":"連鎖型綠色商店","address":"242新北市新莊區福壽街155號","number":"F001716","localcallservice":"02-66068688分機356"}},{"type":"Feature","geometry":{"type":"Point","coordinates":[121.502696313664,25.062872099254]},"properties":{"name":"萊爾富國際股份有限公司-北縣福德南店","type":"連鎖型綠色商店","address":"241新北市三重區福德南路23號","number":"F001818","localcallservice":"02-66068688分機356"}},{"type":"Feature","geometry":{"type":"Point","coordinates":[121.421687985501,25.026829999418]},"properties":{"name":"萊爾富國際股份有限公司-北縣福營店","type":"連鎖型綠色商店","address":"242新北市新莊區福營路336,338號","number":"F001690","localcallservice":"02-66068688分機356"}},{"type":"Feature","geometry":{"type":"Point","coordinates":[121.48830299335,24.998502980451]},"properties":{"name":"萊爾富國際股份有限公司-北縣遠東店","type":"連鎖型綠色商店","address":"235新北市中和區建八路116號","number":"F001944","localcallservice":"02-66068688分機356"}},{"type":"Feature","geometry":{"type":"Point","coordinates":[121.454428034581,25.002738984769]},"properties":{"name":"萊爾富國際股份有限公司-北縣遠揚店","type":"連鎖型綠色商店","address":"220新北市板橋區南雅南路二段9號","number":"F001697","localcallservice":"02-66068688分機356"}},{"type":"Feature","geometry":{"type":"Point","coordinates":[121.434557978732,25.067388981146]},"properties":{"name":"萊爾富國際股份有限公司-北縣德泰店","type":"連鎖型綠色商店","address":"248新北市五股區成泰路一段10號","number":"F001903","localcallservice":"02-66068688分機356"}},{"type":"Feature","geometry":{"type":"Point","coordinates":[121.456437763505,24.973527214012]},"properties":{"name":"萊爾富國際股份有限公司-北縣德霖店","type":"連鎖型綠色商店","address":"236新北市土城區青雲路380巷1號(德霖技術學院)","number":"F001822","localcallservice":"02-66068688分機356"}},{"type":"Feature","geometry":{"type":"Point","coordinates":[121.447926527563,25.169286604584]},"properties":{"name":"萊爾富國際股份有限公司-北縣鄧公店","type":"連鎖型綠色商店","address":"251新北市淡水區學府路49號","number":"F001748","localcallservice":"02-66068688分機356"}},{"type":"Feature","geometry":{"type":"Point","coordinates":[121.4318155,25.0542273]},"properties":{"name":"萊爾富國際股份有限公司-北縣黎明店","type":"連鎖型綠色商店","address":"243新北市泰山區黎專路2號(黎明技術學院)","number":"F001800","localcallservice":"02-66068688分機356"}},{"type":"Feature","geometry":{"type":"Point","coordinates":[121.416606372882,24.986706080375]},"properties":{"name":"萊爾富國際股份有限公司-北縣樹仁店","type":"連鎖型綠色商店","address":"238新北市樹林區復興路385號","number":"F001685","localcallservice":"02-66068688分機356"}},{"type":"Feature","geometry":{"type":"Point","coordinates":[121.417405168255,24.977549689346]},"properties":{"name":"萊爾富國際股份有限公司-北縣樹太店","type":"連鎖型綠色商店","address":"238新北市樹林區太平路150巷38號","number":"F001842","localcallservice":"02-66068688分機356"}},{"type":"Feature","geometry":{"type":"Point","coordinates":[121.409712006063,25.016059002381]},"properties":{"name":"萊爾富國際股份有限公司-北縣樹正店","type":"連鎖型綠色商店","address":"238新北市樹林區中正路791號","number":"F001927","localcallservice":"02-66068688分機356"}},{"type":"Feature","geometry":{"type":"Point","coordinates":[121.421196973613,24.991591011636]},"properties":{"name":"萊爾富國際股份有限公司-北縣樹宏店","type":"連鎖型綠色商店","address":"238新北市樹林區中興街60號","number":"F001721","localcallservice":"02-66068688分機356"}},{"type":"Feature","geometry":{"type":"Point","coordinates":[121.404440040423,24.974768992967]},"properties":{"name":"萊爾富國際股份有限公司-北縣樹佳店","type":"連鎖型綠色商店","address":"238新北市樹林區味王街3號(文物流中心內)","number":"F001853","localcallservice":"02-66068688分機356"}},{"type":"Feature","geometry":{"type":"Point","coordinates":[121.40316431476,24.960098692663]},"properties":{"name":"萊爾富國際股份有限公司-北縣樹東店","type":"連鎖型綠色商店","address":"238新北市樹林區柑園街一段49號","number":"F001758","localcallservice":"02-66068688分機356"}},{"type":"Feature","geometry":{"type":"Point","coordinates":[121.421493022433,25.014739984188]},"properties":{"name":"萊爾富國際股份有限公司-北縣樹俊店","type":"連鎖型綠色商店","address":"238新北市樹林區三俊街254號","number":"F001691","localcallservice":"02-66068688分機356"}},{"type":"Feature","geometry":{"type":"Point","coordinates":[121.426961040789,24.992051010482]},"properties":{"name":"萊爾富國際股份有限公司-北縣樹博店","type":"連鎖型綠色商店","address":"238新北市樹林區博愛街84.86號","number":"F001805","localcallservice":"02-66068688分機356"}},{"type":"Feature","geometry":{"type":"Point","coordinates":[121.427604016581,24.993433018678]},"properties":{"name":"萊爾富國際股份有限公司-北縣樹愛店","type":"連鎖型綠色商店","address":"238新北市樹林區保安街一段18-3號","number":"F001733","localcallservice":"02-66068688分機356"}},{"type":"Feature","geometry":{"type":"Point","coordinates":[121.415051026929,24.981911003116]},"properties":{"name":"萊爾富國際股份有限公司-北縣樹榮店","type":"連鎖型綠色商店","address":"238新北市樹林區東榮街123.125號","number":"F001812","localcallservice":"02-66068688分機356"}},{"type":"Feature","geometry":{"type":"Point","coordinates":[121.37375196506,24.952057010938]},"properties":{"name":"萊爾富國際股份有限公司-北縣樹慶店","type":"連鎖型綠色商店","address":"238新北市樹林區柑園街二段292.294號1樓","number":"F001921","localcallservice":"02-66068688分機356"}},{"type":"Feature","geometry":{"type":"Point","coordinates":[121.426554015571,24.997841983567]},"properties":{"name":"萊爾富國際股份有限公司-北縣樹興店","type":"連鎖型綠色商店","address":"238新北市樹林區千歲街90號","number":"F001913","localcallservice":"02-66068688分機356"}},{"type":"Feature","geometry":{"type":"Point","coordinates":[121.395365875864,24.956786080709]},"properties":{"name":"萊爾富國際股份有限公司-北縣樹權店","type":"連鎖型綠色商店","address":"238新北市樹林區民權街1號","number":"F001675","localcallservice":"02-66068688分機356"}},{"type":"Feature","geometry":{"type":"Point","coordinates":[121.413445305737,25.015560698237]},"properties":{"name":"萊爾富國際股份有限公司-北縣樹鑽店","type":"連鎖型綠色商店","address":"238新北市樹林區三俊街72-1號","number":"F001739","localcallservice":"02-66068688分機356"}},{"type":"Feature","geometry":{"type":"Point","coordinates":[121.492960900763,25.002588697245]},"properties":{"name":"萊爾富國際股份有限公司-北縣橋安店","type":"連鎖型綠色商店","address":"235新北市中和區中山路二段352號","number":"F001867","localcallservice":"02-66068688分機356"}},{"type":"Feature","geometry":{"type":"Point","coordinates":[121.490583960661,25.005636985882]},"properties":{"name":"萊爾富國際股份有限公司-北縣橋和二店","type":"連鎖型綠色商店","address":"235新北市中和區橋和路99,101號","number":"F001718","localcallservice":"02-66068688分機356"}},{"type":"Feature","geometry":{"type":"Point","coordinates":[121.46859495969,25.006561006888]},"properties":{"name":"萊爾富國際股份有限公司-北縣橋泰店","type":"連鎖型綠色商店","address":"220新北市板橋區國泰街35號","number":"F001928","localcallservice":"02-66068688分機356"}},{"type":"Feature","geometry":{"type":"Point","coordinates":[121.511231018934,24.988578010811]},"properties":{"name":"萊爾富國際股份有限公司-北縣興南店","type":"連鎖型綠色商店","address":"235新北市中和區信義街50號","number":"F001844","localcallservice":"02-66068688分機356"}},{"type":"Feature","geometry":{"type":"Point","coordinates":[121.457816661365,24.998562330695]},"properties":{"name":"萊爾富國際股份有限公司-北縣豫章店","type":"連鎖型綠色商店","address":"220新北市板橋區四川路一段391號","number":"F001907","localcallservice":"02-66068688分機356"}},{"type":"Feature","geometry":{"type":"Point","coordinates":[121.399764558351,25.085863355015]},"properties":{"name":"萊爾富國際股份有限公司-北縣醒吾店","type":"連鎖型綠色商店","address":"244新北市林口區粉寮路11-2號(醒吾技術學院)","number":"F001797","localcallservice":"02-66068688分機356"}},{"type":"Feature","geometry":{"type":"Point","coordinates":[121.448320979927,25.13989801758]},"properties":{"name":"萊爾富國際股份有限公司-北縣龍米店","type":"連鎖型綠色商店","address":"249新北市八里區龍米路二段35.37號","number":"F001810","localcallservice":"02-66068688分機356"}},{"type":"Feature","geometry":{"type":"Point","coordinates":[121.499274988426,25.07304500559]},"properties":{"name":"萊爾富國際股份有限公司-北縣龍門二店","type":"連鎖型綠色商店","address":"241新北市三重區龍門路177號","number":"F001698","localcallservice":"02-66068688分機356"}},{"type":"Feature","geometry":{"type":"Point","coordinates":[121.446438320655,25.030336903888]},"properties":{"name":"萊爾富國際股份有限公司-北縣豐年店","type":"連鎖型綠色商店","address":"242新北市新莊區豐年里豐年街118-1號","number":"F001924","localcallservice":"02-66068688分機356"}},{"type":"Feature","geometry":{"type":"Point","coordinates":[121.486125039629,24.95154600821]},"properties":{"name":"萊爾富國際股份有限公司-北縣雙城店","type":"連鎖型綠色商店","address":"231新北市新店區安康路三段277號","number":"F001845","localcallservice":"02-66068688分機356"}},{"type":"Feature","geometry":{"type":"Point","coordinates":[121.476559527906,25.026134008088]},"properties":{"name":"萊爾富國際股份有限公司-北縣雙翠店","type":"連鎖型綠色商店","address":"220新北市板橋區雙十路二段45號","number":"F001916","localcallservice":"02-66068688分機356"}},{"type":"Feature","geometry":{"type":"Point","coordinates":[121.43444297902,25.012479007716]},"properties":{"name":"萊爾富國際股份有限公司-北縣瓊林南店","type":"連鎖型綠色商店","address":"242新北市新莊區瓊林南路133號","number":"F001777","localcallservice":"02-66068688分機356"}},{"type":"Feature","geometry":{"type":"Point","coordinates":[121.474965960474,25.033177991879]},"properties":{"name":"萊爾富國際股份有限公司-北縣寶翠店","type":"連鎖型綠色商店","address":"220新北市板橋區文化路二段439之1號","number":"F001790","localcallservice":"02-66068688分機356"}},{"type":"Feature","geometry":{"type":"Point","coordinates":[121.471847976312,25.079373007212]},"properties":{"name":"萊爾富國際股份有限公司-北縣蘆中店","type":"連鎖型綠色商店","address":"247新北市蘆洲區中山一路287,289號","number":"F001887","localcallservice":"02-66068688分機356"}},{"type":"Feature","geometry":{"type":"Point","coordinates":[121.458864995026,25.090964005837]},"properties":{"name":"萊爾富國際股份有限公司-北縣蘆平店","type":"連鎖型綠色商店","address":"247新北市蘆洲區永平街30號","number":"F001915","localcallservice":"02-66068688分機356"}},{"type":"Feature","geometry":{"type":"Point","coordinates":[121.458008029246,25.088205018588]},"properties":{"name":"萊爾富國際股份有限公司-北縣蘆永店","type":"連鎖型綠色商店","address":"247新北市蘆洲區永樂街33號","number":"F001819","localcallservice":"02-66068688分機356"}},{"type":"Feature","geometry":{"type":"Point","coordinates":[121.477252040746,25.082869979126]},"properties":{"name":"萊爾富國際股份有限公司-北縣蘆江店","type":"連鎖型綠色商店","address":"247新北市蘆洲區鷺江街69號 1樓","number":"F001735","localcallservice":"02-66068688分機356"}},{"type":"Feature","geometry":{"type":"Point","coordinates":[121.469248999594,25.081414000635]},"properties":{"name":"萊爾富國際股份有限公司-北縣蘆旺店","type":"連鎖型綠色商店","address":"247新北市蘆洲區正和街47號","number":"F001861","localcallservice":"02-66068688分機356"}},{"type":"Feature","geometry":{"type":"Point","coordinates":[121.474318961368,25.079535993319]},"properties":{"name":"萊爾富國際股份有限公司-北縣蘆信店","type":"連鎖型綠色商店","address":"247新北市蘆洲區信義路35號","number":"F001942","localcallservice":"02-66068688分機356"}},{"type":"Feature","geometry":{"type":"Point","coordinates":[121.458503986457,25.089936007322]},"properties":{"name":"萊爾富國際股份有限公司-北縣蘆勝店","type":"連鎖型綠色商店","address":"247新北市蘆洲區永樂街38巷40號","number":"F001843","localcallservice":"02-66068688分機356"}},{"type":"Feature","geometry":{"type":"Point","coordinates":[121.33050000357,24.967703006681]},"properties":{"name":"萊爾富國際股份有限公司-北縣鶯花店","type":"連鎖型綠色商店","address":"239新北市鶯歌區鶯桃路541號","number":"F001701","localcallservice":"02-66068688分機356"}},{"type":"Feature","geometry":{"type":"Point","coordinates":[121.337205023196,24.972834994538]},"properties":{"name":"萊爾富國際股份有限公司-北縣鶯國店","type":"連鎖型綠色商店","address":"239新北市鶯歌區大湖路532,534號","number":"F001906","localcallservice":"02-66068688分機356"}},{"type":"Feature","geometry":{"type":"Point","coordinates":[121.351511004079,24.952581005615]},"properties":{"name":"萊爾富國際股份有限公司-北縣鶯歌店","type":"連鎖型綠色商店","address":"239新北市鶯歌區重慶街29號","number":"F001707","localcallservice":"02-66068688分機356"}},{"type":"Feature","geometry":{"type":"Point","coordinates":[121.333198976393,24.959895012416]},"properties":{"name":"萊爾富國際股份有限公司-北縣鶯駿店","type":"連鎖型綠色商店","address":"239新北市鶯歌區德昌街50號","number":"F001779","localcallservice":"02-66068688分機356"}},{"type":"Feature","geometry":{"type":"Point","coordinates":[121.472294983208,25.089535980993]},"properties":{"name":"萊爾富國際股份有限公司-北縣鷺江店","type":"連鎖型綠色商店","address":"247新北市蘆洲區民權路113號","number":"F001911","localcallservice":"02-66068688分機356"}},{"type":"Feature","geometry":{"type":"Point","coordinates":[121.499812016962,24.991791003846]},"properties":{"name":"進鑫機車行","type":"連鎖型綠色商店","address":"235新北市中和區中興街156號","number":"F002073","localcallservice":"22427508"}},{"type":"Feature","geometry":{"type":"Point","coordinates":[121.45841103115,25.02744799714]},"properties":{"name":"隆陞車業有限公司","type":"連鎖型綠色商店","address":"220新北市板橋區新海路420號","number":"F002044","localcallservice":"22580630"}},{"type":"Feature","geometry":{"type":"Point","coordinates":[121.455532015048,25.0050129951]},"properties":{"name":"隆運機車行","type":"連鎖型綠色商店","address":"220新北市板橋區南雅南路一段105號","number":"F002043","localcallservice":"29656157"}},{"type":"Feature","geometry":{"type":"Point","coordinates":[121.426448990324,25.01171600307]},"properties":{"name":"源福車業行","type":"連鎖型綠色商店","address":"242新北市新莊區民安西路318號","number":"F002212","localcallservice":"02-22042398"}},{"type":"Feature","geometry":{"type":"Point","coordinates":[121.508315960648,24.994201010556]},"properties":{"name":"瑞和車業行","type":"連鎖型綠色商店","address":"235新北市中和區景新街230-1號","number":"F002074","localcallservice":"29403142"}},{"type":"Feature","geometry":{"type":"Point","coordinates":[121.466895025907,25.020263993656]},"properties":{"name":"福利機車行","type":"連鎖型綠色商店","address":"220新北市板橋區介壽街2號","number":"F002036","localcallservice":"22539690"}},{"type":"Feature","geometry":{"type":"Point","coordinates":[121.497628028271,25.005254980645]},"properties":{"name":"福和車業有限公司","type":"連鎖型綠色商店","address":"235新北市中和區永和路78號","number":"F002084","localcallservice":"22495773"}},{"type":"Feature","geometry":{"type":"Point","coordinates":[121.511806017492,24.997409980277]},"properties":{"name":"福豪車業行","type":"連鎖型綠色商店","address":"235新北市中和區安平路110號","number":"F002065","localcallservice":"29415261"}},{"type":"Feature","geometry":{"type":"Point","coordinates":[121.495999005388,24.998884985689]},"properties":{"name":"豪元車業有限公司","type":"連鎖型綠色商店","address":"235新北市中和區連城路135號","number":"F002124","localcallservice":"22497393"}},{"type":"Feature","geometry":{"type":"Point","coordinates":[121.526052989776,24.991202007509]},"properties":{"name":"豪呈機車有限公司","type":"連鎖型綠色商店","address":"235新北市中和區成功路109號","number":"F002113","localcallservice":"29490766"}},{"type":"Feature","geometry":{"type":"Point","coordinates":[121.475584880205,25.071082382962]},"properties":{"name":"遠百企業股份有限公司三重分公司","type":"連鎖型綠色商店","address":"241新北市三重區中正北路193巷45號","number":"F000099","localcallservice":"02-2988-3199"}},{"type":"Feature","geometry":{"type":"Point","coordinates":[121.521118993927,24.996373155717]},"properties":{"name":"遠百企業股份有限公司永和分公司","type":"連鎖型綠色商店","address":"234新北市永和區民生路46巷56號","number":"F000002","localcallservice":"02-29488988"}},{"type":"Feature","geometry":{"type":"Point","coordinates":[121.457464127549,24.997706993016]},"properties":{"name":"遠百企業股份有限公司板新分公司","type":"連鎖型綠色商店","address":"220新北市板橋區四川路一段389號","number":"F000001","localcallservice":"02-77382688"}},{"type":"Feature","geometry":{"type":"Point","coordinates":[121.467628023339,25.025704016455]},"properties":{"name":"銘汰車業行","type":"連鎖型綠色商店","address":"220新北市板橋區光武街26號","number":"F002053","localcallservice":"22521132"}},{"type":"Feature","geometry":{"type":"Point","coordinates":[121.488512038015,24.996070007326]},"properties":{"name":"銓富機車有限公司","type":"連鎖型綠色商店","address":"235新北市中和區連城路337-1號","number":"F002118","localcallservice":"22222370"}},{"type":"Feature","geometry":{"type":"Point","coordinates":[121.517325500733,25.004941581285]},"properties":{"name":"廣固機車行","type":"連鎖型綠色商店","address":"234新北市永和區中正路522號","number":"F002115","localcallservice":"29276545"}},{"type":"Feature","geometry":{"type":"Point","coordinates":[121.468649212716,25.022525435924]},"properties":{"name":"歐盟時尚空間設計有限公司","type":"連鎖型綠色商店","address":"220新北市板橋區民生路2段232號 ","number":"F000128","localcallservice":"02-26002108"}},{"type":"Feature","geometry":{"type":"Point","coordinates":[121.458924087444,25.133293999887]},"properties":{"name":"歐德傢俱淡水店","type":"連鎖型綠色商店","address":"251新北市淡水區民權路88之5號","number":"F000253","localcallservice":"02-88093218"}},{"type":"Feature","geometry":{"type":"Point","coordinates":[121.372408010705,25.070252993642]},"properties":{"name":"歐摩兒有限公司","type":"連鎖型綠色商店","address":"244新北市林口區文化一路一段84號1樓","number":"F000117","localcallservice":"02-26008868"}},{"type":"Feature","geometry":{"type":"Point","coordinates":[121.498963013989,25.002845979763]},"properties":{"name":"潤泰全球股份有限公司中和分公司中和店","type":"連鎖型綠色商店","address":"235新北市中和區中山路二段228號地下二樓","number":"F000016","localcallservice":"02-82411111#566"}},{"type":"Feature","geometry":{"type":"Point","coordinates":[121.45859803141,25.029344989466]},"properties":{"name":"樺山車業有限公司","type":"連鎖型綠色商店","address":"220新北市板橋區長江路1段51號","number":"F002049","localcallservice":"22592483"}},{"type":"Feature","geometry":{"type":"Point","coordinates":[121.457665041768,25.003744016869]},"properties":{"name":"積躍機車行","type":"連鎖型綠色商店","address":"220新北市板橋區貴興路37號","number":"F002138","localcallservice":"29512379"}},{"type":"Feature","geometry":{"type":"Point","coordinates":[121.464190688666,24.99795337906]},"properties":{"name":"錕達車業有限公司","type":"連鎖型綠色商店","address":"220新北市板橋區重慶路349號","number":"F002146","localcallservice":"29547370"}},{"type":"Feature","geometry":{"type":"Point","coordinates":[121.495752325978,25.002184396145]},"properties":{"name":"燦坤實業股份有限公司中和旗艦分公司","type":"連鎖型綠色商店","address":"235新北市中和區中山路二段297號","number":"F000031","localcallservice":"02-27953988#10803"}},{"type":"Feature","geometry":{"type":"Point","coordinates":[121.502434965923,24.99019601149]},"properties":{"name":"聯成機車行","type":"連鎖型綠色商店","address":"235新北市中和區復興路275號","number":"F002079","localcallservice":"22409433"}},{"type":"Feature","geometry":{"type":"Point","coordinates":[121.468719933866,25.026624181786]},"properties":{"name":"駿宏車行","type":"連鎖型綠色商店","address":"220新北市板橋區松江街21號","number":"F002035","localcallservice":"82525485"}},{"type":"Feature","geometry":{"type":"Point","coordinates":[121.474995967688,25.013302990707]},"properties":{"name":"鴻川機車行","type":"連鎖型綠色商店","address":"220新北市板橋區民生路一段67號","number":"F002134","localcallservice":"29614036"}},{"type":"Feature","geometry":{"type":"Point","coordinates":[121.46679603563,25.015743004631]},"properties":{"name":"鴻源汽車股份有限公司","type":"連鎖型綠色商店","address":"220新北市板橋區縣民大道2段101號","number":"F001995","localcallservice":"02-25066898"}},{"type":"Feature","geometry":{"type":"Point","coordinates":[121.491259625876,25.069747103876]},"properties":{"name":"鴻源汽車股份有限公司三重分公司","type":"連鎖型綠色商店","address":"241新北市三重區重陽路4段36號","number":"F001997","localcallservice":"02-25066898"}},{"type":"Feature","geometry":{"type":"Point","coordinates":[121.482129973118,25.008593995594]},"properties":{"name":"鴻源汽車股份有限公司中和分公司","type":"連鎖型綠色商店","address":"235新北市中和區中正路1155號","number":"F001993","localcallservice":"02-25066898"}},{"type":"Feature","geometry":{"type":"Point","coordinates":[121.526776683296,25.003315492069]},"properties":{"name":"鴻源汽車股份有限公司永和分公司","type":"連鎖型綠色商店","address":"234新北市永和區成功路1段80號","number":"F001990","localcallservice":"02-25066898"}},{"type":"Feature","geometry":{"type":"Point","coordinates":[121.463310672652,25.06106751741]},"properties":{"name":"鴻源汽車股份有限公司新莊分公司","type":"連鎖型綠色商店","address":"242新北市新莊區新北大道二段318號","number":"F001998","localcallservice":"02-25066898"}},{"type":"Feature","geometry":{"type":"Point","coordinates":[121.483433023786,25.004802986516]},"properties":{"name":"鴻緯車業有限公司","type":"連鎖型綠色商店","address":"235新北市中和區中山路2段467號","number":"F002075","localcallservice":"22210427"}},{"type":"Feature","geometry":{"type":"Point","coordinates":[121.374352863698,24.932757804605]},"properties":{"name":"寶雅國際股份有限公司三峽中華分公司","type":"連鎖型綠色商店","address":"237新北市三峽區中華路20號1樓 ","number":"F002031","localcallservice":"02-86742121"}},{"type":"Feature","geometry":{"type":"Point","coordinates":[121.509541981625,25.008941006385]},"properties":{"name":"寶雅國際股份有限公司永和中山分公司","type":"連鎖型綠色商店","address":"234新北市永和區中山路一段177號","number":"F002023","localcallservice":"02-29202727"}},{"type":"Feature","geometry":{"type":"Point","coordinates":[121.517395992539,24.999754985329]},"properties":{"name":"寶雅國際股份有限公司永和中正分公司","type":"連鎖型綠色商店","address":"234新北市永和區中正路239號","number":"F002026","localcallservice":"02-89417717"}},{"type":"Feature","geometry":{"type":"Point","coordinates":[121.629757500081,25.067632684981]},"properties":{"name":"寶雅國際股份有限公司汐止中興分公司","type":"連鎖型綠色商店","address":"221新北市汐止區中興路195號","number":"F002024","localcallservice":"02-26924444"}},{"type":"Feature","geometry":{"type":"Point","coordinates":[121.38537800004,25.075643018389]},"properties":{"name":"寶雅國際股份有限公司林口仁愛分公司","type":"連鎖型綠色商店","address":"244新北市林口區育林街2號","number":"F002191","localcallservice":"06-2411-000"}},{"type":"Feature","geometry":{"type":"Point","coordinates":[121.463374375116,25.000521217007]},"properties":{"name":"寶雅國際股份有限公司板橋重慶分公司","type":"連鎖型綠色商店","address":"220新北市板橋區重慶路247號1樓","number":"F002030","localcallservice":"02-29581818"}},{"type":"Feature","geometry":{"type":"Point","coordinates":[121.461546701128,25.021995191938]},"properties":{"name":"寶雅國際股份有限公司板橋新海分公司","type":"連鎖型綠色商店","address":"220新北市板橋區新海路93號","number":"F002189","localcallservice":"06-2411-000*608"}},{"type":"Feature","geometry":{"type":"Point","coordinates":[121.445578085932,25.041050694436]},"properties":{"name":"寶雅國際股份有限公司新莊新泰分公司","type":"連鎖型綠色商店","address":"242新北市新莊區新泰路300號","number":"F002022","localcallservice":"02-29914000"}},{"type":"Feature","geometry":{"type":"Point","coordinates":[121.421022965303,25.019439004836]},"properties":{"name":"寶雅國際股份有限公司新莊龍安分公司","type":"連鎖型綠色商店","address":"242新北市新莊區龍安路252-1號","number":"F002190","localcallservice":"06-2411-000*608"}},{"type":"Feature","geometry":{"type":"Point","coordinates":[121.423051469691,24.990650017276]},"properties":{"name":"寶雅國際股份有限公司樹林中山分公司","type":"連鎖型綠色商店","address":"238新北市樹林區中山路一段111號","number":"F002027","localcallservice":"02-26860022"}},{"type":"Feature","geometry":{"type":"Point","coordinates":[121.526552970301,24.9985230132]},"properties":{"name":"轟源車業行","type":"連鎖型綠色商店","address":"234新北市永和區成功路2段92號","number":"F002116","localcallservice":"29406695"}},{"type":"Feature","geometry":{"type":"Point","coordinates":[121.516004009878,24.98597501078]},"properties":{"name":"霸輪機車行","type":"連鎖型綠色商店","address":"231新北市新店區安和路3段169號","number":"F002069","localcallservice":"29473561"}},{"type":"Feature","geometry":{"type":"Point","coordinates":[121.501502982109,25.005525003656]},"properties":{"name":"鑫川吉機車行","type":"連鎖型綠色商店","address":"235新北市中和區莊敬路49巷4號","number":"F002082","localcallservice":"82458506"}},{"type":"Feature","geometry":{"type":"Point","coordinates":[121.475550262945,25.006852319933]},"properties":{"name":"驥剛車業行","type":"連鎖型綠色商店","address":"235新北市中和區中山路3段118號","number":"F002136","localcallservice":"22236369"}},{"type":"Feature","geometry":{"type":"Point","coordinates":[121.447996013541,25.064625802946]},"properties":{"name":"7-11展示店門市","type":"連鎖型綠色商店","address":"820新北市五股區五權路1號","number":"S000274","localcallservice":"02-27478711#3961"}}]}