{
  "type": "FeatureCollection",
  "features": [
    {
      "type": "Feature",
      "geometry": {
        "type": "Point",
        "coordinates": [
          121.468518852009,
          25.128137662601
        ]
      },
      "properties": {
        "名稱": "7-11一德門市",
        "地址": "112台北市北投區中央北路四段513號",
        "商店編號": "A000208",
        "電話": "02-27478711#2616",
        "類型": "連鎖型綠色商店"
      }
    },
    {
      "type": "Feature",
      "geometry": {
        "type": "Point",
        "coordinates": [
          121.534623653411,
          25.033765018468
        ]
      },
      "properties": {
        "名稱": "7-11大信門市",
        "地址": "106台北市大安區信義路三段33號",
        "商店編號": "A000344",
        "電話": "02-27478711#2616",
        "類型": "連鎖型綠色商店"
      }
    },
    {
      "type": "Feature",
      "geometry": {
        "type": "Point",
        "coordinates": [
          121.515785912758,
          25.065722910252
        ]
      },
      "properties": {
        "名稱": "7-11大龍門市",
        "地址": "103台北市大同區昌吉街72號74號76號及蘭州街135號",
        "商店編號": "A000570",
        "電話": "02-27478711#2616",
        "類型": "連鎖型綠色商店"
      }
    },
    {
      "type": "Feature",
      "geometry": {
        "type": "Point",
        "coordinates": [
          121.531556212125,
          25.058106316746
        ]
      },
      "properties": {
        "名稱": "7-11中福門市",
        "地址": "104台北市中山區民生東路二段113號",
        "商店編號": "A000214",
        "電話": "02-27478711#2616",
        "類型": "連鎖型綠色商店"
      }
    },
    {
      "type": "Feature",
      "geometry": {
        "type": "Point",
        "coordinates": [
          121.508887354987,
          25.050692439569
        ]
      },
      "properties": {
        "名稱": "7-11中興醫門市",
        "地址": "103台北市大同區鄭州路145號B1",
        "商店編號": "A000645",
        "電話": "02-27478711#2616",
        "類型": "連鎖型綠色商店"
      }
    },
    {
      "type": "Feature",
      "geometry": {
        "type": "Point",
        "coordinates": [
          121.562917521951,
          24.989107327996
        ]
      },
      "properties": {
        "名稱": "7-11木柵門市",
        "地址": "116台北市文山區木柵路二段157號",
        "商店編號": "A000257",
        "電話": "02-27478711#2616",
        "類型": "連鎖型綠色商店"
      }
    },
    {
      "type": "Feature",
      "geometry": {
        "type": "Point",
        "coordinates": [
          121.504856581569,
          25.042785748394
        ]
      },
      "properties": {
        "名稱": "7-11世運門市",
        "地址": "108台北市萬華區昆明街81號83號",
        "商店編號": "A000769",
        "電話": "02-27478711#2616",
        "類型": "連鎖型綠色商店"
      }
    },
    {
      "type": "Feature",
      "geometry": {
        "type": "Point",
        "coordinates": [
          121.548521100333,
          24.998562114778
        ]
      },
      "properties": {
        "名稱": "7-11仙岩門市",
        "地址": "116台北市文山區仙岩路18號18-118號18-2號1樓",
        "商店編號": "A000632",
        "電話": "02-27478711#2616",
        "類型": "連鎖型綠色商店"
      }
    },
    {
      "type": "Feature",
      "geometry": {
        "type": "Point",
        "coordinates": [
          121.515503191164,
          25.11535601463
        ]
      },
      "properties": {
        "名稱": "7-11石捷門市",
        "地址": "112台北市北投區石牌路二段8號",
        "商店編號": "A000467",
        "電話": "02-27478711#2616",
        "類型": "連鎖型綠色商店"
      }
    },
    {
      "type": "Feature",
      "geometry": {
        "type": "Point",
        "coordinates": [
          121.538535655261,
          25.025734149397
        ]
      },
      "properties": {
        "名稱": "7-11禾光門市",
        "地址": "106台北市大安區和平東路二段63號1樓",
        "商店編號": "A000743",
        "電話": "02-27478711#2616",
        "類型": "連鎖型綠色商店"
      }
    },
    {
      "type": "Feature",
      "geometry": {
        "type": "Point",
        "coordinates": [
          121.551634222992,
          25.030228442061
        ]
      },
      "properties": {
        "名稱": "7-11立仁門市",
        "地址": "106台北市大安區安和路二段74巷1號",
        "商店編號": "A000287",
        "電話": "02-27478711#2616",
        "類型": "連鎖型綠色商店"
      }
    },
    {
      "type": "Feature",
      "geometry": {
        "type": "Point",
        "coordinates": [
          121.53048408289,
          25.064959193144
        ]
      },
      "properties": {
        "名稱": "7-11吉安門市",
        "地址": "104台北市中山區吉林路365號367號農安街137號",
        "商店編號": "A000417",
        "電話": "02-27478711#2616",
        "類型": "連鎖型綠色商店"
      }
    },
    {
      "type": "Feature",
      "geometry": {
        "type": "Point",
        "coordinates": [
          121.554110656285,
          25.04253332738
        ]
      },
      "properties": {
        "名稱": "7-11吉忠門市",
        "地址": "106台北市大安區延吉街72號",
        "商店編號": "A000504",
        "電話": "02-27478711#2616",
        "類型": "連鎖型綠色商店"
      }
    },
    {
      "type": "Feature",
      "geometry": {
        "type": "Point",
        "coordinates": [
          121.590353335063,
          25.066158978765
        ]
      },
      "properties": {
        "名稱": "7-11成功門市",
        "地址": "114台北市內湖區成功路二段252號",
        "商店編號": "A000179",
        "電話": "02-27478711#2616",
        "類型": "連鎖型綠色商店"
      }
    },
    {
      "type": "Feature",
      "geometry": {
        "type": "Point",
        "coordinates": [
          121.550962748728,
          25.100394317461
        ]
      },
      "properties": {
        "名稱": "7-11至善天下門市",
        "地址": "111台北市士林區至善路二段264號",
        "商店編號": "A000588",
        "電話": "02-27478711#2616",
        "類型": "連鎖型綠色商店"
      }
    },
    {
      "type": "Feature",
      "geometry": {
        "type": "Point",
        "coordinates": [
          121.568896165848,
          25.036904544121
        ]
      },
      "properties": {
        "名稱": "7-11宏泰門市",
        "地址": "110台北市信義區松仁路91-1號1樓",
        "商店編號": "A000775",
        "電話": "02-27478711#2616",
        "類型": "連鎖型綠色商店"
      }
    },
    {
      "type": "Feature",
      "geometry": {
        "type": "Point",
        "coordinates": [
          121.53708055687,
          25.023068159364
        ]
      },
      "properties": {
        "名稱": "7-11辛亥門市",
        "地址": "106台北市大安區辛亥路二段57號",
        "商店編號": "A000268",
        "電話": "02-27478711#2616",
        "類型": "連鎖型綠色商店"
      }
    },
    {
      "type": "Feature",
      "geometry": {
        "type": "Point",
        "coordinates": [
          121.525685275684,
          25.05969799825
        ]
      },
      "properties": {
        "名稱": "7-11京都門市",
        "地址": "104台北市中山區林森北路411號",
        "商店編號": "A000481",
        "電話": "02-27478711#2616",
        "類型": "連鎖型綠色商店"
      }
    },
    {
      "type": "Feature",
      "geometry": {
        "type": "Point",
        "coordinates": [
          121.554645086431,
          25.022137265197
        ]
      },
      "properties": {
        "名稱": "7-11和安門市",
        "地址": "106台北市大安區和平東路三段230號",
        "商店編號": "A000319",
        "電話": "02-27478711#2616",
        "類型": "連鎖型綠色商店"
      }
    },
    {
      "type": "Feature",
      "geometry": {
        "type": "Point",
        "coordinates": [
          121.520199739151,
          25.109856564137
        ]
      },
      "properties": {
        "名稱": "7-11明德門市",
        "地址": "112台北市北投區明德路114號",
        "商店編號": "A000514",
        "電話": "02-27478711#2616",
        "類型": "連鎖型綠色商店"
      }
    },
    {
      "type": "Feature",
      "geometry": {
        "type": "Point",
        "coordinates": [
          121.541697476777,
          25.046904154609
        ]
      },
      "properties": {
        "名稱": "7-11東崙門市",
        "地址": "104台北市中山區八德路二段282號",
        "商店編號": "A000256",
        "電話": "02-27478711#2616",
        "類型": "連鎖型綠色商店"
      }
    },
    {
      "type": "Feature",
      "geometry": {
        "type": "Point",
        "coordinates": [
          121.587722339475,
          25.046252293999
        ]
      },
      "properties": {
        "名稱": "7-11林坊門市",
        "地址": "115台北市南港區東新街80巷1號108巷2弄30號",
        "商店編號": "A000812",
        "電話": "02-27478711#2616",
        "類型": "連鎖型綠色商店"
      }
    },
    {
      "type": "Feature",
      "geometry": {
        "type": "Point",
        "coordinates": [
          121.525475141371,
          25.06179288731
        ]
      },
      "properties": {
        "名稱": "7-11林森門市",
        "地址": "104台北市中山區林森北路500號",
        "商店編號": "A000228",
        "電話": "02-27478711#2616",
        "類型": "連鎖型綠色商店"
      }
    },
    {
      "type": "Feature",
      "geometry": {
        "type": "Point",
        "coordinates": [
          121.568511352673,
          25.02683678876
        ]
      },
      "properties": {
        "名稱": "7-11松仁門市",
        "地址": "110台北市信義區松仁路213號",
        "商店編號": "A000360",
        "電話": "02-27478711#2616",
        "類型": "連鎖型綠色商店"
      }
    },
    {
      "type": "Feature",
      "geometry": {
        "type": "Point",
        "coordinates": [
          121.571616093429,
          25.050692146202
        ]
      },
      "properties": {
        "名稱": "7-11松禾門市",
        "地址": "105台北市松山區塔悠路31號33號",
        "商店編號": "A000900",
        "電話": "02-27478711#2616",
        "類型": "連鎖型綠色商店"
      }
    },
    {
      "type": "Feature",
      "geometry": {
        "type": "Point",
        "coordinates": [
          121.53322312121,
          25.051155078714
        ]
      },
      "properties": {
        "名稱": "7-11松運門市",
        "地址": "104台北市中山區松江路101號",
        "商店編號": "A000733",
        "電話": "02-27478711#2616",
        "類型": "連鎖型綠色商店"
      }
    },
    {
      "type": "Feature",
      "geometry": {
        "type": "Point",
        "coordinates": [
          121.577972844978,
          25.051204448124
        ]
      },
      "properties": {
        "名稱": "7-11松饒門市",
        "地址": "105台北市松山區慈祐里八德路四段767號769號",
        "商店編號": "A000248",
        "電話": "02-27478711#2616",
        "類型": "連鎖型綠色商店"
      }
    },
    {
      "type": "Feature",
      "geometry": {
        "type": "Point",
        "coordinates": [
          121.548921000934,
          25.081920644772
        ]
      },
      "properties": {
        "名稱": "7-11欣旺門市",
        "地址": "104台北市中山區北安路602之1號1樓604號1樓606號1樓",
        "商店編號": "A000416",
        "電話": "02-27478711#2616",
        "類型": "連鎖型綠色商店"
      }
    },
    {
      "type": "Feature",
      "geometry": {
        "type": "Point",
        "coordinates": [
          121.577300616343,
          24.987445280416
        ]
      },
      "properties": {
        "名稱": "7-11金恩門市",
        "地址": "116台北市文山區指南路二段149號",
        "商店編號": "A000241",
        "電話": "02-27478711#2616",
        "類型": "連鎖型綠色商店"
      }
    },
    {
      "type": "Feature",
      "geometry": {
        "type": "Point",
        "coordinates": [
          121.544947224457,
          25.017413937029
        ]
      },
      "properties": {
        "名稱": "7-11長星門市",
        "地址": "106台北市大安區基隆路三段85號",
        "商店編號": "A000727",
        "電話": "02-27478711#2616",
        "類型": "連鎖型綠色商店"
      }
    },
    {
      "type": "Feature",
      "geometry": {
        "type": "Point",
        "coordinates": [
          121.522901980916,
          25.04942585018
        ]
      },
      "properties": {
        "名稱": "7-11長津門市",
        "地址": "104台北市中山區長安東路一段12號",
        "商店編號": "A000551",
        "電話": "02-27478711#2616",
        "類型": "連鎖型綠色商店"
      }
    },
    {
      "type": "Feature",
      "geometry": {
        "type": "Point",
        "coordinates": [
          121.538691474841,
          25.033699513894
        ]
      },
      "properties": {
        "名稱": "7-11信中門市",
        "地址": "106台北市大安區信義路三段99號1樓",
        "商店編號": "A000564",
        "電話": "02-27478711#2616",
        "類型": "連鎖型綠色商店"
      }
    },
    {
      "type": "Feature",
      "geometry": {
        "type": "Point",
        "coordinates": [
          121.566339517742,
          25.025831672841
        ]
      },
      "properties": {
        "名稱": "7-11信醫門市",
        "地址": "110台北市信義區吳興街346號348號",
        "商店編號": "A000680",
        "電話": "02-27478711#2616",
        "類型": "連鎖型綠色商店"
      }
    },
    {
      "type": "Feature",
      "geometry": {
        "type": "Point",
        "coordinates": [
          121.538266596169,
          25.028691284838
        ]
      },
      "properties": {
        "名稱": "7-11建南門市",
        "地址": "106台北市大安區建國南路二段151巷6之8號",
        "商店編號": "A000273",
        "電話": "02-27478711#2616",
        "類型": "連鎖型綠色商店"
      }
    },
    {
      "type": "Feature",
      "geometry": {
        "type": "Point",
        "coordinates": [
          121.526492955874,
          25.055022572659
        ]
      },
      "properties": {
        "名稱": "7-11春森門市",
        "地址": "104台北市中山區長春路67號",
        "商店編號": "A000522",
        "電話": "02-27478711#2616",
        "類型": "連鎖型綠色商店"
      }
    },
    {
      "type": "Feature",
      "geometry": {
        "type": "Point",
        "coordinates": [
          121.536229877517,
          25.044279738816
        ]
      },
      "properties": {
        "名稱": "7-11科建門市",
        "地址": "106台北市大安區建國南路一段28號30號",
        "商店編號": "A000338",
        "電話": "02-27478711#2616",
        "類型": "連鎖型綠色商店"
      }
    },
    {
      "type": "Feature",
      "geometry": {
        "type": "Point",
        "coordinates": [
          121.512440276105,
          25.114031003376
        ]
      },
      "properties": {
        "名稱": "7-11致遠門市",
        "地址": "112台北市北投區石牌路一段126號",
        "商店編號": "A000223",
        "電話": "02-27478711#2616",
        "類型": "連鎖型綠色商店"
      }
    },
    {
      "type": "Feature",
      "geometry": {
        "type": "Point",
        "coordinates": [
          121.529082377222,
          25.063250332635
        ]
      },
      "properties": {
        "名稱": "7-11原中門市",
        "地址": "104台北市中山區中原街121號1樓、新生北路三段3巷41號2樓",
        "商店編號": "A000377",
        "電話": "02-27478711#2616",
        "類型": "連鎖型綠色商店"
      }
    },
    {
      "type": "Feature",
      "geometry": {
        "type": "Point",
        "coordinates": [
          121.528556412798,
          25.023209813527
        ]
      },
      "properties": {
        "名稱": "7-11師大門市",
        "地址": "106台北市大安區師大路87號",
        "商店編號": "A000367",
        "電話": "02-27478711#2616",
        "類型": "連鎖型綠色商店"
      }
    },
    {
      "type": "Feature",
      "geometry": {
        "type": "Point",
        "coordinates": [
          121.516330668172,
          25.116772616647
        ]
      },
      "properties": {
        "名稱": "7-11振華門市",
        "地址": "112台北市北投區石牌路二段80號82號",
        "商店編號": "A000393",
        "電話": "02-27478711#2616",
        "類型": "連鎖型綠色商店"
      }
    },
    {
      "type": "Feature",
      "geometry": {
        "type": "Point",
        "coordinates": [
          121.520730565079,
          25.026609848731
        ]
      },
      "properties": {
        "名稱": "7-11晉江門市",
        "地址": "100台北市中正區和平西路一段26號",
        "商店編號": "A000236",
        "電話": "02-27478711#2616",
        "類型": "連鎖型綠色商店"
      }
    },
    {
      "type": "Feature",
      "geometry": {
        "type": "Point",
        "coordinates": [
          121.610661106801,
          25.07262279304
        ]
      },
      "properties": {
        "名稱": "7-11晏揚門市",
        "地址": "114台北市內湖區康寧路三段99巷14號康寧路三段99巷12弄2號",
        "商店編號": "A000252",
        "電話": "02-27478711#2616",
        "類型": "連鎖型綠色商店"
      }
    },
    {
      "type": "Feature",
      "geometry": {
        "type": "Point",
        "coordinates": [
          121.497872779843,
          25.038405365794
        ]
      },
      "properties": {
        "名稱": "7-11桂林門市",
        "地址": "108台北市萬華區桂林路156號158號160號",
        "商店編號": "A000387",
        "電話": "02-27478711#2616",
        "類型": "連鎖型綠色商店"
      }
    },
    {
      "type": "Feature",
      "geometry": {
        "type": "Point",
        "coordinates": [
          121.546486309518,
          25.136869677872
        ]
      },
      "properties": {
        "名稱": "7-11草山門市",
        "地址": "111台北市士林區格致路28號",
        "商店編號": "A000565",
        "電話": "02-27478711#2616",
        "類型": "連鎖型綠色商店"
      }
    },
    {
      "type": "Feature",
      "geometry": {
        "type": "Point",
        "coordinates": [
          121.523308419401,
          25.050795075973
        ]
      },
      "properties": {
        "名稱": "7-11崑崙門市",
        "地址": "104台北市中山區中山北路一段105巷13號",
        "商店編號": "A000510",
        "電話": "02-27478711#2616",
        "類型": "連鎖型綠色商店"
      }
    },
    {
      "type": "Feature",
      "geometry": {
        "type": "Point",
        "coordinates": [
          121.607979555432,
          25.072150907978
        ]
      },
      "properties": {
        "名稱": "7-11康寧門市",
        "地址": "114台北市內湖區康寧路三段26巷1號",
        "商店編號": "A000203",
        "電話": "02-27478711#2616",
        "類型": "連鎖型綠色商店"
      }
    },
    {
      "type": "Feature",
      "geometry": {
        "type": "Point",
        "coordinates": [
          121.579958350202,
          24.985130869311
        ]
      },
      "properties": {
        "名稱": "7-11添恩門市",
        "地址": "116台北市文山區指南路三段8號10號",
        "商店編號": "A000270",
        "電話": "02-27478711#2616",
        "類型": "連鎖型綠色商店"
      }
    },
    {
      "type": "Feature",
      "geometry": {
        "type": "Point",
        "coordinates": [
          121.531804148821,
          25.042399049291
        ]
      },
      "properties": {
        "名稱": "7-11統聯門市",
        "地址": "100台北市中正區忠孝東路二段130-2號130-3號",
        "商店編號": "A000271",
        "電話": "02-27478711#2616",
        "類型": "連鎖型綠色商店"
      }
    },
    {
      "type": "Feature",
      "geometry": {
        "type": "Point",
        "coordinates": [
          121.508121919589,
          25.114927028825
        ]
      },
      "properties": {
        "名稱": "7-11富邦門市",
        "地址": "112台北市北投區實踐街22號24號",
        "商店編號": "A000575",
        "電話": "02-27478711#2616",
        "類型": "連鎖型綠色商店"
      }
    },
    {
      "type": "Feature",
      "geometry": {
        "type": "Point",
        "coordinates": [
          121.549283266789,
          25.04707032584
        ]
      },
      "properties": {
        "名稱": "7-11復旦門市",
        "地址": "105台北市松山區敦化南路一段5號1樓",
        "商店編號": "A000347",
        "電話": "02-27478711#2616",
        "類型": "連鎖型綠色商店"
      }
    },
    {
      "type": "Feature",
      "geometry": {
        "type": "Point",
        "coordinates": [
          121.568857106179,
          25.022105958789
        ]
      },
      "properties": {
        "名稱": "7-11惠安門市",
        "地址": "110台北市信義區惠安里吳興街520號1樓",
        "商店編號": "A000592",
        "電話": "02-27478711#2616",
        "類型": "連鎖型綠色商店"
      }
    },
    {
      "type": "Feature",
      "geometry": {
        "type": "Point",
        "coordinates": [
          121.525327033142,
          25.054624893262
        ]
      },
      "properties": {
        "名稱": "7-11晶華門市",
        "地址": "104台北市中山區林森北路262號",
        "商店編號": "A000225",
        "電話": "02-27478711#2616",
        "類型": "連鎖型綠色商店"
      }
    },
    {
      "type": "Feature",
      "geometry": {
        "type": "Point",
        "coordinates": [
          121.525468268211,
          25.04408800278
        ]
      },
      "properties": {
        "名稱": "7-11華山門市",
        "地址": "100台北市中正區忠孝東路一段138號",
        "商店編號": "A000221",
        "電話": "02-27478711#2616",
        "類型": "連鎖型綠色商店"
      }
    },
    {
      "type": "Feature",
      "geometry": {
        "type": "Point",
        "coordinates": [
          121.541507375213,
          25.136962800816
        ]
      },
      "properties": {
        "名稱": "7-11華岡門市",
        "地址": "111台北市士林區光華路26巷7-1號",
        "商店編號": "A000220",
        "電話": "02-27478711#2616",
        "類型": "連鎖型綠色商店"
      }
    },
    {
      "type": "Feature",
      "geometry": {
        "type": "Point",
        "coordinates": [
          121.577616530274,
          25.065235502583
        ]
      },
      "properties": {
        "名稱": "7-11華經門市",
        "地址": "114台北市內湖區行忠路30號",
        "商店編號": "A000534",
        "電話": "02-27478711#2616",
        "類型": "連鎖型綠色商店"
      }
    },
    {
      "type": "Feature",
      "geometry": {
        "type": "Point",
        "coordinates": [
          121.491700011069,
          25.033163491186
        ]
      },
      "properties": {
        "名稱": "7-11華雙門市",
        "地址": "108台北市萬華區環河南路二段252號1樓環河南路二段250巷1號1樓",
        "商店編號": "A000786",
        "電話": "02-27478711#2616",
        "類型": "連鎖型綠色商店"
      }
    },
    {
      "type": "Feature",
      "geometry": {
        "type": "Point",
        "coordinates": [
          121.514666258131,
          25.054301896623
        ]
      },
      "properties": {
        "名稱": "7-11圓慶門市",
        "地址": "103台北市大同區南京西路127號",
        "商店編號": "A000824",
        "電話": "02-27478711#2616",
        "類型": "連鎖型綠色商店"
      }
    },
    {
      "type": "Feature",
      "geometry": {
        "type": "Point",
        "coordinates": [
          121.521372618862,
          25.096123528246
        ]
      },
      "properties": {
        "名稱": "7-11新文門市",
        "地址": "111台北市士林區文昌路64號",
        "商店編號": "A000553",
        "電話": "02-27478711#2616",
        "類型": "連鎖型綠色商店"
      }
    },
    {
      "type": "Feature",
      "geometry": {
        "type": "Point",
        "coordinates": [
          121.560063903015,
          24.988610239229
        ]
      },
      "properties": {
        "名稱": "7-11新安康門市",
        "地址": "116台北市文山區木柵路二段88號90號1樓興隆路四段26號",
        "商店編號": "A000866",
        "電話": "02-27478711#2616",
        "類型": "連鎖型綠色商店"
      }
    },
    {
      "type": "Feature",
      "geometry": {
        "type": "Point",
        "coordinates": [
          121.530178143424,
          25.034316924882
        ]
      },
      "properties": {
        "名稱": "7-11新雲門市",
        "地址": "100台北市中正區三愛里連雲街81號",
        "商店編號": "A000869",
        "電話": "02-27478711#2616",
        "類型": "連鎖型綠色商店"
      }
    },
    {
      "type": "Feature",
      "geometry": {
        "type": "Point",
        "coordinates": [
          121.517654909528,
          25.105629402728
        ]
      },
      "properties": {
        "名稱": "7-11新豪美門市",
        "地址": "112台北市北投區文林北路98號100號",
        "商店編號": "A000466",
        "電話": "02-27478711#2616",
        "類型": "連鎖型綠色商店"
      }
    },
    {
      "type": "Feature",
      "geometry": {
        "type": "Point",
        "coordinates": [
          121.581053194395,
          25.054881630957
        ]
      },
      "properties": {
        "名稱": "7-11新潭美門市",
        "地址": "114台北市內湖區新明路425號427號",
        "商店編號": "A000489",
        "電話": "02-27478711#2616",
        "類型": "連鎖型綠色商店"
      }
    },
    {
      "type": "Feature",
      "geometry": {
        "type": "Point",
        "coordinates": [
          121.526366724412,
          25.021986097573
        ]
      },
      "properties": {
        "名稱": "7-11新羅福門市",
        "地址": "100台北市中正區羅斯福路三段80號82號",
        "商店編號": "A000457",
        "電話": "02-27478711#2616",
        "類型": "連鎖型綠色商店"
      }
    },
    {
      "type": "Feature",
      "geometry": {
        "type": "Point",
        "coordinates": [
          121.566464491918,
          25.080059443172
        ]
      },
      "properties": {
        "名稱": "7-11瑞鑫門市",
        "地址": "114台北市內湖區瑞光路580號",
        "商店編號": "A000856",
        "電話": "02-27478711#2616",
        "類型": "連鎖型綠色商店"
      }
    },
    {
      "type": "Feature",
      "geometry": {
        "type": "Point",
        "coordinates": [
          121.57070875241,
          25.000969187823
        ]
      },
      "properties": {
        "名稱": "7-11萬芳門市",
        "地址": "116台北市文山區萬安街23號、25號、27號1樓",
        "商店編號": "A000242",
        "電話": "02-27478711#2616",
        "類型": "連鎖型綠色商店"
      }
    },
    {
      "type": "Feature",
      "geometry": {
        "type": "Point",
        "coordinates": [
          121.517403452432,
          25.04548954081
        ]
      },
      "properties": {
        "名稱": "7-11萬翔門市",
        "地址": "100台北市中正區公園路13號",
        "商店編號": "A000282",
        "電話": "02-27478711#2616",
        "類型": "連鎖型綠色商店"
      }
    },
    {
      "type": "Feature",
      "geometry": {
        "type": "Point",
        "coordinates": [
          121.538345888973,
          25.04146593392
        ]
      },
      "properties": {
        "名稱": "7-11義村門市",
        "地址": "106台北市大安區忠孝東路三段160號",
        "商店編號": "A000635",
        "電話": "02-27478711#2616",
        "類型": "連鎖型綠色商店"
      }
    },
    {
      "type": "Feature",
      "geometry": {
        "type": "Point",
        "coordinates": [
          121.526373681392,
          25.064815275867
        ]
      },
      "properties": {
        "名稱": "7-11農安門市",
        "地址": "104台北市中山區農安街28-1號1樓28-2號1樓",
        "商店編號": "A000355",
        "電話": "02-27478711#2616",
        "類型": "連鎖型綠色商店"
      }
    },
    {
      "type": "Feature",
      "geometry": {
        "type": "Point",
        "coordinates": [
          121.566640092789,
          25.047457024943
        ]
      },
      "properties": {
        "名稱": "7-11道生門市",
        "地址": "110台北市信義區新仁里東興路57號",
        "商店編號": "A000218",
        "電話": "02-27478711#2616",
        "類型": "連鎖型綠色商店"
      }
    },
    {
      "type": "Feature",
      "geometry": {
        "type": "Point",
        "coordinates": [
          121.5187047429,
          25.031491259593
        ]
      },
      "properties": {
        "名稱": "7-11寧波門市",
        "地址": "100台北市中正區寧波西街3號",
        "商店編號": "A000537",
        "電話": "02-27478711#2616",
        "類型": "連鎖型綠色商店"
      }
    },
    {
      "type": "Feature",
      "geometry": {
        "type": "Point",
        "coordinates": [
          121.540872446048,
          25.066877810781
        ]
      },
      "properties": {
        "名稱": "7-11榮金門市",
        "地址": "104台北市中山區龍江路384巷1號384巷3號",
        "商店編號": "A000531",
        "電話": "02-27478711#2616",
        "類型": "連鎖型綠色商店"
      }
    },
    {
      "type": "Feature",
      "geometry": {
        "type": "Point",
        "coordinates": [
          121.536815604911,
          25.065651412618
        ]
      },
      "properties": {
        "名稱": "7-11榮鑫門市",
        "地址": "104台北市中山區建國北路三段89號91號1樓",
        "商店編號": "A000478",
        "電話": "02-27478711#2616",
        "類型": "連鎖型綠色商店"
      }
    },
    {
      "type": "Feature",
      "geometry": {
        "type": "Point",
        "coordinates": [
          121.532228943674,
          25.098570666787
        ]
      },
      "properties": {
        "名稱": "7-11福志門市",
        "地址": "111台北市士林區雨農路25號",
        "商店編號": "A000244",
        "電話": "02-27478711#2616",
        "類型": "連鎖型綠色商店"
      }
    },
    {
      "type": "Feature",
      "geometry": {
        "type": "Point",
        "coordinates": [
          121.522302171924,
          25.102117469116
        ]
      },
      "properties": {
        "名稱": "7-11福芝門市",
        "地址": "111台北市士林區福國路94號",
        "商店編號": "A000267",
        "電話": "02-27478711#2616",
        "類型": "連鎖型綠色商店"
      }
    },
    {
      "type": "Feature",
      "geometry": {
        "type": "Point",
        "coordinates": [
          121.526058102737,
          25.094770437616
        ]
      },
      "properties": {
        "名稱": "7-11福捷門市",
        "地址": "111台北市士林區中正路235巷14號",
        "商店編號": "A000521",
        "電話": "02-27478711#2616",
        "類型": "連鎖型綠色商店"
      }
    },
    {
      "type": "Feature",
      "geometry": {
        "type": "Point",
        "coordinates": [
          121.501307683765,
          25.090676213191
        ]
      },
      "properties": {
        "名稱": "7-11聚鑫門市",
        "地址": "111台北市士林區延平北路六段350號350之1號1樓",
        "商店編號": "A000886",
        "電話": "02-27478711#2616",
        "類型": "連鎖型綠色商店"
      }
    },
    {
      "type": "Feature",
      "geometry": {
        "type": "Point",
        "coordinates": [
          121.552844485991,
          25.038291707187
        ]
      },
      "properties": {
        "名稱": "7-11鳳翔門市",
        "地址": "106台北市大安區忠孝東路四段216巷68號",
        "商店編號": "A000901",
        "電話": "02-27478711#2616",
        "類型": "連鎖型綠色商店"
      }
    },
    {
      "type": "Feature",
      "geometry": {
        "type": "Point",
        "coordinates": [
          121.591943549734,
          25.082356797104
        ]
      },
      "properties": {
        "名稱": "7-11德福門市",
        "地址": "114台北市內湖區成功路四段30巷27號29號31號",
        "商店編號": "A000286",
        "電話": "02-27478711#2616",
        "類型": "連鎖型綠色商店"
      }
    },
    {
      "type": "Feature",
      "geometry": {
        "type": "Point",
        "coordinates": [
          121.522608027571,
          25.064853874531
        ]
      },
      "properties": {
        "名稱": "7-11撫順門市",
        "地址": "104台北市中山區中山北路三段23-6號",
        "商店編號": "A000412",
        "電話": "02-27478711#2616",
        "類型": "連鎖型綠色商店"
      }
    },
    {
      "type": "Feature",
      "geometry": {
        "type": "Point",
        "coordinates": [
          121.544219088528,
          25.050083242846
        ]
      },
      "properties": {
        "名稱": "7-11樂得門市",
        "地址": "105台北市松山區復興北路35號",
        "商店編號": "A000371",
        "電話": "02-27478711#2616",
        "類型": "連鎖型綠色商店"
      }
    },
    {
      "type": "Feature",
      "geometry": {
        "type": "Point",
        "coordinates": [
          121.560143112,
          24.996429255696
        ]
      },
      "properties": {
        "名稱": "7-11興芳門市",
        "地址": "116台北市文山區興光里興隆路三段173、175號",
        "商店編號": "A000744",
        "電話": "02-27478711#2616",
        "類型": "連鎖型綠色商店"
      }
    },
    {
      "type": "Feature",
      "geometry": {
        "type": "Point",
        "coordinates": [
          121.561032431927,
          25.031238293755
        ]
      },
      "properties": {
        "名稱": "7-11興貿門市",
        "地址": "110台北市信義區景新里莊敬路178巷2號",
        "商店編號": "A000650",
        "電話": "02-27478711#2616",
        "類型": "連鎖型綠色商店"
      }
    },
    {
      "type": "Feature",
      "geometry": {
        "type": "Point",
        "coordinates": [
          121.545956489419,
          25.030796609368
        ]
      },
      "properties": {
        "名稱": "7-11豫銘門市",
        "地址": "106台北市大安區大安路二段102號",
        "商店編號": "A000182",
        "電話": "02-27478711#2616",
        "類型": "連鎖型綠色商店"
      }
    },
    {
      "type": "Feature",
      "geometry": {
        "type": "Point",
        "coordinates": [
          121.523697255889,
          25.060265243547
        ]
      },
      "properties": {
        "名稱": "7-11錦北門市",
        "地址": "104台北市中山區錦州街8號",
        "商店編號": "A000536",
        "電話": "02-27478711#2616",
        "類型": "連鎖型綠色商店"
      }
    },
    {
      "type": "Feature",
      "geometry": {
        "type": "Point",
        "coordinates": [
          121.515191384365,
          25.058503241771
        ]
      },
      "properties": {
        "名稱": "7-11靜中門市",
        "地址": "103台北市大同區寧夏路71號73號",
        "商店編號": "A000261",
        "電話": "02-27478711#2616",
        "類型": "連鎖型綠色商店"
      }
    },
    {
      "type": "Feature",
      "geometry": {
        "type": "Point",
        "coordinates": [
          121.544273980789,
          25.036128448277
        ]
      },
      "properties": {
        "名稱": "7-11豐安門市",
        "地址": "106台北市大安區東豐街9號",
        "商店編號": "A000562",
        "電話": "02-27478711#2616",
        "類型": "連鎖型綠色商店"
      }
    },
    {
      "type": "Feature",
      "geometry": {
        "type": "Point",
        "coordinates": [
          121.61637160071,
          25.052304908192
        ]
      },
      "properties": {
        "名稱": "7-11耀港門市",
        "地址": "115台北市南港區研究院路一段99號1樓之14",
        "商店編號": "A000386",
        "電話": "02-27478711#2616",
        "類型": "連鎖型綠色商店"
      }
    },
    {
      "type": "Feature",
      "geometry": {
        "type": "Point",
        "coordinates": [
          121.561427722481,
          25.084631477988
        ]
      },
      "properties": {
        "名稱": "7-11馨瑩門市",
        "地址": "114台北市內湖區內湖路一段91巷2號",
        "商店編號": "A000378",
        "電話": "02-27478711#2616",
        "類型": "連鎖型綠色商店"
      }
    },
    {
      "type": "Feature",
      "geometry": {
        "type": "Point",
        "coordinates": [
          121.513383324031,
          25.046697834063
        ]
      },
      "properties": {
        "名稱": "7-11鑫大孝門市",
        "地址": "100台北市中正區黎明里重慶南路一段1-1號一樓",
        "商店編號": "A000904",
        "電話": "02-27478711#2616",
        "類型": "連鎖型綠色商店"
      }
    },
    {
      "type": "Feature",
      "geometry": {
        "type": "Point",
        "coordinates": [
          121.515113600304,
          25.050381261413
        ]
      },
      "properties": {
        "名稱": "7-11鑫太原門市",
        "地址": "103台北市大同區太原路40號42號44號",
        "商店編號": "A000706",
        "電話": "02-27478711#2616",
        "類型": "連鎖型綠色商店"
      }
    },
    {
      "type": "Feature",
      "geometry": {
        "type": "Point",
        "coordinates": [
          121.52646303248,
          25.042255593018
        ]
      },
      "properties": {
        "名稱": "7-11鑫杭門市",
        "地址": "100台北市中正區杭州南路一段23號",
        "商店編號": "A000725",
        "電話": "02-27478711#2616",
        "類型": "連鎖型綠色商店"
      }
    },
    {
      "type": "Feature",
      "geometry": {
        "type": "Point",
        "coordinates": [
          121.531583620949,
          25.051248830301
        ]
      },
      "properties": {
        "名稱": "7-11鑫東一門市",
        "地址": "104台北市中山區一江街11號13號",
        "商店編號": "A000665",
        "電話": "02-27478711#2616",
        "類型": "連鎖型綠色商店"
      }
    },
    {
      "type": "Feature",
      "geometry": {
        "type": "Point",
        "coordinates": [
          121.526661432128,
          25.048953278479
        ]
      },
      "properties": {
        "名稱": "7-11鑫長安門市",
        "地址": "104台北市中山區長安東路一段53巷1之3號",
        "商店編號": "A000698",
        "電話": "02-27478711#2616",
        "類型": "連鎖型綠色商店"
      }
    },
    {
      "type": "Feature",
      "geometry": {
        "type": "Point",
        "coordinates": [
          121.513944492449,
          25.067912305271
        ]
      },
      "properties": {
        "名稱": "大同綜合訊電股份有限公司-大同3C_仁愛服務站",
        "地址": "103台北市大同區重慶北路三段133號",
        "商店編號": "A001455",
        "電話": "0930255170",
        "類型": "連鎖型綠色商店"
      }
    },
    {
      "type": "Feature",
      "geometry": {
        "type": "Point",
        "coordinates": [
          121.522548013144,
          25.064178125497
        ]
      },
      "properties": {
        "名稱": "大同綜合訊電股份有限公司-大同3C_台北中山門市",
        "地址": "104臺北市中山區台北市中山北路三段13號",
        "商店編號": "A001458",
        "電話": "02-25911834",
        "類型": "連鎖型綠色商店"
      }
    },
    {
      "type": "Feature",
      "geometry": {
        "type": "Point",
        "coordinates": [
          121.499025123892,
          25.13524924644
        ]
      },
      "properties": {
        "名稱": "大同綜合訊電股份有限公司-大同3C_台北中央北門市",
        "地址": "112台北市北投區中央北路一段134號",
        "商店編號": "A001456",
        "電話": "02-28913841",
        "類型": "連鎖型綠色商店"
      }
    },
    {
      "type": "Feature",
      "geometry": {
        "type": "Point",
        "coordinates": [
          121.58999693654,
          25.082039709707
        ]
      },
      "properties": {
        "名稱": "大同綜合訊電股份有限公司-大同3C_台北內湖門市",
        "地址": "114台北市內湖區內湖路二段259號",
        "商店編號": "A001452",
        "電話": "02-27902584",
        "類型": "連鎖型綠色商店"
      }
    },
    {
      "type": "Feature",
      "geometry": {
        "type": "Point",
        "coordinates": [
          121.524387002701,
          25.096263967034
        ]
      },
      "properties": {
        "名稱": "大同綜合訊電股份有限公司-大同3C_台北文林門市",
        "地址": "111臺北市士林區文林路488號",
        "商店編號": "A001466",
        "電話": "02-28313499",
        "類型": "連鎖型綠色商店"
      }
    },
    {
      "type": "Feature",
      "geometry": {
        "type": "Point",
        "coordinates": [
          121.559196711313,
          24.981451465274
        ]
      },
      "properties": {
        "名稱": "大同綜合訊電股份有限公司-大同3C_台北木新門市",
        "地址": "116台北市文山區木新路三段228號",
        "商店編號": "A001474",
        "電話": "02-29394672",
        "類型": "連鎖型綠色商店"
      }
    },
    {
      "type": "Feature",
      "geometry": {
        "type": "Point",
        "coordinates": [
          121.543356339235,
          25.062543067645
        ]
      },
      "properties": {
        "名稱": "大同綜合訊電股份有限公司-大同3C_台北民權門市",
        "地址": "104台北市中山區民權東路三段65號",
        "商店編號": "A001454",
        "電話": "02-25029959",
        "類型": "連鎖型綠色商店"
      }
    },
    {
      "type": "Feature",
      "geometry": {
        "type": "Point",
        "coordinates": [
          121.512886444811,
          25.114162431617
        ]
      },
      "properties": {
        "名稱": "大同綜合訊電股份有限公司-大同3C_台北石牌門市",
        "地址": "112臺北市北投區台北市石牌路一段144號",
        "商店編號": "A001472",
        "電話": "02-28234977",
        "類型": "連鎖型綠色商店"
      }
    },
    {
      "type": "Feature",
      "geometry": {
        "type": "Point",
        "coordinates": [
          121.582292794055,
          25.044370137641
        ]
      },
      "properties": {
        "名稱": "大同綜合訊電股份有限公司-大同3C_台北忠孝門市",
        "地址": "台北市忠孝東路五段974號",
        "商店編號": "A001457",
        "電話": "02-26539716",
        "類型": "連鎖型綠色商店"
      }
    },
    {
      "type": "Feature",
      "geometry": {
        "type": "Point",
        "coordinates": [
          121.510512270737,
          25.081929655318
        ]
      },
      "properties": {
        "名稱": "大同綜合訊電股份有限公司-大同3C_台北社子門市",
        "地址": "111台北市大同區延平北路五段130、132號",
        "商店編號": "A001464",
        "電話": "02-28122520",
        "類型": "連鎖型綠色商店"
      }
    },
    {
      "type": "Feature",
      "geometry": {
        "type": "Point",
        "coordinates": [
          121.565468889459,
          25.051579035377
        ]
      },
      "properties": {
        "名稱": "大同綜合訊電股份有限公司-大同3C_台北南京東門市",
        "地址": "105台北市松山區南京東路五段267號",
        "商店編號": "A001461",
        "電話": "0930255170",
        "類型": "連鎖型綠色商店"
      }
    },
    {
      "type": "Feature",
      "geometry": {
        "type": "Point",
        "coordinates": [
          121.513422132243,
          25.059638402918
        ]
      },
      "properties": {
        "名稱": "大同綜合訊電股份有限公司-大同3C_台北重慶北門市",
        "地址": "103台北市大同區重慶北路二段174-2、3號",
        "商店編號": "A001459",
        "電話": "02-25534806",
        "類型": "連鎖型綠色商店"
      }
    },
    {
      "type": "Feature",
      "geometry": {
        "type": "Point",
        "coordinates": [
          121.565333102627,
          25.027427922481
        ]
      },
      "properties": {
        "名稱": "大同綜合訊電股份有限公司-大同3C_台北莊敬門市",
        "地址": "110台北市莊敬路386、388號",
        "商店編號": "A001473",
        "電話": "02-27588973",
        "類型": "連鎖型綠色商店"
      }
    },
    {
      "type": "Feature",
      "geometry": {
        "type": "Point",
        "coordinates": [
          121.544510095019,
          25.051990302579
        ]
      },
      "properties": {
        "名稱": "大同綜合訊電股份有限公司-大同3C_台北復北二門市",
        "地址": "105台北市松山區南京東路三段225號",
        "商店編號": "A001468",
        "電話": "0930255170",
        "類型": "連鎖型綠色商店"
      }
    },
    {
      "type": "Feature",
      "geometry": {
        "type": "Point",
        "coordinates": [
          121.501424276038,
          25.035747883392
        ]
      },
      "properties": {
        "名稱": "大同綜合訊電股份有限公司-大同3C_台北萬華門市",
        "地址": "108臺北市萬華區康定路215號",
        "商店編號": "A001460",
        "電話": "02-23088048",
        "類型": "連鎖型綠色商店"
      }
    },
    {
      "type": "Feature",
      "geometry": {
        "type": "Point",
        "coordinates": [
          121.558602434377,
          25.058717608945
        ]
      },
      "properties": {
        "名稱": "大同綜合訊電股份有限公司-大同3C_民生東門市",
        "地址": "105台北市松山區民生東路五段75號",
        "商店編號": "A001469",
        "電話": "0930255170",
        "類型": "連鎖型綠色商店"
      }
    },
    {
      "type": "Feature",
      "geometry": {
        "type": "Point",
        "coordinates": [
          121.540891892063,
          25.041848861166
        ]
      },
      "properties": {
        "名稱": "大同綜合訊電股份有限公司-大同3C_忠孝復興門市",
        "地址": "106臺北市大安區台北市大安區忠孝東路三段241號1樓",
        "商店編號": "A001453",
        "電話": "02-27315405",
        "類型": "連鎖型綠色商店"
      }
    },
    {
      "type": "Feature",
      "geometry": {
        "type": "Point",
        "coordinates": [
          121.5786291,
          25.0734541
        ]
      },
      "properties": {
        "名稱": "大潤發流通事業股份有限公司內湖分公司",
        "地址": "114臺北市內湖區",
        "商店編號": "A000048",
        "電話": "02-87925777#588",
        "類型": "連鎖型綠色商店"
      }
    },
    {
      "type": "Feature",
      "geometry": {
        "type": "Point",
        "coordinates": [
          121.57598851322,
          25.062652744848
        ]
      },
      "properties": {
        "名稱": "大潤發流通事業股份有限公司南湖分公司",
        "地址": "114臺北市內湖區舊宗路一段188號",
        "商店編號": "A000078",
        "電話": "02-27905050#501",
        "類型": "連鎖型綠色商店"
      }
    },
    {
      "type": "Feature",
      "geometry": {
        "type": "Point",
        "coordinates": [
          121.523711924219,
          25.08097554328
        ]
      },
      "properties": {
        "名稱": "中華電信股份有限公司（股）台北營運處士林服務中心",
        "地址": "111臺北市基河路10號",
        "商店編號": "A001690",
        "電話": "02-23445862",
        "類型": "連鎖型綠色商店"
      }
    },
    {
      "type": "Feature",
      "geometry": {
        "type": "Point",
        "coordinates": [
          121.526868297498,
          25.089066929691
        ]
      },
      "properties": {
        "名稱": "中華電信股份有限公司台北營運處士林夜市服務中心",
        "地址": "111臺北市士林區文林路158號",
        "商店編號": "A001692",
        "電話": "02-23445862",
        "類型": "連鎖型綠色商店"
      }
    },
    {
      "type": "Feature",
      "geometry": {
        "type": "Point",
        "coordinates": [
          121.546609439676,
          25.033550567475
        ]
      },
      "properties": {
        "名稱": "中華電信股份有限公司台北營運處大安服務中心",
        "地址": "106臺北市信義路四段89之1號",
        "商店編號": "A001702",
        "電話": "02-23445862",
        "類型": "連鎖型綠色商店"
      }
    },
    {
      "type": "Feature",
      "geometry": {
        "type": "Point",
        "coordinates": [
          121.549390638969,
          25.083733189424
        ]
      },
      "properties": {
        "名稱": "中華電信股份有限公司台北營運處大直服務中心",
        "地址": "104臺北市中山區北安路662號1樓",
        "商店編號": "A001724",
        "電話": "02-23445862",
        "類型": "連鎖型綠色商店"
      }
    },
    {
      "type": "Feature",
      "geometry": {
        "type": "Point",
        "coordinates": [
          121.512725428451,
          25.057075175018
        ]
      },
      "properties": {
        "名稱": "中華電信股份有限公司台北營運處大稻埕服務中心",
        "地址": "103臺北市大同區民生西路305號",
        "商店編號": "A001728",
        "電話": "0800-080-123",
        "類型": "連鎖型綠色商店"
      }
    },
    {
      "type": "Feature",
      "geometry": {
        "type": "Point",
        "coordinates": [
          121.518821502812,
          25.071312214747
        ]
      },
      "properties": {
        "名稱": "中華電信股份有限公司台北營運處大龍峒服務中心",
        "地址": "103臺北市承德路三段249號",
        "商店編號": "A001711",
        "電話": "02-23445862",
        "類型": "連鎖型綠色商店"
      }
    },
    {
      "type": "Feature",
      "geometry": {
        "type": "Point",
        "coordinates": [
          121.580319023496,
          25.04553719193
        ]
      },
      "properties": {
        "名稱": "中華電信股份有限公司台北營運處五分埔服務中心",
        "地址": "110臺北市信義區永吉路525號",
        "商店編號": "A001695",
        "電話": "02-23445862",
        "類型": "連鎖型綠色商店"
      }
    },
    {
      "type": "Feature",
      "geometry": {
        "type": "Point",
        "coordinates": [
          121.589885792504,
          25.079376779068
        ]
      },
      "properties": {
        "名稱": "中華電信股份有限公司台北營運處內湖成功服務中心",
        "地址": "114臺北市內湖區成功路三段135 號",
        "商店編號": "A001684",
        "電話": "02-23445862",
        "類型": "連鎖型綠色商店"
      }
    },
    {
      "type": "Feature",
      "geometry": {
        "type": "Point",
        "coordinates": [
          121.567462776586,
          24.988795982203
        ]
      },
      "properties": {
        "名稱": "中華電信股份有限公司台北營運處木柵服務中心",
        "地址": "116臺北市木柵路三段79號",
        "商店編號": "A001680",
        "電話": "02-23445862",
        "類型": "連鎖型綠色商店"
      }
    },
    {
      "type": "Feature",
      "geometry": {
        "type": "Point",
        "coordinates": [
          121.500829663827,
          25.140039713653
        ]
      },
      "properties": {
        "名稱": "中華電信股份有限公司台北營運處北投中和服務中心",
        "地址": "112臺北市北投區中和街260號",
        "商店編號": "A001687",
        "電話": "02-23445862",
        "類型": "連鎖型綠色商店"
      }
    },
    {
      "type": "Feature",
      "geometry": {
        "type": "Point",
        "coordinates": [
          121.503160084366,
          25.13556436409
        ]
      },
      "properties": {
        "名稱": "中華電信股份有限公司台北營運處北投服務中心",
        "地址": "112臺北市北投區光明路176號",
        "商店編號": "A001688",
        "電話": "02-23445862",
        "類型": "連鎖型綠色商店"
      }
    },
    {
      "type": "Feature",
      "geometry": {
        "type": "Point",
        "coordinates": [
          121.564789620025,
          25.033416708481
        ]
      },
      "properties": {
        "名稱": "中華電信股份有限公司台北營運處台北101服務中心",
        "地址": "110臺北市信義區信義路五段7號35樓C室",
        "商店編號": "A001698",
        "電話": "02-23445862",
        "類型": "連鎖型綠色商店"
      }
    },
    {
      "type": "Feature",
      "geometry": {
        "type": "Point",
        "coordinates": [
          121.531021027607,
          25.045632997083
        ]
      },
      "properties": {
        "名稱": "中華電信股份有限公司台北營運處台北三創服務中心",
        "地址": "100臺北市中正區市民大道三段2號",
        "商店編號": "A001730",
        "電話": "02-23445862",
        "類型": "連鎖型綠色商店"
      }
    },
    {
      "type": "Feature",
      "geometry": {
        "type": "Point",
        "coordinates": [
          121.51707647439,
          25.045229282717
        ]
      },
      "properties": {
        "名稱": "中華電信股份有限公司台北營運處台北公園服務中心",
        "地址": "100臺北市中正區公園路18號",
        "商店編號": "A001716",
        "電話": "02-23445862",
        "類型": "連鎖型綠色商店"
      }
    },
    {
      "type": "Feature",
      "geometry": {
        "type": "Point",
        "coordinates": [
          121.534572942897,
          25.014231412212
        ]
      },
      "properties": {
        "名稱": "中華電信股份有限公司台北營運處台北公館服務中心",
        "地址": "100臺北市中正區羅斯福路四段76號",
        "商店編號": "A001712",
        "電話": "02-23445862",
        "類型": "連鎖型綠色商店"
      }
    },
    {
      "type": "Feature",
      "geometry": {
        "type": "Point",
        "coordinates": [
          121.560097346809,
          24.981665161895
        ]
      },
      "properties": {
        "名稱": "中華電信股份有限公司台北營運處台北木新服務中心",
        "地址": "116臺北市文山區木新路三段200號",
        "商店編號": "A001679",
        "電話": "02-23445862",
        "類型": "連鎖型綠色商店"
      }
    },
    {
      "type": "Feature",
      "geometry": {
        "type": "Point",
        "coordinates": [
          121.536569763691,
          25.060605464997
        ]
      },
      "properties": {
        "名稱": "中華電信股份有限公司台北營運處台北北區服務中心",
        "地址": "104臺北市中山區松江里建國北路2段216號1樓",
        "商店編號": "A001722",
        "電話": "02-23445862",
        "類型": "連鎖型綠色商店"
      }
    },
    {
      "type": "Feature",
      "geometry": {
        "type": "Point",
        "coordinates": [
          121.564760199545,
          25.058760691927
        ]
      },
      "properties": {
        "名稱": "中華電信股份有限公司台北營運處台北民生服務中心",
        "地址": "105臺北市松山區民生東路五段206號",
        "商店編號": "A001707",
        "電話": "02-23445862",
        "類型": "連鎖型綠色商店"
      }
    },
    {
      "type": "Feature",
      "geometry": {
        "type": "Point",
        "coordinates": [
          121.557795676197,
          25.037253608479
        ]
      },
      "properties": {
        "名稱": "中華電信股份有限公司台北營運處台北光復服務中心",
        "地址": "110台北市信義區仁愛路四段420-1號",
        "商店編號": "A001737",
        "電話": "0800-080-123",
        "類型": "連鎖型綠色商店"
      }
    },
    {
      "type": "Feature",
      "geometry": {
        "type": "Point",
        "coordinates": [
          121.54000399706,
          25.041449044385
        ]
      },
      "properties": {
        "名稱": "中華電信股份有限公司台北營運處台北忠孝服務中心",
        "地址": "106臺北市大安區義村里忠孝東路3段214號1樓",
        "商店編號": "A001726",
        "電話": "02-23445862",
        "類型": "連鎖型綠色商店"
      }
    },
    {
      "type": "Feature",
      "geometry": {
        "type": "Point",
        "coordinates": [
          121.526304195414,
          25.031977493796
        ]
      },
      "properties": {
        "名稱": "中華電信股份有限公司台北營運處台北東門服務中心",
        "地址": "106臺北市大安區愛國東路35-1號",
        "商店編號": "A001706",
        "電話": "02-23445862",
        "類型": "連鎖型綠色商店"
      }
    },
    {
      "type": "Feature",
      "geometry": {
        "type": "Point",
        "coordinates": [
          121.568002068236,
          25.033642055948
        ]
      },
      "properties": {
        "名稱": "中華電信股份有限公司台北營運處台北東區服務中心",
        "地址": "110臺北市信義區松仁路130號",
        "商店編號": "A001717",
        "電話": "02-23445862",
        "類型": "連鎖型綠色商店"
      }
    },
    {
      "type": "Feature",
      "geometry": {
        "type": "Point",
        "coordinates": [
          121.61352267564,
          25.068975884965
        ]
      },
      "properties": {
        "名稱": "中華電信股份有限公司台北營運處台北東湖服務中心",
        "地址": "114臺北市內湖區東湖路33巷1號",
        "商店編號": "A001682",
        "電話": "02-23445862",
        "類型": "連鎖型綠色商店"
      }
    },
    {
      "type": "Feature",
      "geometry": {
        "type": "Point",
        "coordinates": [
          121.533185151188,
          25.049235287611
        ]
      },
      "properties": {
        "名稱": "中華電信股份有限公司台北營運處台北松江服務中心",
        "地址": "104臺北市中山區朱園里松江路67之1號1樓　",
        "商店編號": "A001723",
        "電話": "02-23445862",
        "類型": "連鎖型綠色商店"
      }
    },
    {
      "type": "Feature",
      "geometry": {
        "type": "Point",
        "coordinates": [
          121.523816027457,
          25.038153070509
        ]
      },
      "properties": {
        "名稱": "中華電信股份有限公司台北營運處台北南區服務中心",
        "地址": "100臺北市仁愛路一段42號",
        "商店編號": "A001713",
        "電話": "02-23445862",
        "類型": "連鎖型綠色商店"
      }
    },
    {
      "type": "Feature",
      "geometry": {
        "type": "Point",
        "coordinates": [
          121.529751253095,
          25.026301268966
        ]
      },
      "properties": {
        "名稱": "中華電信股份有限公司台北營運處台北師大服務中心",
        "地址": "106臺北市大安區和平東路1段182之2號",
        "商店編號": "A001705",
        "電話": "02-23445862",
        "類型": "連鎖型綠色商店"
      }
    },
    {
      "type": "Feature",
      "geometry": {
        "type": "Point",
        "coordinates": [
          121.553581590556,
          25.027452104272
        ]
      },
      "properties": {
        "名稱": "中華電信股份有限公司台北營運處台北通化服務中心",
        "地址": "106臺北市大安區通化街177號",
        "商店編號": "A001703",
        "電話": "02-23445862",
        "類型": "連鎖型綠色商店"
      }
    },
    {
      "type": "Feature",
      "geometry": {
        "type": "Point",
        "coordinates": [
          121.511046197969,
          25.039522924945
        ]
      },
      "properties": {
        "名稱": "中華電信股份有限公司台北營運處台北博愛服務中心",
        "地址": "100臺北市博愛路168號",
        "商店編號": "A001715",
        "電話": "02-23445862",
        "類型": "連鎖型綠色商店"
      }
    },
    {
      "type": "Feature",
      "geometry": {
        "type": "Point",
        "coordinates": [
          121.551130889706,
          25.058032639817
        ]
      },
      "properties": {
        "名稱": "中華電信股份有限公司台北營運處台北敦北服務中心",
        "地址": "105臺北市松山區精忠里民生東路4段69號1樓",
        "商店編號": "A001718",
        "電話": "02-23445862",
        "類型": "連鎖型綠色商店"
      }
    },
    {
      "type": "Feature",
      "geometry": {
        "type": "Point",
        "coordinates": [
          121.511307042796,
          25.113688351174
        ]
      },
      "properties": {
        "名稱": "中華電信股份有限公司台北營運處石牌服務中心",
        "地址": "112臺北市北投區石牌路一段73號",
        "商店編號": "A001686",
        "電話": "02-23445862",
        "類型": "連鎖型綠色商店"
      }
    },
    {
      "type": "Feature",
      "geometry": {
        "type": "Point",
        "coordinates": [
          121.520048194341,
          25.043186780551
        ]
      },
      "properties": {
        "名稱": "中華電信股份有限公司台北營運處立法院服務中心",
        "地址": "100臺北市濟南路一段1號2樓",
        "商店編號": "A001714",
        "電話": "02-23445862",
        "類型": "連鎖型綠色商店"
      }
    },
    {
      "type": "Feature",
      "geometry": {
        "type": "Point",
        "coordinates": [
          121.50484182942,
          25.043385264018
        ]
      },
      "properties": {
        "名稱": "中華電信股份有限公司台北營運處西門町服務中心",
        "地址": "108臺北市萬華區昆明街126號",
        "商店編號": "A001701",
        "電話": "02-23445862",
        "類型": "連鎖型綠色商店"
      }
    },
    {
      "type": "Feature",
      "geometry": {
        "type": "Point",
        "coordinates": [
          121.551904623188,
          25.063648850221
        ]
      },
      "properties": {
        "名稱": "中華電信股份有限公司台北營運處松山機場服務中心",
        "地址": "105臺北市松山區敦化北路340之9號",
        "商店編號": "A001709",
        "電話": "02-23445862",
        "類型": "連鎖型綠色商店"
      }
    },
    {
      "type": "Feature",
      "geometry": {
        "type": "Point",
        "coordinates": [
          121.50988178398,
          25.083833311258
        ]
      },
      "properties": {
        "名稱": "中華電信股份有限公司台北營運處社子服務中心",
        "地址": "111臺北市士林區延平北路五段211號",
        "商店編號": "A001689",
        "電話": "02-23445862",
        "類型": "連鎖型綠色商店"
      }
    },
    {
      "type": "Feature",
      "geometry": {
        "type": "Point",
        "coordinates": [
          121.522141155564,
          25.10140123549
        ]
      },
      "properties": {
        "名稱": "中華電信股份有限公司台北營運處芝山服務中心",
        "地址": "111臺北市士林區福國路95號2F",
        "商店編號": "A001693",
        "電話": "02-23445862",
        "類型": "連鎖型綠色商店"
      }
    },
    {
      "type": "Feature",
      "geometry": {
        "type": "Point",
        "coordinates": [
          121.525170794467,
          25.055081162162
        ]
      },
      "properties": {
        "名稱": "中華電信股份有限公司台北營運處長春服務中心",
        "地址": "104臺北市中山區中山里長春路27號",
        "商店編號": "A001725",
        "電話": "02-23445862",
        "類型": "連鎖型綠色商店"
      }
    },
    {
      "type": "Feature",
      "geometry": {
        "type": "Point",
        "coordinates": [
          121.561444821563,
          25.051690682327
        ]
      },
      "properties": {
        "名稱": "中華電信股份有限公司台北營運處南京東服務中心",
        "地址": "105臺北市松山區南京東路五段135號",
        "商店編號": "A001708",
        "電話": "02-23445862",
        "類型": "連鎖型綠色商店"
      }
    },
    {
      "type": "Feature",
      "geometry": {
        "type": "Point",
        "coordinates": [
          121.607155530531,
          25.054576781138
        ]
      },
      "properties": {
        "名稱": "中華電信股份有限公司台北營運處南港服務中心",
        "地址": "115臺北市南港路一段356號",
        "商店編號": "A001681",
        "電話": "02-23445862",
        "類型": "連鎖型綠色商店"
      }
    },
    {
      "type": "Feature",
      "geometry": {
        "type": "Point",
        "coordinates": [
          121.50291390787,
          25.027668986017
        ]
      },
      "properties": {
        "名稱": "中華電信股份有限公司台北營運處南機場服務中心",
        "地址": "108臺北市西藏路125巷20號",
        "商店編號": "A001699",
        "電話": "02-23445862",
        "類型": "連鎖型綠色商店"
      }
    },
    {
      "type": "Feature",
      "geometry": {
        "type": "Point",
        "coordinates": [
          121.609258633856,
          25.07252645915
        ]
      },
      "properties": {
        "名稱": "中華電信股份有限公司台北營運處康寧服務中心",
        "地址": "114臺北市內湖區康寧路三段75巷22號",
        "商店編號": "A001683",
        "電話": "02-23445862",
        "類型": "連鎖型綠色商店"
      }
    },
    {
      "type": "Feature",
      "geometry": {
        "type": "Point",
        "coordinates": [
          121.548512550792,
          25.043631230967
        ]
      },
      "properties": {
        "名稱": "中華電信股份有限公司台北營運處頂好服務中心",
        "地址": "106臺北市大安區光武里敦化南路1段158號1樓",
        "商店編號": "A001727",
        "電話": "02-23445862",
        "類型": "連鎖型綠色商店"
      }
    },
    {
      "type": "Feature",
      "geometry": {
        "type": "Point",
        "coordinates": [
          121.548347846395,
          25.0248136907
        ]
      },
      "properties": {
        "名稱": "中華電信股份有限公司台北營運處敦南服務中心",
        "地址": "106臺北市敦化南路二段162號",
        "商店編號": "A001704",
        "電話": "02-23445862",
        "類型": "連鎖型綠色商店"
      }
    },
    {
      "type": "Feature",
      "geometry": {
        "type": "Point",
        "coordinates": [
          121.541130608665,
          24.990913837678
        ]
      },
      "properties": {
        "名稱": "中華電信股份有限公司台北營運處景文服務中心",
        "地址": "116臺北市文山區景文街60號",
        "商店編號": "A001678",
        "電話": "02-23445862",
        "類型": "連鎖型綠色商店"
      }
    },
    {
      "type": "Feature",
      "geometry": {
        "type": "Point",
        "coordinates": [
          121.542296782854,
          24.99727557646
        ]
      },
      "properties": {
        "名稱": "中華電信股份有限公司台北營運處景美服務中心",
        "地址": "116臺北市羅斯福路六段159巷19號",
        "商店編號": "A001677",
        "電話": "02-23445862",
        "類型": "連鎖型綠色商店"
      }
    },
    {
      "type": "Feature",
      "geometry": {
        "type": "Point",
        "coordinates": [
          121.546258070295,
          25.151156212739
        ]
      },
      "properties": {
        "名稱": "中華電信股份有限公司台北營運處陽明山服務中心",
        "地址": "112臺北市北投區紗帽路139號",
        "商店編號": "A001685",
        "電話": "02-23445862",
        "類型": "連鎖型綠色商店"
      }
    },
    {
      "type": "Feature",
      "geometry": {
        "type": "Point",
        "coordinates": [
          121.53101650138,
          25.108785817916
        ]
      },
      "properties": {
        "名稱": "中華電信股份有限公司台北營運處德行東服務中心",
        "地址": "111臺北市士林區德行東路177號",
        "商店編號": "A001694",
        "電話": "02-23445862",
        "類型": "連鎖型綠色商店"
      }
    },
    {
      "type": "Feature",
      "geometry": {
        "type": "Point",
        "coordinates": [
          121.510945363674,
          25.065523379047
        ]
      },
      "properties": {
        "名稱": "中華電信股份有限公司高雄營運處橋頭服務中心",
        "地址": "103臺北市大同區延平北路三段68號",
        "商店編號": "A001710",
        "電話": "02-23445862",
        "類型": "連鎖型綠色商店"
      }
    },
    {
      "type": "Feature",
      "geometry": {
        "type": "Point",
        "coordinates": [
          121.577867987369,
          25.07882168753
        ]
      },
      "properties": {
        "名稱": "中華電信股份有限司公司台北營運處內湖服務中心",
        "地址": "114臺北市內湖區港墘里內湖路1段596號",
        "商店編號": "A001721",
        "電話": "02-23445862",
        "類型": "連鎖型綠色商店"
      }
    },
    {
      "type": "Feature",
      "geometry": {
        "type": "Point",
        "coordinates": [
          121.589943040903,
          25.080019293856
        ]
      },
      "properties": {
        "名稱": "內德傢俱生活館",
        "地址": "114台北市內湖區成功路三段152號1樓",
        "商店編號": "A000099",
        "電話": "02-87928698",
        "類型": "連鎖型綠色商店"
      }
    },
    {
      "type": "Feature",
      "geometry": {
        "type": "Point",
        "coordinates": [
          121.543687759686,
          25.024702840031
        ]
      },
      "properties": {
        "名稱": "北都汽車股份有限公司-大安營業所",
        "地址": "106台北市大安區和平東路2段128號",
        "商店編號": "A001501",
        "電話": "02-2736-7256",
        "類型": "連鎖型綠色商店"
      }
    },
    {
      "type": "Feature",
      "geometry": {
        "type": "Point",
        "coordinates": [
          121.562487865594,
          25.085649041033
        ]
      },
      "properties": {
        "名稱": "北都汽車股份有限公司-內湖營業所",
        "地址": "114台北市內湖區內湖路1段91巷34號",
        "商店編號": "A001499",
        "電話": "02-2799-7840",
        "類型": "連鎖型綠色商店"
      }
    },
    {
      "type": "Feature",
      "geometry": {
        "type": "Point",
        "coordinates": [
          121.540220166342,
          24.998344562481
        ]
      },
      "properties": {
        "名稱": "北都汽車股份有限公司-文山營業所",
        "地址": "116台北市文山區羅斯福路6段88號1樓",
        "商店編號": "A001500",
        "電話": "02-2933-9060",
        "類型": "連鎖型綠色商店"
      }
    },
    {
      "type": "Feature",
      "geometry": {
        "type": "Point",
        "coordinates": [
          121.594267013294,
          25.054895922102
        ]
      },
      "properties": {
        "名稱": "北都汽車股份有限公司-南港營業所",
        "地址": "115台北市南港區南港路2段312號2樓",
        "商店編號": "A001502",
        "電話": "02-2783-7366",
        "類型": "連鎖型綠色商店"
      }
    },
    {
      "type": "Feature",
      "geometry": {
        "type": "Point",
        "coordinates": [
          121.549294582358,
          25.047860110667
        ]
      },
      "properties": {
        "名稱": "北都汽車股份有限公司-敦化營業所",
        "地址": "105台北市松山區八德路3段2號1樓",
        "商店編號": "A001503",
        "電話": "02-2579-6285",
        "類型": "連鎖型綠色商店"
      }
    },
    {
      "type": "Feature",
      "geometry": {
        "type": "Point",
        "coordinates": [
          121.495934632372,
          25.028981592054
        ]
      },
      "properties": {
        "名稱": "北都汽車股份有限公司-雙園營業所",
        "地址": "108台北市萬華區西園路2段159號161號　",
        "商店編號": "A001504",
        "電話": "02-2302-3132",
        "類型": "連鎖型綠色商店"
      }
    },
    {
      "type": "Feature",
      "geometry": {
        "type": "Point",
        "coordinates": [
          121.52427803796,
          25.105007004507
        ]
      },
      "properties": {
        "名稱": "台象股份有限公司-象印SOGO天母據點",
        "地址": "111臺北市士林區中山北路六段77號6樓",
        "商店編號": "A001582",
        "電話": "02-2506-9009#217",
        "類型": "連鎖型綠色商店"
      }
    },
    {
      "type": "Feature",
      "geometry": {
        "type": "Point",
        "coordinates": [
          121.544882767622,
          25.041902421527
        ]
      },
      "properties": {
        "名稱": "台象股份有限公司-象印SOGO忠孝據點",
        "地址": "106臺北市大安區忠孝東路四段45號 8F",
        "商店編號": "A001570",
        "電話": "02-2506-9009#217",
        "類型": "連鎖型綠色商店"
      }
    },
    {
      "type": "Feature",
      "geometry": {
        "type": "Point",
        "coordinates": [
          121.543057105291,
          25.041211752706
        ]
      },
      "properties": {
        "名稱": "台象股份有限公司-象印SOGO復興據點",
        "地址": "106臺北市大安區忠孝東路三段300號8F",
        "商店編號": "A001571",
        "電話": "02-2506-9009#217",
        "類型": "連鎖型綠色商店"
      }
    },
    {
      "type": "Feature",
      "geometry": {
        "type": "Point",
        "coordinates": [
          121.531438194928,
          25.11181105632
        ]
      },
      "properties": {
        "名稱": "台象股份有限公司-象印大葉高島屋據點",
        "地址": "111臺北市士林區忠誠路二段55號12F",
        "商店編號": "A001564",
        "電話": "02-2506-9009#217",
        "類型": "連鎖型綠色商店"
      }
    },
    {
      "type": "Feature",
      "geometry": {
        "type": "Point",
        "coordinates": [
          121.523278915101,
          25.109095613057
        ]
      },
      "properties": {
        "名稱": "台象股份有限公司-象印天母服務中心",
        "地址": "111臺北市士林區克強路30號1樓",
        "商店編號": "A001561",
        "電話": "02-2506-9009#217",
        "類型": "連鎖型綠色商店"
      }
    },
    {
      "type": "Feature",
      "geometry": {
        "type": "Point",
        "coordinates": [
          121.534106825261,
          25.048334652115
        ]
      },
      "properties": {
        "名稱": "台象股份有限公司-象印長安服務中心",
        "地址": "104臺北市中山區長安東路二段80號1樓",
        "商店編號": "A001562",
        "電話": "02-2506-9009#217",
        "類型": "連鎖型綠色商店"
      }
    },
    {
      "type": "Feature",
      "geometry": {
        "type": "Point",
        "coordinates": [
          121.612667805335,
          25.061322578723
        ]
      },
      "properties": {
        "名稱": "台象股份有限公司-象印南港服務中心",
        "地址": "115臺北市南港區重陽路528號1樓",
        "商店編號": "A001581",
        "電話": "02-2506-9009#217",
        "類型": "連鎖型綠色商店"
      }
    },
    {
      "type": "Feature",
      "geometry": {
        "type": "Point",
        "coordinates": [
          121.556711979935,
          25.08292588642
        ]
      },
      "properties": {
        "名稱": "台象股份有限公司-象印美麗華據點",
        "地址": "104臺北市中山區敬業三路20號3F",
        "商店編號": "A001568",
        "電話": "02-2506-9009#217",
        "類型": "連鎖型綠色商店"
      }
    },
    {
      "type": "Feature",
      "geometry": {
        "type": "Point",
        "coordinates": [
          121.565417005478,
          25.040864616186
        ]
      },
      "properties": {
        "名稱": "台象股份有限公司-象印統一時代台北據點",
        "地址": "110臺北市信義區忠孝東路5段8號6F",
        "商店編號": "A001563",
        "電話": "02-2506-9009#217",
        "類型": "連鎖型綠色商店"
      }
    },
    {
      "type": "Feature",
      "geometry": {
        "type": "Point",
        "coordinates": [
          121.4997012,
          25.035103
        ]
      },
      "properties": {
        "名稱": "台象股份有限公司-象印新光信義A8據點",
        "地址": "108臺北市萬華區松高路12號7F",
        "商店編號": "A001567",
        "電話": "02-2506-9009#217",
        "類型": "連鎖型綠色商店"
      }
    },
    {
      "type": "Feature",
      "geometry": {
        "type": "Point",
        "coordinates": [
          121.521244878658,
          25.052327204054
        ]
      },
      "properties": {
        "名稱": "台象股份有限公司-象印新光南西據點",
        "地址": "104臺北市中山區臺北市中山區南京西路12號7F",
        "商店編號": "A001565",
        "電話": "02-2506-9009#217",
        "類型": "連鎖型綠色商店"
      }
    },
    {
      "type": "Feature",
      "geometry": {
        "type": "Point",
        "coordinates": [
          121.515302025487,
          25.046225807185
        ]
      },
      "properties": {
        "名稱": "台象股份有限公司-象印新光站前據點",
        "地址": "100臺北市中正區忠孝西路一段66號10F",
        "商店編號": "A001566",
        "電話": "02-2506-9009#217",
        "類型": "連鎖型綠色商店"
      }
    },
    {
      "type": "Feature",
      "geometry": {
        "type": "Point",
        "coordinates": [
          121.509114001649,
          25.041688305811
        ]
      },
      "properties": {
        "名稱": "台象股份有限公司-象印遠東寶慶據點",
        "地址": "100臺北市中正區寶慶路32號8F",
        "商店編號": "A001569",
        "電話": "02-2506-9009#217",
        "類型": "連鎖型綠色商店"
      }
    },
    {
      "type": "Feature",
      "geometry": {
        "type": "Point",
        "coordinates": [
          121.5571473,
          25.0538432
        ]
      },
      "properties": {
        "名稱": "台灣歐德系統傢俱健安店",
        "地址": "105臺北市松山區",
        "商店編號": "A000100",
        "電話": "27423998",
        "類型": "連鎖型綠色商店"
      }
    },
    {
      "type": "Feature",
      "geometry": {
        "type": "Point",
        "coordinates": [
          121.564789620025,
          25.033416708481
        ]
      },
      "properties": {
        "名稱": "全家便利商店股份有限公司１０１分公司",
        "地址": "110臺北市信義區信義路五段７號３５樓",
        "商店編號": "A000082",
        "電話": "02-25239588*6142",
        "類型": "連鎖型綠色商店"
      }
    },
    {
      "type": "Feature",
      "geometry": {
        "type": "Point",
        "coordinates": [
          121.55662757417,
          24.979268398592
        ]
      },
      "properties": {
        "名稱": "全家便利商店股份有限公司-一壽店",
        "地址": "116臺北市文山區一壽街４４巷１號",
        "商店編號": "A000954",
        "電話": "02-25239588*6142",
        "類型": "連鎖型綠色商店"
      }
    },
    {
      "type": "Feature",
      "geometry": {
        "type": "Point",
        "coordinates": [
          121.544829207261,
          25.051629997348
        ]
      },
      "properties": {
        "名稱": "全家便利商店股份有限公司-力晶店",
        "地址": "105臺北市松山區南京東路三段２５８號",
        "商店編號": "A001081",
        "電話": "02-25239588*6142",
        "類型": "連鎖型綠色商店"
      }
    },
    {
      "type": "Feature",
      "geometry": {
        "type": "Point",
        "coordinates": [
          121.586093903326,
          25.068790854453
        ]
      },
      "properties": {
        "名稱": "全家便利商店股份有限公司-三民店",
        "地址": "114臺北市內湖區民權東路六段９０巷１號",
        "商店編號": "A001209",
        "電話": "02-25239588*6142",
        "類型": "連鎖型綠色商店"
      }
    },
    {
      "type": "Feature",
      "geometry": {
        "type": "Point",
        "coordinates": [
          121.55948957501,
          25.031725156601
        ]
      },
      "properties": {
        "名稱": "全家便利商店股份有限公司-三興店",
        "地址": "110臺北市信義區吳興街７號",
        "商店編號": "A000783",
        "電話": "02-25239588*6142",
        "類型": "連鎖型綠色商店"
      }
    },
    {
      "type": "Feature",
      "geometry": {
        "type": "Point",
        "coordinates": [
          121.527160490643,
          25.097650333819
        ]
      },
      "properties": {
        "名稱": "全家便利商店股份有限公司-士林店",
        "地址": "111臺北市士林區中山北路５段６９７號",
        "商店編號": "A001193",
        "電話": "02-25239588*6142",
        "類型": "連鎖型綠色商店"
      }
    },
    {
      "type": "Feature",
      "geometry": {
        "type": "Point",
        "coordinates": [
          121.528797895428,
          25.11197031248
        ]
      },
      "properties": {
        "名稱": "全家便利商店股份有限公司-士誠店",
        "地址": "111臺北市士林區士東路８６號",
        "商店編號": "A001191",
        "電話": "02-25239588*6142",
        "類型": "連鎖型綠色商店"
      }
    },
    {
      "type": "Feature",
      "geometry": {
        "type": "Point",
        "coordinates": [
          121.56270210704,
          25.049749391642
        ]
      },
      "properties": {
        "名稱": "全家便利商店股份有限公司-大吉店",
        "地址": "105臺北市松山區八德路四段２４５巷３２弄６７號",
        "商店編號": "A001216",
        "電話": "02-25239588*6142",
        "類型": "連鎖型綠色商店"
      }
    },
    {
      "type": "Feature",
      "geometry": {
        "type": "Point",
        "coordinates": [
          121.497314377454,
          25.132091029143
        ]
      },
      "properties": {
        "名稱": "全家便利商店股份有限公司-大同店",
        "地址": "112臺北市北投區大業路４５２巷３１號",
        "商店編號": "A000946",
        "電話": "02-25239588*6142",
        "類型": "連鎖型綠色商店"
      }
    },
    {
      "type": "Feature",
      "geometry": {
        "type": "Point",
        "coordinates": [
          121.546103005086,
          25.044122326674
        ]
      },
      "properties": {
        "名稱": "全家便利商店股份有限公司-大安店",
        "地址": "106臺北市大安區大安路一段２０號",
        "商店編號": "A000990",
        "電話": "02-25239588*6142",
        "類型": "連鎖型綠色商店"
      }
    },
    {
      "type": "Feature",
      "geometry": {
        "type": "Point",
        "coordinates": [
          121.521335487031,
          25.032659529258
        ]
      },
      "properties": {
        "名稱": "全家便利商店股份有限公司-大孝店",
        "地址": "100臺北市中正區愛國東路１１２號１樓．２樓",
        "商店編號": "A001083",
        "電話": "02-25239588*6142",
        "類型": "連鎖型綠色商店"
      }
    },
    {
      "type": "Feature",
      "geometry": {
        "type": "Point",
        "coordinates": [
          121.546525872101,
          25.082201564257
        ]
      },
      "properties": {
        "名稱": "全家便利商店股份有限公司-大直店",
        "地址": "104臺北市中山區大直街３３巷１號",
        "商店編號": "A000930",
        "電話": "02-25239588*6142",
        "類型": "連鎖型綠色商店"
      }
    },
    {
      "type": "Feature",
      "geometry": {
        "type": "Point",
        "coordinates": [
          121.524882708455,
          25.089385903016
        ]
      },
      "properties": {
        "名稱": "全家便利商店股份有限公司-大南店",
        "地址": "111臺北市士林區大南路５２號",
        "商店編號": "A001182",
        "電話": "02-25239588*6142",
        "類型": "連鎖型綠色商店"
      }
    },
    {
      "type": "Feature",
      "geometry": {
        "type": "Point",
        "coordinates": [
          121.559963571634,
          25.049807939236
        ]
      },
      "properties": {
        "名稱": "全家便利商店股份有限公司-大理店",
        "地址": "105臺北市松山區光復北路１１巷５０號１樓",
        "商店編號": "A001028",
        "電話": "02-25239588*6142",
        "類型": "連鎖型綠色商店"
      }
    },
    {
      "type": "Feature",
      "geometry": {
        "type": "Point",
        "coordinates": [
          121.560409321245,
          25.050793315773
        ]
      },
      "properties": {
        "名稱": "全家便利商店股份有限公司-大盛店",
        "地址": "105臺北市松山區南京東路五段６６巷２弄１之１號１樓",
        "商店編號": "A001175",
        "電話": "02-25239588*6142",
        "類型": "連鎖型綠色商店"
      }
    },
    {
      "type": "Feature",
      "geometry": {
        "type": "Point",
        "coordinates": [
          121.534917271479,
          25.050691182283
        ]
      },
      "properties": {
        "名稱": "全家便利商店股份有限公司-大通店",
        "地址": "104臺北市中山區伊通街３９號１樓",
        "商店編號": "A000977",
        "電話": "02-25239588*6142",
        "類型": "連鎖型綠色商店"
      }
    },
    {
      "type": "Feature",
      "geometry": {
        "type": "Point",
        "coordinates": [
          121.521459790655,
          25.084832392207
        ]
      },
      "properties": {
        "名稱": "全家便利商店股份有限公司-大港店",
        "地址": "111臺北市士林區前港街３９號",
        "商店編號": "A000991",
        "電話": "02-25239588*6142",
        "類型": "連鎖型綠色商店"
      }
    },
    {
      "type": "Feature",
      "geometry": {
        "type": "Point",
        "coordinates": [
          121.498447610763,
          25.129856204209
        ]
      },
      "properties": {
        "名稱": "全家便利商店股份有限公司-大業店",
        "地址": "112臺北市北投區大興街２２號",
        "商店編號": "A000918",
        "電話": "02-25239588*6142",
        "類型": "連鎖型綠色商店"
      }
    },
    {
      "type": "Feature",
      "geometry": {
        "type": "Point",
        "coordinates": [
          121.582613988585,
          25.040758082196
        ]
      },
      "properties": {
        "名稱": "全家便利商店股份有限公司-大道店",
        "地址": "110臺北市信義區大道路７９號１樓",
        "商店編號": "A001221",
        "電話": "02-25239588*6142",
        "類型": "連鎖型綠色商店"
      }
    },
    {
      "type": "Feature",
      "geometry": {
        "type": "Point",
        "coordinates": [
          121.516046338489,
          25.067366978651
        ]
      },
      "properties": {
        "名稱": "全家便利商店股份有限公司-大龍店",
        "地址": "103臺北市大同區大龍街１３３號１樓",
        "商店編號": "A001027",
        "電話": "02-25239588*6142",
        "類型": "連鎖型綠色商店"
      }
    },
    {
      "type": "Feature",
      "geometry": {
        "type": "Point",
        "coordinates": [
          121.611986608064,
          25.058478473247
        ]
      },
      "properties": {
        "名稱": "全家便利商店股份有限公司-工業二店",
        "地址": "115臺北市南港區園區街３號２樓之７",
        "商店編號": "A000700",
        "電話": "02-25239588*6142",
        "類型": "連鎖型綠色商店"
      }
    },
    {
      "type": "Feature",
      "geometry": {
        "type": "Point",
        "coordinates": [
          121.614402021102,
          25.057258277692
        ]
      },
      "properties": {
        "名稱": "全家便利商店股份有限公司-工業三店",
        "地址": "115臺北市南港區三重路６６之２號１樓",
        "商店編號": "A001205",
        "電話": "02-25239588*6142",
        "類型": "連鎖型綠色商店"
      }
    },
    {
      "type": "Feature",
      "geometry": {
        "type": "Point",
        "coordinates": [
          121.613865830756,
          25.056029490687
        ]
      },
      "properties": {
        "名稱": "全家便利商店股份有限公司-工業店",
        "地址": "115臺北市南港區三重路１９之４號",
        "商店編號": "A001067",
        "電話": "02-25239588*6142",
        "類型": "連鎖型綠色商店"
      }
    },
    {
      "type": "Feature",
      "geometry": {
        "type": "Point",
        "coordinates": [
          121.551993890457,
          25.058108244584
        ]
      },
      "properties": {
        "名稱": "全家便利商店股份有限公司-中央店",
        "地址": "105臺北市松山區民生東路四段９５號",
        "商店編號": "A001085",
        "電話": "02-25239588*6142",
        "類型": "連鎖型綠色商店"
      }
    },
    {
      "type": "Feature",
      "geometry": {
        "type": "Point",
        "coordinates": [
          121.500953213079,
          25.139904136369
        ]
      },
      "properties": {
        "名稱": "全家便利商店股份有限公司-中永店",
        "地址": "112臺北市北投區開明里中和街２５２號一樓",
        "商店編號": "A001055",
        "電話": "02-25239588*6142",
        "類型": "連鎖型綠色商店"
      }
    },
    {
      "type": "Feature",
      "geometry": {
        "type": "Point",
        "coordinates": [
          121.495099710997,
          25.145127486971
        ]
      },
      "properties": {
        "名稱": "全家便利商店股份有限公司-中和店",
        "地址": "112臺北市北投區中和街４９１號１Ｆ",
        "商店編號": "A001020",
        "電話": "02-25239588*6142",
        "類型": "連鎖型綠色商店"
      }
    },
    {
      "type": "Feature",
      "geometry": {
        "type": "Point",
        "coordinates": [
          121.552581042774,
          25.046273542124
        ]
      },
      "properties": {
        "名稱": "全家便利商店股份有限公司-中崙店",
        "地址": "105臺北市松山區八德路三段７４巷４３號",
        "商店編號": "A000713",
        "電話": "02-25239588*6142",
        "類型": "連鎖型綠色商店"
      }
    },
    {
      "type": "Feature",
      "geometry": {
        "type": "Point",
        "coordinates": [
          121.601496237145,
          25.056178898111
        ]
      },
      "properties": {
        "名稱": "全家便利商店股份有限公司-中視店",
        "地址": "115臺北市南港區興南街３９號１樓",
        "商店編號": "A001087",
        "電話": "02-25239588*6142",
        "類型": "連鎖型綠色商店"
      }
    },
    {
      "type": "Feature",
      "geometry": {
        "type": "Point",
        "coordinates": [
          121.522910209734,
          25.055946395879
        ]
      },
      "properties": {
        "名稱": "全家便利商店股份有限公司-中賓店",
        "地址": "104臺北市中山區中山里中山北路二段５９之３號１樓",
        "商店編號": "A001061",
        "電話": "02-25239588*6142",
        "類型": "連鎖型綠色商店"
      }
    },
    {
      "type": "Feature",
      "geometry": {
        "type": "Point",
        "coordinates": [
          121.540613193782,
          25.056267955832
        ]
      },
      "properties": {
        "名稱": "全家便利商店股份有限公司-中興店",
        "地址": "104臺北市中山區龍江路２０１號１Ｆ",
        "商店編號": "A001185",
        "電話": "02-25239588*6142",
        "類型": "連鎖型綠色商店"
      }
    },
    {
      "type": "Feature",
      "geometry": {
        "type": "Point",
        "coordinates": [
          121.539713312657,
          25.065480966617
        ]
      },
      "properties": {
        "名稱": "全家便利商店股份有限公司-五常店",
        "地址": "104臺北市中山區五常街５３巷２３號１號",
        "商店編號": "A001045",
        "電話": "02-25239588*6142",
        "類型": "連鎖型綠色商店"
      }
    },
    {
      "type": "Feature",
      "geometry": {
        "type": "Point",
        "coordinates": [
          121.547004059677,
          25.037133453897
        ]
      },
      "properties": {
        "名稱": "全家便利商店股份有限公司-仁慈店",
        "地址": "106臺北市大安區仁愛路四段４８巷６號",
        "商店編號": "A001030",
        "電話": "02-25239588*6142",
        "類型": "連鎖型綠色商店"
      }
    },
    {
      "type": "Feature",
      "geometry": {
        "type": "Point",
        "coordinates": [
          121.591853444274,
          25.06862317448
        ]
      },
      "properties": {
        "名稱": "全家便利商店股份有限公司-內華店",
        "地址": "114臺北市內湖區民權東路六段１６２號",
        "商店編號": "A000957",
        "電話": "02-25239588*6142",
        "類型": "連鎖型綠色商店"
      }
    },
    {
      "type": "Feature",
      "geometry": {
        "type": "Point",
        "coordinates": [
          121.557581099476,
          25.019871385312
        ]
      },
      "properties": {
        "名稱": "全家便利商店股份有限公司-六張黎店",
        "地址": "110臺北市信義區和平東路三段３８７號",
        "商店編號": "A000694",
        "電話": "02-25239588*6142",
        "類型": "連鎖型綠色商店"
      }
    },
    {
      "type": "Feature",
      "geometry": {
        "type": "Point",
        "coordinates": [
          121.503890570712,
          25.025336924736
        ]
      },
      "properties": {
        "名稱": "全家便利商店股份有限公司-公園店",
        "地址": "108臺北市萬華區青年路４８號",
        "商店編號": "A001132",
        "電話": "02-25239588*6142",
        "類型": "連鎖型綠色商店"
      }
    },
    {
      "type": "Feature",
      "geometry": {
        "type": "Point",
        "coordinates": [
          121.534443526312,
          25.013647947932
        ]
      },
      "properties": {
        "名稱": "全家便利商店股份有限公司-公館店",
        "地址": "100臺北市中正區汀州路三段２５１號",
        "商店編號": "A001053",
        "電話": "02-25239588*6142",
        "類型": "連鎖型綠色商店"
      }
    },
    {
      "type": "Feature",
      "geometry": {
        "type": "Point",
        "coordinates": [
          121.519487947933,
          25.097028857608
        ]
      },
      "properties": {
        "名稱": "全家便利商店股份有限公司-天文店",
        "地址": "111臺北市士林區美崙街１１８號",
        "商店編號": "A001159",
        "電話": "02-25239588*6142",
        "類型": "連鎖型綠色商店"
      }
    },
    {
      "type": "Feature",
      "geometry": {
        "type": "Point",
        "coordinates": [
          121.529147336972,
          25.120345929228
        ]
      },
      "properties": {
        "名稱": "全家便利商店股份有限公司-天玉店",
        "地址": "111臺北市士林區天玉街３８巷１１之３號１樓",
        "商店編號": "A001157",
        "電話": "02-25239588*6142",
        "類型": "連鎖型綠色商店"
      }
    },
    {
      "type": "Feature",
      "geometry": {
        "type": "Point",
        "coordinates": [
          121.532598166509,
          25.117915554493
        ]
      },
      "properties": {
        "名稱": "全家便利商店股份有限公司-天成店",
        "地址": "111臺北市士林區天福里天母東路３６號之５，之６",
        "商店編號": "A000736",
        "電話": "02-25239588*6142",
        "類型": "連鎖型綠色商店"
      }
    },
    {
      "type": "Feature",
      "geometry": {
        "type": "Point",
        "coordinates": [
          121.535478439897,
          25.118256236947
        ]
      },
      "properties": {
        "名稱": "全家便利商店股份有限公司-天和店",
        "地址": "111臺北市士林區天母東路８３號",
        "商店編號": "A000994",
        "電話": "02-25239588*6142",
        "類型": "連鎖型綠色商店"
      }
    },
    {
      "type": "Feature",
      "geometry": {
        "type": "Point",
        "coordinates": [
          121.51572338376,
          25.051880616253
        ]
      },
      "properties": {
        "名稱": "全家便利商店股份有限公司-太原店",
        "地址": "103臺北市大同區太原路８１號１樓",
        "商店編號": "A001111",
        "電話": "02-25239588*6142",
        "類型": "連鎖型綠色商店"
      }
    },
    {
      "type": "Feature",
      "geometry": {
        "type": "Point",
        "coordinates": [
          121.5315979,
          25.1046726
        ]
      },
      "properties": {
        "名稱": "全家便利商店股份有限公司-文大店",
        "地址": "111臺北市士林區華崗路５５號",
        "商店編號": "A001100",
        "電話": "02-25239588*6142",
        "類型": "連鎖型綠色商店"
      }
    },
    {
      "type": "Feature",
      "geometry": {
        "type": "Point",
        "coordinates": [
          121.49518336239,
          25.136844154977
        ]
      },
      "properties": {
        "名稱": "全家便利商店股份有限公司-文化店",
        "地址": "112臺北市北投區中央北路二段９７號１樓",
        "商店編號": "A001196",
        "電話": "02-25239588*6142",
        "類型": "連鎖型綠色商店"
      }
    },
    {
      "type": "Feature",
      "geometry": {
        "type": "Point",
        "coordinates": [
          121.532459110735,
          25.015043828178
        ]
      },
      "properties": {
        "名稱": "全家便利商店股份有限公司-文盛店",
        "地址": "100臺北市中正區汀州路三段１７３號",
        "商店編號": "A001003",
        "電話": "02-25239588*6142",
        "類型": "連鎖型綠色商店"
      }
    },
    {
      "type": "Feature",
      "geometry": {
        "type": "Point",
        "coordinates": [
          121.524620187247,
          25.035960658004
        ]
      },
      "properties": {
        "名稱": "全家便利商店股份有限公司-文祥店",
        "地址": "100臺北市中正區杭州南路一段１４７號",
        "商店編號": "A001106",
        "電話": "02-25239588*6142",
        "類型": "連鎖型綠色商店"
      }
    },
    {
      "type": "Feature",
      "geometry": {
        "type": "Point",
        "coordinates": [
          121.562777544168,
          25.086828249081
        ]
      },
      "properties": {
        "名稱": "全家便利商店股份有限公司-文湖店",
        "地址": "114臺北市內湖區文湖街５９號",
        "商店編號": "A000931",
        "電話": "02-25239588*6142",
        "類型": "連鎖型綠色商店"
      }
    },
    {
      "type": "Feature",
      "geometry": {
        "type": "Point",
        "coordinates": [
          121.523092250118,
          25.050122847338
        ]
      },
      "properties": {
        "名稱": "全家便利商店股份有限公司-日津店",
        "地址": "104臺北市中山區正義里天津街４７號１樓及地下室",
        "商店編號": "A000976",
        "電話": "02-25239588*6142",
        "類型": "連鎖型綠色商店"
      }
    },
    {
      "type": "Feature",
      "geometry": {
        "type": "Point",
        "coordinates": [
          121.5023018613,
          25.020898042722
        ]
      },
      "properties": {
        "名稱": "全家便利商店股份有限公司-日祥店",
        "地址": "108臺北市萬華區青年路１５４號、１６８巷２弄１４號１樓",
        "商店編號": "A000738",
        "電話": "02-25239588*6142",
        "類型": "連鎖型綠色商店"
      }
    },
    {
      "type": "Feature",
      "geometry": {
        "type": "Point",
        "coordinates": [
          121.518401737101,
          25.054991643436
        ]
      },
      "properties": {
        "名稱": "全家便利商店股份有限公司-日新店",
        "地址": "103臺北市大同區承德路二段３９＆４１號１樓",
        "商店編號": "A000599",
        "電話": "02-25239588*6142",
        "類型": "連鎖型綠色商店"
      }
    },
    {
      "type": "Feature",
      "geometry": {
        "type": "Point",
        "coordinates": [
          121.568615288273,
          24.988812746009
        ]
      },
      "properties": {
        "名稱": "全家便利商店股份有限公司-木柵路店",
        "地址": "116臺北市文山區木柵路三段１４８號１５０號",
        "商店編號": "A001062",
        "電話": "02-25239588*6142",
        "類型": "連鎖型綠色商店"
      }
    },
    {
      "type": "Feature",
      "geometry": {
        "type": "Point",
        "coordinates": [
          121.556208227554,
          24.980455904724
        ]
      },
      "properties": {
        "名稱": "全家便利商店股份有限公司-木新店",
        "地址": "116臺北市文山區木新路３段３３３．３３５號",
        "商店編號": "A001231",
        "電話": "02-25239588*6142",
        "類型": "連鎖型綠色商店"
      }
    },
    {
      "type": "Feature",
      "geometry": {
        "type": "Point",
        "coordinates": [
          121.558906194549,
          24.988583123772
        ]
      },
      "properties": {
        "名稱": "全家便利商店股份有限公司-木興店",
        "地址": "116臺北市文山區木柵路２段５２號",
        "商店編號": "A001035",
        "電話": "02-25239588*6142",
        "類型": "連鎖型綠色商店"
      }
    },
    {
      "type": "Feature",
      "geometry": {
        "type": "Point",
        "coordinates": [
          121.535198903426,
          25.012857660192
        ]
      },
      "properties": {
        "名稱": "全家便利商店股份有限公司-水源店",
        "地址": "100臺北市中正區汀州路三段２６１號",
        "商店編號": "A001102",
        "電話": "02-25239588*6142",
        "類型": "連鎖型綠色商店"
      }
    },
    {
      "type": "Feature",
      "geometry": {
        "type": "Point",
        "coordinates": [
          121.547858678525,
          24.998245865571
        ]
      },
      "properties": {
        "名稱": "全家便利商店股份有限公司-仙岩店",
        "地址": "116臺北市文山區仙岩路２號",
        "商店編號": "A001215",
        "電話": "02-25239588*6142",
        "類型": "連鎖型綠色商店"
      }
    },
    {
      "type": "Feature",
      "geometry": {
        "type": "Point",
        "coordinates": [
          121.5424797598,
          25.060124427574
        ]
      },
      "properties": {
        "名稱": "全家便利商店股份有限公司-北大店",
        "地址": "104臺北市中山區錦州街４２８號",
        "商店編號": "A001000",
        "電話": "02-25239588*6142",
        "類型": "連鎖型綠色商店"
      }
    },
    {
      "type": "Feature",
      "geometry": {
        "type": "Point",
        "coordinates": [
          121.504171528623,
          25.13617209398
        ]
      },
      "properties": {
        "名稱": "全家便利商店股份有限公司-北投店",
        "地址": "112臺北市北投區光明路２１８之１號",
        "商店編號": "A001080",
        "電話": "02-25239588*6142",
        "類型": "連鎖型綠色商店"
      }
    },
    {
      "type": "Feature",
      "geometry": {
        "type": "Point",
        "coordinates": [
          121.5355145659,
          25.042213893049
        ]
      },
      "properties": {
        "名稱": "全家便利商店股份有限公司-北科大店",
        "地址": "106臺北市大安區大安區忠孝東路三段１號",
        "商店編號": "A000935",
        "電話": "02-25239588*6142",
        "類型": "連鎖型綠色商店"
      }
    },
    {
      "type": "Feature",
      "geometry": {
        "type": "Point",
        "coordinates": [
          121.5456516396,
          25.078247275706
        ]
      },
      "properties": {
        "名稱": "全家便利商店股份有限公司-北鄰店",
        "地址": "104臺北市中山區北安路４５８巷４７弄１３號１樓",
        "商店編號": "A000546",
        "電話": "02-25239588*6142",
        "類型": "連鎖型綠色商店"
      }
    },
    {
      "type": "Feature",
      "geometry": {
        "type": "Point",
        "coordinates": [
          121.563854870183,
          25.027004426823
        ]
      },
      "properties": {
        "名稱": "全家便利商店股份有限公司-北醫店",
        "地址": "110臺北市信義區吳興街２６３號",
        "商店編號": "A000955",
        "電話": "02-25239588*6142",
        "類型": "連鎖型綠色商店"
      }
    },
    {
      "type": "Feature",
      "geometry": {
        "type": "Point",
        "coordinates": [
          121.544947308276,
          25.06024512698
        ]
      },
      "properties": {
        "名稱": "全家便利商店股份有限公司-北權店",
        "地址": "105臺北市松山區民權東路三段１０６巷１１號",
        "商店編號": "A000988",
        "電話": "02-25239588*6142",
        "類型": "連鎖型綠色商店"
      }
    },
    {
      "type": "Feature",
      "geometry": {
        "type": "Point",
        "coordinates": [
          121.514401054715,
          25.045220439809
        ]
      },
      "properties": {
        "名稱": "全家便利商店股份有限公司-仟囍店",
        "地址": "100臺北市中正區漢口街一段１５號",
        "商店編號": "A000695",
        "電話": "02-25239588*6142",
        "類型": "連鎖型綠色商店"
      }
    },
    {
      "type": "Feature",
      "geometry": {
        "type": "Point",
        "coordinates": [
          121.524479287455,
          25.024668348499
        ]
      },
      "properties": {
        "名稱": "全家便利商店股份有限公司-古亭店",
        "地址": "106臺北市大安區羅斯福路２段１０３號",
        "商店編號": "A001005",
        "電話": "02-25239588*6142",
        "類型": "連鎖型綠色商店"
      }
    },
    {
      "type": "Feature",
      "geometry": {
        "type": "Point",
        "coordinates": [
          121.547758430963,
          25.031088467236
        ]
      },
      "properties": {
        "名稱": "全家便利商店股份有限公司-四維店",
        "地址": "106臺北市大安區住安里四維路１５４巷１號一樓",
        "商店編號": "A001078",
        "電話": "02-25239588*6142",
        "類型": "連鎖型綠色商店"
      }
    },
    {
      "type": "Feature",
      "geometry": {
        "type": "Point",
        "coordinates": [
          121.562339673546,
          25.033151966069
        ]
      },
      "properties": {
        "名稱": "全家便利商店股份有限公司-外貿店",
        "地址": "110臺北市信義區信義路五段５號２樓",
        "商店編號": "A001140",
        "電話": "02-25239588*6142",
        "類型": "連鎖型綠色商店"
      }
    },
    {
      "type": "Feature",
      "geometry": {
        "type": "Point",
        "coordinates": [
          121.520701982789,
          25.048494034004
        ]
      },
      "properties": {
        "名稱": "全家便利商店股份有限公司-市民店",
        "地址": "104臺北市中山區中山北路一段５８號",
        "商店編號": "A001194",
        "電話": "02-25239588*6142",
        "類型": "連鎖型綠色商店"
      }
    },
    {
      "type": "Feature",
      "geometry": {
        "type": "Point",
        "coordinates": [
          121.563783791644,
          25.037523002847
        ]
      },
      "properties": {
        "名稱": "全家便利商店股份有限公司-市府店",
        "地址": "110臺北市信義區市府路１號地下二樓",
        "商店編號": "A000996",
        "電話": "02-25239588*6142",
        "類型": "連鎖型綠色商店"
      }
    },
    {
      "type": "Feature",
      "geometry": {
        "type": "Point",
        "coordinates": [
          121.52648465779,
          25.048815899086
        ]
      },
      "properties": {
        "名稱": "全家便利商店股份有限公司-正義店",
        "地址": "104臺北市中山區長安東路一段５５號",
        "商店編號": "A000928",
        "電話": "02-25239588*6142",
        "類型": "連鎖型綠色商店"
      }
    },
    {
      "type": "Feature",
      "geometry": {
        "type": "Point",
        "coordinates": [
          121.564885425179,
          25.058057366432
        ]
      },
      "properties": {
        "名稱": "全家便利商店股份有限公司-民東店",
        "地址": "105臺北市松山區新東街１１巷２８號",
        "商店編號": "A000986",
        "電話": "02-25239588*6142",
        "類型": "連鎖型綠色商店"
      }
    },
    {
      "type": "Feature",
      "geometry": {
        "type": "Point",
        "coordinates": [
          121.539561432572,
          25.066748980929
        ]
      },
      "properties": {
        "名稱": "全家便利商店股份有限公司-民族店",
        "地址": "104臺北市中山區民族東路４１０巷２３弄２４號",
        "商店編號": "A000968",
        "電話": "02-25239588*6142",
        "類型": "連鎖型綠色商店"
      }
    },
    {
      "type": "Feature",
      "geometry": {
        "type": "Point",
        "coordinates": [
          121.553107677751,
          25.057339917429
        ]
      },
      "properties": {
        "名稱": "全家便利商店股份有限公司-民復店",
        "地址": "105臺北市松山區民生東路四段８０巷３號１Ｆ",
        "商店編號": "A001117",
        "電話": "02-25239588*6142",
        "類型": "連鎖型綠色商店"
      }
    },
    {
      "type": "Feature",
      "geometry": {
        "type": "Point",
        "coordinates": [
          121.57413334659,
          25.045708308483
        ]
      },
      "properties": {
        "名稱": "全家便利商店股份有限公司-永吉二店",
        "地址": "110臺北市信義區永吉路２２３號",
        "商店編號": "A000732",
        "電話": "02-25239588*6142",
        "類型": "連鎖型綠色商店"
      }
    },
    {
      "type": "Feature",
      "geometry": {
        "type": "Point",
        "coordinates": [
          121.549480744428,
          25.082849401554
        ]
      },
      "properties": {
        "名稱": "全家便利商店股份有限公司-永安店",
        "地址": "104臺北市中山區北安路６３０巷７號１樓",
        "商店編號": "A000974",
        "電話": "02-25239588*6142",
        "類型": "連鎖型綠色商店"
      }
    },
    {
      "type": "Feature",
      "geometry": {
        "type": "Point",
        "coordinates": [
          121.572162006782,
          25.043576664777
        ]
      },
      "properties": {
        "名稱": "全家便利商店股份有限公司-永孝店",
        "地址": "110臺北市信義區松信路１４５號",
        "商店編號": "A001043",
        "電話": "02-25239588*6142",
        "類型": "連鎖型綠色商店"
      }
    },
    {
      "type": "Feature",
      "geometry": {
        "type": "Point",
        "coordinates": [
          121.576241143782,
          25.043368458302
        ]
      },
      "properties": {
        "名稱": "全家便利商店股份有限公司-永林店",
        "地址": "110臺北市信義區虎林街８２巷２３號",
        "商店編號": "A001125",
        "電話": "02-25239588*6142",
        "類型": "連鎖型綠色商店"
      }
    },
    {
      "type": "Feature",
      "geometry": {
        "type": "Point",
        "coordinates": [
          121.5661578819,
          25.042473606319
        ]
      },
      "properties": {
        "名稱": "全家便利商店股份有限公司-永隆店",
        "地址": "110臺北市信義區基隆路１段１４７巷７號",
        "商店編號": "A001070",
        "電話": "02-25239588*6142",
        "類型": "連鎖型綠色商店"
      }
    },
    {
      "type": "Feature",
      "geometry": {
        "type": "Point",
        "coordinates": [
          121.507990323709,
          25.087659817695
        ]
      },
      "properties": {
        "名稱": "全家便利商店股份有限公司-永新店",
        "地址": "111臺北市士林區社子街２７號",
        "商店編號": "A001069",
        "電話": "02-25239588*6142",
        "類型": "連鎖型綠色商店"
      }
    },
    {
      "type": "Feature",
      "geometry": {
        "type": "Point",
        "coordinates": [
          121.49938370171,
          25.138825008245
        ]
      },
      "properties": {
        "名稱": "全家便利商店股份有限公司-永興店",
        "地址": "112臺北市北投區中庸里永興路一段１號、３號一樓",
        "商店編號": "A001188",
        "電話": "02-25239588*6142",
        "類型": "連鎖型綠色商店"
      }
    },
    {
      "type": "Feature",
      "geometry": {
        "type": "Point",
        "coordinates": [
          121.525117820839,
          25.058704910362
        ]
      },
      "properties": {
        "名稱": "全家便利商店股份有限公司-玉林店",
        "地址": "104臺北市中山區民生東路一段２７巷１５號",
        "商店編號": "A000975",
        "電話": "02-25239588*6142",
        "類型": "連鎖型綠色商店"
      }
    },
    {
      "type": "Feature",
      "geometry": {
        "type": "Point",
        "coordinates": [
          121.506624157311,
          25.118491391241
        ]
      },
      "properties": {
        "名稱": "全家便利商店股份有限公司-立農店",
        "地址": "112臺北市北投區北投吉利街１１４號",
        "商店編號": "A001011",
        "電話": "02-25239588*6142",
        "類型": "連鎖型綠色商店"
      }
    },
    {
      "type": "Feature",
      "geometry": {
        "type": "Point",
        "coordinates": [
          121.505325968147,
          25.116473909056
        ]
      },
      "properties": {
        "名稱": "全家便利商店股份有限公司-立賢店",
        "地址": "112臺北市北投區立賢里承德路七段２９０號",
        "商店編號": "A001082",
        "電話": "02-25239588*6142",
        "類型": "連鎖型綠色商店"
      }
    },
    {
      "type": "Feature",
      "geometry": {
        "type": "Point",
        "coordinates": [
          121.499185553519,
          25.132624285823
        ]
      },
      "properties": {
        "名稱": "全家便利商店股份有限公司-光明店",
        "地址": "112臺北市北投區光明路２３號，２５號",
        "商店編號": "A001136",
        "電話": "02-25239588*6142",
        "類型": "連鎖型綠色商店"
      }
    },
    {
      "type": "Feature",
      "geometry": {
        "type": "Point",
        "coordinates": [
          121.557692746426,
          25.03529706273
        ]
      },
      "properties": {
        "名稱": "全家便利商店股份有限公司-光復南路店",
        "地址": "110臺北市信義區光復南路４４７之２號",
        "商店編號": "A001184",
        "電話": "02-25239588*6142",
        "類型": "連鎖型綠色商店"
      }
    },
    {
      "type": "Feature",
      "geometry": {
        "type": "Point",
        "coordinates": [
          121.532724062695,
          25.0469552004
        ]
      },
      "properties": {
        "名稱": "全家便利商店股份有限公司-光華店",
        "地址": "104臺北市中山區松江路２４之１號",
        "商店編號": "A000969",
        "電話": "02-25239588*6142",
        "類型": "連鎖型綠色商店"
      }
    },
    {
      "type": "Feature",
      "geometry": {
        "type": "Point",
        "coordinates": [
          121.557383286561,
          25.036544876656
        ]
      },
      "properties": {
        "名稱": "全家便利商店股份有限公司-光新店",
        "地址": "106臺北市大安區光復南路４１８號",
        "商店編號": "A001051",
        "電話": "02-25239588*6142",
        "類型": "連鎖型綠色商店"
      }
    },
    {
      "type": "Feature",
      "geometry": {
        "type": "Point",
        "coordinates": [
          121.526186513494,
          25.066586916832
        ]
      },
      "properties": {
        "名稱": "全家便利商店股份有限公司-光輝店",
        "地址": "104臺北市中山區晴光里德惠街３４之２號一樓",
        "商店編號": "A001095",
        "電話": "02-25239588*6142",
        "類型": "連鎖型綠色商店"
      }
    },
    {
      "type": "Feature",
      "geometry": {
        "type": "Point",
        "coordinates": [
          121.561532663909,
          24.994959740431
        ]
      },
      "properties": {
        "名稱": "全家便利商店股份有限公司-再興店",
        "地址": "116臺北市文山區興隆路３段２０７巷１１弄２號",
        "商店編號": "A001022",
        "電話": "02-25239588*6142",
        "類型": "連鎖型綠色商店"
      }
    },
    {
      "type": "Feature",
      "geometry": {
        "type": "Point",
        "coordinates": [
          121.49548469181,
          25.027700208606
        ]
      },
      "properties": {
        "名稱": "全家便利商店股份有限公司-吉利店",
        "地址": "108臺北市萬華區東園街１２號",
        "商店編號": "A001021",
        "電話": "02-25239588*6142",
        "類型": "連鎖型綠色商店"
      }
    },
    {
      "type": "Feature",
      "geometry": {
        "type": "Point",
        "coordinates": [
          121.530174958301,
          25.06210373019
        ]
      },
      "properties": {
        "名稱": "全家便利商店股份有限公司-吉林店",
        "地址": "104臺北市中山區吉林路３１４號",
        "商店編號": "A001046",
        "電話": "02-25239588*6142",
        "類型": "連鎖型綠色商店"
      }
    },
    {
      "type": "Feature",
      "geometry": {
        "type": "Point",
        "coordinates": [
          121.528965198216,
          25.056416902252
        ]
      },
      "properties": {
        "名稱": "全家便利商店股份有限公司-吉原店",
        "地址": "104臺北市中山區中原街２７號",
        "商店編號": "A001206",
        "電話": "02-25239588*6142",
        "類型": "連鎖型綠色商店"
      }
    },
    {
      "type": "Feature",
      "geometry": {
        "type": "Point",
        "coordinates": [
          121.595897042004,
          25.055137069456
        ]
      },
      "properties": {
        "名稱": "全家便利商店股份有限公司-向陽店",
        "地址": "115臺北市南港區東新里重陽路１６號一樓",
        "商店編號": "A001018",
        "電話": "02-25239588*6142",
        "類型": "連鎖型綠色商店"
      }
    },
    {
      "type": "Feature",
      "geometry": {
        "type": "Point",
        "coordinates": [
          121.5538134,
          24.9895521
        ]
      },
      "properties": {
        "名稱": "全家便利商店股份有限公司-名門店",
        "地址": "116臺北市文山區軍功路１０９號",
        "商店編號": "A001189",
        "電話": "02-25239588*6142",
        "類型": "連鎖型綠色商店"
      }
    },
    {
      "type": "Feature",
      "geometry": {
        "type": "Point",
        "coordinates": [
          121.553297024944,
          25.019690839117
        ]
      },
      "properties": {
        "名稱": "全家便利商店股份有限公司-安居店",
        "地址": "106臺北市大安區安居街７６號",
        "商店編號": "A001145",
        "電話": "02-25239588*6142",
        "類型": "連鎖型綠色商店"
      }
    },
    {
      "type": "Feature",
      "geometry": {
        "type": "Point",
        "coordinates": [
          121.569251307086,
          25.024846715399
        ]
      },
      "properties": {
        "名稱": "全家便利商店股份有限公司-安興店",
        "地址": "110臺北市信義區松仁路２３８號",
        "商店編號": "A000555",
        "電話": "02-25239588*6142",
        "類型": "連鎖型綠色商店"
      }
    },
    {
      "type": "Feature",
      "geometry": {
        "type": "Point",
        "coordinates": [
          121.545073791195,
          25.025612486073
        ]
      },
      "properties": {
        "名稱": "全家便利商店股份有限公司-成功店",
        "地址": "106臺北市大安區和平東路二段３１１巷３２號",
        "商店編號": "A000987",
        "電話": "02-25239588*6142",
        "類型": "連鎖型綠色商店"
      }
    },
    {
      "type": "Feature",
      "geometry": {
        "type": "Point",
        "coordinates": [
          121.504704952941,
          25.042840943226
        ]
      },
      "properties": {
        "名稱": "全家便利商店股份有限公司-成都店",
        "地址": "108臺北市萬華區昆明街１３４號；成都路８６號",
        "商店編號": "A001029",
        "電話": "02-25239588*6142",
        "類型": "連鎖型綠色商店"
      }
    },
    {
      "type": "Feature",
      "geometry": {
        "type": "Point",
        "coordinates": [
          121.542374986011,
          25.050036471826
        ]
      },
      "properties": {
        "名稱": "全家便利商店股份有限公司-朱崙店",
        "地址": "104臺北市中山區朱崙街６７號",
        "商店編號": "A001210",
        "電話": "02-25239588*6142",
        "類型": "連鎖型綠色商店"
      }
    },
    {
      "type": "Feature",
      "geometry": {
        "type": "Point",
        "coordinates": [
          121.542693917427,
          25.062156703818
        ]
      },
      "properties": {
        "名稱": "全家便利商店股份有限公司-江寧店",
        "地址": "104臺北市中山區民權東路三段６４號１樓",
        "商店編號": "A001073",
        "電話": "02-25239588*6142",
        "類型": "連鎖型綠色商店"
      }
    },
    {
      "type": "Feature",
      "geometry": {
        "type": "Point",
        "coordinates": [
          121.514880583396,
          25.110497444454
        ]
      },
      "properties": {
        "名稱": "全家便利商店股份有限公司-自強店",
        "地址": "112臺北市北投區自強街８８號",
        "商店編號": "A001134",
        "電話": "02-25239588*6142",
        "類型": "連鎖型綠色商店"
      }
    },
    {
      "type": "Feature",
      "geometry": {
        "type": "Point",
        "coordinates": [
          121.550991042895,
          25.100503487985
        ]
      },
      "properties": {
        "名稱": "全家便利商店股份有限公司-至善店",
        "地址": "111臺北市士林區臨溪里至善路二段２６８號一樓",
        "商店編號": "A001141",
        "電話": "02-25239588*6142",
        "類型": "連鎖型綠色商店"
      }
    },
    {
      "type": "Feature",
      "geometry": {
        "type": "Point",
        "coordinates": [
          121.514280606766,
          25.046233267079
        ]
      },
      "properties": {
        "名稱": "全家便利商店股份有限公司-西站店",
        "地址": "100臺北市中正區懷寧街７之１號",
        "商店編號": "A001190",
        "電話": "02-25239588*6142",
        "類型": "連鎖型綠色商店"
      }
    },
    {
      "type": "Feature",
      "geometry": {
        "type": "Point",
        "coordinates": [
          121.54980604609,
          25.054205923832
        ]
      },
      "properties": {
        "名稱": "全家便利商店股份有限公司-宏大店",
        "地址": "105臺北市松山區敦化北路１５５巷３號１樓",
        "商店編號": "A001154",
        "電話": "02-25239588*6142",
        "類型": "連鎖型綠色商店"
      }
    },
    {
      "type": "Feature",
      "geometry": {
        "type": "Point",
        "coordinates": [
          121.512888624106,
          25.047103853453
        ]
      },
      "properties": {
        "名稱": "全家便利商店股份有限公司-宏啟店",
        "地址": "100臺北市中正區忠孝西路一段９６號",
        "商店編號": "A001138",
        "電話": "02-25239588*6142",
        "類型": "連鎖型綠色商店"
      }
    },
    {
      "type": "Feature",
      "geometry": {
        "type": "Point",
        "coordinates": [
          121.541187102693,
          25.021923400938
        ]
      },
      "properties": {
        "名稱": "全家便利商店股份有限公司-辛亥店",
        "地址": "106臺北市大安區辛亥路二段１７１巷３號",
        "商店編號": "A001120",
        "電話": "02-25239588*6142",
        "類型": "連鎖型綠色商店"
      }
    },
    {
      "type": "Feature",
      "geometry": {
        "type": "Point",
        "coordinates": [
          121.51078794011,
          25.043049709468
        ]
      },
      "properties": {
        "名稱": "全家便利商店股份有限公司-酉陽店",
        "地址": "100臺北市中正區永綏街２０號",
        "商店編號": "A000735",
        "電話": "02-25239588*6142",
        "類型": "連鎖型綠色商店"
      }
    },
    {
      "type": "Feature",
      "geometry": {
        "type": "Point",
        "coordinates": [
          121.561080460232,
          25.048401036788
        ]
      },
      "properties": {
        "名稱": "全家便利商店股份有限公司-京城店",
        "地址": "105臺北市松山區八德路四段１０８號",
        "商店編號": "A000545",
        "電話": "02-25239588*6142",
        "類型": "連鎖型綠色商店"
      }
    },
    {
      "type": "Feature",
      "geometry": {
        "type": "Point",
        "coordinates": [
          121.538389391051,
          25.052168827994
        ]
      },
      "properties": {
        "名稱": "全家便利商店股份有限公司-京貿店",
        "地址": "104臺北市中山區南京東路三段６５號",
        "商店編號": "A000947",
        "電話": "02-25239588*6142",
        "類型": "連鎖型綠色商店"
      }
    },
    {
      "type": "Feature",
      "geometry": {
        "type": "Point",
        "coordinates": [
          121.583373724289,
          25.042826693991
        ]
      },
      "properties": {
        "名稱": "全家便利商店股份有限公司-協和店",
        "地址": "110臺北市信義區中坡南路３８號１Ｆ",
        "商店編號": "A001077",
        "電話": "02-25239588*6142",
        "類型": "連鎖型綠色商店"
      }
    },
    {
      "type": "Feature",
      "geometry": {
        "type": "Point",
        "coordinates": [
          121.49488907377,
          25.035273593401
        ]
      },
      "properties": {
        "名稱": "全家便利商店股份有限公司-和西店",
        "地址": "108臺北市萬華區愛鄉里和平西路三段２９０之５號、２９０",
        "商店編號": "A001169",
        "電話": "02-25239588*6142",
        "類型": "連鎖型綠色商店"
      }
    },
    {
      "type": "Feature",
      "geometry": {
        "type": "Point",
        "coordinates": [
          121.541605275842,
          25.024917458661
        ]
      },
      "properties": {
        "名稱": "全家便利商店股份有限公司-和東店",
        "地址": "106臺北市大安區和平東路二段１０２之３號１樓",
        "商店編號": "A001039",
        "電話": "02-25239588*6142",
        "類型": "連鎖型綠色商店"
      }
    },
    {
      "type": "Feature",
      "geometry": {
        "type": "Point",
        "coordinates": [
          121.5439185973,
          25.024995787547
        ]
      },
      "properties": {
        "名稱": "全家便利商店股份有限公司-和復店",
        "地址": "106臺北市大安區和平東路二段２６１號，２６３號",
        "商店編號": "A000983",
        "電話": "02-25239588*6142",
        "類型": "連鎖型綠色商店"
      }
    },
    {
      "type": "Feature",
      "geometry": {
        "type": "Point",
        "coordinates": [
          121.53629886058,
          25.025653305941
        ]
      },
      "properties": {
        "名稱": "全家便利商店股份有限公司-和新店",
        "地址": "106臺北市大安區和平東路二段２２號",
        "商店編號": "A000922",
        "電話": "02-25239588*6142",
        "類型": "連鎖型綠色商店"
      }
    },
    {
      "type": "Feature",
      "geometry": {
        "type": "Point",
        "coordinates": [
          121.469185883863,
          25.12478925992
        ]
      },
      "properties": {
        "名稱": "全家便利商店股份有限公司-和碩店",
        "地址": "112臺北市北投區立功街７６號Ｂ１",
        "商店編號": "A001094",
        "電話": "02-25239588*6142",
        "類型": "連鎖型綠色商店"
      }
    },
    {
      "type": "Feature",
      "geometry": {
        "type": "Point",
        "coordinates": [
          121.47249480778,
          25.127802512202
        ]
      },
      "properties": {
        "名稱": "全家便利商店股份有限公司-和碩附店",
        "地址": "112臺北市北投區立德路１５０號Ｂ１",
        "商店編號": "A001198",
        "電話": "02-25239588*6142",
        "類型": "連鎖型綠色商店"
      }
    },
    {
      "type": "Feature",
      "geometry": {
        "type": "Point",
        "coordinates": [
          121.518743802569,
          25.026377879561
        ]
      },
      "properties": {
        "名稱": "全家便利商店股份有限公司-和鄰店",
        "地址": "100臺北市中正區和平西路一段８２號１樓",
        "商店編號": "A001048",
        "電話": "02-25239588*6142",
        "類型": "連鎖型綠色商店"
      }
    },
    {
      "type": "Feature",
      "geometry": {
        "type": "Point",
        "coordinates": [
          121.501220344334,
          25.120259930901
        ]
      },
      "properties": {
        "名稱": "全家便利商店股份有限公司-和聯店",
        "地址": "112臺北市北投區承德路七段４００號２樓",
        "商店編號": "A001074",
        "電話": "02-25239588*6142",
        "類型": "連鎖型綠色商店"
      }
    },
    {
      "type": "Feature",
      "geometry": {
        "type": "Point",
        "coordinates": [
          121.518750927187,
          25.082551005801
        ]
      },
      "properties": {
        "名稱": "全家便利商店股份有限公司-和豐店",
        "地址": "111臺北市士林區福華里和豐街２號一樓",
        "商店編號": "A000790",
        "電話": "02-25239588*6142",
        "類型": "連鎖型綠色商店"
      }
    },
    {
      "type": "Feature",
      "geometry": {
        "type": "Point",
        "coordinates": [
          121.508217305647,
          25.125525693933
        ]
      },
      "properties": {
        "名稱": "全家便利商店股份有限公司-奇岩店",
        "地址": "112臺北市北投區公館路２５９號１Ｆ",
        "商店編號": "A001173",
        "電話": "02-25239588*6142",
        "類型": "連鎖型綠色商店"
      }
    },
    {
      "type": "Feature",
      "geometry": {
        "type": "Point",
        "coordinates": [
          121.525560567307,
          25.056301032155
        ]
      },
      "properties": {
        "名稱": "全家便利商店股份有限公司-宜興店",
        "地址": "104臺北市中山區林森北路３２７號",
        "商店編號": "A001033",
        "電話": "02-25239588*6142",
        "類型": "連鎖型綠色商店"
      }
    },
    {
      "type": "Feature",
      "geometry": {
        "type": "Point",
        "coordinates": [
          121.553049255886,
          25.039582771733
        ]
      },
      "properties": {
        "名稱": "全家便利商店股份有限公司-延吉店",
        "地址": "106臺北市大安區忠孝東路四段２１６巷３１號",
        "商店編號": "A001014",
        "電話": "02-25239588*6142",
        "類型": "連鎖型綠色商店"
      }
    },
    {
      "type": "Feature",
      "geometry": {
        "type": "Point",
        "coordinates": [
          121.55489101147,
          25.039492582455
        ]
      },
      "properties": {
        "名稱": "全家便利商店股份有限公司-延安店",
        "地址": "106臺北市大安區延吉街１５８號",
        "商店編號": "A001212",
        "電話": "02-25239588*6142",
        "類型": "連鎖型綠色商店"
      }
    },
    {
      "type": "Feature",
      "geometry": {
        "type": "Point",
        "coordinates": [
          121.554360688456,
          25.042341465616
        ]
      },
      "properties": {
        "名稱": "全家便利商店股份有限公司-延孝店",
        "地址": "106臺北市大安區延吉街１３５號之三，一樓",
        "商店編號": "A001199",
        "電話": "02-25239588*6142",
        "類型": "連鎖型綠色商店"
      }
    },
    {
      "type": "Feature",
      "geometry": {
        "type": "Point",
        "coordinates": [
          121.576508107398,
          25.039174824506
        ]
      },
      "properties": {
        "名稱": "全家便利商店股份有限公司-忠林店",
        "地址": "110臺北市信義區虎林街１６６號１樓及地下室",
        "商店編號": "A000989",
        "電話": "02-25239588*6142",
        "類型": "連鎖型綠色商店"
      }
    },
    {
      "type": "Feature",
      "geometry": {
        "type": "Point",
        "coordinates": [
          121.575434804696,
          25.041016160995
        ]
      },
      "properties": {
        "名稱": "全家便利商店股份有限公司-忠信店",
        "地址": "110臺北市信義區忠孝東路五段４２５號１樓及地下室",
        "商店編號": "A001124",
        "電話": "02-25239588*6142",
        "類型": "連鎖型綠色商店"
      }
    },
    {
      "type": "Feature",
      "geometry": {
        "type": "Point",
        "coordinates": [
          121.545307813932,
          25.04105555594
        ]
      },
      "properties": {
        "名稱": "全家便利商店股份有限公司-忠愛店",
        "地址": "106臺北市大安區仁愛路４段２７巷４３號",
        "商店編號": "A001044",
        "電話": "02-25239588*6142",
        "類型": "連鎖型綠色商店"
      }
    },
    {
      "type": "Feature",
      "geometry": {
        "type": "Point",
        "coordinates": [
          121.52674525116,
          25.104020328775
        ]
      },
      "properties": {
        "名稱": "全家便利商店股份有限公司-忠誠店",
        "地址": "111臺北市士林區中山北路六段２０號",
        "商店編號": "A000791",
        "電話": "02-25239588*6142",
        "類型": "連鎖型綠色商店"
      }
    },
    {
      "type": "Feature",
      "geometry": {
        "type": "Point",
        "coordinates": [
          121.540386128025,
          25.042403659337
        ]
      },
      "properties": {
        "名稱": "全家便利商店股份有限公司-昌隆店",
        "地址": "106臺北市大安區忠孝東路３段２１７巷２弄１號１樓",
        "商店編號": "A001123",
        "電話": "02-25239588*6142",
        "類型": "連鎖型綠色商店"
      }
    },
    {
      "type": "Feature",
      "geometry": {
        "type": "Point",
        "coordinates": [
          121.504413178891,
          25.04132310629
        ]
      },
      "properties": {
        "名稱": "全家便利商店股份有限公司-昆明店",
        "地址": "108臺北市萬華區昆明街１８６號１樓",
        "商店編號": "A001058",
        "電話": "02-25239588*6142",
        "類型": "連鎖型綠色商店"
      }
    },
    {
      "type": "Feature",
      "geometry": {
        "type": "Point",
        "coordinates": [
          121.551219234965,
          25.080112249162
        ]
      },
      "properties": {
        "名稱": "全家便利商店股份有限公司-明水店",
        "地址": "104臺北市中山區明水路５８１巷１１號１樓",
        "商店編號": "A001050",
        "電話": "02-25239588*6142",
        "類型": "連鎖型綠色商店"
      }
    },
    {
      "type": "Feature",
      "geometry": {
        "type": "Point",
        "coordinates": [
          121.510964541957,
          25.069308739654
        ]
      },
      "properties": {
        "名稱": "全家便利商店股份有限公司-明真店",
        "地址": "103臺北市大同區延平北路四段１９號",
        "商店編號": "A001172",
        "電話": "02-25239588*6142",
        "類型": "連鎖型綠色商店"
      }
    },
    {
      "type": "Feature",
      "geometry": {
        "type": "Point",
        "coordinates": [
          121.518882103972,
          25.109066066849
        ]
      },
      "properties": {
        "名稱": "全家便利商店股份有限公司-明德店",
        "地址": "112臺北市北投區石牌里明德路９３號",
        "商店編號": "A001017",
        "電話": "02-25239588*6142",
        "類型": "連鎖型綠色商店"
      }
    },
    {
      "type": "Feature",
      "geometry": {
        "type": "Point",
        "coordinates": [
          121.562947193888,
          24.990031935736
        ]
      },
      "properties": {
        "名稱": "全家便利商店股份有限公司-明興店",
        "地址": "116臺北市文山區木柵路２段１０９巷２５弄２號．２－１號",
        "商店編號": "A001170",
        "電話": "02-25239588*6142",
        "類型": "連鎖型綠色商店"
      }
    },
    {
      "type": "Feature",
      "geometry": {
        "type": "Point",
        "coordinates": [
          121.551653501369,
          25.04054224819
        ]
      },
      "properties": {
        "名稱": "全家便利商店股份有限公司-明曜店",
        "地址": "106臺北市大安區仁愛路四段１５１巷３４號．３６號",
        "商店編號": "A001052",
        "電話": "02-25239588*6142",
        "類型": "連鎖型綠色商店"
      }
    },
    {
      "type": "Feature",
      "geometry": {
        "type": "Point",
        "coordinates": [
          121.56067720687,
          25.051899265988
        ]
      },
      "properties": {
        "名稱": "全家便利商店股份有限公司-東光店",
        "地址": "105臺北市松山區南京東路五段１２３巷１之８號",
        "商店編號": "A000905",
        "電話": "02-25239588*6142",
        "類型": "連鎖型綠色商店"
      }
    },
    {
      "type": "Feature",
      "geometry": {
        "type": "Point",
        "coordinates": [
          121.615771540262,
          25.067820439612
        ]
      },
      "properties": {
        "名稱": "全家便利商店股份有限公司-東安店",
        "地址": "114臺北市內湖區安康路４８０號",
        "商店編號": "A001116",
        "電話": "02-25239588*6142",
        "類型": "連鎖型綠色商店"
      }
    },
    {
      "type": "Feature",
      "geometry": {
        "type": "Point",
        "coordinates": [
          121.519306228272,
          25.038368275873
        ]
      },
      "properties": {
        "名稱": "全家便利商店股份有限公司-東門店",
        "地址": "100臺北市中正區信義路１段１號（部份）",
        "商店編號": "A000933",
        "電話": "02-25239588*6142",
        "類型": "連鎖型綠色商店"
      }
    },
    {
      "type": "Feature",
      "geometry": {
        "type": "Point",
        "coordinates": [
          121.566084037333,
          25.052022563783
        ]
      },
      "properties": {
        "名稱": "全家便利商店股份有限公司-東清店",
        "地址": "105臺北市松山區南京東路五段２９１巷８－１號",
        "商店編號": "A000911",
        "電話": "02-25239588*6142",
        "類型": "連鎖型綠色商店"
      }
    },
    {
      "type": "Feature",
      "geometry": {
        "type": "Point",
        "coordinates": [
          121.513651293476,
          25.117736642769
        ]
      },
      "properties": {
        "名稱": "全家便利商店股份有限公司-東華店",
        "地址": "112臺北市北投區東華街二段８８號",
        "商店編號": "A000919",
        "電話": "02-25239588*6142",
        "類型": "連鎖型綠色商店"
      }
    },
    {
      "type": "Feature",
      "geometry": {
        "type": "Point",
        "coordinates": [
          121.51673013415,
          25.112030284997
        ]
      },
      "properties": {
        "名稱": "全家便利商店股份有限公司-東陽店",
        "地址": "112臺北市北投區西安街一段２８３號",
        "商店編號": "A001002",
        "電話": "02-25239588*6142",
        "類型": "連鎖型綠色商店"
      }
    },
    {
      "type": "Feature",
      "geometry": {
        "type": "Point",
        "coordinates": [
          121.4997012,
          25.035103
        ]
      },
      "properties": {
        "名稱": "全家便利商店股份有限公司-東園店",
        "地址": "108臺北市萬華區東園街６９７１７１之１７３之１號",
        "商店編號": "A001019",
        "電話": "02-25239588*6142",
        "類型": "連鎖型綠色商店"
      }
    },
    {
      "type": "Feature",
      "geometry": {
        "type": "Point",
        "coordinates": [
          121.566234660133,
          25.052285923181
        ]
      },
      "properties": {
        "名稱": "全家便利商店股份有限公司-東寶店",
        "地址": "105臺北市松山區南京東路五段２９１巷１７之２號",
        "商店編號": "A001036",
        "電話": "02-25239588*6142",
        "類型": "連鎖型綠色商店"
      }
    },
    {
      "type": "Feature",
      "geometry": {
        "type": "Point",
        "coordinates": [
          121.526660107468,
          25.050432822998
        ]
      },
      "properties": {
        "名稱": "全家便利商店股份有限公司-林森北路店",
        "地址": "104臺北市中山區林森北路１１９巷４９，５１號",
        "商店編號": "A001075",
        "電話": "02-25239588*6142",
        "類型": "連鎖型綠色商店"
      }
    },
    {
      "type": "Feature",
      "geometry": {
        "type": "Point",
        "coordinates": [
          121.522074100339,
          25.03990249943
        ]
      },
      "properties": {
        "名稱": "全家便利商店股份有限公司-林森南路店",
        "地址": "100臺北市中正區林森南路５７．５９號",
        "商店編號": "A001211",
        "電話": "02-25239588*6142",
        "類型": "連鎖型綠色商店"
      }
    },
    {
      "type": "Feature",
      "geometry": {
        "type": "Point",
        "coordinates": [
          121.580330925798,
          25.039907193296
        ]
      },
      "properties": {
        "名稱": "全家便利商店股份有限公司-松三店",
        "地址": "110臺北市信義區林口街１１６號",
        "商店編號": "A001001",
        "電話": "02-25239588*6142",
        "類型": "連鎖型綠色商店"
      }
    },
    {
      "type": "Feature",
      "geometry": {
        "type": "Point",
        "coordinates": [
          121.568823662386,
          25.028421639012
        ]
      },
      "properties": {
        "名稱": "全家便利商店股份有限公司-松仁店",
        "地址": "110臺北市信義區信義路５段１５０巷２２１號",
        "商店編號": "A000934",
        "電話": "02-25239588*6142",
        "類型": "連鎖型綠色商店"
      }
    },
    {
      "type": "Feature",
      "geometry": {
        "type": "Point",
        "coordinates": [
          121.57698235548,
          25.035267390793
        ]
      },
      "properties": {
        "名稱": "全家便利商店股份有限公司-松友店",
        "地址": "110臺北市信義區信義路六段７８號",
        "商店編號": "A001098",
        "電話": "02-25239588*6142",
        "類型": "連鎖型綠色商店"
      }
    },
    {
      "type": "Feature",
      "geometry": {
        "type": "Point",
        "coordinates": [
          121.532331873445,
          25.053741524487
        ]
      },
      "properties": {
        "名稱": "全家便利商店股份有限公司-松平店",
        "地址": "104臺北市中山區四平街４７號",
        "商店編號": "A000951",
        "電話": "02-25239588*6142",
        "類型": "連鎖型綠色商店"
      }
    },
    {
      "type": "Feature",
      "geometry": {
        "type": "Point",
        "coordinates": [
          121.577964463075,
          25.046534345041
        ]
      },
      "properties": {
        "名稱": "全家便利商店股份有限公司-松盛店",
        "地址": "110臺北市信義區松山路１５３號",
        "商店編號": "A001114",
        "電話": "02-25239588*6142",
        "類型": "連鎖型綠色商店"
      }
    },
    {
      "type": "Feature",
      "geometry": {
        "type": "Point",
        "coordinates": [
          121.562190308032,
          25.055301522396
        ]
      },
      "properties": {
        "名稱": "全家便利商店股份有限公司-松壽店",
        "地址": "105臺北市松山區自強里延壽街３３０巷７弄２２號一樓",
        "商店編號": "A001233",
        "電話": "02-25239588*6142",
        "類型": "連鎖型綠色商店"
      }
    },
    {
      "type": "Feature",
      "geometry": {
        "type": "Point",
        "coordinates": [
          121.578511382257,
          25.036385410948
        ]
      },
      "properties": {
        "名稱": "全家便利商店股份有限公司-松德店",
        "地址": "110臺北市信義區松山路６２７號",
        "商店編號": "A001156",
        "電話": "02-25239588*6142",
        "類型": "連鎖型綠色商店"
      }
    },
    {
      "type": "Feature",
      "geometry": {
        "type": "Point",
        "coordinates": [
          121.577950381477,
          25.047824739035
        ]
      },
      "properties": {
        "名稱": "全家便利商店股份有限公司-松興店",
        "地址": "110臺北市信義區松山路１０７號",
        "商店編號": "A000959",
        "電話": "02-25239588*6142",
        "類型": "連鎖型綠色商店"
      }
    },
    {
      "type": "Feature",
      "geometry": {
        "type": "Point",
        "coordinates": [
          121.557879076133,
          25.053443925014
        ]
      },
      "properties": {
        "名稱": "全家便利商店股份有限公司-松醫店",
        "地址": "105臺北市松山區東光里健康路１５８號",
        "商店編號": "A001135",
        "電話": "02-25239588*6142",
        "類型": "連鎖型綠色商店"
      }
    },
    {
      "type": "Feature",
      "geometry": {
        "type": "Point",
        "coordinates": [
          121.531826528503,
          25.062035501498
        ]
      },
      "properties": {
        "名稱": "全家便利商店股份有限公司-松權店",
        "地址": "104臺北市中山區松江路３６２巷４１號１樓",
        "商店編號": "A000937",
        "電話": "02-25239588*6142",
        "類型": "連鎖型綠色商店"
      }
    },
    {
      "type": "Feature",
      "geometry": {
        "type": "Point",
        "coordinates": [
          121.527935816687,
          25.054793285697
        ]
      },
      "properties": {
        "名稱": "全家便利商店股份有限公司-欣欣店",
        "地址": "104臺北市中山區長春路１００號１樓",
        "商店編號": "A000972",
        "電話": "02-25239588*6142",
        "類型": "連鎖型綠色商店"
      }
    },
    {
      "type": "Feature",
      "geometry": {
        "type": "Point",
        "coordinates": [
          121.496311482739,
          25.020189688085
        ]
      },
      "properties": {
        "名稱": "全家便利商店股份有限公司-武成店",
        "地址": "108臺北市萬華區萬大路４８６巷３９號",
        "商店編號": "A001223",
        "電話": "02-25239588*6142",
        "類型": "連鎖型綠色商店"
      }
    },
    {
      "type": "Feature",
      "geometry": {
        "type": "Point",
        "coordinates": [
          121.534175556867,
          25.109668180863
        ]
      },
      "properties": {
        "名稱": "全家便利商店股份有限公司-芝山店",
        "地址": "111臺北市士林區德行東路２５０號１樓",
        "商店編號": "A001038",
        "電話": "02-25239588*6142",
        "類型": "連鎖型綠色商店"
      }
    },
    {
      "type": "Feature",
      "geometry": {
        "type": "Point",
        "coordinates": [
          121.53753762205,
          25.112308857549
        ]
      },
      "properties": {
        "名稱": "全家便利商店股份有限公司-芝玉店",
        "地址": "111臺北市士林區士東路２６６巷５弄１６號",
        "商店編號": "A001037",
        "電話": "02-25239588*6142",
        "類型": "連鎖型綠色商店"
      }
    },
    {
      "type": "Feature",
      "geometry": {
        "type": "Point",
        "coordinates": [
          121.515215440428,
          25.115004603339
        ]
      },
      "properties": {
        "名稱": "全家便利商店股份有限公司-金石店",
        "地址": "112臺北市北投區石牌路一段２００號",
        "商店編號": "A000691",
        "電話": "02-25239588*6142",
        "類型": "連鎖型綠色商店"
      }
    },
    {
      "type": "Feature",
      "geometry": {
        "type": "Point",
        "coordinates": [
          121.525050430337,
          25.050428200071
        ]
      },
      "properties": {
        "名稱": "全家便利商店股份有限公司-金林店",
        "地址": "104臺北市中山區林森北路１０９號１樓",
        "商店編號": "A001229",
        "電話": "02-25239588*6142",
        "類型": "連鎖型綠色商店"
      }
    },
    {
      "type": "Feature",
      "geometry": {
        "type": "Point",
        "coordinates": [
          121.592075564709,
          25.088031513192
        ]
      },
      "properties": {
        "名稱": "全家便利商店股份有限公司-金湖店",
        "地址": "114臺北市內湖區內湖路三段６０巷１０弄１號",
        "商店編號": "A000967",
        "電話": "02-25239588*6142",
        "類型": "連鎖型綠色商店"
      }
    },
    {
      "type": "Feature",
      "geometry": {
        "type": "Point",
        "coordinates": [
          121.52452647757,
          25.065328918894
        ]
      },
      "properties": {
        "名稱": "全家便利商店股份有限公司-金磚店",
        "地址": "104臺北市中山區雙城街１９巷２號",
        "商店編號": "A001197",
        "電話": "02-25239588*6142",
        "類型": "連鎖型綠色商店"
      }
    },
    {
      "type": "Feature",
      "geometry": {
        "type": "Point",
        "coordinates": [
          121.505936170698,
          25.040582816601
        ]
      },
      "properties": {
        "名稱": "全家便利商店股份有限公司-長沙店",
        "地址": "108臺北市萬華區長沙街二段５０號",
        "商店編號": "A001059",
        "電話": "02-25239588*6142",
        "類型": "連鎖型綠色商店"
      }
    },
    {
      "type": "Feature",
      "geometry": {
        "type": "Point",
        "coordinates": [
          121.52674868774,
          25.049803035823
        ]
      },
      "properties": {
        "名稱": "全家便利商店股份有限公司-長林店",
        "地址": "104臺北市中山區林森北路１０７巷５４號",
        "商店編號": "A000920",
        "電話": "02-25239588*6142",
        "類型": "連鎖型綠色商店"
      }
    },
    {
      "type": "Feature",
      "geometry": {
        "type": "Point",
        "coordinates": [
          121.546174754177,
          25.054303489185
        ]
      },
      "properties": {
        "名稱": "全家便利商店股份有限公司-長城店",
        "地址": "105臺北市松山區敦化北路１２０巷８０號",
        "商店編號": "A001034",
        "電話": "02-25239588*6142",
        "類型": "連鎖型綠色商店"
      }
    },
    {
      "type": "Feature",
      "geometry": {
        "type": "Point",
        "coordinates": [
          121.525763730298,
          25.054817802764
        ]
      },
      "properties": {
        "名稱": "全家便利商店股份有限公司-長春店",
        "地址": "104臺北市中山區長春路４８號",
        "商店編號": "A001228",
        "電話": "02-25239588*6142",
        "類型": "連鎖型綠色商店"
      }
    },
    {
      "type": "Feature",
      "geometry": {
        "type": "Point",
        "coordinates": [
          121.501405249118,
          25.023134083032
        ]
      },
      "properties": {
        "名稱": "全家便利商店股份有限公司-長泰店",
        "地址": "108臺北市萬華區壽德里長泰街２號２之１號一樓",
        "商店編號": "A001049",
        "電話": "02-25239588*6142",
        "類型": "連鎖型綠色商店"
      }
    },
    {
      "type": "Feature",
      "geometry": {
        "type": "Point",
        "coordinates": [
          121.534716776355,
          25.054093648239
        ]
      },
      "properties": {
        "名稱": "全家便利商店股份有限公司-長通店",
        "地址": "104臺北市中山區伊通街１０８號１樓",
        "商店編號": "A000958",
        "電話": "02-25239588*6142",
        "類型": "連鎖型綠色商店"
      }
    },
    {
      "type": "Feature",
      "geometry": {
        "type": "Point",
        "coordinates": [
          121.544872122605,
          25.04836273149
        ]
      },
      "properties": {
        "名稱": "全家便利商店股份有限公司-長復店",
        "地址": "105臺北市松山區長安東路二段２１９號",
        "商店編號": "A000936",
        "電話": "02-25239588*6142",
        "類型": "連鎖型綠色商店"
      }
    },
    {
      "type": "Feature",
      "geometry": {
        "type": "Point",
        "coordinates": [
          121.578733167415,
          25.05005776186
        ]
      },
      "properties": {
        "名稱": "全家便利商店股份有限公司-信大店",
        "地址": "105臺北市松山區八德路四段７５８號",
        "商店編號": "A000932",
        "電話": "02-25239588*6142",
        "類型": "連鎖型綠色商店"
      }
    },
    {
      "type": "Feature",
      "geometry": {
        "type": "Point",
        "coordinates": [
          121.574748243007,
          25.032260802124
        ]
      },
      "properties": {
        "名稱": "全家便利商店股份有限公司-信德店",
        "地址": "110臺北市信義區松德路２８９號",
        "商店編號": "A000941",
        "電話": "02-25239588*6142",
        "類型": "連鎖型綠色商店"
      }
    },
    {
      "type": "Feature",
      "geometry": {
        "type": "Point",
        "coordinates": [
          121.514060917084,
          25.074486609117
        ]
      },
      "properties": {
        "名稱": "全家便利商店股份有限公司-保生店",
        "地址": "103臺北市大同區重慶北路三段３３３號",
        "商店編號": "A001093",
        "電話": "02-25239588*6142",
        "類型": "連鎖型綠色商店"
      }
    },
    {
      "type": "Feature",
      "geometry": {
        "type": "Point",
        "coordinates": [
          121.516200649327,
          25.044697660508
        ]
      },
      "properties": {
        "名稱": "全家便利商店股份有限公司-南陽店",
        "地址": "100臺北市中正區信陽街１５號",
        "商店編號": "A000915",
        "電話": "02-25239588*6142",
        "類型": "連鎖型綠色商店"
      }
    },
    {
      "type": "Feature",
      "geometry": {
        "type": "Point",
        "coordinates": [
          121.536917277396,
          25.041182541773
        ]
      },
      "properties": {
        "名稱": "全家便利商店股份有限公司-建南店",
        "地址": "106臺北市大安區建國南路１段１５６，１５８號",
        "商店編號": "A000660",
        "電話": "02-25239588*6142",
        "類型": "連鎖型綠色商店"
      }
    },
    {
      "type": "Feature",
      "geometry": {
        "type": "Point",
        "coordinates": [
          121.539288266347,
          25.028681184644
        ]
      },
      "properties": {
        "名稱": "全家便利商店股份有限公司-建國店",
        "地址": "106臺北市大安區建國南路二段１５１巷３８號１樓",
        "商店編號": "A001161",
        "電話": "02-25239588*6142",
        "類型": "連鎖型綠色商店"
      }
    },
    {
      "type": "Feature",
      "geometry": {
        "type": "Point",
        "coordinates": [
          121.567834933087,
          25.035563816799
        ]
      },
      "properties": {
        "名稱": "全家便利商店股份有限公司-建鑫店",
        "地址": "110臺北市信義區松壽路２４號",
        "商店編號": "A000999",
        "電話": "02-25239588*6142",
        "類型": "連鎖型綠色商店"
      }
    },
    {
      "type": "Feature",
      "geometry": {
        "type": "Point",
        "coordinates": [
          121.518192860073,
          25.090769880959
        ]
      },
      "properties": {
        "名稱": "全家便利商店股份有限公司-後港店",
        "地址": "111臺北市士林區福港街２８號",
        "商店編號": "A001162",
        "電話": "02-25239588*6142",
        "類型": "連鎖型綠色商店"
      }
    },
    {
      "type": "Feature",
      "geometry": {
        "type": "Point",
        "coordinates": [
          121.615005266673,
          25.045788900482
        ]
      },
      "properties": {
        "名稱": "全家便利商店股份有限公司-研究院店",
        "地址": "115臺北市南港區研究院路２段７０巷１號",
        "商店編號": "A000662",
        "電話": "02-25239588*6142",
        "類型": "連鎖型綠色商店"
      }
    },
    {
      "type": "Feature",
      "geometry": {
        "type": "Point",
        "coordinates": [
          121.523203142697,
          25.097133086574
        ]
      },
      "properties": {
        "名稱": "全家便利商店股份有限公司-美崙店",
        "地址": "111臺北市士林區華榮街９７號",
        "商店編號": "A001230",
        "電話": "02-25239588*6142",
        "類型": "連鎖型綠色商店"
      }
    },
    {
      "type": "Feature",
      "geometry": {
        "type": "Point",
        "coordinates": [
          121.556119211743,
          25.084970274514
        ]
      },
      "properties": {
        "名稱": "全家便利商店股份有限公司-美華店",
        "地址": "104臺北市中山區北安路８１９之１號",
        "商店編號": "A001180",
        "電話": "02-25239588*6142",
        "類型": "連鎖型綠色商店"
      }
    },
    {
      "type": "Feature",
      "geometry": {
        "type": "Point",
        "coordinates": [
          121.598762982338,
          25.056706287459
        ]
      },
      "properties": {
        "名稱": "全家便利商店股份有限公司-重陽店",
        "地址": "115臺北市南港區重陽路１８３、１８５號１樓",
        "商店編號": "A001101",
        "電話": "02-25239588*6142",
        "類型": "連鎖型綠色商店"
      }
    },
    {
      "type": "Feature",
      "geometry": {
        "type": "Point",
        "coordinates": [
          121.513542664011,
          25.057662075878
        ]
      },
      "properties": {
        "名稱": "全家便利商店股份有限公司-重慶北路店",
        "地址": "103臺北市大同區重慶北路二段１１６號",
        "商店編號": "A001177",
        "電話": "02-25239588*6142",
        "類型": "連鎖型綠色商店"
      }
    },
    {
      "type": "Feature",
      "geometry": {
        "type": "Point",
        "coordinates": [
          121.513107140322,
          25.043913449647
        ]
      },
      "properties": {
        "名稱": "全家便利商店股份有限公司-重慶店",
        "地址": "100臺北市中正區重慶南路一段５８號",
        "商店編號": "A000910",
        "電話": "02-25239588*6142",
        "類型": "連鎖型綠色商店"
      }
    },
    {
      "type": "Feature",
      "geometry": {
        "type": "Point",
        "coordinates": [
          121.528561106663,
          25.023403645038
        ]
      },
      "properties": {
        "名稱": "全家便利商店股份有限公司-師大店",
        "地址": "106臺北市大安區師大路７９號",
        "商店編號": "A001119",
        "電話": "02-25239588*6142",
        "類型": "連鎖型綠色商店"
      }
    },
    {
      "type": "Feature",
      "geometry": {
        "type": "Point",
        "coordinates": [
          121.537481044204,
          25.008054620124
        ]
      },
      "properties": {
        "名稱": "全家便利商店股份有限公司-師美店",
        "地址": "116臺北市文山區汀州路４段７７號",
        "商店編號": "A000939",
        "電話": "02-25239588*6142",
        "類型": "連鎖型綠色商店"
      }
    },
    {
      "type": "Feature",
      "geometry": {
        "type": "Point",
        "coordinates": [
          121.519984408058,
          25.115599969921
        ]
      },
      "properties": {
        "名稱": "全家便利商店股份有限公司-振華店",
        "地址": "112臺北市北投區振華街２號",
        "商店編號": "A001024",
        "電話": "02-25239588*6142",
        "類型": "連鎖型綠色商店"
      }
    },
    {
      "type": "Feature",
      "geometry": {
        "type": "Point",
        "coordinates": [
          121.571471589418,
          25.078489847983
        ]
      },
      "properties": {
        "名稱": "全家便利商店股份有限公司-時代店",
        "地址": "114臺北市內湖區瑞光路４１３號．４１５號１樓",
        "商店編號": "A000985",
        "電話": "02-25239588*6142",
        "類型": "連鎖型綠色商店"
      }
    },
    {
      "type": "Feature",
      "geometry": {
        "type": "Point",
        "coordinates": [
          121.54645504502,
          25.136729490541
        ]
      },
      "properties": {
        "名稱": "全家便利商店股份有限公司-格致店",
        "地址": "111臺北市士林區陽明里格致路２２號１樓",
        "商店編號": "A001071",
        "電話": "02-25239588*6142",
        "類型": "連鎖型綠色商店"
      }
    },
    {
      "type": "Feature",
      "geometry": {
        "type": "Point",
        "coordinates": [
          121.574094873655,
          25.040287061148
        ]
      },
      "properties": {
        "名稱": "全家便利商店股份有限公司-海華店",
        "地址": "110臺北市信義區虎林街１３２巷８１號１樓",
        "商店編號": "A000661",
        "電話": "02-25239588*6142",
        "類型": "連鎖型綠色商店"
      }
    },
    {
      "type": "Feature",
      "geometry": {
        "type": "Point",
        "coordinates": [
          121.510328790876,
          25.044928498121
        ]
      },
      "properties": {
        "名稱": "全家便利商店股份有限公司-郡王店",
        "地址": "100臺北市中正區延平南路６８號",
        "商店編號": "A000717",
        "電話": "02-25239588*6142",
        "類型": "連鎖型綠色商店"
      }
    },
    {
      "type": "Feature",
      "geometry": {
        "type": "Point",
        "coordinates": [
          121.521180924737,
          25.057855236837
        ]
      },
      "properties": {
        "名稱": "全家便利商店股份有限公司-馬偕店",
        "地址": "104臺北市中山區民生西路２９號",
        "商店編號": "A000927",
        "電話": "02-25239588*6142",
        "類型": "連鎖型綠色商店"
      }
    },
    {
      "type": "Feature",
      "geometry": {
        "type": "Point",
        "coordinates": [
          121.553550326058,
          25.036548313236
        ]
      },
      "properties": {
        "名稱": "全家便利商店股份有限公司-國泰店",
        "地址": "106臺北市大安區仁愛路四段２６６巷１５弄１０號１樓",
        "商店編號": "A000998",
        "電話": "02-25239588*6142",
        "類型": "連鎖型綠色商店"
      }
    },
    {
      "type": "Feature",
      "geometry": {
        "type": "Point",
        "coordinates": [
          121.510852576006,
          25.067299001416
        ]
      },
      "properties": {
        "名稱": "全家便利商店股份有限公司-國順店",
        "地址": "103臺北市大同區延平北路三段１１８號１樓",
        "商店編號": "A000913",
        "電話": "02-25239588*6142",
        "類型": "連鎖型綠色商店"
      }
    },
    {
      "type": "Feature",
      "geometry": {
        "type": "Point",
        "coordinates": [
          121.618988095605,
          25.04314013526
        ]
      },
      "properties": {
        "名稱": "全家便利商店股份有限公司-國興店",
        "地址": "115臺北市南港區舊莊街一段３巷３弄２號",
        "商店編號": "A000964",
        "電話": "02-25239588*6142",
        "類型": "連鎖型綠色商店"
      }
    },
    {
      "type": "Feature",
      "geometry": {
        "type": "Point",
        "coordinates": [
          121.501191426768,
          25.126231743547
        ]
      },
      "properties": {
        "名稱": "全家便利商店股份有限公司-崇合店",
        "地址": "112臺北市北投區清江里三合街二段４８７號１樓",
        "商店編號": "A001113",
        "電話": "02-25239588*6142",
        "類型": "連鎖型綠色商店"
      }
    },
    {
      "type": "Feature",
      "geometry": {
        "type": "Point",
        "coordinates": [
          121.553858780094,
          25.024380262487
        ]
      },
      "properties": {
        "名稱": "全家便利商店股份有限公司-崇德店",
        "地址": "110臺北市信義區崇德街２９號",
        "商店編號": "A001192",
        "電話": "02-25239588*6142",
        "類型": "連鎖型綠色商店"
      }
    },
    {
      "type": "Feature",
      "geometry": {
        "type": "Point",
        "coordinates": [
          121.544886874754,
          25.064237427462
        ]
      },
      "properties": {
        "名稱": "全家便利商店股份有限公司-常興店",
        "地址": "105臺北市松山區五常街３６４號１樓",
        "商店編號": "A001164",
        "電話": "02-25239588*6142",
        "類型": "連鎖型綠色商店"
      }
    },
    {
      "type": "Feature",
      "geometry": {
        "type": "Point",
        "coordinates": [
          121.502212007298,
          25.040732517392
        ]
      },
      "properties": {
        "名稱": "全家便利商店股份有限公司-康定店",
        "地址": "108臺北市萬華區康定路７３號",
        "商店編號": "A001122",
        "電話": "02-25239588*6142",
        "類型": "連鎖型綠色商店"
      }
    },
    {
      "type": "Feature",
      "geometry": {
        "type": "Point",
        "coordinates": [
          121.618846441442,
          25.069604569613
        ]
      },
      "properties": {
        "名稱": "全家便利商店股份有限公司-康福店",
        "地址": "114臺北市內湖區康樂街８７號",
        "商店編號": "A000912",
        "電話": "02-25239588*6142",
        "類型": "連鎖型綠色商店"
      }
    },
    {
      "type": "Feature",
      "geometry": {
        "type": "Point",
        "coordinates": [
          121.581228711447,
          24.998738763388
        ]
      },
      "properties": {
        "名稱": "全家便利商店股份有限公司-梅花鹿店",
        "地址": "116臺北市文山區新光路二段３０號",
        "商店編號": "A001086",
        "電話": "02-25239588*6142",
        "類型": "連鎖型綠色商店"
      }
    },
    {
      "type": "Feature",
      "geometry": {
        "type": "Point",
        "coordinates": [
          121.501409691526,
          25.131765978938
        ]
      },
      "properties": {
        "名稱": "全家便利商店股份有限公司-清江店",
        "地址": "112臺北市北投區中央里清江路１號，中央南路一段６３號",
        "商店編號": "A001143",
        "電話": "02-25239588*6142",
        "類型": "連鎖型綠色商店"
      }
    },
    {
      "type": "Feature",
      "geometry": {
        "type": "Point",
        "coordinates": [
          121.570433406891,
          25.024159147881
        ]
      },
      "properties": {
        "名稱": "全家便利商店股份有限公司-祥和店",
        "地址": "110臺北市信義區信義路五段１５０巷４０１弄３１號",
        "商店編號": "A001079",
        "電話": "02-25239588*6142",
        "類型": "連鎖型綠色商店"
      }
    },
    {
      "type": "Feature",
      "geometry": {
        "type": "Point",
        "coordinates": [
          121.62050262169,
          25.039853591025
        ]
      },
      "properties": {
        "名稱": "全家便利商店股份有限公司-莊研店",
        "地址": "115臺北市南港區舊莊街１段１４７號",
        "商店編號": "A000981",
        "電話": "02-25239588*6142",
        "類型": "連鎖型綠色商店"
      }
    },
    {
      "type": "Feature",
      "geometry": {
        "type": "Point",
        "coordinates": [
          121.564896405472,
          25.027555117862
        ]
      },
      "properties": {
        "名稱": "全家便利商店股份有限公司-莊敬店",
        "地址": "110臺北市信義區莊敬路３７４號",
        "商店編號": "A001126",
        "電話": "02-25239588*6142",
        "類型": "連鎖型綠色商店"
      }
    },
    {
      "type": "Feature",
      "geometry": {
        "type": "Point",
        "coordinates": [
          121.553294175096,
          25.030356517541
        ]
      },
      "properties": {
        "名稱": "全家便利商店股份有限公司-通和店",
        "地址": "106臺北市大安區通安街７７號",
        "商店編號": "A000945",
        "電話": "02-25239588*6142",
        "類型": "連鎖型綠色商店"
      }
    },
    {
      "type": "Feature",
      "geometry": {
        "type": "Point",
        "coordinates": [
          121.52065428976,
          25.081000060346
        ]
      },
      "properties": {
        "名稱": "全家便利商店股份有限公司-通河店",
        "地址": "111臺北市士林區通河街１４５號",
        "商店編號": "A001186",
        "電話": "02-25239588*6142",
        "類型": "連鎖型綠色商店"
      }
    },
    {
      "type": "Feature",
      "geometry": {
        "type": "Point",
        "coordinates": [
          121.511766622547,
          25.042377549709
        ]
      },
      "properties": {
        "名稱": "全家便利商店股份有限公司-博陽店",
        "地址": "100臺北市中正區光復里衡陽路６９號一樓",
        "商店編號": "A001174",
        "電話": "02-25239588*6142",
        "類型": "連鎖型綠色商店"
      }
    },
    {
      "type": "Feature",
      "geometry": {
        "type": "Point",
        "coordinates": [
          121.554771904626,
          25.026556791284
        ]
      },
      "properties": {
        "名稱": "全家便利商店股份有限公司-喬治店",
        "地址": "106臺北市大安區基隆路二段１７２號",
        "商店編號": "A001015",
        "電話": "02-25239588*6142",
        "類型": "連鎖型綠色商店"
      }
    },
    {
      "type": "Feature",
      "geometry": {
        "type": "Point",
        "coordinates": [
          121.499294182984,
          25.01950450941
        ]
      },
      "properties": {
        "名稱": "全家便利商店股份有限公司-富民店",
        "地址": "108臺北市萬華區萬大路４９３巷４８弄２３－４號及Ｂ１",
        "商店編號": "A000924",
        "電話": "02-25239588*6142",
        "類型": "連鎖型綠色商店"
      }
    },
    {
      "type": "Feature",
      "geometry": {
        "type": "Point",
        "coordinates": [
          121.616965877645,
          25.051942558518
        ]
      },
      "properties": {
        "名稱": "全家便利商店股份有限公司-富康店",
        "地址": "115臺北市南港區富康街８６號１Ｆ",
        "商店編號": "A001091",
        "電話": "02-25239588*6142",
        "類型": "連鎖型綠色商店"
      }
    },
    {
      "type": "Feature",
      "geometry": {
        "type": "Point",
        "coordinates": [
          121.515899487546,
          25.043533707524
        ]
      },
      "properties": {
        "名稱": "全家便利商店股份有限公司-富陽店",
        "地址": "100臺北市中正區襄陽路７號１樓",
        "商店編號": "A001090",
        "電話": "02-25239588*6142",
        "類型": "連鎖型綠色商店"
      }
    },
    {
      "type": "Feature",
      "geometry": {
        "type": "Point",
        "coordinates": [
          121.574154049891,
          25.04213338487
        ]
      },
      "properties": {
        "名稱": "全家便利商店股份有限公司-富臺店",
        "地址": "110臺北市信義區虎林街１２０巷１４８號１樓",
        "商店編號": "A001142",
        "電話": "02-25239588*6142",
        "類型": "連鎖型綠色商店"
      }
    },
    {
      "type": "Feature",
      "geometry": {
        "type": "Point",
        "coordinates": [
          121.5654254712,
          25.061265204596
        ]
      },
      "properties": {
        "名稱": "全家便利商店股份有限公司-富錦店",
        "地址": "105臺北市松山區新益里富錦街５２９號一樓",
        "商店編號": "A001144",
        "電話": "02-25239588*6142",
        "類型": "連鎖型綠色商店"
      }
    },
    {
      "type": "Feature",
      "geometry": {
        "type": "Point",
        "coordinates": [
          121.507150457011,
          25.117304890937
        ]
      },
      "properties": {
        "名稱": "全家便利商店股份有限公司-尊賢店",
        "地址": "112臺北市北投區尊賢街２６０號１Ｆ",
        "商店編號": "A001214",
        "電話": "02-25239588*6142",
        "類型": "連鎖型綠色商店"
      }
    },
    {
      "type": "Feature",
      "geometry": {
        "type": "Point",
        "coordinates": [
          121.499642618699,
          25.141199349957
        ]
      },
      "properties": {
        "名稱": "全家便利商店股份有限公司-復中店",
        "地址": "112臺北市北投區中和街３２８號１樓",
        "商店編號": "A000921",
        "電話": "02-25239588*6142",
        "類型": "連鎖型綠色商店"
      }
    },
    {
      "type": "Feature",
      "geometry": {
        "type": "Point",
        "coordinates": [
          121.557620745878,
          25.031996730264
        ]
      },
      "properties": {
        "名稱": "全家便利商店股份有限公司-復昌店",
        "地址": "110臺北市信義區光復南路５０５號、５０７號及文昌街３２",
        "商店編號": "A001158",
        "電話": "02-25239588*6142",
        "類型": "連鎖型綠色商店"
      }
    },
    {
      "type": "Feature",
      "geometry": {
        "type": "Point",
        "coordinates": [
          121.525352430309,
          25.051531761443
        ]
      },
      "properties": {
        "名稱": "全家便利商店股份有限公司-復林店",
        "地址": "104臺北市中山區林森北路１４９－１．１４９－２號１樓",
        "商店編號": "A001202",
        "電話": "02-25239588*6142",
        "類型": "連鎖型綠色商店"
      }
    },
    {
      "type": "Feature",
      "geometry": {
        "type": "Point",
        "coordinates": [
          121.559239626657,
          25.048223466169
        ]
      },
      "properties": {
        "名稱": "全家便利商店股份有限公司-復盛店",
        "地址": "105臺北市松山區八德路四段４０號．４２號",
        "商店編號": "A000982",
        "電話": "02-25239588*6142",
        "類型": "連鎖型綠色商店"
      }
    },
    {
      "type": "Feature",
      "geometry": {
        "type": "Point",
        "coordinates": [
          121.542477329049,
          25.06588581254
        ]
      },
      "properties": {
        "名稱": "全家便利商店股份有限公司-復榮店",
        "地址": "104臺北市中山區復興北路５１４巷３６號１樓",
        "商店編號": "A000962",
        "電話": "02-25239588*6142",
        "類型": "連鎖型綠色商店"
      }
    },
    {
      "type": "Feature",
      "geometry": {
        "type": "Point",
        "coordinates": [
          121.547607472887,
          25.050224897009
        ]
      },
      "properties": {
        "名稱": "全家便利商店股份有限公司-敦北店",
        "地址": "105臺北市松山區敦化北路４巷１６號１樓",
        "商店編號": "A001121",
        "電話": "02-25239588*6142",
        "類型": "連鎖型綠色商店"
      }
    },
    {
      "type": "Feature",
      "geometry": {
        "type": "Point",
        "coordinates": [
          121.55035665331,
          25.034001681504
        ]
      },
      "properties": {
        "名稱": "全家便利商店股份有限公司-敦安店",
        "地址": "106臺北市大安區安和路一段１１２巷２７號",
        "商店編號": "A000737",
        "電話": "02-25239588*6142",
        "類型": "連鎖型綠色商店"
      }
    },
    {
      "type": "Feature",
      "geometry": {
        "type": "Point",
        "coordinates": [
          121.548386738425,
          25.027988336528
        ]
      },
      "properties": {
        "名稱": "全家便利商店股份有限公司-敦南店",
        "地址": "106臺北市大安區敦化南路二段９８號",
        "商店編號": "A001056",
        "電話": "02-25239588*6142",
        "類型": "連鎖型綠色商店"
      }
    },
    {
      "type": "Feature",
      "geometry": {
        "type": "Point",
        "coordinates": [
          121.549714515707,
          25.036961289606
        ]
      },
      "properties": {
        "名稱": "全家便利商店股份有限公司-敦新店",
        "地址": "106臺北市大安區敦安里仁愛路四段１１２巷５號一樓",
        "商店編號": "A001127",
        "電話": "02-25239588*6142",
        "類型": "連鎖型綠色商店"
      }
    },
    {
      "type": "Feature",
      "geometry": {
        "type": "Point",
        "coordinates": [
          121.525361147488,
          25.056716094286
        ]
      },
      "properties": {
        "名稱": "全家便利商店股份有限公司-晶華店",
        "地址": "104臺北市中山區林森北路３３４號",
        "商店編號": "A001026",
        "電話": "02-25239588*6142",
        "類型": "連鎖型綠色商店"
      }
    },
    {
      "type": "Feature",
      "geometry": {
        "type": "Point",
        "coordinates": [
          121.541763693812,
          24.993040200785
        ]
      },
      "properties": {
        "名稱": "全家便利商店股份有限公司-景中店",
        "地址": "116臺北市文山區景中街５號，七號一樓",
        "商店編號": "A001104",
        "電話": "02-25239588*6142",
        "類型": "連鎖型綠色商店"
      }
    },
    {
      "type": "Feature",
      "geometry": {
        "type": "Point",
        "coordinates": [
          121.541386508169,
          24.991137466855
        ]
      },
      "properties": {
        "名稱": "全家便利商店股份有限公司-景文店",
        "地址": "116臺北市文山區景文街８３號",
        "商店編號": "A001217",
        "電話": "02-25239588*6142",
        "類型": "連鎖型綠色商店"
      }
    },
    {
      "type": "Feature",
      "geometry": {
        "type": "Point",
        "coordinates": [
          121.543183001477,
          24.992010861166
        ]
      },
      "properties": {
        "名稱": "全家便利商店股份有限公司-景行店",
        "地址": "116臺北市文山區景興路２０２巷１４號",
        "商店編號": "A000970",
        "電話": "02-25239588*6142",
        "類型": "連鎖型綠色商店"
      }
    },
    {
      "type": "Feature",
      "geometry": {
        "type": "Point",
        "coordinates": [
          121.539999554651,
          24.991410255894
        ]
      },
      "properties": {
        "名稱": "全家便利商店股份有限公司-景和店",
        "地址": "116臺北市文山區羅斯福路六段２７４號",
        "商店編號": "A001147",
        "電話": "02-25239588*6142",
        "類型": "連鎖型綠色商店"
      }
    },
    {
      "type": "Feature",
      "geometry": {
        "type": "Point",
        "coordinates": [
          121.544201318894,
          24.999577708076
        ]
      },
      "properties": {
        "名稱": "全家便利商店股份有限公司-景興店",
        "地址": "116臺北市文山區興隆路一段２４９號１樓",
        "商店編號": "A001163",
        "電話": "02-25239588*6142",
        "類型": "連鎖型綠色商店"
      }
    },
    {
      "type": "Feature",
      "geometry": {
        "type": "Point",
        "coordinates": [
          121.592030889165,
          25.039593542479
        ]
      },
      "properties": {
        "名稱": "全家便利商店股份有限公司-港福店",
        "地址": "115臺北市南港區福德街３７３巷６３號１樓",
        "商店編號": "A001128",
        "電話": "02-25239588*6142",
        "類型": "連鎖型綠色商店"
      }
    },
    {
      "type": "Feature",
      "geometry": {
        "type": "Point",
        "coordinates": [
          121.578085497757,
          25.0821017777
        ]
      },
      "properties": {
        "名稱": "全家便利商店股份有限公司-港墘店",
        "地址": "114臺北市內湖區港墘路４４號",
        "商店編號": "A001088",
        "電話": "02-25239588*6142",
        "類型": "連鎖型綠色商店"
      }
    },
    {
      "type": "Feature",
      "geometry": {
        "type": "Point",
        "coordinates": [
          121.573554157081,
          25.08216929393
        ]
      },
      "properties": {
        "名稱": "全家便利商店股份有限公司-湖山店",
        "地址": "114臺北市內湖區麗山街３４８巷１０弄２號",
        "商店編號": "A001148",
        "電話": "02-25239588*6142",
        "類型": "連鎖型綠色商店"
      }
    },
    {
      "type": "Feature",
      "geometry": {
        "type": "Point",
        "coordinates": [
          121.596686533464,
          25.082187901755
        ]
      },
      "properties": {
        "名稱": "全家便利商店股份有限公司-湖光店",
        "地址": "114臺北市內湖區金湖路４９號１樓",
        "商店編號": "A001149",
        "電話": "02-25239588*6142",
        "類型": "連鎖型綠色商店"
      }
    },
    {
      "type": "Feature",
      "geometry": {
        "type": "Point",
        "coordinates": [
          121.567000598445,
          25.082924210039
        ]
      },
      "properties": {
        "名稱": "全家便利商店股份有限公司-湖安店",
        "地址": "114臺北市內湖區內湖路一段２８５巷１９號１樓",
        "商店編號": "A001213",
        "電話": "02-25239588*6142",
        "類型": "連鎖型綠色商店"
      }
    },
    {
      "type": "Feature",
      "geometry": {
        "type": "Point",
        "coordinates": [
          121.575042447809,
          25.078221124168
        ]
      },
      "properties": {
        "名稱": "全家便利商店股份有限公司-湖運店",
        "地址": "114臺北市內湖區洲子街１２號",
        "商店編號": "A001099",
        "電話": "02-25239588*6142",
        "類型": "連鎖型綠色商店"
      }
    },
    {
      "type": "Feature",
      "geometry": {
        "type": "Point",
        "coordinates": [
          121.584047042571,
          25.078321246001
        ]
      },
      "properties": {
        "名稱": "全家便利商店股份有限公司-紫陽店",
        "地址": "114臺北市內湖區文德路２１２號",
        "商店編號": "A000938",
        "電話": "02-25239588*6142",
        "類型": "連鎖型綠色商店"
      }
    },
    {
      "type": "Feature",
      "geometry": {
        "type": "Point",
        "coordinates": [
          121.52501556162,
          25.094958778981
        ]
      },
      "properties": {
        "名稱": "全家便利商店股份有限公司-華林店",
        "地址": "111臺北市士林區中正路２５３號１樓",
        "商店編號": "A001227",
        "電話": "02-25239588*6142",
        "類型": "連鎖型綠色商店"
      }
    },
    {
      "type": "Feature",
      "geometry": {
        "type": "Point",
        "coordinates": [
          121.541832341599,
          25.137227710866
        ]
      },
      "properties": {
        "名稱": "全家便利商店股份有限公司-華崗店",
        "地址": "111臺北市士林區光華路２６巷３號－２",
        "商店編號": "A000952",
        "電話": "02-25239588*6142",
        "類型": "連鎖型綠色商店"
      }
    },
    {
      "type": "Feature",
      "geometry": {
        "type": "Point",
        "coordinates": [
          121.556426240856,
          25.042978615986
        ]
      },
      "properties": {
        "名稱": "全家便利商店股份有限公司-華視店",
        "地址": "106臺北市大安區光復南路１１６巷２６號",
        "商店編號": "A000944",
        "電話": "02-25239588*6142",
        "類型": "連鎖型綠色商店"
      }
    },
    {
      "type": "Feature",
      "geometry": {
        "type": "Point",
        "coordinates": [
          121.495450242188,
          25.030996182482
        ]
      },
      "properties": {
        "名稱": "全家便利商店股份有限公司-華園店",
        "地址": "108臺北市萬華區和平里西園路二段１４０巷３２號一樓",
        "商店編號": "A001176",
        "電話": "02-25239588*6142",
        "類型": "連鎖型綠色商店"
      }
    },
    {
      "type": "Feature",
      "geometry": {
        "type": "Point",
        "coordinates": [
          121.471177424058,
          25.124974290433
        ]
      },
      "properties": {
        "名稱": "全家便利商店股份有限公司-華碩店",
        "地址": "112臺北市北投區立德路１５號",
        "商店編號": "A001047",
        "電話": "02-25239588*6142",
        "類型": "連鎖型綠色商店"
      }
    },
    {
      "type": "Feature",
      "geometry": {
        "type": "Point",
        "coordinates": [
          121.545456676532,
          24.995289358774
        ]
      },
      "properties": {
        "名稱": "全家便利商店股份有限公司-華德店",
        "地址": "116臺北市文山區景華街７５號",
        "商店編號": "A001207",
        "電話": "02-25239588*6142",
        "類型": "連鎖型綠色商店"
      }
    },
    {
      "type": "Feature",
      "geometry": {
        "type": "Point",
        "coordinates": [
          121.500579631655,
          25.040101821087
        ]
      },
      "properties": {
        "名稱": "全家便利商店股份有限公司-貴陽店",
        "地址": "108臺北市萬華區貴陽街二段１８２號，１８４號",
        "商店編號": "A001108",
        "電話": "02-25239588*6142",
        "類型": "連鎖型綠色商店"
      }
    },
    {
      "type": "Feature",
      "geometry": {
        "type": "Point",
        "coordinates": [
          121.512526609708,
          25.046062443892
        ]
      },
      "properties": {
        "名稱": "全家便利商店股份有限公司-開封店",
        "地址": "100臺北市中正區開封街一段４１號１樓",
        "商店編號": "A000984",
        "電話": "02-25239588*6142",
        "類型": "連鎖型綠色商店"
      }
    },
    {
      "type": "Feature",
      "geometry": {
        "type": "Point",
        "coordinates": [
          121.514251102467,
          25.0456220587
        ]
      },
      "properties": {
        "名稱": "全家便利商店股份有限公司-開懷店",
        "地址": "100臺北市中正區黎明里懷寧街１７號１樓",
        "商店編號": "A000995",
        "電話": "02-25239588*6142",
        "類型": "連鎖型綠色商店"
      }
    },
    {
      "type": "Feature",
      "geometry": {
        "type": "Point",
        "coordinates": [
          121.513309311826,
          25.11965056654
        ]
      },
      "properties": {
        "名稱": "全家便利商店股份有限公司-陽大店",
        "地址": "臺北市立農街二段１５５號１樓",
        "商店編號": "A001450",
        "電話": "02-25239588*6142",
        "類型": "連鎖型綠色商店"
      }
    },
    {
      "type": "Feature",
      "geometry": {
        "type": "Point",
        "coordinates": [
          121.576318089653,
          25.075200411992
        ]
      },
      "properties": {
        "名稱": "全家便利商店股份有限公司-陽光店",
        "地址": "114臺北市內湖區瑞光路２１０號",
        "商店編號": "A000925",
        "電話": "02-25239588*6142",
        "類型": "連鎖型綠色商店"
      }
    },
    {
      "type": "Feature",
      "geometry": {
        "type": "Point",
        "coordinates": [
          121.555012129971,
          24.986426962999
        ]
      },
      "properties": {
        "名稱": "全家便利商店股份有限公司-順輝店",
        "地址": "116臺北市文山區光輝路７號",
        "商店編號": "A000923",
        "電話": "02-25239588*6142",
        "類型": "連鎖型綠色商店"
      }
    },
    {
      "type": "Feature",
      "geometry": {
        "type": "Point",
        "coordinates": [
          121.528422553804,
          25.052336382238
        ]
      },
      "properties": {
        "名稱": "全家便利商店股份有限公司-匯豐店",
        "地址": "104臺北市中山區南京東路二段１１號",
        "商店編號": "A001130",
        "電話": "02-25239588*6142",
        "類型": "連鎖型綠色商店"
      }
    },
    {
      "type": "Feature",
      "geometry": {
        "type": "Point",
        "coordinates": [
          121.51738719154,
          25.025274904922
        ]
      },
      "properties": {
        "名稱": "全家便利商店股份有限公司-廈門店",
        "地址": "100臺北市中正區廈門街５２號",
        "商店編號": "A001007",
        "電話": "02-25239588*6142",
        "類型": "連鎖型綠色商店"
      }
    },
    {
      "type": "Feature",
      "geometry": {
        "type": "Point",
        "coordinates": [
          121.546123540749,
          25.045316789786
        ]
      },
      "properties": {
        "名稱": "全家便利商店股份有限公司-微風店",
        "地址": "105臺北市松山區市民大道四段５１號１樓",
        "商店編號": "A000696",
        "電話": "02-25239588*6142",
        "類型": "連鎖型綠色商店"
      }
    },
    {
      "type": "Feature",
      "geometry": {
        "type": "Point",
        "coordinates": [
          121.585093439363,
          25.040624097474
        ]
      },
      "properties": {
        "名稱": "全家便利商店股份有限公司-新中坡店",
        "地址": "110臺北市信義區中坡南路２２９號",
        "商店編號": "A001109",
        "電話": "02-25239588*6142",
        "類型": "連鎖型綠色商店"
      }
    },
    {
      "type": "Feature",
      "geometry": {
        "type": "Point",
        "coordinates": [
          121.589715723689,
          25.071229653
        ]
      },
      "properties": {
        "名稱": "全家便利商店股份有限公司-新內湖店",
        "地址": "114臺北市內湖區成功路２段４２０號",
        "商店編號": "A001129",
        "電話": "02-25239588*6142",
        "類型": "連鎖型綠色商店"
      }
    },
    {
      "type": "Feature",
      "geometry": {
        "type": "Point",
        "coordinates": [
          121.541600665795,
          24.995143304111
        ]
      },
      "properties": {
        "名稱": "全家便利商店股份有限公司-新文華店",
        "地址": "116台北市文山區景華街３巷２號１樓及Ｂ１",
        "商店編號": "A001060",
        "電話": "02-25239588*6142",
        "類型": "連鎖型綠色商店"
      }
    },
    {
      "type": "Feature",
      "geometry": {
        "type": "Point",
        "coordinates": [
          121.527873622965,
          25.050487795403
        ]
      },
      "properties": {
        "名稱": "全家便利商店股份有限公司-新生店",
        "地址": "104臺北市中山區正義里新生北路一段１１２號",
        "商店編號": "A000916",
        "電話": "02-25239588*6142",
        "類型": "連鎖型綠色商店"
      }
    },
    {
      "type": "Feature",
      "geometry": {
        "type": "Point",
        "coordinates": [
          121.532954984127,
          25.034315248502
        ]
      },
      "properties": {
        "名稱": "全家便利商店股份有限公司-新生南路店",
        "地址": "106臺北市大安區新生南路一段１６３號",
        "商店編號": "A000469",
        "電話": "02-25239588*6142",
        "類型": "連鎖型綠色商店"
      }
    },
    {
      "type": "Feature",
      "geometry": {
        "type": "Point",
        "coordinates": [
          121.521490384602,
          25.051740596561
        ]
      },
      "properties": {
        "名稱": "全家便利商店股份有限公司-新光店",
        "地址": "104臺北市中山區南京西路１２巷１號１樓",
        "商店編號": "A000948",
        "電話": "02-25239588*6142",
        "類型": "連鎖型綠色商店"
      }
    },
    {
      "type": "Feature",
      "geometry": {
        "type": "Point",
        "coordinates": [
          121.539147869469,
          25.026157393598
        ]
      },
      "properties": {
        "名稱": "全家便利商店股份有限公司-新安店",
        "地址": "106臺北市大安區瑞安街２７４號１樓",
        "商店編號": "A000703",
        "電話": "02-25239588*6142",
        "類型": "連鎖型綠色商店"
      }
    },
    {
      "type": "Feature",
      "geometry": {
        "type": "Point",
        "coordinates": [
          121.584287267916,
          25.044386314715
        ]
      },
      "properties": {
        "名稱": "全家便利商店股份有限公司-新成鑫店",
        "地址": "115臺北市南港區玉成街１７６巷１號",
        "商店編號": "A000997",
        "電話": "02-25239588*6142",
        "類型": "連鎖型綠色商店"
      }
    },
    {
      "type": "Feature",
      "geometry": {
        "type": "Point",
        "coordinates": [
          121.567248702779,
          25.041788846739
        ]
      },
      "properties": {
        "名稱": "全家便利商店股份有限公司-新忠隆店",
        "地址": "110臺北市信義區興雅里忠孝東路五段７１巷８號壹樓",
        "商店編號": "A001225",
        "電話": "02-25239588*6142",
        "類型": "連鎖型綠色商店"
      }
    },
    {
      "type": "Feature",
      "geometry": {
        "type": "Point",
        "coordinates": [
          121.517223912066,
          25.03137550551
        ]
      },
      "properties": {
        "名稱": "全家便利商店股份有限公司-新昌店",
        "地址": "100臺北市中正區龍福里南昌路一段４９號一樓",
        "商店編號": "A001150",
        "電話": "02-25239588*6142",
        "類型": "連鎖型綠色商店"
      }
    },
    {
      "type": "Feature",
      "geometry": {
        "type": "Point",
        "coordinates": [
          121.594202556458,
          25.050118111563
        ]
      },
      "properties": {
        "名稱": "全家便利商店股份有限公司-新昆陽店",
        "地址": "115臺北市南港區昆陽街１４５號",
        "商店編號": "A001201",
        "電話": "02-25239588*6142",
        "類型": "連鎖型綠色商店"
      }
    },
    {
      "type": "Feature",
      "geometry": {
        "type": "Point",
        "coordinates": [
          121.566166347622,
          25.057844969005
        ]
      },
      "properties": {
        "名稱": "全家便利商店股份有限公司-新東店",
        "地址": "105臺北市松山區新東街１４號",
        "商店編號": "A000692",
        "電話": "02-25239588*6142",
        "類型": "連鎖型綠色商店"
      }
    },
    {
      "type": "Feature",
      "geometry": {
        "type": "Point",
        "coordinates": [
          121.525614113326,
          25.067596307521
        ]
      },
      "properties": {
        "名稱": "全家便利商店股份有限公司-新林森店",
        "地址": "104台北市中山區林森北路６３０號１樓",
        "商店編號": "A001010",
        "電話": "02-25239588*6142",
        "類型": "連鎖型綠色商店"
      }
    },
    {
      "type": "Feature",
      "geometry": {
        "type": "Point",
        "coordinates": [
          121.577076903347,
          25.046264783035
        ]
      },
      "properties": {
        "名稱": "全家便利商店股份有限公司-新松林店",
        "地址": "110臺北市信義區虎林街６１－４號",
        "商店編號": "A000702",
        "電話": "02-25239588*6142",
        "類型": "連鎖型綠色商店"
      }
    },
    {
      "type": "Feature",
      "geometry": {
        "type": "Point",
        "coordinates": [
          121.577979047586,
          25.043088921831
        ]
      },
      "properties": {
        "名稱": "全家便利商店股份有限公司-新松春店",
        "地址": "110臺北市信義區松山路２８１號１樓",
        "商店編號": "A001112",
        "電話": "02-25239588*6142",
        "類型": "連鎖型綠色商店"
      }
    },
    {
      "type": "Feature",
      "geometry": {
        "type": "Point",
        "coordinates": [
          121.467016982598,
          25.120387713015
        ]
      },
      "properties": {
        "名稱": "全家便利商店股份有限公司-新知行店",
        "地址": "112臺北市北投區關渡里知行路２３７號",
        "商店編號": "A001032",
        "電話": "02-25239588*6142",
        "類型": "連鎖型綠色商店"
      }
    },
    {
      "type": "Feature",
      "geometry": {
        "type": "Point",
        "coordinates": [
          121.506208163456,
          25.026141048887
        ]
      },
      "properties": {
        "名稱": "全家便利商店股份有限公司-新青年店",
        "地址": "108臺北市萬華區青年路６號",
        "商店編號": "A000906",
        "電話": "02-25239588*6142",
        "類型": "連鎖型綠色商店"
      }
    },
    {
      "type": "Feature",
      "geometry": {
        "type": "Point",
        "coordinates": [
          121.504063821167,
          25.044122033307
        ]
      },
      "properties": {
        "名稱": "全家便利商店股份有限公司-新峨嵋店",
        "地址": "108臺北市萬華區峨眉街８２號１樓",
        "商店編號": "A000929",
        "電話": "02-25239588*6142",
        "類型": "連鎖型綠色商店"
      }
    },
    {
      "type": "Feature",
      "geometry": {
        "type": "Point",
        "coordinates": [
          121.525978642295,
          25.05819344663
        ]
      },
      "properties": {
        "名稱": "全家便利商店股份有限公司-新泰店",
        "地址": "104臺北市中山區聚盛里民生東路一段４１號一樓",
        "商店編號": "A000734",
        "電話": "02-25239588*6142",
        "類型": "連鎖型綠色商店"
      }
    },
    {
      "type": "Feature",
      "geometry": {
        "type": "Point",
        "coordinates": [
          121.555255875716,
          25.053223229504
        ]
      },
      "properties": {
        "名稱": "全家便利商店股份有限公司-新健康店",
        "地址": "105臺北市松山區南京東路四段１３３巷９弄２號",
        "商店編號": "A001016",
        "電話": "02-25239588*6142",
        "類型": "連鎖型綠色商店"
      }
    },
    {
      "type": "Feature",
      "geometry": {
        "type": "Point",
        "coordinates": [
          121.506470768483,
          25.02950655065
        ]
      },
      "properties": {
        "名稱": "全家便利商店股份有限公司-新惠安店",
        "地址": "100台北市中正區中華路二段３０７巷４６號",
        "商店編號": "A001131",
        "電話": "02-25239588*6142",
        "類型": "連鎖型綠色商店"
      }
    },
    {
      "type": "Feature",
      "geometry": {
        "type": "Point",
        "coordinates": [
          121.582556824005,
          25.064847546194
        ]
      },
      "properties": {
        "名稱": "全家便利商店股份有限公司-新湖店",
        "地址": "114臺北市內湖區新湖二路２５０巷８號１樓",
        "商店編號": "A001152",
        "電話": "02-25239588*6142",
        "類型": "連鎖型綠色商店"
      }
    },
    {
      "type": "Feature",
      "geometry": {
        "type": "Point",
        "coordinates": [
          121.558933016639,
          25.033254644383
        ]
      },
      "properties": {
        "名稱": "全家便利商店股份有限公司-新貿店",
        "地址": "110臺北市信義區信義路四段４０７號壹樓",
        "商店編號": "A001137",
        "電話": "02-25239588*6142",
        "類型": "連鎖型綠色商店"
      }
    },
    {
      "type": "Feature",
      "geometry": {
        "type": "Point",
        "coordinates": [
          121.523223762178,
          25.094549029644
        ]
      },
      "properties": {
        "名稱": "全家便利商店股份有限公司-新陽明店",
        "地址": "111臺北市士林區中正路３２９號",
        "商店編號": "A001179",
        "電話": "02-25239588*6142",
        "類型": "連鎖型綠色商店"
      }
    },
    {
      "type": "Feature",
      "geometry": {
        "type": "Point",
        "coordinates": [
          121.563778762502,
          25.08114779139
        ]
      },
      "properties": {
        "名稱": "全家便利商店股份有限公司-新瑞店",
        "地址": "114臺北市內湖區堤頂大道２段４０７巷２６號一樓",
        "商店編號": "A001009",
        "電話": "02-25239588*6142",
        "類型": "連鎖型綠色商店"
      }
    },
    {
      "type": "Feature",
      "geometry": {
        "type": "Point",
        "coordinates": [
          121.52593497258,
          25.064829986107
        ]
      },
      "properties": {
        "名稱": "全家便利商店股份有限公司-新農店",
        "地址": "104臺北市中山區恆安里農安街２６之３號一樓",
        "商店編號": "A000993",
        "電話": "02-25239588*6142",
        "類型": "連鎖型綠色商店"
      }
    },
    {
      "type": "Feature",
      "geometry": {
        "type": "Point",
        "coordinates": [
          121.557280608247,
          25.056288826771
        ]
      },
      "properties": {
        "名稱": "全家便利商店股份有限公司-新壽店",
        "地址": "105臺北市松山區龍田里延壽街４００號１樓",
        "商店編號": "A001166",
        "電話": "02-25239588*6142",
        "類型": "連鎖型綠色商店"
      }
    },
    {
      "type": "Feature",
      "geometry": {
        "type": "Point",
        "coordinates": [
          121.509624794829,
          25.115318296065
        ]
      },
      "properties": {
        "名稱": "全家便利商店股份有限公司-新實店",
        "地址": "112臺北市北投區吉利里實踐街５１號１樓",
        "商店編號": "A001054",
        "電話": "02-25239588*6142",
        "類型": "連鎖型綠色商店"
      }
    },
    {
      "type": "Feature",
      "geometry": {
        "type": "Point",
        "coordinates": [
          121.54987268222,
          25.003622185906
        ]
      },
      "properties": {
        "名稱": "全家便利商店股份有限公司-新福興店",
        "地址": "116臺北市文山區福興路６５號",
        "商店編號": "A000782",
        "電話": "02-25239588*6142",
        "類型": "連鎖型綠色商店"
      }
    },
    {
      "type": "Feature",
      "geometry": {
        "type": "Point",
        "coordinates": [
          121.549121412239,
          25.025581640669
        ]
      },
      "properties": {
        "名稱": "全家便利商店股份有限公司-新遠企店",
        "地址": "106臺北市大安區敦化南路二段２６１號",
        "商店編號": "A000992",
        "電話": "02-25239588*6142",
        "類型": "連鎖型綠色商店"
      }
    },
    {
      "type": "Feature",
      "geometry": {
        "type": "Point",
        "coordinates": [
          121.524705934117,
          25.066619899621
        ]
      },
      "properties": {
        "名稱": "全家便利商店股份有限公司-新德城店",
        "地址": "104台北市中山區德惠街１６－７號",
        "商店編號": "A000956",
        "電話": "02-25239588*6142",
        "類型": "連鎖型綠色商店"
      }
    },
    {
      "type": "Feature",
      "geometry": {
        "type": "Point",
        "coordinates": [
          121.529293517363,
          25.064753836517
        ]
      },
      "properties": {
        "名稱": "全家便利商店股份有限公司-新稻江店",
        "地址": "104台北市中山區農安街８６號１樓",
        "商店編號": "A001084",
        "電話": "02-25239588*6142",
        "類型": "連鎖型綠色商店"
      }
    },
    {
      "type": "Feature",
      "geometry": {
        "type": "Point",
        "coordinates": [
          121.511231605667,
          25.064306410525
        ]
      },
      "properties": {
        "名稱": "全家便利商店股份有限公司-新橋店",
        "地址": "103臺北市大同區延平北路三段２５之３號",
        "商店編號": "A000961",
        "電話": "02-25239588*6142",
        "類型": "連鎖型綠色商店"
      }
    },
    {
      "type": "Feature",
      "geometry": {
        "type": "Point",
        "coordinates": [
          121.491722139293,
          25.02654417652
        ]
      },
      "properties": {
        "名稱": "全家便利商店股份有限公司-新興義店",
        "地址": "108臺北市萬華區和德里興義街４１號１樓",
        "商店編號": "A001160",
        "電話": "02-25239588*6142",
        "類型": "連鎖型綠色商店"
      }
    },
    {
      "type": "Feature",
      "geometry": {
        "type": "Point",
        "coordinates": [
          121.510376651543,
          25.027233210871
        ]
      },
      "properties": {
        "名稱": "全家便利商店股份有限公司-新龍口店",
        "地址": "100台北市中正區汀州路一段２４４號",
        "商店編號": "A001013",
        "電話": "02-25239588*6142",
        "類型": "連鎖型綠色商店"
      }
    },
    {
      "type": "Feature",
      "geometry": {
        "type": "Point",
        "coordinates": [
          121.567705432683,
          25.079445091579
        ]
      },
      "properties": {
        "名稱": "全家便利商店股份有限公司-瑞光店",
        "地址": "114臺北市內湖區瑞光路５１０號１樓",
        "商店編號": "A001208",
        "電話": "02-25239588*6142",
        "類型": "連鎖型綠色商店"
      }
    },
    {
      "type": "Feature",
      "geometry": {
        "type": "Point",
        "coordinates": [
          121.541682724627,
          25.026483491541
        ]
      },
      "properties": {
        "名稱": "全家便利商店股份有限公司-瑞和店",
        "地址": "106臺北市大安區瑞安街１３５巷２８號１樓",
        "商店編號": "A001012",
        "電話": "02-25239588*6142",
        "類型": "連鎖型綠色商店"
      }
    },
    {
      "type": "Feature",
      "geometry": {
        "type": "Point",
        "coordinates": [
          121.570286472128,
          25.080066106785
        ]
      },
      "properties": {
        "名稱": "全家便利商店股份有限公司-瑞湖店",
        "地址": "114臺北市內湖區港墘里瑞光路５１３巷３９號１樓",
        "商店編號": "A001146",
        "電話": "02-25239588*6142",
        "類型": "連鎖型綠色商店"
      }
    },
    {
      "type": "Feature",
      "geometry": {
        "type": "Point",
        "coordinates": [
          121.583502051227,
          25.077251589427
        ]
      },
      "properties": {
        "名稱": "全家便利商店股份有限公司-瑞陽店",
        "地址": "114臺北市內湖區文德路９０巷４９號",
        "商店編號": "A000556",
        "電話": "02-25239588*6142",
        "類型": "連鎖型綠色商店"
      }
    },
    {
      "type": "Feature",
      "geometry": {
        "type": "Point",
        "coordinates": [
          121.520151040293,
          25.057719575734
        ]
      },
      "properties": {
        "名稱": "全家便利商店股份有限公司-萬全店",
        "地址": "103臺北市大同區民生西路６３號",
        "商店編號": "A001139",
        "電話": "02-25239588*6142",
        "類型": "連鎖型綠色商店"
      }
    },
    {
      "type": "Feature",
      "geometry": {
        "type": "Point",
        "coordinates": [
          121.570622837902,
          25.001275755931
        ]
      },
      "properties": {
        "名稱": "全家便利商店股份有限公司-萬安店",
        "地址": "116臺北市文山區萬安街１７號",
        "商店編號": "A001155",
        "電話": "02-25239588*6142",
        "類型": "連鎖型綠色商店"
      }
    },
    {
      "type": "Feature",
      "geometry": {
        "type": "Point",
        "coordinates": [
          121.50626407075,
          25.043540538775
        ]
      },
      "properties": {
        "名稱": "全家便利商店股份有限公司-萬年店",
        "地址": "108臺北市萬華區西寧南路１５５號１樓",
        "商店編號": "A000689",
        "電話": "02-25239588*6142",
        "類型": "連鎖型綠色商店"
      }
    },
    {
      "type": "Feature",
      "geometry": {
        "type": "Point",
        "coordinates": [
          121.536877295718,
          25.002189215739
        ]
      },
      "properties": {
        "名稱": "全家便利商店股份有限公司-萬和店",
        "地址": "116臺北市文山區羅斯福路五段２１８巷３８弄２號１樓",
        "商店編號": "A001200",
        "電話": "02-25239588*6142",
        "類型": "連鎖型綠色商店"
      }
    },
    {
      "type": "Feature",
      "geometry": {
        "type": "Point",
        "coordinates": [
          121.4997012,
          25.035103
        ]
      },
      "properties": {
        "名稱": "全家便利商店股份有限公司-萬國店",
        "地址": "108臺北市萬華區峨嵋街２１號１樓",
        "商店編號": "A001103",
        "電話": "02-25239588*6142",
        "類型": "連鎖型綠色商店"
      }
    },
    {
      "type": "Feature",
      "geometry": {
        "type": "Point",
        "coordinates": [
          121.539516170295,
          25.001129826997
        ]
      },
      "properties": {
        "名稱": "全家便利商店股份有限公司-萬隆店",
        "地址": "116臺北市文山區萬祥里羅斯福路五段２６３號一樓",
        "商店編號": "A001064",
        "電話": "02-25239588*6142",
        "類型": "連鎖型綠色商店"
      }
    },
    {
      "type": "Feature",
      "geometry": {
        "type": "Point",
        "coordinates": [
          121.543915244538,
          25.033565990177
        ]
      },
      "properties": {
        "名稱": "全家便利商店股份有限公司-義興店",
        "地址": "106臺北市大安區信義路４段１之１０．１之１１號",
        "商店編號": "A000978",
        "電話": "02-25239588*6142",
        "類型": "連鎖型綠色商店"
      }
    },
    {
      "type": "Feature",
      "geometry": {
        "type": "Point",
        "coordinates": [
          121.51194557618,
          25.084648744708
        ]
      },
      "properties": {
        "名稱": "全家便利商店股份有限公司-葫東店",
        "地址": "111臺北市士林區葫東里重慶北路四段１８８號一樓",
        "商店編號": "A000712",
        "電話": "02-25239588*6142",
        "類型": "連鎖型綠色商店"
      }
    },
    {
      "type": "Feature",
      "geometry": {
        "type": "Point",
        "coordinates": [
          121.509489091816,
          25.085566018282
        ]
      },
      "properties": {
        "名稱": "全家便利商店股份有限公司-葫蘆店",
        "地址": "111臺北市士林區延平北路五段２８３之１號",
        "商店編號": "A000950",
        "電話": "02-25239588*6142",
        "類型": "連鎖型綠色商店"
      }
    },
    {
      "type": "Feature",
      "geometry": {
        "type": "Point",
        "coordinates": [
          121.547361547848,
          24.987109291827
        ]
      },
      "properties": {
        "名稱": "全家便利商店股份有限公司-試院店",
        "地址": "116臺北市文山區木柵路一段９１號９３號一樓",
        "商店編號": "A001065",
        "電話": "02-25239588*6142",
        "類型": "連鎖型綠色商店"
      }
    },
    {
      "type": "Feature",
      "geometry": {
        "type": "Point",
        "coordinates": [
          121.53492238444,
          25.064795159299
        ]
      },
      "properties": {
        "名稱": "全家便利商店股份有限公司-農安店",
        "地址": "104臺北市中山區農安街２４９號",
        "商店編號": "A001165",
        "電話": "02-25239588*6142",
        "類型": "連鎖型綠色商店"
      }
    },
    {
      "type": "Feature",
      "geometry": {
        "type": "Point",
        "coordinates": [
          121.51512256894,
          25.055826355264
        ]
      },
      "properties": {
        "名稱": "全家便利商店股份有限公司-寧夏店",
        "地址": "103臺北市大同區寧夏路２８，３０，２８—１，２８—２號",
        "商店編號": "A000980",
        "電話": "02-25239588*6142",
        "類型": "連鎖型綠色商店"
      }
    },
    {
      "type": "Feature",
      "geometry": {
        "type": "Point",
        "coordinates": [
          121.538226782129,
          25.065479080689
        ]
      },
      "properties": {
        "名稱": "全家便利商店股份有限公司-榮濱店",
        "地址": "104臺北市中山區民族東路４１０巷２４號１樓",
        "商店編號": "A001004",
        "電話": "02-25239588*6142",
        "類型": "連鎖型綠色商店"
      }
    },
    {
      "type": "Feature",
      "geometry": {
        "type": "Point",
        "coordinates": [
          121.50731591578,
          25.041722001062
        ]
      },
      "properties": {
        "名稱": "全家便利商店股份有限公司-漢中店",
        "地址": "108臺北市萬華區漢中街１３９號１樓",
        "商店編號": "A000940",
        "電話": "02-25239588*6142",
        "類型": "連鎖型綠色商店"
      }
    },
    {
      "type": "Feature",
      "geometry": {
        "type": "Point",
        "coordinates": [
          121.573317955049,
          25.080995911304
        ]
      },
      "properties": {
        "名稱": "全家便利商店股份有限公司-碧湖店",
        "地址": "114臺北市內湖區內湖路一段５９３號一樓及地下室",
        "商店編號": "A001072",
        "電話": "02-25239588*6142",
        "類型": "連鎖型綠色商店"
      }
    },
    {
      "type": "Feature",
      "geometry": {
        "type": "Point",
        "coordinates": [
          121.519884579591,
          25.050139317778
        ]
      },
      "properties": {
        "名稱": "全家便利商店股份有限公司-福安店",
        "地址": "103臺北市大同區長安西路５４號１樓",
        "商店編號": "A000926",
        "電話": "02-25239588*6142",
        "類型": "連鎖型綠色商店"
      }
    },
    {
      "type": "Feature",
      "geometry": {
        "type": "Point",
        "coordinates": [
          121.5260508943,
          25.095191041518
        ]
      },
      "properties": {
        "名稱": "全家便利商店股份有限公司-福林店",
        "地址": "111臺北市士林區福林里中正路２３３號，２３３之１號",
        "商店編號": "A001181",
        "電話": "02-25239588*6142",
        "類型": "連鎖型綠色商店"
      }
    },
    {
      "type": "Feature",
      "geometry": {
        "type": "Point",
        "coordinates": [
          121.524306536431,
          25.057934236274
        ]
      },
      "properties": {
        "名稱": "全家便利商店股份有限公司-福泰店",
        "地址": "104臺北市中山區民生東路一段３６號１樓",
        "商店編號": "A000943",
        "電話": "02-25239588*6142",
        "類型": "連鎖型綠色商店"
      }
    },
    {
      "type": "Feature",
      "geometry": {
        "type": "Point",
        "coordinates": [
          121.530331196976,
          25.033052724336
        ]
      },
      "properties": {
        "名稱": "全家便利商店股份有限公司-福康店",
        "地址": "106臺北市大安區信義路２段１９８巷６號一樓及地下室",
        "商店編號": "A000971",
        "電話": "02-25239588*6142",
        "類型": "連鎖型綠色商店"
      }
    },
    {
      "type": "Feature",
      "geometry": {
        "type": "Point",
        "coordinates": [
          121.517766807935,
          25.085183929226
        ]
      },
      "properties": {
        "名稱": "全家便利商店股份有限公司-福港店",
        "地址": "111臺北市士林區前港街１２６號",
        "商店編號": "A000963",
        "電話": "02-25239588*6142",
        "類型": "連鎖型綠色商店"
      }
    },
    {
      "type": "Feature",
      "geometry": {
        "type": "Point",
        "coordinates": [
          121.515811393743,
          25.062764852803
        ]
      },
      "properties": {
        "名稱": "全家便利商店股份有限公司-福澤店",
        "地址": "103臺北市大同區民權西路１４６號",
        "商店編號": "A001133",
        "電話": "02-25239588*6142",
        "類型": "連鎖型綠色商店"
      }
    },
    {
      "type": "Feature",
      "geometry": {
        "type": "Point",
        "coordinates": [
          121.516556209659,
          25.029993832591
        ]
      },
      "properties": {
        "名稱": "全家便利商店股份有限公司-福嶺店",
        "地址": "100臺北市中正區牯嶺街４３號１樓",
        "商店編號": "A001110",
        "電話": "02-25239588*6142",
        "類型": "連鎖型綠色商店"
      }
    },
    {
      "type": "Feature",
      "geometry": {
        "type": "Point",
        "coordinates": [
          121.566795074179,
          25.078225734214
        ]
      },
      "properties": {
        "名稱": "全家便利商店股份有限公司-精英店",
        "地址": "114臺北市內湖區堤頂大道二段２４１號壹樓",
        "商店編號": "A001105",
        "電話": "02-25239588*6142",
        "類型": "連鎖型綠色商店"
      }
    },
    {
      "type": "Feature",
      "geometry": {
        "type": "Point",
        "coordinates": [
          121.492329659635,
          25.032915261124
        ]
      },
      "properties": {
        "名稱": "全家便利商店股份有限公司-綠堤店",
        "地址": "108臺北市萬華區環河南路二段１７３號",
        "商店編號": "A001006",
        "電話": "02-25239588*6142",
        "類型": "連鎖型綠色商店"
      }
    },
    {
      "type": "Feature",
      "geometry": {
        "type": "Point",
        "coordinates": [
          121.525102062861,
          25.061618208448
        ]
      },
      "properties": {
        "名稱": "全家便利商店股份有限公司-聚葉店",
        "地址": "104臺北市中山區中山北路二段１３７巷３４號１樓",
        "商店編號": "A001167",
        "電話": "02-25239588*6142",
        "類型": "連鎖型綠色商店"
      }
    },
    {
      "type": "Feature",
      "geometry": {
        "type": "Point",
        "coordinates": [
          121.533700638234,
          25.01698105364
        ]
      },
      "properties": {
        "名稱": "全家便利商店股份有限公司-臺二店",
        "地址": "106臺北市大安區羅斯福路四段１號第一學生活動中心側邊",
        "商店編號": "A001234",
        "電話": "02-25239588*6142",
        "類型": "連鎖型綠色商店"
      }
    },
    {
      "type": "Feature",
      "geometry": {
        "type": "Point",
        "coordinates": [
          121.536484687373,
          25.012893199461
        ]
      },
      "properties": {
        "名稱": "全家便利商店股份有限公司-臺大二活店",
        "地址": "106臺北市大安區羅斯福路四段８５號（第二學生活動中心）",
        "商店編號": "A000960",
        "電話": "02-25239588*6142",
        "類型": "連鎖型綠色商店"
      }
    },
    {
      "type": "Feature",
      "geometry": {
        "type": "Point",
        "coordinates": [
          121.540623838799,
          25.013742998714
        ]
      },
      "properties": {
        "名稱": "全家便利商店股份有限公司-臺科大店",
        "地址": "106臺北市大安區基隆路４段４３號地下一樓（活動中心地下",
        "商店編號": "A000542",
        "電話": "02-25239588*6142",
        "類型": "連鎖型綠色商店"
      }
    },
    {
      "type": "Feature",
      "geometry": {
        "type": "Point",
        "coordinates": [
          121.528560352292,
          25.025860716135
        ]
      },
      "properties": {
        "名稱": "全家便利商店股份有限公司-臺師大店",
        "地址": "106臺北市大安區師大路９號地下一樓（男一舍）",
        "商店編號": "A001097",
        "電話": "02-25239588*6142",
        "類型": "連鎖型綠色商店"
      }
    },
    {
      "type": "Feature",
      "geometry": {
        "type": "Point",
        "coordinates": [
          121.55082151366,
          25.047556350495
        ]
      },
      "properties": {
        "名稱": "全家便利商店股份有限公司-臺視店",
        "地址": "105臺北市松山區八德路三段１２巷５弄２號",
        "商店編號": "A001218",
        "電話": "02-25239588*6142",
        "類型": "連鎖型綠色商店"
      }
    },
    {
      "type": "Feature",
      "geometry": {
        "type": "Point",
        "coordinates": [
          121.533507183908,
          25.018916183626
        ]
      },
      "properties": {
        "名稱": "全家便利商店股份有限公司-臺新店",
        "地址": "106臺北市大安區新生南路三段８４之８號",
        "商店編號": "A001195",
        "電話": "02-25239588*6142",
        "類型": "連鎖型綠色商店"
      }
    },
    {
      "type": "Feature",
      "geometry": {
        "type": "Point",
        "coordinates": [
          121.518557891957,
          25.040775726103
        ]
      },
      "properties": {
        "名稱": "全家便利商店股份有限公司-臺醫店",
        "地址": "100臺北市中正區中山南路７號１樓",
        "商店編號": "A001226",
        "電話": "02-25239588*6142",
        "類型": "連鎖型綠色商店"
      }
    },
    {
      "type": "Feature",
      "geometry": {
        "type": "Point",
        "coordinates": [
          121.526522208716,
          25.041574311928
        ]
      },
      "properties": {
        "名稱": "全家便利商店股份有限公司-齊東店",
        "地址": "100臺北市中正區濟南路二段３號之７，一樓",
        "商店編號": "A000907",
        "電話": "02-25239588*6142",
        "類型": "連鎖型綠色商店"
      }
    },
    {
      "type": "Feature",
      "geometry": {
        "type": "Point",
        "coordinates": [
          121.554130018481,
          25.046400527957
        ]
      },
      "properties": {
        "名稱": "全家便利商店股份有限公司-德光店",
        "地址": "105臺北市松山區八德路三段１０６巷６０號",
        "商店編號": "A000917",
        "電話": "02-25239588*6142",
        "類型": "連鎖型綠色商店"
      }
    },
    {
      "type": "Feature",
      "geometry": {
        "type": "Point",
        "coordinates": [
          121.528301100027,
          25.107913471343
        ]
      },
      "properties": {
        "名稱": "全家便利商店股份有限公司-德行店",
        "地址": "111臺北市士林區德行東路１０９巷３號",
        "商店編號": "A001041",
        "電話": "02-25239588*6142",
        "類型": "連鎖型綠色商店"
      }
    },
    {
      "type": "Feature",
      "geometry": {
        "type": "Point",
        "coordinates": [
          121.530305213076,
          25.066705436942
        ]
      },
      "properties": {
        "名稱": "全家便利商店股份有限公司-德惠店",
        "地址": "104臺北市中山區吉林路４４８號",
        "商店編號": "A001153",
        "電話": "02-25239588*6142",
        "類型": "連鎖型綠色商店"
      }
    },
    {
      "type": "Feature",
      "geometry": {
        "type": "Point",
        "coordinates": [
          121.544876732652,
          25.052697684175
        ]
      },
      "properties": {
        "名稱": "全家便利商店股份有限公司-慶城店",
        "地址": "105臺北市松山區中正里慶城街８號",
        "商店編號": "A001118",
        "電話": "02-25239588*6142",
        "類型": "連鎖型綠色商店"
      }
    },
    {
      "type": "Feature",
      "geometry": {
        "type": "Point",
        "coordinates": [
          121.51374701481,
          25.062759823661
        ]
      },
      "properties": {
        "名稱": "全家便利商店股份有限公司-慶權店",
        "地址": "103臺北市大同區重慶北路二段２６３號１樓",
        "商店編號": "A001178",
        "電話": "02-25239588*6142",
        "類型": "連鎖型綠色商店"
      }
    },
    {
      "type": "Feature",
      "geometry": {
        "type": "Point",
        "coordinates": [
          121.516426373979,
          25.04544373371
        ]
      },
      "properties": {
        "名稱": "全家便利商店股份有限公司-摩天店",
        "地址": "100臺北市中正區許昌街２６號",
        "商店編號": "A001151",
        "電話": "02-25239588*6142",
        "類型": "連鎖型綠色商店"
      }
    },
    {
      "type": "Feature",
      "geometry": {
        "type": "Point",
        "coordinates": [
          121.520949835666,
          25.063550530497
        ]
      },
      "properties": {
        "名稱": "全家便利商店股份有限公司-撫順店",
        "地址": "104臺北市中山區撫順街１２之２號１樓",
        "商店編號": "A000777",
        "電話": "02-25239588*6142",
        "類型": "連鎖型綠色商店"
      }
    },
    {
      "type": "Feature",
      "geometry": {
        "type": "Point",
        "coordinates": [
          121.566075739249,
          25.062177658576
        ]
      },
      "properties": {
        "名稱": "全家便利商店股份有限公司-撫遠店",
        "地址": "105臺北市松山區新東街６０巷１７號",
        "商店編號": "A001096",
        "電話": "02-25239588*6142",
        "類型": "連鎖型綠色商店"
      }
    },
    {
      "type": "Feature",
      "geometry": {
        "type": "Point",
        "coordinates": [
          121.553562312179,
          25.028245619046
        ]
      },
      "properties": {
        "名稱": "全家便利商店股份有限公司-樂利店",
        "地址": "106臺北市大安區通化街１６８號之２號",
        "商店編號": "A001008",
        "電話": "02-25239588*6142",
        "類型": "連鎖型綠色商店"
      }
    },
    {
      "type": "Feature",
      "geometry": {
        "type": "Point",
        "coordinates": [
          121.55851216128,
          25.079575136807
        ]
      },
      "properties": {
        "名稱": "全家便利商店股份有限公司-樂群店",
        "地址": "104臺北市中山區樂群二路１８６號",
        "商店編號": "A000693",
        "電話": "02-25239588*6142",
        "類型": "連鎖型綠色商店"
      }
    },
    {
      "type": "Feature",
      "geometry": {
        "type": "Point",
        "coordinates": [
          121.543946425218,
          25.039102404862
        ]
      },
      "properties": {
        "名稱": "全家便利商店股份有限公司-興仁店",
        "地址": "106臺北市大安區復興南路一段２１７號",
        "商店編號": "A000543",
        "電話": "02-25239588*6142",
        "類型": "連鎖型綠色商店"
      }
    },
    {
      "type": "Feature",
      "geometry": {
        "type": "Point",
        "coordinates": [
          121.545118550558,
          25.062439048226
        ]
      },
      "properties": {
        "名稱": "全家便利商店股份有限公司-興北店",
        "地址": "105臺北市松山區民權東路三段１０３巷１５—１號",
        "商店編號": "A001115",
        "電話": "02-25239588*6142",
        "類型": "連鎖型綠色商店"
      }
    },
    {
      "type": "Feature",
      "geometry": {
        "type": "Point",
        "coordinates": [
          121.542266356546,
          25.056198763222
        ]
      },
      "properties": {
        "名稱": "全家便利商店股份有限公司-興安店",
        "地址": "104臺北市中山區興安街５７號",
        "商店編號": "A001107",
        "電話": "02-25239588*6142",
        "類型": "連鎖型綠色商店"
      }
    },
    {
      "type": "Feature",
      "geometry": {
        "type": "Point",
        "coordinates": [
          121.543702679474,
          25.028316362308
        ]
      },
      "properties": {
        "名稱": "全家便利商店股份有限公司-興和店",
        "地址": "106臺北市大安區復興南路二段１５３號",
        "商店編號": "A000778",
        "電話": "02-25239588*6142",
        "類型": "連鎖型綠色商店"
      }
    },
    {
      "type": "Feature",
      "geometry": {
        "type": "Point",
        "coordinates": [
          121.543496484656,
          25.039691610746
        ]
      },
      "properties": {
        "名稱": "全家便利商店股份有限公司-興忠店",
        "地址": "106臺北市大安區復興南路一段２００號",
        "商店編號": "A001168",
        "電話": "02-25239588*6142",
        "類型": "連鎖型綠色商店"
      }
    },
    {
      "type": "Feature",
      "geometry": {
        "type": "Point",
        "coordinates": [
          121.558977105449,
          25.00664046733
        ]
      },
      "properties": {
        "名稱": "全家便利商店股份有限公司-興昌店",
        "地址": "116臺北市文山區辛亥路４段１０１巷１號",
        "商店編號": "A000697",
        "電話": "02-25239588*6142",
        "類型": "連鎖型綠色商店"
      }
    },
    {
      "type": "Feature",
      "geometry": {
        "type": "Point",
        "coordinates": [
          121.549910903699,
          25.000986580272
        ]
      },
      "properties": {
        "名稱": "全家便利商店股份有限公司-興欣店",
        "地址": "116臺北市文山區興隆路二段２０５號",
        "商店編號": "A001183",
        "電話": "02-25239588*6142",
        "類型": "連鎖型綠色商店"
      }
    },
    {
      "type": "Feature",
      "geometry": {
        "type": "Point",
        "coordinates": [
          121.543370253194,
          25.032863041867
        ]
      },
      "properties": {
        "名稱": "全家便利商店股份有限公司-興南店",
        "地址": "106臺北市大安區復興南路二段８，１０號",
        "商店編號": "A000544",
        "電話": "02-25239588*6142",
        "類型": "連鎖型綠色商店"
      }
    },
    {
      "type": "Feature",
      "geometry": {
        "type": "Point",
        "coordinates": [
          121.560469251853,
          24.986968685401
        ]
      },
      "properties": {
        "名稱": "全家便利商店股份有限公司-興崙店",
        "地址": "116臺北市文山區興隆路四段５０之１號",
        "商店編號": "A001092",
        "電話": "02-25239588*6142",
        "類型": "連鎖型綠色商店"
      }
    },
    {
      "type": "Feature",
      "geometry": {
        "type": "Point",
        "coordinates": [
          121.585330982499,
          25.0573952799
        ]
      },
      "properties": {
        "名稱": "全家便利商店股份有限公司-興盛店",
        "地址": "114臺北市內湖區新明路１８２號",
        "商店編號": "A001204",
        "電話": "02-25239588*6142",
        "類型": "連鎖型綠色商店"
      }
    },
    {
      "type": "Feature",
      "geometry": {
        "type": "Point",
        "coordinates": [
          121.605697582292,
          25.055928111568
        ]
      },
      "properties": {
        "名稱": "全家便利商店股份有限公司-興華店",
        "地址": "115臺北市南港區興華路８６號",
        "商店編號": "A001171",
        "電話": "02-25239588*6142",
        "類型": "連鎖型綠色商店"
      }
    },
    {
      "type": "Feature",
      "geometry": {
        "type": "Point",
        "coordinates": [
          121.575948635859,
          25.036357307457
        ]
      },
      "properties": {
        "名稱": "全家便利商店股份有限公司-興雅店",
        "地址": "110臺北市信義區虎林街２２２巷７９號",
        "商店編號": "A000690",
        "電話": "02-25239588*6142",
        "類型": "連鎖型綠色商店"
      }
    },
    {
      "type": "Feature",
      "geometry": {
        "type": "Point",
        "coordinates": [
          121.552266553767,
          25.000415814575
        ]
      },
      "properties": {
        "名稱": "全家便利商店股份有限公司-興園店",
        "地址": "116臺北市文山區興業里興隆路二段２２０巷３３號",
        "商店編號": "A001222",
        "電話": "02-25239588*6142",
        "類型": "連鎖型綠色商店"
      }
    },
    {
      "type": "Feature",
      "geometry": {
        "type": "Point",
        "coordinates": [
          121.552699479066,
          25.001636596863
        ]
      },
      "properties": {
        "名稱": "全家便利商店股份有限公司-興業店",
        "地址": "116臺北市文山區興隆路二段２７９號",
        "商店編號": "A000716",
        "電話": "02-25239588*6142",
        "類型": "連鎖型綠色商店"
      }
    },
    {
      "type": "Feature",
      "geometry": {
        "type": "Point",
        "coordinates": [
          121.543658423025,
          25.04549473759
        ]
      },
      "properties": {
        "名稱": "全家便利商店股份有限公司-興德店",
        "地址": "104臺北市中山區復興南路一段３８號",
        "商店編號": "A001076",
        "電話": "02-25239588*6142",
        "類型": "連鎖型綠色商店"
      }
    },
    {
      "type": "Feature",
      "geometry": {
        "type": "Point",
        "coordinates": [
          121.538107675285,
          25.083911849691
        ]
      },
      "properties": {
        "名稱": "全家便利商店股份有限公司-衡山店",
        "地址": "104臺北市中山區通北街１１１號",
        "商店編號": "A001203",
        "電話": "02-25239588*6142",
        "類型": "連鎖型綠色商店"
      }
    },
    {
      "type": "Feature",
      "geometry": {
        "type": "Point",
        "coordinates": [
          121.532197846813,
          25.060390133904
        ]
      },
      "properties": {
        "名稱": "全家便利商店股份有限公司-錦江店",
        "地址": "104臺北市中山區錦州街２１５號",
        "商店編號": "A001042",
        "電話": "02-25239588*6142",
        "類型": "連鎖型綠色商店"
      }
    },
    {
      "type": "Feature",
      "geometry": {
        "type": "Point",
        "coordinates": [
          121.521710325741,
          25.060237708995
        ]
      },
      "properties": {
        "名稱": "全家便利商店股份有限公司-錦西店",
        "地址": "104臺北市中山區錦西街８號",
        "商店編號": "A000966",
        "電話": "02-25239588*6142",
        "類型": "連鎖型綠色商店"
      }
    },
    {
      "type": "Feature",
      "geometry": {
        "type": "Point",
        "coordinates": [
          121.529026050833,
          25.060938226553
        ]
      },
      "properties": {
        "名稱": "全家便利商店股份有限公司-錦原店",
        "地址": "104臺北市中山區中原街１０１號１樓",
        "商店編號": "A000965",
        "電話": "02-25239588*6142",
        "類型": "連鎖型綠色商店"
      }
    },
    {
      "type": "Feature",
      "geometry": {
        "type": "Point",
        "coordinates": [
          121.546592129475,
          24.999174458213
        ]
      },
      "properties": {
        "名稱": "全家便利商店股份有限公司-靜心店",
        "地址": "116臺北市文山區興隆路二段７３號",
        "商店編號": "A000979",
        "電話": "02-25239588*6142",
        "類型": "連鎖型綠色商店"
      }
    },
    {
      "type": "Feature",
      "geometry": {
        "type": "Point",
        "coordinates": [
          121.532552820413,
          25.015743717093
        ]
      },
      "properties": {
        "名稱": "全家便利商店股份有限公司-館中店",
        "地址": "100臺北市中正區羅斯福路三段３１６巷８弄１號１樓",
        "商店編號": "A001066",
        "電話": "02-25239588*6142",
        "類型": "連鎖型綠色商店"
      }
    },
    {
      "type": "Feature",
      "geometry": {
        "type": "Point",
        "coordinates": [
          121.550599141768,
          25.040748945922
        ]
      },
      "properties": {
        "名稱": "全家便利商店股份有限公司-龍普店",
        "地址": "106臺北市大安區忠孝東路４段１７０巷６弄２號",
        "商店編號": "A000973",
        "電話": "02-25239588*6142",
        "類型": "連鎖型綠色商店"
      }
    },
    {
      "type": "Feature",
      "geometry": {
        "type": "Point",
        "coordinates": [
          121.536030388221,
          25.066358635699
        ]
      },
      "properties": {
        "名稱": "全家便利商店股份有限公司-濱江店",
        "地址": "104臺北市中山區建國北路三段１１１號１樓",
        "商店編號": "A001025",
        "電話": "02-25239588*6142",
        "類型": "連鎖型綠色商店"
      }
    },
    {
      "type": "Feature",
      "geometry": {
        "type": "Point",
        "coordinates": [
          121.565665948002,
          25.082807408219
        ]
      },
      "properties": {
        "名稱": "全家便利商店股份有限公司-環山店",
        "地址": "114臺北市內湖區環山路一段５號",
        "商店編號": "A001057",
        "電話": "02-25239588*6142",
        "類型": "連鎖型綠色商店"
      }
    },
    {
      "type": "Feature",
      "geometry": {
        "type": "Point",
        "coordinates": [
          121.490684962594,
          25.031473070863
        ]
      },
      "properties": {
        "名稱": "全家便利商店股份有限公司-環南店",
        "地址": "108臺北市萬華區環河南路二段２９８號",
        "商店編號": "A001219",
        "電話": "02-25239588*6142",
        "類型": "連鎖型綠色商店"
      }
    },
    {
      "type": "Feature",
      "geometry": {
        "type": "Point",
        "coordinates": [
          121.573795472073,
          25.085200148209
        ]
      },
      "properties": {
        "名稱": "全家便利商店股份有限公司-環德店",
        "地址": "114臺北市內湖區港華里環山路二段５５號１樓",
        "商店編號": "A001063",
        "電話": "02-25239588*6142",
        "類型": "連鎖型綠色商店"
      }
    },
    {
      "type": "Feature",
      "geometry": {
        "type": "Point",
        "coordinates": [
          121.525990879874,
          25.118250746801
        ]
      },
      "properties": {
        "名稱": "全家便利商店股份有限公司-磺溪店",
        "地址": "111臺北市士林區天母西路４０－１號",
        "商店編號": "A000953",
        "電話": "02-25239588*6142",
        "類型": "連鎖型綠色商店"
      }
    },
    {
      "type": "Feature",
      "geometry": {
        "type": "Point",
        "coordinates": [
          121.563517666219,
          25.042339328231
        ]
      },
      "properties": {
        "名稱": "全家便利商店股份有限公司-聯合店",
        "地址": "110臺北市信義區忠孝東路四段５５３巷６弄１７號１樓",
        "商店編號": "A001040",
        "電話": "02-25239588*6142",
        "類型": "連鎖型綠色商店"
      }
    },
    {
      "type": "Feature",
      "geometry": {
        "type": "Point",
        "coordinates": [
          121.546353623991,
          25.056962731787
        ]
      },
      "properties": {
        "名稱": "全家便利商店股份有限公司-豐禾店",
        "地址": "105臺北市松山區民生東路三段１３０巷５弄２號",
        "商店編號": "A000909",
        "電話": "02-25239588*6142",
        "類型": "連鎖型綠色商店"
      }
    },
    {
      "type": "Feature",
      "geometry": {
        "type": "Point",
        "coordinates": [
          121.54554686581,
          25.058583205127
        ]
      },
      "properties": {
        "名稱": "全家便利商店股份有限公司-豐華店",
        "地址": "105臺北市松山區民生東路三段１１３巷６弄１號一樓",
        "商店編號": "A000701",
        "電話": "02-25239588*6142",
        "類型": "連鎖型綠色商店"
      }
    },
    {
      "type": "Feature",
      "geometry": {
        "type": "Point",
        "coordinates": [
          121.547133476263,
          25.05695376315
        ]
      },
      "properties": {
        "名稱": "全家便利商店股份有限公司-豐興店",
        "地址": "105臺北市松山區民生東路三段１３０巷５弄２２號",
        "商店編號": "A001089",
        "電話": "02-25239588*6142",
        "類型": "連鎖型綠色商店"
      }
    },
    {
      "type": "Feature",
      "geometry": {
        "type": "Point",
        "coordinates": [
          121.5242967064,
          25.064534986434
        ]
      },
      "properties": {
        "名稱": "全家便利商店股份有限公司-雙城店",
        "地址": "104臺北市中山區雙城街１２之１號",
        "商店編號": "A000914",
        "電話": "02-25239588*6142",
        "類型": "連鎖型綠色商店"
      }
    },
    {
      "type": "Feature",
      "geometry": {
        "type": "Point",
        "coordinates": [
          121.524435198644,
          25.063064002927
        ]
      },
      "properties": {
        "名稱": "全家便利商店股份有限公司-雙權店",
        "地址": "104臺北市中山區雙城街１號１樓",
        "商店編號": "A000942",
        "電話": "02-25239588*6142",
        "類型": "連鎖型綠色商店"
      }
    },
    {
      "type": "Feature",
      "geometry": {
        "type": "Point",
        "coordinates": [
          121.543606958139,
          25.044152417706
        ]
      },
      "properties": {
        "名稱": "全家便利商店股份有限公司-懷生店",
        "地址": "106臺北市大安區復興南路１段７０號",
        "商店編號": "A000658",
        "電話": "02-25239588*6142",
        "類型": "連鎖型綠色商店"
      }
    },
    {
      "type": "Feature",
      "geometry": {
        "type": "Point",
        "coordinates": [
          121.521926243567,
          25.028092691222
        ]
      },
      "properties": {
        "名稱": "全家便利商店股份有限公司-羅中店",
        "地址": "106臺北市大安區羅斯福路二段１７號１Ｆ",
        "商店編號": "A001224",
        "電話": "02-25239588*6142",
        "類型": "連鎖型綠色商店"
      }
    },
    {
      "type": "Feature",
      "geometry": {
        "type": "Point",
        "coordinates": [
          121.579088057195,
          25.080349163655
        ]
      },
      "properties": {
        "名稱": "全家便利商店股份有限公司-麗山店",
        "地址": "114臺北市內湖區內湖路一段７３７巷４９號",
        "商店編號": "A001220",
        "電話": "02-25239588*6142",
        "類型": "連鎖型綠色商店"
      }
    },
    {
      "type": "Feature",
      "geometry": {
        "type": "Point",
        "coordinates": [
          121.493340684796,
          25.027240419307
        ]
      },
      "properties": {
        "名稱": "全家便利商店股份有限公司-寶元店",
        "地址": "108臺北市萬華區寶興街４０號",
        "商店編號": "A000908",
        "電話": "02-25239588*6142",
        "類型": "連鎖型綠色商店"
      }
    },
    {
      "type": "Feature",
      "geometry": {
        "type": "Point",
        "coordinates": [
          121.572437017026,
          25.049798174319
        ]
      },
      "properties": {
        "名稱": "全家便利商店股份有限公司-寶清店",
        "地址": "105臺北市松山區八德路四段５９８號１樓",
        "商店編號": "A001187",
        "電話": "02-25239588*6142",
        "類型": "連鎖型綠色商店"
      }
    },
    {
      "type": "Feature",
      "geometry": {
        "type": "Point",
        "coordinates": [
          121.509593362692,
          25.041756576412
        ]
      },
      "properties": {
        "名稱": "全家便利商店股份有限公司-寶慶店",
        "地址": "100臺北市中正區延平南路１１１號",
        "商店編號": "A001068",
        "電話": "02-25239588*6142",
        "類型": "連鎖型綠色商店"
      }
    },
    {
      "type": "Feature",
      "geometry": {
        "type": "Point",
        "coordinates": [
          121.494220868449,
          25.026083297574
        ]
      },
      "properties": {
        "名稱": "全家便利商店股份有限公司-寶興店",
        "地址": "108臺北市萬華區寶興街７８號",
        "商店編號": "A001023",
        "電話": "02-25239588*6142",
        "類型": "連鎖型綠色商店"
      }
    },
    {
      "type": "Feature",
      "geometry": {
        "type": "Point",
        "coordinates": [
          121.515974254122,
          25.070592628359
        ]
      },
      "properties": {
        "名稱": "全家便利商店股份有限公司-蘭州店",
        "地址": "103臺北市大同區大龍街２１７號１樓",
        "商店編號": "A001232",
        "電話": "02-25239588*6142",
        "類型": "連鎖型綠色商店"
      }
    },
    {
      "type": "Feature",
      "geometry": {
        "type": "Point",
        "coordinates": [
          121.529774890062,
          25.110869684774
        ]
      },
      "properties": {
        "名稱": "全家便利商店股份有限公司-蘭雅店",
        "地址": "111臺北市士林區忠誠路二段５０巷１０號",
        "商店編號": "A001031",
        "電話": "02-25239588*6142",
        "類型": "連鎖型綠色商店"
      }
    },
    {
      "type": "Feature",
      "geometry": {
        "type": "Point",
        "coordinates": [
          121.562603032944,
          24.984552601811
        ]
      },
      "properties": {
        "名稱": "全家便利商店股份有限公司-鑫順店",
        "地址": "116台北市文山區忠順街二段１６號",
        "商店編號": "A000949",
        "電話": "02-25239588*6142",
        "類型": "連鎖型綠色商店"
      }
    },
    {
      "type": "Feature",
      "geometry": {
        "type": "Point",
        "coordinates": [
          121.558800834026,
          25.058344530435
        ]
      },
      "properties": {
        "名稱": "全國電子股份有公司台北市第二十六分公司",
        "地址": "105臺北市松山區民生東路五段72號",
        "商店編號": "A000087",
        "電話": "02-22989922-5302",
        "類型": "連鎖型綠色商店"
      }
    },
    {
      "type": "Feature",
      "geometry": {
        "type": "Point",
        "coordinates": [
          121.560516693425,
          24.981807779978
        ]
      },
      "properties": {
        "名稱": "全國電子股份有公司台北市第三十七分公司全國電子台北木新門市",
        "地址": "116臺北市文山區木新路三段180號1樓",
        "商店編號": "A000090",
        "電話": "02-22990328",
        "類型": "連鎖型綠色商店"
      }
    },
    {
      "type": "Feature",
      "geometry": {
        "type": "Point",
        "coordinates": [
          121.515062973609,
          25.072123541065
        ]
      },
      "properties": {
        "名稱": "全國電子股份有公司台北市第三十三分公司",
        "地址": "103臺北市大同區酒泉街111號",
        "商店編號": "A000086",
        "電話": "02-22989922-5302",
        "類型": "連鎖型綠色商店"
      }
    },
    {
      "type": "Feature",
      "geometry": {
        "type": "Point",
        "coordinates": [
          121.509946324634,
          25.084702556527
        ]
      },
      "properties": {
        "名稱": "全國電子股份有公司台北市第五十分公司",
        "地址": "111台北市士林區延平北路五段250.252號",
        "商店編號": "A000097",
        "電話": "02-28105268",
        "類型": "連鎖型綠色商店"
      }
    },
    {
      "type": "Feature",
      "geometry": {
        "type": "Point",
        "coordinates": [
          121.537327403919,
          25.059818697655
        ]
      },
      "properties": {
        "名稱": "全國電子股份有公司台北市第四十七分公司",
        "地址": "105臺北市松山區建國北路二段123號",
        "商店編號": "A000089",
        "電話": "02-22989922-5302",
        "類型": "連鎖型綠色商店"
      }
    },
    {
      "type": "Feature",
      "geometry": {
        "type": "Point",
        "coordinates": [
          121.544417823453,
          25.059683329919
        ]
      },
      "properties": {
        "名稱": "全國電子股份有公司台北市第四十九分公司",
        "地址": "105台北市松山區復興北路331號",
        "商店編號": "A000096",
        "電話": "02-87120318",
        "類型": "連鎖型綠色商店"
      }
    },
    {
      "type": "Feature",
      "geometry": {
        "type": "Point",
        "coordinates": [
          121.532554077698,
          25.039862811118
        ]
      },
      "properties": {
        "名稱": "全國電子股份有公司台北市第四十八分公司",
        "地址": "100臺北市中正區新生南路一段102號",
        "商店編號": "A000088",
        "電話": "02-22989922-5302",
        "類型": "連鎖型綠色商店"
      }
    },
    {
      "type": "Feature",
      "geometry": {
        "type": "Point",
        "coordinates": [
          121.498916662065,
          25.1353142481
        ]
      },
      "properties": {
        "名稱": "全國電子股份有限公司台北市第一分公司",
        "地址": "112臺北市北投區中央北路1段138號",
        "商店編號": "A000072",
        "電話": "02-22989922#5302",
        "類型": "連鎖型綠色商店"
      }
    },
    {
      "type": "Feature",
      "geometry": {
        "type": "Point",
        "coordinates": [
          121.582464120156,
          25.044660738224
        ]
      },
      "properties": {
        "名稱": "全國電子股份有限公司台北市第七分公司",
        "地址": "115臺北市南港區忠孝東路5段984號",
        "商店編號": "A000061",
        "電話": "02-22989922#5302",
        "類型": "連鎖型綠色商店"
      }
    },
    {
      "type": "Feature",
      "geometry": {
        "type": "Point",
        "coordinates": [
          121.594084371624,
          25.08318995828
        ]
      },
      "properties": {
        "名稱": "全國電子股份有限公司台北市第九分公司",
        "地址": "114臺北市內湖區成功路4段155號",
        "商店編號": "A000055",
        "電話": "02-22989922#5302",
        "類型": "連鎖型綠色商店"
      }
    },
    {
      "type": "Feature",
      "geometry": {
        "type": "Point",
        "coordinates": [
          121.506546037973,
          25.027105303028
        ]
      },
      "properties": {
        "名稱": "全國電子股份有限公司台北市第二十一分公司",
        "地址": "108臺北市萬華區中華路二段436號",
        "商店編號": "A000063",
        "電話": "02-22989922#5302",
        "類型": "連鎖型綠色商店"
      }
    },
    {
      "type": "Feature",
      "geometry": {
        "type": "Point",
        "coordinates": [
          121.524309637735,
          25.024036604457
        ]
      },
      "properties": {
        "名稱": "全國電子股份有限公司台北市第二十七分公司",
        "地址": "100臺北市中正區南昌路2段206號",
        "商店編號": "A000066",
        "電話": "02-22989922#5302",
        "類型": "連鎖型綠色商店"
      }
    },
    {
      "type": "Feature",
      "geometry": {
        "type": "Point",
        "coordinates": [
          121.504399013475,
          25.137109484122
        ]
      },
      "properties": {
        "名稱": "全國電子股份有限公司台北市第二十九分公司",
        "地址": "112臺北市北投區泉源路12-1號",
        "商店編號": "A000069",
        "電話": "02-22989922#5302",
        "類型": "連鎖型綠色商店"
      }
    },
    {
      "type": "Feature",
      "geometry": {
        "type": "Point",
        "coordinates": [
          121.513581975137,
          25.057117461719
        ]
      },
      "properties": {
        "名稱": "全國電子股份有限公司台北市第二十二分公司",
        "地址": "103臺北市大同區重慶北路2段100-106號",
        "商店編號": "A000064",
        "電話": "02-22989922#5302",
        "類型": "連鎖型綠色商店"
      }
    },
    {
      "type": "Feature",
      "geometry": {
        "type": "Point",
        "coordinates": [
          121.526187854598,
          25.119215294309
        ]
      },
      "properties": {
        "名稱": "全國電子股份有限公司台北市第二十八分公司",
        "地址": "111臺北市士林區天母北路8號",
        "商店編號": "A000071",
        "電話": "02-22989922#5302",
        "類型": "連鎖型綠色商店"
      }
    },
    {
      "type": "Feature",
      "geometry": {
        "type": "Point",
        "coordinates": [
          121.524635190854,
          25.095353482801
        ]
      },
      "properties": {
        "名稱": "全國電子股份有限公司台北市第二十三分公司",
        "地址": "111臺北市士林區福佳里文林路448號",
        "商店編號": "A000051",
        "電話": "02-22989922#5302",
        "類型": "連鎖型綠色商店"
      }
    },
    {
      "type": "Feature",
      "geometry": {
        "type": "Point",
        "coordinates": [
          121.554092981572,
          25.001110869879
        ]
      },
      "properties": {
        "名稱": "全國電子股份有限公司台北市第八分公司",
        "地址": "116臺北市文山區興隆路2段333號",
        "商店編號": "A000073",
        "電話": "02-22989922#5302",
        "類型": "連鎖型綠色商店"
      }
    },
    {
      "type": "Feature",
      "geometry": {
        "type": "Point",
        "coordinates": [
          121.538969586389,
          25.001433251892
        ]
      },
      "properties": {
        "名稱": "全國電子股份有限公司台北市第十八分公司",
        "地址": "116臺北市文山區羅斯福路5段238號1-2樓",
        "商店編號": "A000074",
        "電話": "02-22989922#5302",
        "類型": "連鎖型綠色商店"
      }
    },
    {
      "type": "Feature",
      "geometry": {
        "type": "Point",
        "coordinates": [
          121.52327992093,
          25.083828910759
        ]
      },
      "properties": {
        "名稱": "全國電子股份有限公司台北市第十三分公司",
        "地址": "111臺北市士林區承德路4段128號",
        "商店編號": "A000054",
        "電話": "02-22989922#5302",
        "類型": "連鎖型綠色商店"
      }
    },
    {
      "type": "Feature",
      "geometry": {
        "type": "Point",
        "coordinates": [
          121.614639564238,
          25.068551132022
        ]
      },
      "properties": {
        "名稱": "全國電子股份有限公司台北市第十五分公司",
        "地址": "114臺北市內湖區東湖路84號",
        "商店編號": "A000060",
        "電話": "02-22989922#5302",
        "類型": "連鎖型綠色商店"
      }
    },
    {
      "type": "Feature",
      "geometry": {
        "type": "Point",
        "coordinates": [
          121.553664655217,
          25.048302088421
        ]
      },
      "properties": {
        "名稱": "全國電子股份有限公司台北市第十分公司",
        "地址": "105臺北市松山區八德路三段103號",
        "商店編號": "A000059",
        "電話": "02-22989922#5302",
        "類型": "連鎖型綠色商店"
      }
    },
    {
      "type": "Feature",
      "geometry": {
        "type": "Point",
        "coordinates": [
          121.559786713477,
          25.051301678201
        ]
      },
      "properties": {
        "名稱": "全國電子股份有限公司台北市第三十一分公司",
        "地址": "105臺北市松山區南京東路5段46號",
        "商店編號": "A000067",
        "電話": "02-22989922#5302",
        "類型": "連鎖型綠色商店"
      }
    },
    {
      "type": "Feature",
      "geometry": {
        "type": "Point",
        "coordinates": [
          121.49337461897,
          25.026447037228
        ]
      },
      "properties": {
        "名稱": "全國電子股份有限公司台北市第三十九分公司",
        "地址": "108臺北市萬華區西園路2段243號",
        "商店編號": "A000077",
        "電話": "02-22989922#5302",
        "類型": "連鎖型綠色商店"
      }
    },
    {
      "type": "Feature",
      "geometry": {
        "type": "Point",
        "coordinates": [
          121.553094182887,
          25.019852651758
        ]
      },
      "properties": {
        "名稱": "全國電子股份有限公司台北市第三十二分公司",
        "地址": "106臺北市大安區樂業街152號",
        "商店編號": "A000068",
        "電話": "02-22989922#5302",
        "類型": "連鎖型綠色商店"
      }
    },
    {
      "type": "Feature",
      "geometry": {
        "type": "Point",
        "coordinates": [
          121.566667920708,
          24.988688149019
        ]
      },
      "properties": {
        "名稱": "全國電子股份有限公司台北市第三十八分公司",
        "地址": "116臺北市文山區木柵路3段63、65號",
        "商店編號": "A000076",
        "電話": "02-22989922#5302",
        "類型": "連鎖型綠色商店"
      }
    },
    {
      "type": "Feature",
      "geometry": {
        "type": "Point",
        "coordinates": [
          121.548525458923,
          25.081486085002
        ]
      },
      "properties": {
        "名稱": "全國電子股份有限公司台北市第三十六分公司",
        "地址": "104臺北市中山區北安路577號",
        "商店編號": "A000075",
        "電話": "02-22989922#5302",
        "類型": "連鎖型綠色商店"
      }
    },
    {
      "type": "Feature",
      "geometry": {
        "type": "Point",
        "coordinates": [
          121.500596982194,
          25.026232704998
        ]
      },
      "properties": {
        "名稱": "全國電子股份有限公司台北市第三十四分公司",
        "地址": "108臺北市萬華區萬大路241號",
        "商店編號": "A000058",
        "電話": "02-22989922#5302",
        "類型": "連鎖型綠色商店"
      }
    },
    {
      "type": "Feature",
      "geometry": {
        "type": "Point",
        "coordinates": [
          121.554178495216,
          25.031733523682
        ]
      },
      "properties": {
        "名稱": "全國電子股份有限公司台北市第五分公司",
        "地址": "106臺北市大安區通化街26號",
        "商店編號": "A000065",
        "電話": "02-22989922#5302",
        "類型": "連鎖型綠色商店"
      }
    },
    {
      "type": "Feature",
      "geometry": {
        "type": "Point",
        "coordinates": [
          121.51142438944,
          25.113750377257
        ]
      },
      "properties": {
        "名稱": "全國電子股份有限公司台北市第六分公司",
        "地址": "112臺北市北投區石牌路1段79號",
        "商店編號": "A000070",
        "電話": "02-22989922#5302",
        "類型": "連鎖型綠色商店"
      }
    },
    {
      "type": "Feature",
      "geometry": {
        "type": "Point",
        "coordinates": [
          121.590071619297,
          25.080167443995
        ]
      },
      "properties": {
        "名稱": "全國電子股份有限公司台北市第四十一分公司",
        "地址": "114臺北市內湖區成功路三段158號",
        "商店編號": "A000050",
        "電話": "02-22989922#5302",
        "類型": "連鎖型綠色商店"
      }
    },
    {
      "type": "Feature",
      "geometry": {
        "type": "Point",
        "coordinates": [
          121.532817185639,
          25.109166691596
        ]
      },
      "properties": {
        "名稱": "全國電子股份有限公司台北市第四十二分公司",
        "地址": "111臺北市士林區德行東路226號",
        "商店編號": "A000052",
        "電話": "02-22989922#5302",
        "類型": "連鎖型綠色商店"
      }
    },
    {
      "type": "Feature",
      "geometry": {
        "type": "Point",
        "coordinates": [
          121.543854811016,
          24.991605428509
        ]
      },
      "properties": {
        "名稱": "全國電子股份有限公司台北市第四十五分公司",
        "地址": "116臺北市文山區景興路217號",
        "商店編號": "A000056",
        "電話": "02-22989922#5302",
        "類型": "連鎖型綠色商店"
      }
    },
    {
      "type": "Feature",
      "geometry": {
        "type": "Point",
        "coordinates": [
          121.585794669383,
          25.045891411158
        ]
      },
      "properties": {
        "名稱": "全國電子股份有限公司台北市第四十六分公司",
        "地址": "115臺北市南港區成福路4號",
        "商店編號": "A000057",
        "電話": "02-22989922#5302",
        "類型": "連鎖型綠色商店"
      }
    },
    {
      "type": "Feature",
      "geometry": {
        "type": "Point",
        "coordinates": [
          121.531786714462,
          25.062726840872
        ]
      },
      "properties": {
        "名稱": "全國電子股份有限公司台北市第四十分公司",
        "地址": "104臺北市中山區民權東路二段73號",
        "商店編號": "A000079",
        "電話": "02-22989922#5302",
        "類型": "連鎖型綠色商店"
      }
    },
    {
      "type": "Feature",
      "geometry": {
        "type": "Point",
        "coordinates": [
          121.539308299096,
          25.025242005952
        ]
      },
      "properties": {
        "名稱": "全國電子股份有限公司台北市第四十四分公司",
        "地址": "106臺北市大安區和平東路二段78號",
        "商店編號": "A000053",
        "電話": "02-22989922#5302",
        "類型": "連鎖型綠色商店"
      }
    },
    {
      "type": "Feature",
      "geometry": {
        "type": "Point",
        "coordinates": [
          121.495837738398,
          25.132759681262
        ]
      },
      "properties": {
        "名稱": "全勝汽車股份有限公司",
        "地址": "112台北市北投區大業路258號1樓",
        "商店編號": "A001482",
        "電話": "02-25066898",
        "類型": "連鎖型綠色商店"
      }
    },
    {
      "type": "Feature",
      "geometry": {
        "type": "Point",
        "coordinates": [
          121.55773555597,
          25.051399075532
        ]
      },
      "properties": {
        "名稱": "全勝汽車股份有限公司松山分公司",
        "地址": "105台北市松山區光復北路81號",
        "商店編號": "A001477",
        "電話": "02-25066898",
        "類型": "連鎖型綠色商店"
      }
    },
    {
      "type": "Feature",
      "geometry": {
        "type": "Point",
        "coordinates": [
          121.540211532982,
          25.072722763323
        ]
      },
      "properties": {
        "名稱": "全勝汽車股份有限公司松江分公司",
        "地址": "104台北市中山區濱江街211號",
        "商店編號": "A001479",
        "電話": "02-25066898",
        "類型": "連鎖型綠色商店"
      }
    },
    {
      "type": "Feature",
      "geometry": {
        "type": "Point",
        "coordinates": [
          121.553341029935,
          25.025277335674
        ]
      },
      "properties": {
        "名稱": "固德汽車股份有限公司仁愛分公司",
        "地址": "106台北市基隆路二段180號",
        "商店編號": "A001476",
        "電話": "02-25066898",
        "類型": "連鎖型綠色商店"
      }
    },
    {
      "type": "Feature",
      "geometry": {
        "type": "Point",
        "coordinates": [
          121.518510450385,
          25.063401709806
        ]
      },
      "properties": {
        "名稱": "承德傢俱生活館",
        "地址": "103臺北市大同區承德路3段3號",
        "商店編號": "A000094",
        "電話": "02-26002108",
        "類型": "連鎖型綠色商店"
      }
    },
    {
      "type": "Feature",
      "geometry": {
        "type": "Point",
        "coordinates": [
          121.540046189397,
          24.990643015332
        ]
      },
      "properties": {
        "名稱": "美德傢俱有限公司",
        "地址": "116臺北市文山區羅斯福路六段437號1樓",
        "商店編號": "A000098",
        "電話": "02-8663-3268",
        "類型": "連鎖型綠色商店"
      }
    },
    {
      "type": "Feature",
      "geometry": {
        "type": "Point",
        "coordinates": [
          121.563538872434,
          25.061650646414
        ]
      },
      "properties": {
        "名稱": "家福股份有限公司三民分公司",
        "地址": "105臺北市松山區三民路160號",
        "商店編號": "A000015",
        "電話": "02-27670702#880",
        "類型": "連鎖型綠色商店"
      }
    },
    {
      "type": "Feature",
      "geometry": {
        "type": "Point",
        "coordinates": [
          121.499514291761,
          25.141740904721
        ]
      },
      "properties": {
        "名稱": "家福股份有限公司北投分公司",
        "地址": "112臺北市北投區中和街366號",
        "商店編號": "A000083",
        "電話": "02-28963000#885",
        "類型": "連鎖型綠色商店"
      }
    },
    {
      "type": "Feature",
      "geometry": {
        "type": "Point",
        "coordinates": [
          121.557791317607,
          25.082498074082
        ]
      },
      "properties": {
        "名稱": "家福股份有限公司台北大直分公司",
        "地址": "104臺北市中山區樂群三路218號2F",
        "商店編號": "A000021",
        "電話": "02-85095577#880",
        "類型": "連鎖型綠色商店"
      }
    },
    {
      "type": "Feature",
      "geometry": {
        "type": "Point",
        "coordinates": [
          121.575364899624,
          25.060140688466
        ]
      },
      "properties": {
        "名稱": "家福股份有限公司台北內湖分公司",
        "地址": "114臺北市內湖區民善街88號",
        "商店編號": "A000019",
        "電話": "02-87905000#872",
        "類型": "連鎖型綠色商店"
      }
    },
    {
      "type": "Feature",
      "geometry": {
        "type": "Point",
        "coordinates": [
          121.522553293743,
          25.105547888719
        ]
      },
      "properties": {
        "名稱": "家福股份有限公司台北天母分公司",
        "地址": "111臺北市士林區德行西路47號",
        "商店編號": "A000016",
        "電話": "02-28338042#880",
        "類型": "連鎖型綠色商店"
      }
    },
    {
      "type": "Feature",
      "geometry": {
        "type": "Point",
        "coordinates": [
          121.566501120835,
          25.048053858358
        ]
      },
      "properties": {
        "名稱": "家福股份有限公司台北東興分公司",
        "地址": "110臺北市信義區東興路39、41、43、45地下一樓",
        "商店編號": "A000020",
        "電話": "02-87681111#880",
        "類型": "連鎖型綠色商店"
      }
    },
    {
      "type": "Feature",
      "geometry": {
        "type": "Point",
        "coordinates": [
          121.513828151633,
          25.05902191394
        ]
      },
      "properties": {
        "名稱": "家福股份有限公司台北重慶分公司",
        "地址": "103臺北市大同區重慶北路2段171號地下1F和2F",
        "商店編號": "A000014",
        "電話": "02-25537389#880",
        "類型": "連鎖型綠色商店"
      }
    },
    {
      "type": "Feature",
      "geometry": {
        "type": "Point",
        "coordinates": [
          121.605578223991,
          25.054442503049
        ]
      },
      "properties": {
        "名稱": "家福股份有限公司南港分公司",
        "地址": "115臺北市南港區南港路二段20巷5號B1-1",
        "商店編號": "A000018",
        "電話": "02-27882550#880",
        "類型": "連鎖型綠色商店"
      }
    },
    {
      "type": "Feature",
      "geometry": {
        "type": "Point",
        "coordinates": [
          121.506303549514,
          25.037675427756
        ]
      },
      "properties": {
        "名稱": "家樂福臺北桂林分公司",
        "地址": "108臺北市萬華區桂林路1號",
        "商店編號": "A000017",
        "電話": "02-23889887#880",
        "類型": "連鎖型綠色商店"
      }
    },
    {
      "type": "Feature",
      "geometry": {
        "type": "Point",
        "coordinates": [
          121.56370801924,
          25.057546154157
        ]
      },
      "properties": {
        "名稱": "振宇五金股份有限公司松山三民分公司",
        "地址": "105臺北市松山區三民路108之8號",
        "商店編號": "A001749",
        "電話": "02-87681536",
        "類型": "連鎖型綠色商店"
      }
    },
    {
      "type": "Feature",
      "geometry": {
        "type": "Point",
        "coordinates": [
          121.605578223991,
          25.054442503049
        ]
      },
      "properties": {
        "名稱": "特力屋(股)南港興華分公司",
        "地址": "115臺北市南港區南港路二段20巷5號B1",
        "商店編號": "A001734",
        "電話": "02-87916668#6554",
        "類型": "連鎖型綠色商店"
      }
    },
    {
      "type": "Feature",
      "geometry": {
        "type": "Point",
        "coordinates": [
          121.520461338349,
          25.092421451161
        ]
      },
      "properties": {
        "名稱": "特力屋股份有限公司士林分公司",
        "地址": "111 台北市士林區基河路258號",
        "商店編號": "A000005",
        "電話": "02-2889-1000#666",
        "類型": "連鎖型綠色商店"
      }
    },
    {
      "type": "Feature",
      "geometry": {
        "type": "Point",
        "coordinates": [
          121.514147250687,
          25.055815165423
        ]
      },
      "properties": {
        "名稱": "特力屋股份有限公司大同重慶北分公司",
        "地址": "103臺北市大同區重慶北路二段69、69-1號",
        "商店編號": "A001736",
        "電話": "02-87916668#6554",
        "類型": "連鎖型綠色商店"
      }
    },
    {
      "type": "Feature",
      "geometry": {
        "type": "Point",
        "coordinates": [
          121.551621901594,
          25.030386147569
        ]
      },
      "properties": {
        "名稱": "特力屋股份有限公司大安安和分公司",
        "地址": "106臺北市大安區安和路二段74巷3號",
        "商店編號": "A001733",
        "電話": "02-87916668#6554",
        "類型": "連鎖型綠色商店"
      }
    },
    {
      "type": "Feature",
      "geometry": {
        "type": "Point",
        "coordinates": [
          121.574203335482,
          25.062186711031
        ]
      },
      "properties": {
        "名稱": "特力屋股份有限公司內湖分公司",
        "地址": "114臺北市內湖區新湖三路23號B1",
        "商店編號": "A000004",
        "電話": "02-8791-8896#6666",
        "類型": "連鎖型綠色商店"
      }
    },
    {
      "type": "Feature",
      "geometry": {
        "type": "Point",
        "coordinates": [
          121.574203335482,
          25.062186711031
        ]
      },
      "properties": {
        "名稱": "特力屋股份有限公司和樂內湖分公司",
        "地址": "114臺北市內湖區新湖三路23號1樓",
        "商店編號": "A001732",
        "電話": "02-87916668#6273",
        "類型": "連鎖型綠色商店"
      }
    },
    {
      "type": "Feature",
      "geometry": {
        "type": "Point",
        "coordinates": [
          121.521318974682,
          25.037151265441
        ]
      },
      "properties": {
        "名稱": "國防部福利事業管利處信義福利站",
        "地址": "100臺北市中正區信義路一段三號地下一樓",
        "商店編號": "A000008",
        "電話": "02-23418026",
        "類型": "連鎖型綠色商店"
      }
    },
    {
      "type": "Feature",
      "geometry": {
        "type": "Point",
        "coordinates": [
          121.55169759018,
          25.0233532698
        ]
      },
      "properties": {
        "名稱": "國防部福利事業管理處大安福利站",
        "地址": "106臺北市大安區基隆路二段207號",
        "商店編號": "A000009",
        "電話": "02-27322110",
        "類型": "連鎖型綠色商店"
      }
    },
    {
      "type": "Feature",
      "geometry": {
        "type": "Point",
        "coordinates": [
          121.508290395843,
          25.039275407344
        ]
      },
      "properties": {
        "名稱": "國防部福利事業管理處中華福利站",
        "地址": "100臺北市中正區貴陽街一段243之1號",
        "商店編號": "A000013",
        "電話": "02-23610137",
        "類型": "連鎖型綠色商店"
      }
    },
    {
      "type": "Feature",
      "geometry": {
        "type": "Point",
        "coordinates": [
          121.5032185,
          25.127903
        ]
      },
      "properties": {
        "名稱": "國防部福利事業管理處北投福利站",
        "地址": "112臺北市北投區中央北路338號",
        "商店編號": "A000010",
        "電話": "02-28913431",
        "類型": "連鎖型綠色商店"
      }
    },
    {
      "type": "Feature",
      "geometry": {
        "type": "Point",
        "coordinates": [
          121.510806056443,
          25.036896078399
        ]
      },
      "properties": {
        "名稱": "國防部福利事業管理處忠愛福利站",
        "地址": "100臺北市中正區博愛路172號",
        "商店編號": "A000007",
        "電話": "02-23143683",
        "類型": "連鎖型綠色商店"
      }
    },
    {
      "type": "Feature",
      "geometry": {
        "type": "Point",
        "coordinates": [
          121.557704564909,
          25.053940175592
        ]
      },
      "properties": {
        "名稱": "國防部福利事業管理處松山福利站",
        "地址": "105臺北市松山區健康路131號",
        "商店編號": "A000011",
        "電話": "02-27666169",
        "類型": "連鎖型綠色商店"
      }
    },
    {
      "type": "Feature",
      "geometry": {
        "type": "Point",
        "coordinates": [
          121.504394319609,
          25.027366650769
        ]
      },
      "properties": {
        "名稱": "國防部福事業管理處南機場福利站",
        "地址": "108臺北市萬華區中華路2段416巷58號",
        "商店編號": "A000012",
        "電話": "02-23328310",
        "類型": "連鎖型綠色商店"
      }
    },
    {
      "type": "Feature",
      "geometry": {
        "type": "Point",
        "coordinates": [
          121.524025409992,
          25.106161331523
        ]
      },
      "properties": {
        "名稱": "國都豐田汽車天母營業所",
        "地址": "111臺北市德行西路15號",
        "商店編號": "A001507",
        "電話": "02-2833-5215",
        "類型": "連鎖型綠色商店"
      }
    },
    {
      "type": "Feature",
      "geometry": {
        "type": "Point",
        "coordinates": [
          121.537560085551,
          25.058076812447
        ]
      },
      "properties": {
        "名稱": "國都豐田汽車民生營業所",
        "地址": "104臺北市民生東路三段3號",
        "商店編號": "A001506",
        "電話": "02-2516-6877",
        "類型": "連鎖型綠色商店"
      }
    },
    {
      "type": "Feature",
      "geometry": {
        "type": "Point",
        "coordinates": [
          121.533270059867,
          25.053554105132
        ]
      },
      "properties": {
        "名稱": "國都豐田汽車南松江營業所",
        "地址": "104臺北市松江路127號2F",
        "商店編號": "A001505",
        "電話": "02-2517-6761",
        "類型": "連鎖型綠色商店"
      }
    },
    {
      "type": "Feature",
      "geometry": {
        "type": "Point",
        "coordinates": [
          121.506012697474,
          25.115959176382
        ]
      },
      "properties": {
        "名稱": "國都豐田汽車陽明營業所",
        "地址": "112臺北市承德路7段260號",
        "商店編號": "A001508",
        "電話": "02-2822-0322",
        "類型": "連鎖型綠色商店"
      }
    },
    {
      "type": "Feature",
      "geometry": {
        "type": "Point",
        "coordinates": [
          121.542483866933,
          25.072706334792
        ]
      },
      "properties": {
        "名稱": "國都豐田汽車濱江營業所",
        "地址": "104臺北市中山區濱江街269號",
        "商店編號": "A001497",
        "電話": "25087691",
        "類型": "連鎖型綠色商店"
      }
    },
    {
      "type": "Feature",
      "geometry": {
        "type": "Point",
        "coordinates": [
          121.560325586032,
          25.048570896056
        ]
      },
      "properties": {
        "名稱": "頂好Wellcome（八德店）",
        "地址": "106臺北市大安區八德路四段83號",
        "商店編號": "A000140",
        "電話": "02-28839489分機318",
        "類型": "連鎖型綠色商店"
      }
    },
    {
      "type": "Feature",
      "geometry": {
        "type": "Point",
        "coordinates": [
          121.556998054291,
          25.048233985458
        ]
      },
      "properties": {
        "名稱": "頂好Wellcome（八德陽店）",
        "地址": "106臺北市大安區八德路3段225號B1",
        "商店編號": "A000138",
        "電話": "02-28839489分機318",
        "類型": "連鎖型綠色商店"
      }
    },
    {
      "type": "Feature",
      "geometry": {
        "type": "Point",
        "coordinates": [
          121.528856987846,
          25.1109565632
        ]
      },
      "properties": {
        "名稱": "頂好Wellcome（士東二店）",
        "地址": "111臺北市士林區德行東路109巷104號1樓",
        "商店編號": "A000126",
        "電話": "02-28839489分機318",
        "類型": "連鎖型綠色商店"
      }
    },
    {
      "type": "Feature",
      "geometry": {
        "type": "Point",
        "coordinates": [
          121.549014878249,
          25.080172054041
        ]
      },
      "properties": {
        "名稱": "頂好Wellcome（大直二店）",
        "地址": "104臺北市中山區北安路554巷19號B1",
        "商店編號": "A000175",
        "電話": "02-28839489分機318",
        "類型": "連鎖型綠色商店"
      }
    },
    {
      "type": "Feature",
      "geometry": {
        "type": "Point",
        "coordinates": [
          121.54791969878,
          25.082250849848
        ]
      },
      "properties": {
        "名稱": "頂好Wellcome（大直店）",
        "地址": "104臺北市中山區北安路595巷11-13號",
        "商店編號": "A000176",
        "電話": "02-28839489分機318",
        "類型": "連鎖型綠色商店"
      }
    },
    {
      "type": "Feature",
      "geometry": {
        "type": "Point",
        "coordinates": [
          121.601522472502,
          25.086137496441
        ]
      },
      "properties": {
        "名稱": "頂好Wellcome（大湖店）",
        "地址": "114臺北市內湖區大湖山莊街148號",
        "商店編號": "A000156",
        "電話": "02-28839489分機318",
        "類型": "連鎖型綠色商店"
      }
    },
    {
      "type": "Feature",
      "geometry": {
        "type": "Point",
        "coordinates": [
          121.582227834306,
          25.044277894797
        ]
      },
      "properties": {
        "名稱": "頂好Wellcome（中坡陽店）",
        "地址": "115臺北市南港區忠孝東路5段970號B1",
        "商店編號": "A000163",
        "電話": "02-28839489分機318",
        "類型": "連鎖型綠色商店"
      }
    },
    {
      "type": "Feature",
      "geometry": {
        "type": "Point",
        "coordinates": [
          121.4997012,
          25.035103
        ]
      },
      "properties": {
        "名稱": "頂好Wellcome（中華店）",
        "地址": "108臺北市萬華區中華路 2 段 600 號 之1",
        "商店編號": "A000120",
        "電話": "02-28839489分機318",
        "類型": "連鎖型綠色商店"
      }
    },
    {
      "type": "Feature",
      "geometry": {
        "type": "Point",
        "coordinates": [
          121.543427836869,
          25.097647022967
        ]
      },
      "properties": {
        "名稱": "頂好Wellcome（中影店）",
        "地址": "111臺北市士林區至善路2段51號",
        "商店編號": "A000134",
        "電話": "02-28839489分機318",
        "類型": "連鎖型綠色商店"
      }
    },
    {
      "type": "Feature",
      "geometry": {
        "type": "Point",
        "coordinates": [
          121.547314357733,
          25.037605313136
        ]
      },
      "properties": {
        "名稱": "頂好Wellcome（仁愛店）",
        "地址": "106臺北市大安區仁愛路4段50號之99~100號",
        "商店編號": "A000109",
        "電話": "02-28839489分機318",
        "類型": "連鎖型綠色商店"
      }
    },
    {
      "type": "Feature",
      "geometry": {
        "type": "Point",
        "coordinates": [
          121.556843491996,
          25.037412613182
        ]
      },
      "properties": {
        "名稱": "頂好Wellcome（仁愛青店）",
        "地址": "106臺北市大安區仁愛路四段408號B1",
        "商店編號": "A000105",
        "電話": "02-28839489分機318",
        "類型": "連鎖型綠色商店"
      }
    },
    {
      "type": "Feature",
      "geometry": {
        "type": "Point",
        "coordinates": [
          121.578759989505,
          25.076727385203
        ]
      },
      "properties": {
        "名稱": "頂好Wellcome（內湖店）",
        "地址": "114臺北市內湖區江南街65巷41號B1",
        "商店編號": "A000160",
        "電話": "02-28839489分機318",
        "類型": "連鎖型綠色商店"
      }
    },
    {
      "type": "Feature",
      "geometry": {
        "type": "Point",
        "coordinates": [
          121.532947356595,
          25.123447568679
        ]
      },
      "properties": {
        "名稱": "頂好Wellcome（天母北店）",
        "地址": "111臺北市士林區中山北路7段154巷6號1樓",
        "商店編號": "A000128",
        "電話": "02-28839489分機318",
        "類型": "連鎖型綠色商店"
      }
    },
    {
      "type": "Feature",
      "geometry": {
        "type": "Point",
        "coordinates": [
          121.529271472958,
          25.118980517201
        ]
      },
      "properties": {
        "名稱": "頂好Wellcome（天母店）",
        "地址": "111臺北市士林區天母西路 3 號 2 樓之 70",
        "商店編號": "A000147",
        "電話": "02-28839489分機318",
        "類型": "連鎖型綠色商店"
      }
    },
    {
      "type": "Feature",
      "geometry": {
        "type": "Point",
        "coordinates": [
          121.515225917807,
          25.072121403679
        ]
      },
      "properties": {
        "名稱": "頂好Wellcome（孔廟店）",
        "地址": "103臺北市大同區酒泉街 105 號",
        "商店編號": "A000174",
        "電話": "02-28839489分機318",
        "類型": "連鎖型綠色商店"
      }
    },
    {
      "type": "Feature",
      "geometry": {
        "type": "Point",
        "coordinates": [
          121.5538134,
          24.9895521
        ]
      },
      "properties": {
        "名稱": "頂好Wellcome（木柵店）",
        "地址": "116臺北市文山區木柵路 4 段 153 號",
        "商店編號": "A000169",
        "電話": "02-28839489分機318",
        "類型": "連鎖型綠色商店"
      }
    },
    {
      "type": "Feature",
      "geometry": {
        "type": "Point",
        "coordinates": [
          121.5538134,
          24.9895521
        ]
      },
      "properties": {
        "名稱": "頂好Wellcome（木新店）",
        "地址": "116臺北市文山區木新路 3 段 278 巷 9 號B1",
        "商店編號": "A000171",
        "電話": "02-28839489分機318",
        "類型": "連鎖型綠色商店"
      }
    },
    {
      "type": "Feature",
      "geometry": {
        "type": "Point",
        "coordinates": [
          121.504525664032,
          25.136241035134
        ]
      },
      "properties": {
        "名稱": "頂好Wellcome（北投店）",
        "地址": "112臺北市北投區光明路 220 號",
        "商店編號": "A000153",
        "電話": "02-28839489分機318",
        "類型": "連鎖型綠色商店"
      }
    },
    {
      "type": "Feature",
      "geometry": {
        "type": "Point",
        "coordinates": [
          121.540240031453,
          25.041365225353
        ]
      },
      "properties": {
        "名稱": "頂好Wellcome（正義陽店）",
        "地址": "106臺北市大安區忠孝東路3段218號B1",
        "商店編號": "A000113",
        "電話": "02-28839489分機318",
        "類型": "連鎖型綠色商店"
      }
    },
    {
      "type": "Feature",
      "geometry": {
        "type": "Point",
        "coordinates": [
          121.607478149984,
          25.071583159767
        ]
      },
      "properties": {
        "名稱": "頂好Wellcome（民權店）",
        "地址": "114臺北市內湖區民權東路6段296巷42之3號地下樓",
        "商店編號": "A000106",
        "電話": "02-28839489分機318",
        "類型": "連鎖型綠色商店"
      }
    },
    {
      "type": "Feature",
      "geometry": {
        "type": "Point",
        "coordinates": [
          121.568794353855,
          24.984090100745
        ]
      },
      "properties": {
        "名稱": "頂好Wellcome（永安店）",
        "地址": "116臺北市文山區木新路二段158-1號",
        "商店編號": "A000168",
        "電話": "02-28839489分機318",
        "類型": "連鎖型綠色商店"
      }
    },
    {
      "type": "Feature",
      "geometry": {
        "type": "Point",
        "coordinates": [
          121.530232596201,
          25.064245109064
        ]
      },
      "properties": {
        "名稱": "頂好Wellcome（吉林二店）",
        "地址": "100臺北市中正區台北市吉林路372.374號",
        "商店編號": "A000129",
        "電話": "02-28839489分機318",
        "類型": "連鎖型綠色商店"
      }
    },
    {
      "type": "Feature",
      "geometry": {
        "type": "Point",
        "coordinates": [
          121.521326266938,
          25.023413451865
        ]
      },
      "properties": {
        "名稱": "頂好Wellcome（同安店）",
        "地址": "100臺北市中正區同安街71號",
        "商店編號": "A000127",
        "電話": "02-28839489分機318",
        "類型": "連鎖型綠色商店"
      }
    },
    {
      "type": "Feature",
      "geometry": {
        "type": "Point",
        "coordinates": [
          121.551009603567,
          25.02956539161
        ]
      },
      "properties": {
        "名稱": "頂好Wellcome（安和店）",
        "地址": "106臺北市大安區安和路2段80-82號B1",
        "商店編號": "A000111",
        "電話": "02-28839489分機318",
        "類型": "連鎖型綠色商店"
      }
    },
    {
      "type": "Feature",
      "geometry": {
        "type": "Point",
        "coordinates": [
          121.545838975136,
          25.027400178382
        ]
      },
      "properties": {
        "名稱": "頂好Wellcome（成功店）",
        "地址": "106臺北市大安區四維路198巷35號1F",
        "商店編號": "A000110",
        "電話": "02-28839489分機318",
        "類型": "連鎖型綠色商店"
      }
    },
    {
      "type": "Feature",
      "geometry": {
        "type": "Point",
        "coordinates": [
          121.588599338005,
          25.040917631723
        ]
      },
      "properties": {
        "名稱": "頂好Wellcome（成福店）",
        "地址": "115臺北市南港區成福路183號1F",
        "商店編號": "A000166",
        "電話": "02-28839489分機318",
        "類型": "連鎖型綠色商店"
      }
    },
    {
      "type": "Feature",
      "geometry": {
        "type": "Point",
        "coordinates": [
          121.569455154971,
          25.025003037893
        ]
      },
      "properties": {
        "名稱": "頂好Wellcome（吳興店）",
        "地址": "110臺北市信義區松仁路271號B1",
        "商店編號": "A000124",
        "電話": "02-28839489分機318",
        "類型": "連鎖型綠色商店"
      }
    },
    {
      "type": "Feature",
      "geometry": {
        "type": "Point",
        "coordinates": [
          121.553141624459,
          24.988087543747
        ]
      },
      "properties": {
        "名稱": "頂好Wellcome（辛亥店）",
        "地址": "116臺北市文山區木柵路1段259號、259-1號",
        "商店編號": "A000170",
        "電話": "02-28839489分機318",
        "類型": "連鎖型綠色商店"
      }
    },
    {
      "type": "Feature",
      "geometry": {
        "type": "Point",
        "coordinates": [
          121.522272919082,
          25.027617982136
        ]
      },
      "properties": {
        "名稱": "頂好Wellcome（和平店）",
        "地址": "106臺北市大安區羅斯福路2段41-49號B1",
        "商店編號": "A000117",
        "電話": "02-28839489分機318",
        "類型": "連鎖型綠色商店"
      }
    },
    {
      "type": "Feature",
      "geometry": {
        "type": "Point",
        "coordinates": [
          121.5153158,
          25.0580811
        ]
      },
      "properties": {
        "名稱": "頂好Wellcome（延平店）",
        "地址": "103臺北市大同區延平北路 2 段 202 號 B1",
        "商店編號": "A000154",
        "電話": "02-28839489分機318",
        "類型": "連鎖型綠色商店"
      }
    },
    {
      "type": "Feature",
      "geometry": {
        "type": "Point",
        "coordinates": [
          121.546856454363,
          25.041863739044
        ]
      },
      "properties": {
        "名稱": "頂好Wellcome（忠孝店）",
        "地址": "106臺北市大安區忠孝東路四段71號B1",
        "商店編號": "A000104",
        "電話": "02-28839489分機318",
        "類型": "連鎖型綠色商店"
      }
    },
    {
      "type": "Feature",
      "geometry": {
        "type": "Point",
        "coordinates": [
          121.520957547017,
          25.111508679162
        ]
      },
      "properties": {
        "名稱": "頂好Wellcome（明德店）",
        "地址": "112臺北市北投區明德路161號B1",
        "商店編號": "A000155",
        "電話": "02-28839489分機318",
        "類型": "連鎖型綠色商店"
      }
    },
    {
      "type": "Feature",
      "geometry": {
        "type": "Point",
        "coordinates": [
          121.525713019783,
          25.059774566935
        ]
      },
      "properties": {
        "名稱": "頂好Wellcome（東光店）",
        "地址": "104臺北市中山區林森北路413號B1",
        "商店編號": "A000136",
        "電話": "02-28839489分機318",
        "類型": "連鎖型綠色商店"
      }
    },
    {
      "type": "Feature",
      "geometry": {
        "type": "Point",
        "coordinates": [
          121.600879161433,
          25.054643962092
        ]
      },
      "properties": {
        "名稱": "頂好Wellcome（東明店）",
        "地址": "115臺北市南港區東明街99號1樓",
        "商店編號": "A000164",
        "電話": "02-28839489分機318",
        "類型": "連鎖型綠色商店"
      }
    },
    {
      "type": "Feature",
      "geometry": {
        "type": "Point",
        "coordinates": [
          121.612365553906,
          25.069101320146
        ]
      },
      "properties": {
        "名稱": "頂好Wellcome（東湖二店）",
        "地址": "114臺北市內湖區東湖路1號",
        "商店編號": "A000161",
        "電話": "02-28839489分機318",
        "類型": "連鎖型綠色商店"
      }
    },
    {
      "type": "Feature",
      "geometry": {
        "type": "Point",
        "coordinates": [
          121.619241229081,
          25.072627377264
        ]
      },
      "properties": {
        "名稱": "頂好Wellcome（東湖三店）",
        "地址": "114臺北市內湖區康樂街150號1F",
        "商店編號": "A000162",
        "電話": "02-28839489分機318",
        "類型": "連鎖型綠色商店"
      }
    },
    {
      "type": "Feature",
      "geometry": {
        "type": "Point",
        "coordinates": [
          121.498451634077,
          25.021484189211
        ]
      },
      "properties": {
        "名稱": "頂好Wellcome（東園店）",
        "地址": "108臺北市萬華區萬大路 406 號 B1",
        "商店編號": "A000122",
        "電話": "02-28839489分機318",
        "類型": "連鎖型綠色商店"
      }
    },
    {
      "type": "Feature",
      "geometry": {
        "type": "Point",
        "coordinates": [
          121.525560050051,
          25.054131199165
        ]
      },
      "properties": {
        "名稱": "頂好Wellcome（林森店）",
        "地址": "104臺北市中山區林森北路247號B1",
        "商店編號": "A000135",
        "電話": "02-28839489分機318",
        "類型": "連鎖型綠色商店"
      }
    },
    {
      "type": "Feature",
      "geometry": {
        "type": "Point",
        "coordinates": [
          121.575874770794,
          25.037954167946
        ]
      },
      "properties": {
        "名稱": "頂好Wellcome（松德店）",
        "地址": "110臺北市信義區松德路99號B1",
        "商店編號": "A000125",
        "電話": "02-28839489分機318",
        "類型": "連鎖型綠色商店"
      }
    },
    {
      "type": "Feature",
      "geometry": {
        "type": "Point",
        "coordinates": [
          121.508277236255,
          25.091273507611
        ]
      },
      "properties": {
        "名稱": "頂好Wellcome（社中店）",
        "地址": "111臺北市士林區社中街222號1樓",
        "商店編號": "A000146",
        "電話": "02-28839489分機318",
        "類型": "連鎖型綠色商店"
      }
    },
    {
      "type": "Feature",
      "geometry": {
        "type": "Point",
        "coordinates": [
          121.587191010633,
          25.088150871493
        ]
      },
      "properties": {
        "名稱": "頂好Wellcome（金龍店）",
        "地址": "114臺北市內湖區金龍路215號1樓",
        "商店編號": "A000157",
        "電話": "02-28839489分機318",
        "類型": "連鎖型綠色商店"
      }
    },
    {
      "type": "Feature",
      "geometry": {
        "type": "Point",
        "coordinates": [
          121.533658728718,
          25.048543319594
        ]
      },
      "properties": {
        "名稱": "頂好Wellcome（長安東店）",
        "地址": "104臺北市中山區長安東路二段63.63-1.63-2號",
        "商店編號": "A000131",
        "電話": "02-28839489分機318",
        "類型": "連鎖型綠色商店"
      }
    },
    {
      "type": "Feature",
      "geometry": {
        "type": "Point",
        "coordinates": [
          121.50448249723,
          25.040506164097
        ]
      },
      "properties": {
        "名稱": "頂好Wellcome（長沙店）",
        "地址": "108臺北市萬華區長沙街2段93號B1",
        "商店編號": "A000121",
        "電話": "02-28839489分機318",
        "類型": "連鎖型綠色商店"
      }
    },
    {
      "type": "Feature",
      "geometry": {
        "type": "Point",
        "coordinates": [
          121.545116538901,
          25.054675478048
        ]
      },
      "properties": {
        "名稱": "頂好Wellcome（長春店）",
        "地址": "106臺北市大安區長春路343號1樓",
        "商店編號": "A000142",
        "電話": "02-28839489分機318",
        "類型": "連鎖型綠色商店"
      }
    },
    {
      "type": "Feature",
      "geometry": {
        "type": "Point",
        "coordinates": [
          121.528978106346,
          25.102841372184
        ]
      },
      "properties": {
        "名稱": "頂好Wellcome（雨聲店）",
        "地址": "111臺北市士林區雨聲街52號,52-1號,50巷1號",
        "商店編號": "A000130",
        "電話": "02-28839489分機318",
        "類型": "連鎖型綠色商店"
      }
    },
    {
      "type": "Feature",
      "geometry": {
        "type": "Point",
        "coordinates": [
          121.564171622304,
          25.051204070938
        ]
      },
      "properties": {
        "名稱": "頂好Wellcome（南京店）",
        "地址": "106臺北市大安區南京東路5段198號B1",
        "商店編號": "A000143",
        "電話": "02-28839489分機318",
        "類型": "連鎖型綠色商店"
      }
    },
    {
      "type": "Feature",
      "geometry": {
        "type": "Point",
        "coordinates": [
          121.622026535506,
          25.038702420443
        ]
      },
      "properties": {
        "名稱": "頂好Wellcome（南港店）",
        "地址": "115臺北市南港區舊莊街1段196號1F",
        "商店編號": "A000167",
        "電話": "02-28839489分機318",
        "類型": "連鎖型綠色商店"
      }
    },
    {
      "type": "Feature",
      "geometry": {
        "type": "Point",
        "coordinates": [
          121.519387951828,
          25.087059170514
        ]
      },
      "properties": {
        "名稱": "頂好Wellcome（後港店）",
        "地址": "111臺北市士林區華齡街 175 號",
        "商店編號": "A000149",
        "電話": "02-28839489分機318",
        "類型": "連鎖型綠色商店"
      }
    },
    {
      "type": "Feature",
      "geometry": {
        "type": "Point",
        "coordinates": [
          121.595991086958,
          25.080200342964
        ]
      },
      "properties": {
        "名稱": "頂好Wellcome（星雲店）",
        "地址": "114臺北市內湖區星雲街152號B1",
        "商店編號": "A000158",
        "電話": "02-28839489分機318",
        "類型": "連鎖型綠色商店"
      }
    },
    {
      "type": "Feature",
      "geometry": {
        "type": "Point",
        "coordinates": [
          121.556711979935,
          25.08292588642
        ]
      },
      "properties": {
        "名稱": "頂好Wellcome（美麗華店）",
        "地址": "104臺北市中山區敬業三路20號B1F之1",
        "商店編號": "A000137",
        "電話": "02-28839489分機318",
        "類型": "連鎖型綠色商店"
      }
    },
    {
      "type": "Feature",
      "geometry": {
        "type": "Point",
        "coordinates": [
          121.514201062505,
          25.111192597594
        ]
      },
      "properties": {
        "名稱": "頂好Wellcome（致遠店）",
        "地址": "112臺北市北投區致遠一路二段19.21.23號",
        "商店編號": "A000108",
        "電話": "02-28839489分機318",
        "類型": "連鎖型綠色商店"
      }
    },
    {
      "type": "Feature",
      "geometry": {
        "type": "Point",
        "coordinates": [
          121.5153158,
          25.0580811
        ]
      },
      "properties": {
        "名稱": "頂好Wellcome（重慶店）",
        "地址": "103臺北市大同區重慶北路 1 段 73 號 B1",
        "商店編號": "A000165",
        "電話": "02-28839489分機318",
        "類型": "連鎖型綠色商店"
      }
    },
    {
      "type": "Feature",
      "geometry": {
        "type": "Point",
        "coordinates": [
          121.528254664283,
          25.021704884722
        ]
      },
      "properties": {
        "名稱": "頂好Wellcome（師大店）",
        "地址": "106臺北市大安區師大路129號1F",
        "商店編號": "A000114",
        "電話": "02-28839489分機318",
        "類型": "連鎖型綠色商店"
      }
    },
    {
      "type": "Feature",
      "geometry": {
        "type": "Point",
        "coordinates": [
          121.507210219981,
          25.127757543292
        ]
      },
      "properties": {
        "名稱": "頂好Wellcome（清江店）",
        "地址": "112臺北市北投區公館路 198 號",
        "商店編號": "A000152",
        "電話": "02-28839489分機318",
        "類型": "連鎖型綠色商店"
      }
    },
    {
      "type": "Feature",
      "geometry": {
        "type": "Point",
        "coordinates": [
          121.504250774652,
          25.029935806875
        ]
      },
      "properties": {
        "名稱": "頂好Wellcome（莒光店）",
        "地址": "100臺北市中正區西藏路 125 巷 13-15 號",
        "商店編號": "A000116",
        "電話": "02-28839489分機318",
        "類型": "連鎖型綠色商店"
      }
    },
    {
      "type": "Feature",
      "geometry": {
        "type": "Point",
        "coordinates": [
          121.556054587269,
          25.034862796327
        ]
      },
      "properties": {
        "名稱": "頂好Wellcome（通化店）",
        "地址": "106臺北市大安區延吉街250號B1",
        "商店編號": "A000112",
        "電話": "02-28839489分機318",
        "類型": "連鎖型綠色商店"
      }
    },
    {
      "type": "Feature",
      "geometry": {
        "type": "Point",
        "coordinates": [
          121.554592448079,
          25.032949417379
        ]
      },
      "properties": {
        "名稱": "頂好Wellcome（通化陽店）",
        "地址": "106臺北市大安區信義路4段296號B1",
        "商店編號": "A000144",
        "電話": "02-28839489分機318",
        "類型": "連鎖型綠色商店"
      }
    },
    {
      "type": "Feature",
      "geometry": {
        "type": "Point",
        "coordinates": [
          121.520352122151,
          25.081184713673
        ]
      },
      "properties": {
        "名稱": "頂好Wellcome（通河店）",
        "地址": "111臺北市士林區通河街153號.155號",
        "商店編號": "A000133",
        "電話": "02-28839489分機318",
        "類型": "連鎖型綠色商店"
      }
    },
    {
      "type": "Feature",
      "geometry": {
        "type": "Point",
        "coordinates": [
          121.551530203573,
          25.056993116186
        ]
      },
      "properties": {
        "名稱": "頂好Wellcome（敦北陽店）",
        "地址": "106臺北市大安區敦化北路199巷5號",
        "商店編號": "A000139",
        "電話": "02-28839489分機318",
        "類型": "連鎖型綠色商店"
      }
    },
    {
      "type": "Feature",
      "geometry": {
        "type": "Point",
        "coordinates": [
          121.539306790353,
          24.992339180313
        ]
      },
      "properties": {
        "名稱": "頂好Wellcome（景美店）",
        "地址": "116臺北市文山區萬慶街 27 號",
        "商店編號": "A000173",
        "電話": "02-28839489分機318",
        "類型": "連鎖型綠色商店"
      }
    },
    {
      "type": "Feature",
      "geometry": {
        "type": "Point",
        "coordinates": [
          121.589948908235,
          25.067733058272
        ]
      },
      "properties": {
        "名稱": "頂好Wellcome（湖興店）",
        "地址": "114臺北市內湖區成功路2段320巷19號",
        "商店編號": "A000159",
        "電話": "02-28839489分機318",
        "類型": "連鎖型綠色商店"
      }
    },
    {
      "type": "Feature",
      "geometry": {
        "type": "Point",
        "coordinates": [
          121.546117086683,
          25.136341576062
        ]
      },
      "properties": {
        "名稱": "頂好Wellcome（陽明山店）",
        "地址": "111臺北市士林區格致路7 號",
        "商店編號": "A000148",
        "電話": "02-28839489分機318",
        "類型": "連鎖型綠色商店"
      }
    },
    {
      "type": "Feature",
      "geometry": {
        "type": "Point",
        "coordinates": [
          121.533045341043,
          25.109254408213
        ]
      },
      "properties": {
        "名稱": "頂好Wellcome（陽明店）",
        "地址": "111臺北市士林區德行東路 230 號",
        "商店編號": "A000150",
        "電話": "02-28839489分機318",
        "類型": "連鎖型綠色商店"
      }
    },
    {
      "type": "Feature",
      "geometry": {
        "type": "Point",
        "coordinates": [
          121.53462985602,
          25.025778824941
        ]
      },
      "properties": {
        "名稱": "頂好Wellcome（新生店）",
        "地址": "106臺北市大安區新生南路3段2號B1",
        "商店編號": "A000115",
        "電話": "02-28839489分機318",
        "類型": "連鎖型綠色商店"
      }
    },
    {
      "type": "Feature",
      "geometry": {
        "type": "Point",
        "coordinates": [
          121.567363283395,
          25.001933274326
        ]
      },
      "properties": {
        "名稱": "頂好Wellcome（萬和店）",
        "地址": "116臺北市文山區萬和街6號2樓之2及2樓之3",
        "商店編號": "A000107",
        "電話": "02-28839489分機318",
        "類型": "連鎖型綠色商店"
      }
    },
    {
      "type": "Feature",
      "geometry": {
        "type": "Point",
        "coordinates": [
          121.56488767641,
          25.000750593424
        ]
      },
      "properties": {
        "名稱": "頂好Wellcome（萬芳店）",
        "地址": "116臺北市文山區萬利街路 30 巷 1 號",
        "商店編號": "A000172",
        "電話": "02-28839489分機318",
        "類型": "連鎖型綠色商店"
      }
    },
    {
      "type": "Feature",
      "geometry": {
        "type": "Point",
        "coordinates": [
          121.497533815679,
          25.034195764472
        ]
      },
      "properties": {
        "名稱": "頂好Wellcome（萬華店）",
        "地址": "108臺北市萬華區大理街114號1樓",
        "商店編號": "A000119",
        "電話": "02-28839489分機318",
        "類型": "連鎖型綠色商店"
      }
    },
    {
      "type": "Feature",
      "geometry": {
        "type": "Point",
        "coordinates": [
          121.535393782675,
          25.064785939206
        ]
      },
      "properties": {
        "名稱": "頂好Wellcome（農安店）",
        "地址": "104臺北市中山區農安街257號.259號",
        "商店編號": "A000132",
        "電話": "02-28839489分機318",
        "類型": "連鎖型綠色商店"
      }
    },
    {
      "type": "Feature",
      "geometry": {
        "type": "Point",
        "coordinates": [
          121.489291387372,
          25.140913778516
        ]
      },
      "properties": {
        "名稱": "頂好Wellcome（稻香店）",
        "地址": "112臺北市北投區稻香路81號1樓",
        "商店編號": "A000151",
        "電話": "02-28839489分機318",
        "類型": "連鎖型綠色商店"
      }
    },
    {
      "type": "Feature",
      "geometry": {
        "type": "Point",
        "coordinates": [
          121.543020141098,
          25.055952377178
        ]
      },
      "properties": {
        "名稱": "頂好Wellcome（興安店）",
        "地址": "104臺北市中山區興安街112號B1",
        "商店編號": "A000177",
        "電話": "02-28839489分機318",
        "類型": "連鎖型綠色商店"
      }
    },
    {
      "type": "Feature",
      "geometry": {
        "type": "Point",
        "coordinates": [
          121.5333503,
          25.0605532
        ]
      },
      "properties": {
        "名稱": "頂好Wellcome（羅斯福店）",
        "地址": "104臺北市中山區羅斯福路3段285號B1",
        "商店編號": "A000145",
        "電話": "02-28839489分機318",
        "類型": "連鎖型綠色商店"
      }
    },
    {
      "type": "Feature",
      "geometry": {
        "type": "Point",
        "coordinates": [
          121.509114001649,
          25.041688305811
        ]
      },
      "properties": {
        "名稱": "頂好Wellcome（寶慶Gourmet店）",
        "地址": "100臺北市中正區寶慶路32號B1",
        "商店編號": "A000123",
        "電話": "02-28839489分機318",
        "類型": "連鎖型綠色商店"
      }
    },
    {
      "type": "Feature",
      "geometry": {
        "type": "Point",
        "coordinates": [
          121.495865984585,
          25.020757687753
        ]
      },
      "properties": {
        "名稱": "頂好Wellcome（寶興店）",
        "地址": "108臺北市萬華區萬大路486巷48號1樓",
        "商店編號": "A000118",
        "電話": "02-28839489分機318",
        "類型": "連鎖型綠色商店"
      }
    },
    {
      "type": "Feature",
      "geometry": {
        "type": "Point",
        "coordinates": [
          121.573907705757,
          25.075079461129
        ]
      },
      "properties": {
        "名稱": "博達汽車股份有限公司",
        "地址": "114台北市內湖區港墘路219號",
        "商店編號": "A001478",
        "電話": "02-25066898",
        "類型": "連鎖型綠色商店"
      }
    },
    {
      "type": "Feature",
      "geometry": {
        "type": "Point",
        "coordinates": [
          121.538293502079,
          25.007447518877
        ]
      },
      "properties": {
        "名稱": "博達汽車股份有限公司文山分公司",
        "地址": "116台北市文山區羅斯福路5段90號",
        "商店編號": "A001480",
        "電話": "02-25066898",
        "類型": "連鎖型綠色商店"
      }
    },
    {
      "type": "Feature",
      "geometry": {
        "type": "Point",
        "coordinates": [
          121.529452689704,
          25.112272983004
        ]
      },
      "properties": {
        "名稱": "棉花田士林士東門市",
        "地址": "111台北市士林區士東路97號1樓",
        "商店編號": "A001646",
        "電話": "02-25791777",
        "類型": "連鎖型綠色商店"
      }
    },
    {
      "type": "Feature",
      "geometry": {
        "type": "Point",
        "coordinates": [
          121.549290810502,
          25.047433513704
        ]
      },
      "properties": {
        "名稱": "棉花田大直樂群門市",
        "地址": "105臺北市松山區敦化南路一段3號11樓",
        "商店編號": "A001645",
        "電話": "02-25791777",
        "類型": "連鎖型綠色商店"
      }
    },
    {
      "type": "Feature",
      "geometry": {
        "type": "Point",
        "coordinates": [
          121.552478280641,
          25.04778106932
        ]
      },
      "properties": {
        "名稱": "棉花田中崙八德門市",
        "地址": "105台北市八德路三段74巷8號1樓",
        "商店編號": "A001648",
        "電話": "02-25791777",
        "類型": "連鎖型綠色商店"
      }
    },
    {
      "type": "Feature",
      "geometry": {
        "type": "Point",
        "coordinates": [
          121.549290810502,
          25.047433513704
        ]
      },
      "properties": {
        "名稱": "棉花田木柵指南門市",
        "地址": "105臺北市松山區敦化南路一段3號11樓",
        "商店編號": "A001644",
        "電話": "02-25791777",
        "類型": "連鎖型綠色商店"
      }
    },
    {
      "type": "Feature",
      "geometry": {
        "type": "Point",
        "coordinates": [
          121.56328785078,
          25.058080701525
        ]
      },
      "properties": {
        "名稱": "棉花田生機園地三民門市",
        "地址": "105臺北市松山區三民路三民路109號1樓 ",
        "商店編號": "A001587",
        "電話": "02-25791777#218",
        "類型": "連鎖型綠色商店"
      }
    },
    {
      "type": "Feature",
      "geometry": {
        "type": "Point",
        "coordinates": [
          121.523545543441,
          25.095231651839
        ]
      },
      "properties": {
        "名稱": "棉花田生機園地士林門市",
        "地址": "111臺北市士林區華榮街1號",
        "商店編號": "A001495",
        "電話": "02-25791777#218",
        "類型": "連鎖型綠色商店"
      }
    },
    {
      "type": "Feature",
      "geometry": {
        "type": "Point",
        "coordinates": [
          121.521731448137,
          25.050602376019
        ]
      },
      "properties": {
        "名稱": "棉花田生機園地中山門市",
        "地址": "104臺北市中山區中山北路一段116號",
        "商店編號": "A001513",
        "電話": "02-25791777#218",
        "類型": "連鎖型綠色商店"
      }
    },
    {
      "type": "Feature",
      "geometry": {
        "type": "Point",
        "coordinates": [
          121.590729933973,
          25.080103909168
        ]
      },
      "properties": {
        "名稱": "棉花田生機園地內湖門市",
        "地址": "114臺北市內湖區成功路3段181號",
        "商店編號": "A001489",
        "電話": "02-25791777#218",
        "類型": "連鎖型綠色商店"
      }
    },
    {
      "type": "Feature",
      "geometry": {
        "type": "Point",
        "coordinates": [
          121.501455372899,
          25.132275095737
        ]
      },
      "properties": {
        "名稱": "棉花田生機園地北投門市",
        "地址": "112臺北市北投區中央南路1段39號",
        "商店編號": "A001493",
        "電話": "02-25791777#218",
        "類型": "連鎖型綠色商店"
      }
    },
    {
      "type": "Feature",
      "geometry": {
        "type": "Point",
        "coordinates": [
          121.550428737677,
          25.058672262849
        ]
      },
      "properties": {
        "名稱": "棉花田生機園地民生門市",
        "地址": "105臺北市松山區民生東路四段55巷30號1F",
        "商店編號": "A001483",
        "電話": "02-25791777#218",
        "類型": "連鎖型綠色商店"
      }
    },
    {
      "type": "Feature",
      "geometry": {
        "type": "Point",
        "coordinates": [
          121.576788314421,
          25.041025632546
        ]
      },
      "properties": {
        "名稱": "棉花田生機園地永春門市",
        "地址": "110臺北市信義區忠孝東路5段457號",
        "商店編號": "A001490",
        "電話": "02-25791777#218",
        "類型": "連鎖型綠色商店"
      }
    },
    {
      "type": "Feature",
      "geometry": {
        "type": "Point",
        "coordinates": [
          121.555337347814,
          25.041598409899
        ]
      },
      "properties": {
        "名稱": "棉花田生機園地忠孝門市",
        "地址": "106臺北市大安區忠孝東路4段299號",
        "商店編號": "A001494",
        "電話": "02-25791777#218",
        "類型": "連鎖型綠色商店"
      }
    },
    {
      "type": "Feature",
      "geometry": {
        "type": "Point",
        "coordinates": [
          121.539882071738,
          25.041784880603
        ]
      },
      "properties": {
        "名稱": "棉花田生機園地忠孝復興門市",
        "地址": "106臺北市大安區忠孝東路3段221-1號",
        "商店編號": "A001486",
        "電話": "02-25791777#218",
        "類型": "連鎖型綠色商店"
      }
    },
    {
      "type": "Feature",
      "geometry": {
        "type": "Point",
        "coordinates": [
          121.530611990732,
          25.108785566459
        ]
      },
      "properties": {
        "名稱": "棉花田生機園地忠誠門市",
        "地址": "111臺北市士林區忠誠路2段5號",
        "商店編號": "A001511",
        "電話": "02-25791777#218",
        "類型": "連鎖型綠色商店"
      }
    },
    {
      "type": "Feature",
      "geometry": {
        "type": "Point",
        "coordinates": [
          121.616442176335,
          25.06807084897
        ]
      },
      "properties": {
        "名稱": "棉花田生機園地東湖門市",
        "地址": "114臺北市內湖區東湖路126號",
        "商店編號": "A001512",
        "電話": "02-25791777#218",
        "類型": "連鎖型綠色商店"
      }
    },
    {
      "type": "Feature",
      "geometry": {
        "type": "Point",
        "coordinates": [
          121.505899541781,
          25.026037909568
        ]
      },
      "properties": {
        "名稱": "棉花田生機園地股份有限公司",
        "地址": "108臺北市萬華區青年路12號",
        "商店編號": "A001585",
        "電話": "02-25791777",
        "類型": "連鎖型綠色商店"
      }
    },
    {
      "type": "Feature",
      "geometry": {
        "type": "Point",
        "coordinates": [
          121.545921201606,
          25.036280720977
        ]
      },
      "properties": {
        "名稱": "棉花田生機園地股份有限公司大安門市",
        "地址": "106臺北市大安區大安路一段182號",
        "商店編號": "A001584",
        "電話": "02-25797777",
        "類型": "連鎖型綠色商店"
      }
    },
    {
      "type": "Feature",
      "geometry": {
        "type": "Point",
        "coordinates": [
          121.557393680121,
          25.037103279045
        ]
      },
      "properties": {
        "名稱": "棉花田生機園地股份有限公司光復門市",
        "地址": "106臺北市大安區光復南路390-2號",
        "商店編號": "A001583",
        "電話": "02-25791777",
        "類型": "連鎖型綠色商店"
      }
    },
    {
      "type": "Feature",
      "geometry": {
        "type": "Point",
        "coordinates": [
          121.561493771878,
          25.05169131097
        ]
      },
      "properties": {
        "名稱": "棉花田生機園地南京門市",
        "地址": "105臺北市松山區南京東路5段137號",
        "商店編號": "A001496",
        "電話": "02-25791777#218",
        "類型": "連鎖型綠色商店"
      }
    },
    {
      "type": "Feature",
      "geometry": {
        "type": "Point",
        "coordinates": [
          121.539348196955,
          25.051751241578
        ]
      },
      "properties": {
        "名稱": "棉花田生機園地南京龍江門市",
        "地址": "104臺北市中山區南京東路3段82號",
        "商店編號": "A001586",
        "電話": "02-25791777#218",
        "類型": "連鎖型綠色商店"
      }
    },
    {
      "type": "Feature",
      "geometry": {
        "type": "Point",
        "coordinates": [
          121.583306417606,
          25.045256314355
        ]
      },
      "properties": {
        "名稱": "棉花田生機園地後山埤門市",
        "地址": "114臺北市內湖區忠孝東路六段六號",
        "商店編號": "A001510",
        "電話": "02-25791777#218",
        "類型": "連鎖型綠色商店"
      }
    },
    {
      "type": "Feature",
      "geometry": {
        "type": "Point",
        "coordinates": [
          121.51309775259,
          25.042939891593
        ]
      },
      "properties": {
        "名稱": "棉花田生機園地重慶門市",
        "地址": "100臺北市中正區重慶南路1段90號",
        "商店編號": "A001590",
        "電話": "02-25791777",
        "類型": "連鎖型綠色商店"
      }
    },
    {
      "type": "Feature",
      "geometry": {
        "type": "Point",
        "coordinates": [
          121.566,
          25.0358
        ]
      },
      "properties": {
        "名稱": "棉花田生機園地莊敬門市",
        "地址": "110臺北市信義區376號",
        "商店編號": "A001593",
        "電話": "02-25791777",
        "類型": "連鎖型綠色商店"
      }
    },
    {
      "type": "Feature",
      "geometry": {
        "type": "Point",
        "coordinates": [
          121.511610300053,
          25.043330111095
        ]
      },
      "properties": {
        "名稱": "棉花田生機園地博愛門市",
        "地址": "100臺北市中正區博愛路89號",
        "商店編號": "A001484",
        "電話": "02-25791777#218",
        "類型": "連鎖型綠色商店"
      }
    },
    {
      "type": "Feature",
      "geometry": {
        "type": "Point",
        "coordinates": [
          121.541237980845,
          24.99053707113
        ]
      },
      "properties": {
        "名稱": "棉花田生機園地景美門市",
        "地址": "116臺北市文山區景文街117號",
        "商店編號": "A001589",
        "電話": "02-25791777",
        "類型": "連鎖型綠色商店"
      }
    },
    {
      "type": "Feature",
      "geometry": {
        "type": "Point",
        "coordinates": [
          121.519059632681,
          25.029176597031
        ]
      },
      "properties": {
        "名稱": "棉花田生機園地福州門市",
        "地址": "100臺北市中正區福州街11-10號",
        "商店編號": "A001487",
        "電話": "02-25791777#218",
        "類型": "連鎖型綠色商店"
      }
    },
    {
      "type": "Feature",
      "geometry": {
        "type": "Point",
        "coordinates": [
          121.546819238712,
          25.053859332136
        ]
      },
      "properties": {
        "名稱": "棉花田生機園地慶城門市",
        "地址": "105臺北市松山區南京東路3段303巷24號",
        "商店編號": "A001592",
        "電話": "02-25791777",
        "類型": "連鎖型綠色商店"
      }
    },
    {
      "type": "Feature",
      "geometry": {
        "type": "Point",
        "coordinates": [
          121.561765764636,
          24.9846573756
        ]
      },
      "properties": {
        "名稱": "棉花田生機園地興隆門市",
        "地址": "116臺北市文山區興隆路4段153號",
        "商店編號": "A001588",
        "電話": "02-25791777",
        "類型": "連鎖型綠色商店"
      }
    },
    {
      "type": "Feature",
      "geometry": {
        "type": "Point",
        "coordinates": [
          121.541921105954,
          25.060325970436
        ]
      },
      "properties": {
        "名稱": "棉花田生機園地錦州門市",
        "地址": "104臺北市中山區錦州街417號",
        "商店編號": "A001492",
        "電話": "02-25791777#218",
        "類型": "連鎖型綠色商店"
      }
    },
    {
      "type": "Feature",
      "geometry": {
        "type": "Point",
        "coordinates": [
          121.530747442288,
          25.018542644111
        ]
      },
      "properties": {
        "名稱": "棉花田生機園地羅斯福門市",
        "地址": "106臺北市大安區羅斯福路3段273之1",
        "商店編號": "A001488",
        "電話": "02-25791777#218",
        "類型": "連鎖型綠色商店"
      }
    },
    {
      "type": "Feature",
      "geometry": {
        "type": "Point",
        "coordinates": [
          121.55365744678,
          25.039513411484
        ]
      },
      "properties": {
        "名稱": "棉花田忠孝216門市",
        "地址": "110台北市忠孝東路四段216巷33弄11號",
        "商店編號": "A001647",
        "電話": "02-25791777",
        "類型": "連鎖型綠色商店"
      }
    },
    {
      "type": "Feature",
      "geometry": {
        "type": "Point",
        "coordinates": [
          121.549290810502,
          25.047433513704
        ]
      },
      "properties": {
        "名稱": "棉花田建南門市",
        "地址": "105臺北市松山區敦化南路一段3號11樓",
        "商店編號": "A001643",
        "電話": "02-25791777",
        "類型": "連鎖型綠色商店"
      }
    },
    {
      "type": "Feature",
      "geometry": {
        "type": "Point",
        "coordinates": [
          121.549290810502,
          25.047433513704
        ]
      },
      "properties": {
        "名稱": "棉花田基隆信二門市",
        "地址": "105臺北市松山區敦化南路一段3號11樓",
        "商店編號": "A001731",
        "電話": "02-25791777",
        "類型": "連鎖型綠色商店"
      }
    },
    {
      "type": "Feature",
      "geometry": {
        "type": "Point",
        "coordinates": [
          121.584658418589,
          25.047326309163
        ]
      },
      "properties": {
        "名稱": "港德傢俱有限公司",
        "地址": "115台北市南港區忠孝東路6段112號1F",
        "商店編號": "A000103",
        "電話": "27887208",
        "類型": "連鎖型綠色商店"
      }
    },
    {
      "type": "Feature",
      "geometry": {
        "type": "Point",
        "coordinates": [
          121.563709360344,
          25.032703618069
        ]
      },
      "properties": {
        "名稱": "萊爾富國際股份有限公司-北市101店",
        "地址": "110台北市信義區信義路5段20號",
        "商店編號": "A001624",
        "電話": "(02)89785935",
        "類型": "連鎖型綠色商店"
      }
    },
    {
      "type": "Feature",
      "geometry": {
        "type": "Point",
        "coordinates": [
          121.496722279813,
          25.133622109487
        ]
      },
      "properties": {
        "名稱": "萊爾富國際股份有限公司-北市十信店",
        "地址": "112台北市北投區北投路2段55號",
        "商店編號": "A001635",
        "電話": "(02)28932370",
        "類型": "連鎖型綠色商店"
      }
    },
    {
      "type": "Feature",
      "geometry": {
        "type": "Point",
        "coordinates": [
          121.591982106488,
          25.071800418697
        ]
      },
      "properties": {
        "名稱": "萊爾富國際股份有限公司-北市三總店",
        "地址": "114臺北市內湖區成功路二段325號B1(台北國防醫學中心)",
        "商店編號": "A001246",
        "電話": "02-66068688分機356",
        "類型": "連鎖型綠色商店"
      }
    },
    {
      "type": "Feature",
      "geometry": {
        "type": "Point",
        "coordinates": [
          121.525332313741,
          25.086625197477
        ]
      },
      "properties": {
        "名稱": "萊爾富國際股份有限公司-北市士大店",
        "地址": "111臺北市士林區大東路7號",
        "商店編號": "A001383",
        "電話": "02-66068688分機356",
        "類型": "連鎖型綠色商店"
      }
    },
    {
      "type": "Feature",
      "geometry": {
        "type": "Point",
        "coordinates": [
          121.527017160099,
          25.114012060274
        ]
      },
      "properties": {
        "名稱": "萊爾富國際股份有限公司-北市士東店",
        "地址": "111臺北市士林區中山北路六段429號",
        "商店編號": "A001427",
        "電話": "02-66068688分機356",
        "類型": "連鎖型綠色商店"
      }
    },
    {
      "type": "Feature",
      "geometry": {
        "type": "Point",
        "coordinates": [
          121.470938455998,
          25.108323304499
        ]
      },
      "properties": {
        "名稱": "萊爾富國際股份有限公司-北市士海店",
        "地址": "111臺北市士林區延平北路九段212號(海洋技術學院士林校區-學生宿舍及福利社)",
        "商店編號": "A001399",
        "電話": "02-66068688分機356",
        "類型": "連鎖型綠色商店"
      }
    },
    {
      "type": "Feature",
      "geometry": {
        "type": "Point",
        "coordinates": [
          121.531565599857,
          25.105194046677
        ]
      },
      "properties": {
        "名稱": "萊爾富國際股份有限公司-北市士陽店",
        "地址": "111臺北市士林區雨聲街105號(北市陽明醫院)",
        "商店編號": "A001398",
        "電話": "02-66068688分機356",
        "類型": "連鎖型綠色商店"
      }
    },
    {
      "type": "Feature",
      "geometry": {
        "type": "Point",
        "coordinates": [
          121.533083813979,
          25.124703052046
        ]
      },
      "properties": {
        "名稱": "萊爾富國際股份有限公司-北市士銓店",
        "地址": "111臺北市士林區中山北路七段186號",
        "商店編號": "A001306",
        "電話": "02-66068688分機356",
        "類型": "連鎖型綠色商店"
      }
    },
    {
      "type": "Feature",
      "geometry": {
        "type": "Point",
        "coordinates": [
          121.510791891027,
          25.089076904156
        ]
      },
      "properties": {
        "名稱": "萊爾富國際股份有限公司-北市士慶店",
        "地址": "111臺北市士林區社正路75號",
        "商店編號": "A001322",
        "電話": "02-66068688分機356",
        "類型": "連鎖型綠色商店"
      }
    },
    {
      "type": "Feature",
      "geometry": {
        "type": "Point",
        "coordinates": [
          121.524837362359,
          25.087037796661
        ]
      },
      "properties": {
        "名稱": "萊爾富國際股份有限公司-北市士鑽店",
        "地址": "111臺北市士林區基河路15號A1-01",
        "商店編號": "A001376",
        "電話": "02-66068688分機356",
        "類型": "連鎖型綠色商店"
      }
    },
    {
      "type": "Feature",
      "geometry": {
        "type": "Point",
        "coordinates": [
          121.522209551894,
          25.066840134127
        ]
      },
      "properties": {
        "名稱": "萊爾富國際股份有限公司-北市大同店",
        "地址": "104臺北市中山區中山北路三段40號(大同大學經營大樓)",
        "商店編號": "A001410",
        "電話": "02-66068688分機356",
        "類型": "連鎖型綠色商店"
      }
    },
    {
      "type": "Feature",
      "geometry": {
        "type": "Point",
        "coordinates": [
          121.502570752754,
          25.138139033289
        ]
      },
      "properties": {
        "名稱": "萊爾富國際股份有限公司-北市大業店",
        "地址": "112臺北市北投區中和街41號",
        "商店編號": "A001304",
        "電話": "02-66068688分機356",
        "類型": "連鎖型綠色商店"
      }
    },
    {
      "type": "Feature",
      "geometry": {
        "type": "Point",
        "coordinates": [
          121.53736881052,
          25.05465108671
        ]
      },
      "properties": {
        "名稱": "萊爾富國際股份有限公司-北市山華店",
        "地址": "104臺北市中山區長春路208號1樓",
        "商店編號": "A001381",
        "電話": "02-66068688分機356",
        "類型": "連鎖型綠色商店"
      }
    },
    {
      "type": "Feature",
      "geometry": {
        "type": "Point",
        "coordinates": [
          121.541967793155,
          25.048398564127
        ]
      },
      "properties": {
        "名稱": "萊爾富國際股份有限公司-北市山寧店",
        "地址": "104臺北市中山區長安東路二段171-7號",
        "商店編號": "A001371",
        "電話": "02-66068688分機356",
        "類型": "連鎖型綠色商店"
      }
    },
    {
      "type": "Feature",
      "geometry": {
        "type": "Point",
        "coordinates": [
          121.536045475647,
          25.048303471435
        ]
      },
      "properties": {
        "名稱": "萊爾富國際股份有限公司-北市山榮店",
        "地址": "104臺北市中山區長安東路二段118號1樓",
        "商店編號": "A001311",
        "電話": "02-66068688分機356",
        "類型": "連鎖型綠色商店"
      }
    },
    {
      "type": "Feature",
      "geometry": {
        "type": "Point",
        "coordinates": [
          121.529496778515,
          25.066723625672
        ]
      },
      "properties": {
        "名稱": "萊爾富國際股份有限公司-北市山德店",
        "地址": "104臺北市中山區德惠街109號 1樓",
        "商店編號": "A001262",
        "電話": "02-66068688分機356",
        "類型": "連鎖型綠色商店"
      }
    },
    {
      "type": "Feature",
      "geometry": {
        "type": "Point",
        "coordinates": [
          121.520800302513,
          25.062420440401
        ]
      },
      "properties": {
        "名稱": "萊爾富國際股份有限公司-北市山擎店",
        "地址": "104臺北市中山區天祥路70號一樓",
        "商店編號": "A001370",
        "電話": "02-66068688分機356",
        "類型": "連鎖型綠色商店"
      }
    },
    {
      "type": "Feature",
      "geometry": {
        "type": "Point",
        "coordinates": [
          121.571779372902,
          25.03987907201
        ]
      },
      "properties": {
        "名稱": "萊爾富國際股份有限公司-北市工農店",
        "地址": "110臺北市信義區忠孝東路五段236巷16號",
        "商店編號": "A001239",
        "電話": "02-66068688分機356",
        "類型": "連鎖型綠色商店"
      }
    },
    {
      "type": "Feature",
      "geometry": {
        "type": "Point",
        "coordinates": [
          121.524036555329,
          25.057138626025
        ]
      },
      "properties": {
        "名稱": "萊爾富國際股份有限公司-北市中山三店",
        "地址": "104臺北市中山區中山北路二段65巷13號",
        "商店編號": "A001373",
        "電話": "02-66068688分機356",
        "類型": "連鎖型綠色商店"
      }
    },
    {
      "type": "Feature",
      "geometry": {
        "type": "Point",
        "coordinates": [
          121.523719467932,
          25.061666027206
        ]
      },
      "properties": {
        "名稱": "萊爾富國際股份有限公司-北市中山店",
        "地址": "104臺北市中山區中山北路二段137巷2號",
        "商店編號": "A001392",
        "電話": "02-66068688分機356",
        "類型": "連鎖型綠色商店"
      }
    },
    {
      "type": "Feature",
      "geometry": {
        "type": "Point",
        "coordinates": [
          121.529007610646,
          25.059018938364
        ]
      },
      "properties": {
        "名稱": "萊爾富國際股份有限公司-北市中原二店",
        "地址": "104臺北市中山區中原街77號",
        "商店編號": "A001439",
        "電話": "02-66068688分機356",
        "類型": "連鎖型綠色商店"
      }
    },
    {
      "type": "Feature",
      "geometry": {
        "type": "Point",
        "coordinates": [
          121.55540524123,
          24.999263763893
        ]
      },
      "properties": {
        "名稱": "萊爾富國際股份有限公司-北市中國店",
        "地址": "116臺北市文山區興隆路三段56號(中國科技大學)",
        "商店編號": "A001396",
        "電話": "02-66068688分機356",
        "類型": "連鎖型綠色商店"
      }
    },
    {
      "type": "Feature",
      "geometry": {
        "type": "Point",
        "coordinates": [
          121.5904869426,
          25.067395896217
        ]
      },
      "properties": {
        "名稱": "萊爾富國際股份有限公司-北市內湖二店",
        "地址": "114臺北市內湖區成功路二段318之1號",
        "商店編號": "A001440",
        "電話": "02-66068688分機356",
        "類型": "連鎖型綠色商店"
      }
    },
    {
      "type": "Feature",
      "geometry": {
        "type": "Point",
        "coordinates": [
          121.52704733495,
          25.114067632292
        ]
      },
      "properties": {
        "名稱": "萊爾富國際股份有限公司-北市天福店",
        "地址": "111台北市士林區中山北路六段431之4號1樓",
        "商店編號": "A001597",
        "電話": "(02)89781406",
        "類型": "連鎖型綠色商店"
      }
    },
    {
      "type": "Feature",
      "geometry": {
        "type": "Point",
        "coordinates": [
          121.555389315614,
          25.002355512698
        ]
      },
      "properties": {
        "名稱": "萊爾富國際股份有限公司-北市文辛店",
        "地址": "116臺北市文山區辛亥路四段218.220號",
        "商店編號": "A001422",
        "電話": "02-66068688分機356",
        "類型": "連鎖型綠色商店"
      }
    },
    {
      "type": "Feature",
      "geometry": {
        "type": "Point",
        "coordinates": [
          121.539028930263,
          25.002340383363
        ]
      },
      "properties": {
        "名稱": "萊爾富國際股份有限公司-北市文武店",
        "地址": "116臺北市文山區羅斯福路五段203號1樓",
        "商店編號": "A001240",
        "電話": "02-66068688分機356",
        "類型": "連鎖型綠色商店"
      }
    },
    {
      "type": "Feature",
      "geometry": {
        "type": "Point",
        "coordinates": [
          121.530366125405,
          25.043674515575
        ]
      },
      "properties": {
        "名稱": "萊爾富國際股份有限公司-北市文創店",
        "地址": "105台北市中正區八德路一段34號",
        "商店編號": "A001614",
        "電話": "(02)89786752",
        "類型": "連鎖型綠色商店"
      }
    },
    {
      "type": "Feature",
      "geometry": {
        "type": "Point",
        "coordinates": [
          121.538976794825,
          24.993598058351
        ]
      },
      "properties": {
        "名稱": "萊爾富國際股份有限公司-北市文福店",
        "地址": "116臺北市文山區景福街230巷2號",
        "商店編號": "A001316",
        "電話": "02-66068688分機356",
        "類型": "連鎖型綠色商店"
      }
    },
    {
      "type": "Feature",
      "geometry": {
        "type": "Point",
        "coordinates": [
          121.559734326582,
          24.981963180463
        ]
      },
      "properties": {
        "名稱": "萊爾富國際股份有限公司-北市木新二店",
        "地址": "116臺北市文山區木新路三段232巷6弄18號",
        "商店編號": "A001406",
        "電話": "02-66068688分機356",
        "類型": "連鎖型綠色商店"
      }
    },
    {
      "type": "Feature",
      "geometry": {
        "type": "Point",
        "coordinates": [
          121.568758954093,
          24.983865411479
        ]
      },
      "properties": {
        "名稱": "萊爾富國際股份有限公司-北市木新三店",
        "地址": "116臺北市文山區木新路二段163號",
        "商店編號": "A001413",
        "電話": "02-66068688分機356",
        "類型": "連鎖型綠色商店"
      }
    },
    {
      "type": "Feature",
      "geometry": {
        "type": "Point",
        "coordinates": [
          121.546099484687,
          24.986657339608
        ]
      },
      "properties": {
        "名稱": "萊爾富國際股份有限公司-北市世新店",
        "地址": "116臺北市文山區木柵路一段8號",
        "商店編號": "A001245",
        "電話": "02-66068688分機356",
        "類型": "連鎖型綠色商店"
      }
    },
    {
      "type": "Feature",
      "geometry": {
        "type": "Point",
        "coordinates": [
          121.478891876284,
          25.135565118462
        ]
      },
      "properties": {
        "名稱": "萊爾富國際股份有限公司-北市北天店",
        "地址": "112臺北市北投區一德里中央北路四段8號1樓",
        "商店編號": "A001273",
        "電話": "02-66068688分機356",
        "類型": "連鎖型綠色商店"
      }
    },
    {
      "type": "Feature",
      "geometry": {
        "type": "Point",
        "coordinates": [
          121.471857112586,
          25.125505283999
        ]
      },
      "properties": {
        "名稱": "萊爾富國際股份有限公司-北市北功店",
        "地址": "112臺北市北投區立德路60號",
        "商店編號": "A001278",
        "電話": "02-66068688分機356",
        "類型": "連鎖型綠色商店"
      }
    },
    {
      "type": "Feature",
      "geometry": {
        "type": "Point",
        "coordinates": [
          121.49816220696,
          25.1435658965
        ]
      },
      "properties": {
        "名稱": "萊爾富國際股份有限公司-北市北和店",
        "地址": "112臺北市北投區中和里中和街402號1樓",
        "商店編號": "A001442",
        "電話": "02-66068688分機356",
        "類型": "連鎖型綠色商店"
      }
    },
    {
      "type": "Feature",
      "geometry": {
        "type": "Point",
        "coordinates": [
          121.467618048874,
          25.132789199768
        ]
      },
      "properties": {
        "名稱": "萊爾富國際股份有限公司-北市北武店",
        "地址": "112臺北市北投區學園路2號（北台科學技術學院-飲和樓商場）",
        "商店編號": "A001293",
        "電話": "02-66068688分機356",
        "類型": "連鎖型綠色商店"
      }
    },
    {
      "type": "Feature",
      "geometry": {
        "type": "Point",
        "coordinates": [
          121.537471572653,
          25.0435582665
        ]
      },
      "properties": {
        "名稱": "萊爾富國際股份有限公司-北市北科大店",
        "地址": "106臺北市大安區建國南路一段81號(台北科技大學)",
        "商店編號": "A001296",
        "電話": "02-66068688分機356",
        "類型": "連鎖型綠色商店"
      }
    },
    {
      "type": "Feature",
      "geometry": {
        "type": "Point",
        "coordinates": [
          121.525531886856,
          25.041946971343
        ]
      },
      "properties": {
        "名稱": "萊爾富國際股份有限公司-北市北商店",
        "地址": "100臺北市中正區濟南路一段321號五育樓B1（國立台北商業技術學院）",
        "商店編號": "A001411",
        "電話": "02-66068688分機356",
        "類型": "連鎖型綠色商店"
      }
    },
    {
      "type": "Feature",
      "geometry": {
        "type": "Point",
        "coordinates": [
          121.485413751325,
          25.138303947234
        ]
      },
      "properties": {
        "名稱": "萊爾富國際股份有限公司-北市北崗店",
        "地址": "112臺北市北投區桃園里中央北路三段44.46號",
        "商店編號": "A001340",
        "電話": "02-66068688分機356",
        "類型": "連鎖型綠色商店"
      }
    },
    {
      "type": "Feature",
      "geometry": {
        "type": "Point",
        "coordinates": [
          121.502133133589,
          25.130720336517
        ]
      },
      "properties": {
        "名稱": "萊爾富國際股份有限公司-北市北清店",
        "地址": "112台北市北投區清江路53及55號",
        "商店編號": "A001641",
        "電話": "(02)89783776",
        "類型": "連鎖型綠色商店"
      }
    },
    {
      "type": "Feature",
      "geometry": {
        "type": "Point",
        "coordinates": [
          121.519165831394,
          25.11918226961
        ]
      },
      "properties": {
        "名稱": "萊爾富國際股份有限公司-北市北華店",
        "地址": "112臺北市北投區石牌路二段201號",
        "商店編號": "A001434",
        "電話": "02-66068688分機356",
        "類型": "連鎖型綠色商店"
      }
    },
    {
      "type": "Feature",
      "geometry": {
        "type": "Point",
        "coordinates": [
          121.51763655316,
          25.114560236742
        ]
      },
      "properties": {
        "名稱": "萊爾富國際股份有限公司-北市北裕店",
        "地址": "112臺北市北投區裕民六路120號",
        "商店編號": "A001364",
        "電話": "02-66068688分機356",
        "類型": "連鎖型綠色商店"
      }
    },
    {
      "type": "Feature",
      "geometry": {
        "type": "Point",
        "coordinates": [
          121.502134893789,
          25.13095117413
        ]
      },
      "properties": {
        "名稱": "萊爾富國際股份有限公司-北市北達店",
        "地址": "112臺北市北投區清江路47.49號",
        "商店編號": "A001250",
        "電話": "02-66068688分機356",
        "類型": "連鎖型綠色商店"
      }
    },
    {
      "type": "Feature",
      "geometry": {
        "type": "Point",
        "coordinates": [
          121.527994070914,
          25.019207035666
        ]
      },
      "properties": {
        "名稱": "萊爾富國際股份有限公司-北市古亭店",
        "地址": "100台北市中正區辛亥路一段17巷2號及19號",
        "商店編號": "A001634",
        "電話": "(02)89787384",
        "類型": "連鎖型綠色商店"
      }
    },
    {
      "type": "Feature",
      "geometry": {
        "type": "Point",
        "coordinates": [
          121.511103027273,
          25.036824371217
        ]
      },
      "properties": {
        "名稱": "萊爾富國際股份有限公司-北市司法店",
        "地址": "100臺北市中正區博愛路131號B1",
        "商店編號": "A001241",
        "電話": "02-66068688分機356",
        "類型": "連鎖型綠色商店"
      }
    },
    {
      "type": "Feature",
      "geometry": {
        "type": "Point",
        "coordinates": [
          121.517171525172,
          25.04140013598
        ]
      },
      "properties": {
        "名稱": "萊爾富國際股份有限公司-北市台大店",
        "地址": "100台北市中正區常德街1號B1",
        "商店編號": "A001610",
        "電話": "(02)23146218",
        "類型": "連鎖型綠色商店"
      }
    },
    {
      "type": "Feature",
      "geometry": {
        "type": "Point",
        "coordinates": [
          121.524911542202,
          25.060219729813
        ]
      },
      "properties": {
        "名稱": "萊爾富國際股份有限公司-北市台泥店",
        "地址": "104臺北市中山區錦州街32號",
        "商店編號": "A001297",
        "電話": "02-66068688分機356",
        "類型": "連鎖型綠色商店"
      }
    },
    {
      "type": "Feature",
      "geometry": {
        "type": "Point",
        "coordinates": [
          121.563783791644,
          25.037523002847
        ]
      },
      "properties": {
        "名稱": "萊爾富國際股份有限公司-北市市政店",
        "地址": "110台北市信義區市府路1號(市政大樓地下二樓)",
        "商店編號": "A001638",
        "電話": "(02)89783410",
        "類型": "連鎖型綠色商店"
      }
    },
    {
      "type": "Feature",
      "geometry": {
        "type": "Point",
        "coordinates": [
          121.517171525172,
          25.04140013598
        ]
      },
      "properties": {
        "名稱": "萊爾富國際股份有限公司-北市正台店",
        "地址": "100臺北市中正區常德街1號(臺大醫院)",
        "商店編號": "A001360",
        "電話": "02-66068688分機356",
        "類型": "連鎖型綠色商店"
      }
    },
    {
      "type": "Feature",
      "geometry": {
        "type": "Point",
        "coordinates": [
          121.532100784374,
          25.045215913581
        ]
      },
      "properties": {
        "名稱": "萊爾富國際股份有限公司-北市正光店",
        "地址": "100臺北市中正區市民大道三段8號1樓(光華商場光華新天地)",
        "商店編號": "A001421",
        "電話": "02-66068688分機356",
        "類型": "連鎖型綠色商店"
      }
    },
    {
      "type": "Feature",
      "geometry": {
        "type": "Point",
        "coordinates": [
          121.530868057874,
          25.043764377499
        ]
      },
      "properties": {
        "名稱": "萊爾富國際股份有限公司-北市正宏店",
        "地址": "100臺北市中正區八德路一段46號",
        "商店編號": "A001416",
        "電話": "02-66068688分機356",
        "類型": "連鎖型綠色商店"
      }
    },
    {
      "type": "Feature",
      "geometry": {
        "type": "Point",
        "coordinates": [
          121.528431941536,
          25.019492984293
        ]
      },
      "properties": {
        "名稱": "萊爾富國際股份有限公司-北市正佳店",
        "地址": "100臺北市中正區辛亥路一段39.41號1樓",
        "商店編號": "A001334",
        "電話": "02-66068688分機356",
        "類型": "連鎖型綠色商店"
      }
    },
    {
      "type": "Feature",
      "geometry": {
        "type": "Point",
        "coordinates": [
          121.525535574893,
          25.044487777652
        ]
      },
      "properties": {
        "名稱": "萊爾富國際股份有限公司-北市正忠店",
        "地址": "100台北市中正區梅花里８鄰忠孝東路一段３５號一樓全部",
        "商店編號": "A001623",
        "電話": "(02)89781634",
        "類型": "連鎖型綠色商店"
      }
    },
    {
      "type": "Feature",
      "geometry": {
        "type": "Point",
        "coordinates": [
          121.524680117855,
          25.043336271794
        ]
      },
      "properties": {
        "名稱": "萊爾富國際股份有限公司-北市正東店",
        "地址": "100臺北市中正區紹興南街4-12號1樓",
        "商店編號": "A001254",
        "電話": "02-66068688分機356",
        "類型": "連鎖型綠色商店"
      }
    },
    {
      "type": "Feature",
      "geometry": {
        "type": "Point",
        "coordinates": [
          121.513483935227,
          25.04732225169
        ]
      },
      "properties": {
        "名稱": "萊爾富國際股份有限公司-北市正前店",
        "地址": "100台北市中正區忠孝西路一段173號，台北西B站",
        "商店編號": "A001598",
        "電話": "(02)23831025",
        "類型": "連鎖型綠色商店"
      }
    },
    {
      "type": "Feature",
      "geometry": {
        "type": "Point",
        "coordinates": [
          121.514312709456,
          25.029478597003
        ]
      },
      "properties": {
        "名稱": "萊爾富國際股份有限公司-北市正泉店",
        "地址": "100臺北市中正區泉州街31.34號1樓",
        "商店編號": "A001441",
        "電話": "02-66068688分機356",
        "類型": "連鎖型綠色商店"
      }
    },
    {
      "type": "Feature",
      "geometry": {
        "type": "Point",
        "coordinates": [
          121.51150317933,
          25.045915425311
        ]
      },
      "properties": {
        "名稱": "萊爾富國際股份有限公司-北市正博店",
        "地址": "100臺北市中正區博愛路9號",
        "商店編號": "A001424",
        "電話": "02-66068688分機356",
        "類型": "連鎖型綠色商店"
      }
    },
    {
      "type": "Feature",
      "geometry": {
        "type": "Point",
        "coordinates": [
          121.519112354852,
          25.025154079788
        ]
      },
      "properties": {
        "名稱": "萊爾富國際股份有限公司-北市正喜店",
        "地址": "100臺北市中正區板溪里牯嶺街117號1樓",
        "商店編號": "A001336",
        "電話": "02-66068688分機356",
        "類型": "連鎖型綠色商店"
      }
    },
    {
      "type": "Feature",
      "geometry": {
        "type": "Point",
        "coordinates": [
          121.518750591911,
          25.044343147913
        ]
      },
      "properties": {
        "名稱": "萊爾富國際股份有限公司-北市正童店",
        "地址": "100臺北市中正區中山南路8號(台大兒童綜合醫院)   ",
        "商店編號": "A001405",
        "電話": "02-66068688分機356",
        "類型": "連鎖型綠色商店"
      }
    },
    {
      "type": "Feature",
      "geometry": {
        "type": "Point",
        "coordinates": [
          121.5188339,
          25.0393501
        ]
      },
      "properties": {
        "名稱": "萊爾富國際股份有限公司-北市正裕店",
        "地址": "100臺北市中正區忠孝西路50號1樓",
        "商店編號": "A001397",
        "電話": "02-66068688分機356",
        "類型": "連鎖型綠色商店"
      }
    },
    {
      "type": "Feature",
      "geometry": {
        "type": "Point",
        "coordinates": [
          121.531889141319,
          25.043659603709
        ]
      },
      "properties": {
        "名稱": "萊爾富國際股份有限公司-北市正德店",
        "地址": "100臺北市中正區八德路一段82巷7號1樓",
        "商店編號": "A001259",
        "電話": "02-66068688分機356",
        "類型": "連鎖型綠色商店"
      }
    },
    {
      "type": "Feature",
      "geometry": {
        "type": "Point",
        "coordinates": [
          121.509135459321,
          25.042252994628
        ]
      },
      "properties": {
        "名稱": "萊爾富國際股份有限公司-北市正慶店",
        "地址": "100臺北市中正區衡陽路103號",
        "商店編號": "A001244",
        "電話": "02-66068688分機356",
        "類型": "連鎖型綠色商店"
      }
    },
    {
      "type": "Feature",
      "geometry": {
        "type": "Point",
        "coordinates": [
          121.515122066026,
          25.045189049582
        ]
      },
      "properties": {
        "名稱": "萊爾富國際股份有限公司-北市正館店",
        "地址": "100臺北市中正區館前路45號1樓",
        "商店編號": "A001375",
        "電話": "02-66068688分機356",
        "類型": "連鎖型綠色商店"
      }
    },
    {
      "type": "Feature",
      "geometry": {
        "type": "Point",
        "coordinates": [
          121.516269129476,
          25.045444739538
        ]
      },
      "properties": {
        "名稱": "萊爾富國際股份有限公司-北市正豐店",
        "地址": "100臺北市中正區許昌街26-2號",
        "商店編號": "A001385",
        "電話": "02-66068688分機356",
        "類型": "連鎖型綠色商店"
      }
    },
    {
      "type": "Feature",
      "geometry": {
        "type": "Point",
        "coordinates": [
          121.518557891957,
          25.040775726103
        ]
      },
      "properties": {
        "名稱": "萊爾富國際股份有限公司-北市正醫店",
        "地址": "100臺北市中正區中山南路7號B1(台大醫院)",
        "商店編號": "A001301",
        "電話": "02-66068688分機356",
        "類型": "連鎖型綠色商店"
      }
    },
    {
      "type": "Feature",
      "geometry": {
        "type": "Point",
        "coordinates": [
          121.51029559854,
          25.041492965557
        ]
      },
      "properties": {
        "名稱": "萊爾富國際股份有限公司-北市正寶店",
        "地址": "100台北市中正區寶慶路35號",
        "商店編號": "A001616",
        "電話": "(02)23705368",
        "類型": "連鎖型綠色商店"
      }
    },
    {
      "type": "Feature",
      "geometry": {
        "type": "Point",
        "coordinates": [
          121.514906734934,
          25.044565310257
        ]
      },
      "properties": {
        "名稱": "萊爾富國際股份有限公司-北市正鑽店",
        "地址": "100臺北市中正區館前路36號 ",
        "商店編號": "A001393",
        "電話": "02-66068688分機356",
        "類型": "連鎖型綠色商店"
      }
    },
    {
      "type": "Feature",
      "geometry": {
        "type": "Point",
        "coordinates": [
          121.522426978463,
          25.057731436127
        ]
      },
      "properties": {
        "名稱": "萊爾富國際股份有限公司-北市民生店",
        "地址": "104臺北市中山區民生西路2號",
        "商店編號": "A001366",
        "電話": "02-66068688分機356",
        "類型": "連鎖型綠色商店"
      }
    },
    {
      "type": "Feature",
      "geometry": {
        "type": "Point",
        "coordinates": [
          121.587598454946,
          25.069215649305
        ]
      },
      "properties": {
        "名稱": "萊爾富國際股份有限公司-北市民東店",
        "地址": "114臺北市內湖區民權東路六段69,71,75號",
        "商店編號": "A001324",
        "電話": "02-66068688分機356",
        "類型": "連鎖型綠色商店"
      }
    },
    {
      "type": "Feature",
      "geometry": {
        "type": "Point",
        "coordinates": [
          121.5644213192,
          25.06284728882
        ]
      },
      "properties": {
        "名稱": "萊爾富國際股份有限公司-北市民權二店",
        "地址": "105臺北市松山區民權東路五段32號",
        "商店編號": "A001343",
        "電話": "02-66068688分機356",
        "類型": "連鎖型綠色商店"
      }
    },
    {
      "type": "Feature",
      "geometry": {
        "type": "Point",
        "coordinates": [
          121.585956607752,
          25.068324694907
        ]
      },
      "properties": {
        "名稱": "萊爾富國際股份有限公司-北市民權三店",
        "地址": "114臺北市內湖區民權東路六段90巷8號",
        "商店編號": "A001272",
        "電話": "02-66068688分機356",
        "類型": "連鎖型綠色商店"
      }
    },
    {
      "type": "Feature",
      "geometry": {
        "type": "Point",
        "coordinates": [
          121.533155395432,
          25.047240604203
        ]
      },
      "properties": {
        "名稱": "萊爾富國際股份有限公司-北市永捷店",
        "地址": "104台北市中山區松江路27號",
        "商店編號": "A001599",
        "電話": "(02)25048276",
        "類型": "連鎖型綠色商店"
      }
    },
    {
      "type": "Feature",
      "geometry": {
        "type": "Point",
        "coordinates": [
          121.512813103158,
          25.058263393612
        ]
      },
      "properties": {
        "名稱": "萊爾富國際股份有限公司-北市甘州店",
        "地址": "103臺北市大同區歸綏街183號",
        "商店編號": "A001288",
        "電話": "02-66068688分機356",
        "類型": "連鎖型綠色商店"
      }
    },
    {
      "type": "Feature",
      "geometry": {
        "type": "Point",
        "coordinates": [
          121.516449927127,
          25.118541766479
        ]
      },
      "properties": {
        "名稱": "萊爾富國際股份有限公司-北市立農店",
        "地址": "112台北市北投區義理街96號及立農街2段292號",
        "商店編號": "A001617",
        "電話": "(02)89781336",
        "類型": "連鎖型綠色商店"
      }
    },
    {
      "type": "Feature",
      "geometry": {
        "type": "Point",
        "coordinates": [
          121.514702803229,
          25.065992556077
        ]
      },
      "properties": {
        "名稱": "萊爾富國際股份有限公司-北市同吉店",
        "地址": "103臺北市大同區昌吉街63號",
        "商店編號": "A001275",
        "電話": "02-66068688分機356",
        "類型": "連鎖型綠色商店"
      }
    },
    {
      "type": "Feature",
      "geometry": {
        "type": "Point",
        "coordinates": [
          121.514040232383,
          25.051705260655
        ]
      },
      "properties": {
        "名稱": "萊爾富國際股份有限公司-北市同安店",
        "地址": "103臺北市大同區重慶北路一段63號",
        "商店編號": "A001277",
        "電話": "02-66068688分機356",
        "類型": "連鎖型綠色商店"
      }
    },
    {
      "type": "Feature",
      "geometry": {
        "type": "Point",
        "coordinates": [
          121.508830190407,
          25.053576526723
        ]
      },
      "properties": {
        "名稱": "萊爾富國際股份有限公司-北市同京店",
        "地址": "103臺北市大同區西寧北路35號",
        "商店編號": "A001394",
        "電話": "02-66068688分機356",
        "類型": "連鎖型綠色商店"
      }
    },
    {
      "type": "Feature",
      "geometry": {
        "type": "Point",
        "coordinates": [
          121.515794629937,
          25.074730396771
        ]
      },
      "properties": {
        "名稱": "萊爾富國際股份有限公司-北市同密店",
        "地址": "103臺北市大同區重慶里哈密街59巷21號",
        "商店編號": "A001354",
        "電話": "02-66068688分機356",
        "類型": "連鎖型綠色商店"
      }
    },
    {
      "type": "Feature",
      "geometry": {
        "type": "Point",
        "coordinates": [
          121.52002925124,
          25.05011492644
        ]
      },
      "properties": {
        "名稱": "萊爾富國際股份有限公司-北市同捷店",
        "地址": "103臺北市大同區長安西路52-1號B1",
        "商店編號": "A001248",
        "電話": "02-66068688分機356",
        "類型": "連鎖型綠色商店"
      }
    },
    {
      "type": "Feature",
      "geometry": {
        "type": "Point",
        "coordinates": [
          121.519049490578,
          25.060170863317
        ]
      },
      "properties": {
        "名稱": "萊爾富國際股份有限公司-北市同淵店",
        "地址": "103臺北市大同區錦西街82號 1樓",
        "商店編號": "A001388",
        "電話": "02-66068688分機356",
        "類型": "連鎖型綠色商店"
      }
    },
    {
      "type": "Feature",
      "geometry": {
        "type": "Point",
        "coordinates": [
          121.51145587303,
          25.057096609032
        ]
      },
      "properties": {
        "名稱": "萊爾富國際股份有限公司-北市同達店",
        "地址": "103臺北市大同區延平北路二段114.116.118號.民生西路335號",
        "商店編號": "A001258",
        "電話": "02-66068688分機356",
        "類型": "連鎖型綠色商店"
      }
    },
    {
      "type": "Feature",
      "geometry": {
        "type": "Point",
        "coordinates": [
          121.519421479441,
          25.073975564481
        ]
      },
      "properties": {
        "名稱": "萊爾富國際股份有限公司-北市同德店",
        "地址": "103臺北市大同區承德路三段290號",
        "商店編號": "A001280",
        "電話": "02-66068688分機356",
        "類型": "連鎖型綠色商店"
      }
    },
    {
      "type": "Feature",
      "geometry": {
        "type": "Point",
        "coordinates": [
          121.513479129185,
          25.050625384343
        ]
      },
      "properties": {
        "名稱": "萊爾富國際股份有限公司-北市同慶店",
        "地址": "103臺北市大同區重慶北路一段24號1樓",
        "商店編號": "A001299",
        "電話": "02-66068688分機356",
        "類型": "連鎖型綠色商店"
      }
    },
    {
      "type": "Feature",
      "geometry": {
        "type": "Point",
        "coordinates": [
          121.519853650369,
          25.052610596201
        ]
      },
      "properties": {
        "名稱": "萊爾富國際股份有限公司-北市同蝶店",
        "地址": "103臺北市大同區南京西路30號",
        "商店編號": "A001252",
        "電話": "02-66068688分機356",
        "類型": "連鎖型綠色商店"
      }
    },
    {
      "type": "Feature",
      "geometry": {
        "type": "Point",
        "coordinates": [
          121.532724397971,
          25.047210387442
        ]
      },
      "properties": {
        "名稱": "萊爾富國際股份有限公司-北市如意店",
        "地址": "104臺北市中山區松江路28,30,30-1號",
        "商店編號": "A001284",
        "電話": "02-66068688分機356",
        "類型": "連鎖型綠色商店"
      }
    },
    {
      "type": "Feature",
      "geometry": {
        "type": "Point",
        "coordinates": [
          121.554514244923,
          25.036720938532
        ]
      },
      "properties": {
        "名稱": "萊爾富國際股份有限公司-北市安平店",
        "地址": "110臺北市信義區仁愛路四段300巷15號1樓",
        "商店編號": "A001298",
        "電話": "02-66068688分機356",
        "類型": "連鎖型綠色商店"
      }
    },
    {
      "type": "Feature",
      "geometry": {
        "type": "Point",
        "coordinates": [
          121.554514244923,
          25.036720938532
        ]
      },
      "properties": {
        "名稱": "萊爾富國際股份有限公司-北市安平店",
        "地址": "106台北市大安區仁愛路4段300巷15號",
        "商店編號": "A001632",
        "電話": "(02)27015782",
        "類型": "連鎖型綠色商店"
      }
    },
    {
      "type": "Feature",
      "geometry": {
        "type": "Point",
        "coordinates": [
          121.554959826895,
          25.02114493168
        ]
      },
      "properties": {
        "名稱": "萊爾富國際股份有限公司-北市安弘店",
        "地址": "106臺北市大安區安居街10號",
        "商店編號": "A001412",
        "電話": "02-66068688分機356",
        "類型": "連鎖型綠色商店"
      }
    },
    {
      "type": "Feature",
      "geometry": {
        "type": "Point",
        "coordinates": [
          121.542928606527,
          25.041760854312
        ]
      },
      "properties": {
        "名稱": "萊爾富國際股份有限公司-北市安孝店",
        "地址": "106臺北市大安區忠孝東路三段287號",
        "商店編號": "A001430",
        "電話": "02-66068688分機356",
        "類型": "連鎖型綠色商店"
      }
    },
    {
      "type": "Feature",
      "geometry": {
        "type": "Point",
        "coordinates": [
          121.538206246466,
          25.034478444156
        ]
      },
      "properties": {
        "名稱": "萊爾富國際股份有限公司-北市安建店",
        "地址": "106臺北市大安區建國南路一段337號1樓",
        "商店編號": "A001363",
        "電話": "02-66068688分機356",
        "類型": "連鎖型綠色商店"
      }
    },
    {
      "type": "Feature",
      "geometry": {
        "type": "Point",
        "coordinates": [
          121.528411573511,
          25.026879829833
        ]
      },
      "properties": {
        "名稱": "萊爾富國際股份有限公司-北市安盈店",
        "地址": "106臺北市大安區和平東路一段129號 (台灣師範大學綜合大樓)",
        "商店編號": "A001281",
        "電話": "02-66068688分機356",
        "類型": "連鎖型綠色商店"
      }
    },
    {
      "type": "Feature",
      "geometry": {
        "type": "Point",
        "coordinates": [
          121.618205896401,
          25.073410959483
        ]
      },
      "properties": {
        "名稱": "萊爾富國際股份有限公司-北市安泰店",
        "地址": "114臺北市內湖區安泰街32號",
        "商店編號": "A001428",
        "電話": "02-66068688分機356",
        "類型": "連鎖型綠色商店"
      }
    },
    {
      "type": "Feature",
      "geometry": {
        "type": "Point",
        "coordinates": [
          121.556407800669,
          25.03929221306
        ]
      },
      "properties": {
        "名稱": "萊爾富國際股份有限公司-北市安國店",
        "地址": "106臺北市大安區光復南路290巷25號,25-1號",
        "商店編號": "A001236",
        "電話": "02-66068688分機356",
        "類型": "連鎖型綠色商店"
      }
    },
    {
      "type": "Feature",
      "geometry": {
        "type": "Point",
        "coordinates": [
          121.543274028945,
          25.028539237114
        ]
      },
      "properties": {
        "名稱": "萊爾富國際股份有限公司-北市安傑店",
        "地址": "106臺北市大安區復興南路二段146-1號 ",
        "商店編號": "A001387",
        "電話": "02-66068688分機356",
        "類型": "連鎖型綠色商店"
      }
    },
    {
      "type": "Feature",
      "geometry": {
        "type": "Point",
        "coordinates": [
          121.545211505864,
          25.042709179708
        ]
      },
      "properties": {
        "名稱": "萊爾富國際股份有限公司-北市安復店",
        "地址": "106臺北市大安區復興南路一段135巷21號1樓.B1",
        "商店編號": "A001348",
        "電話": "02-66068688分機356",
        "類型": "連鎖型綠色商店"
      }
    },
    {
      "type": "Feature",
      "geometry": {
        "type": "Point",
        "coordinates": [
          121.549712252593,
          25.036915817781
        ]
      },
      "properties": {
        "名稱": "萊爾富國際股份有限公司-北市安敦店",
        "地址": "106臺北市大安區仁愛路四段112巷7號",
        "商店編號": "A001253",
        "電話": "02-66068688分機356",
        "類型": "連鎖型綠色商店"
      }
    },
    {
      "type": "Feature",
      "geometry": {
        "type": "Point",
        "coordinates": [
          121.550700395159,
          25.041863655225
        ]
      },
      "properties": {
        "名稱": "萊爾富國際股份有限公司-北市安皓店",
        "地址": "106臺北市大安區忠孝東路四段181巷8號",
        "商店編號": "A001437",
        "電話": "02-66068688分機356",
        "類型": "連鎖型綠色商店"
      }
    },
    {
      "type": "Feature",
      "geometry": {
        "type": "Point",
        "coordinates": [
          121.555843866223,
          25.042962941827
        ]
      },
      "properties": {
        "名稱": "萊爾富國際股份有限公司-北市安華店",
        "地址": "106臺北市大安區華聲里延吉街131巷43號1樓",
        "商店編號": "A001346",
        "電話": "02-66068688分機356",
        "類型": "連鎖型綠色商店"
      }
    },
    {
      "type": "Feature",
      "geometry": {
        "type": "Point",
        "coordinates": [
          121.542415470603,
          25.043081168571
        ]
      },
      "properties": {
        "名稱": "萊爾富國際股份有限公司-北市安震店",
        "地址": "106臺北市大安區安東街50之2、50之3，50之4號",
        "商店編號": "A001390",
        "電話": "02-66068688分機356",
        "類型": "連鎖型綠色商店"
      }
    },
    {
      "type": "Feature",
      "geometry": {
        "type": "Point",
        "coordinates": [
          121.543279309544,
          25.028259491095
        ]
      },
      "properties": {
        "名稱": "萊爾富國際股份有限公司-北市安興店",
        "地址": "106台北市大安區復興南路2段148號1樓全部",
        "商店編號": "A001607",
        "電話": "(02)89783502",
        "類型": "連鎖型綠色商店"
      }
    },
    {
      "type": "Feature",
      "geometry": {
        "type": "Point",
        "coordinates": [
          121.550812293566,
          25.01850630856
        ]
      },
      "properties": {
        "名稱": "萊爾富國際股份有限公司-北市安龍店",
        "地址": "106臺北市大安區臥龍街145之1號",
        "商店編號": "A001342",
        "電話": "02-66068688分機356",
        "類型": "連鎖型綠色商店"
      }
    },
    {
      "type": "Feature",
      "geometry": {
        "type": "Point",
        "coordinates": [
          121.55755964816,
          25.043999706183
        ]
      },
      "properties": {
        "名稱": "萊爾富國際股份有限公司-北市安聯店",
        "地址": "106臺北市大安區光復南路98之3號,98之5號",
        "商店編號": "A001257",
        "電話": "02-66068688分機356",
        "類型": "連鎖型綠色商店"
      }
    },
    {
      "type": "Feature",
      "geometry": {
        "type": "Point",
        "coordinates": [
          121.543854308102,
          25.035915018542
        ]
      },
      "properties": {
        "名稱": "萊爾富國際股份有限公司-北市安豐店",
        "地址": "106臺北市大安區復興南路一段265號",
        "商店編號": "A001331",
        "電話": "02-66068688分機356",
        "類型": "連鎖型綠色商店"
      }
    },
    {
      "type": "Feature",
      "geometry": {
        "type": "Point",
        "coordinates": [
          121.545302198057,
          25.037539976201
        ]
      },
      "properties": {
        "名稱": "萊爾富國際股份有限公司-北市安醫店",
        "地址": "106臺北市大安區仁愛路四段10號1樓(北市仁愛醫院)",
        "商店編號": "A001386",
        "電話": "02-66068688分機356",
        "類型": "連鎖型綠色商店"
      }
    },
    {
      "type": "Feature",
      "geometry": {
        "type": "Point",
        "coordinates": [
          121.527034678276,
          25.031823853511
        ]
      },
      "properties": {
        "名稱": "萊爾富國際股份有限公司-北市安麗店",
        "地址": "106臺北市大安區金山南路二段69.71號1樓",
        "商店編號": "A001291",
        "電話": "02-66068688分機356",
        "類型": "連鎖型綠色商店"
      }
    },
    {
      "type": "Feature",
      "geometry": {
        "type": "Point",
        "coordinates": [
          121.549260048917,
          25.042219718472
        ]
      },
      "properties": {
        "名稱": "萊爾富國際股份有限公司-北市安鑽店",
        "地址": "106臺北市大安區敦化南路一段197號",
        "商店編號": "A001266",
        "電話": "02-66068688分機356",
        "類型": "連鎖型綠色商店"
      }
    },
    {
      "type": "Feature",
      "geometry": {
        "type": "Point",
        "coordinates": [
          121.607829435546,
          25.075444912107
        ]
      },
      "properties": {
        "名稱": "萊爾富國際股份有限公司-北市成康店",
        "地址": "114臺北市內湖區成功路五段420巷7‧9號",
        "商店編號": "A001313",
        "電話": "02-66068688分機356",
        "類型": "連鎖型綠色商店"
      }
    },
    {
      "type": "Feature",
      "geometry": {
        "type": "Point",
        "coordinates": [
          121.607829435546,
          25.075444912107
        ]
      },
      "properties": {
        "名稱": "萊爾富國際股份有限公司-北市成康店",
        "地址": "114台北市內湖區成功路五段420巷7‧9號",
        "商店編號": "A001625",
        "電話": "(02)26342297",
        "類型": "連鎖型綠色商店"
      }
    },
    {
      "type": "Feature",
      "geometry": {
        "type": "Point",
        "coordinates": [
          121.562661957723,
          25.082665209231
        ]
      },
      "properties": {
        "名稱": "萊爾富國際股份有限公司-北市米蘭店",
        "地址": "114台北市內湖區內湖路一段120巷16號一樓全部",
        "商店編號": "A001612",
        "電話": "(02)26598412",
        "類型": "連鎖型綠色商店"
      }
    },
    {
      "type": "Feature",
      "geometry": {
        "type": "Point",
        "coordinates": [
          121.518982519172,
          25.053117449886
        ]
      },
      "properties": {
        "名稱": "萊爾富國際股份有限公司-北市衣蝶店",
        "地址": "103臺北市大同區南京西路63號",
        "商店編號": "A001302",
        "電話": "02-66068688分機356",
        "類型": "連鎖型綠色商店"
      }
    },
    {
      "type": "Feature",
      "geometry": {
        "type": "Point",
        "coordinates": [
          121.592187463116,
          25.069112384258
        ]
      },
      "properties": {
        "名稱": "萊爾富國際股份有限公司-北市宏普店",
        "地址": "114臺北市內湖區民權東路六段117號",
        "商店編號": "A001260",
        "電話": "02-66068688分機356",
        "類型": "連鎖型綠色商店"
      }
    },
    {
      "type": "Feature",
      "geometry": {
        "type": "Point",
        "coordinates": [
          121.576413056616,
          25.076462181786
        ]
      },
      "properties": {
        "名稱": "萊爾富國際股份有限公司-北市亞緹店",
        "地址": "114台北市內湖區江南街111號",
        "商店編號": "A001608",
        "電話": "(02)89783354",
        "類型": "連鎖型綠色商店"
      }
    },
    {
      "type": "Feature",
      "geometry": {
        "type": "Point",
        "coordinates": [
          121.518349936939,
          25.048892761138
        ]
      },
      "properties": {
        "名稱": "萊爾富國際股份有限公司-北市京承店",
        "地址": "103台北市大同區市民大道一段209號",
        "商店編號": "A001601",
        "電話": "(02)25526312",
        "類型": "連鎖型綠色商店"
      }
    },
    {
      "type": "Feature",
      "geometry": {
        "type": "Point",
        "coordinates": [
          121.518349936939,
          25.048892761138
        ]
      },
      "properties": {
        "名稱": "萊爾富國際股份有限公司-北市京站店",
        "地址": "103臺北市大同區市民大道一段209號(國道客運京站購物廣場)",
        "商店編號": "A001276",
        "電話": "02-66068688分機356",
        "類型": "連鎖型綠色商店"
      }
    },
    {
      "type": "Feature",
      "geometry": {
        "type": "Point",
        "coordinates": [
          121.507468717875,
          25.034763261226
        ]
      },
      "properties": {
        "名稱": "萊爾富國際股份有限公司-北市和平店",
        "地址": "100臺北市中正區延平南路210號",
        "商店編號": "A001292",
        "電話": "02-66068688分機356",
        "類型": "連鎖型綠色商店"
      }
    },
    {
      "type": "Feature",
      "geometry": {
        "type": "Point",
        "coordinates": [
          121.472011339605,
          25.128340546567
        ]
      },
      "properties": {
        "名稱": "萊爾富國際股份有限公司-北市和信店",
        "地址": "112臺北市北投區立德路125號(和信醫院)",
        "商店編號": "A001279",
        "電話": "02-66068688分機356",
        "類型": "連鎖型綠色商店"
      }
    },
    {
      "type": "Feature",
      "geometry": {
        "type": "Point",
        "coordinates": [
          121.500569741009,
          25.126075756329
        ]
      },
      "properties": {
        "名稱": "萊爾富國際股份有限公司-北市奇岩店",
        "地址": "112臺北市北投區中央南路二段5.7號",
        "商店編號": "A001409",
        "電話": "02-66068688分機356",
        "類型": "連鎖型綠色商店"
      }
    },
    {
      "type": "Feature",
      "geometry": {
        "type": "Point",
        "coordinates": [
          121.555041466632,
          25.020946406303
        ]
      },
      "properties": {
        "名稱": "萊爾富國際股份有限公司-北市居安店",
        "地址": "106台北市大安區安居街15號",
        "商店編號": "A001642",
        "電話": "(02)89786747",
        "類型": "連鎖型綠色商店"
      }
    },
    {
      "type": "Feature",
      "geometry": {
        "type": "Point",
        "coordinates": [
          121.510462063137,
          25.082166192626
        ]
      },
      "properties": {
        "名稱": "萊爾富國際股份有限公司-北市延平二店",
        "地址": "111臺北市士林區延平北路五段138號",
        "商店編號": "A001419",
        "電話": "02-66068688分機356",
        "類型": "連鎖型綠色商店"
      }
    },
    {
      "type": "Feature",
      "geometry": {
        "type": "Point",
        "coordinates": [
          121.511358172405,
          25.06237295692
        ]
      },
      "properties": {
        "名稱": "萊爾富國際股份有限公司-北市延平店",
        "地址": "103臺北市大同區延平北路二段255-1號",
        "商店編號": "A001380",
        "電話": "02-66068688分機356",
        "類型": "連鎖型綠色商店"
      }
    },
    {
      "type": "Feature",
      "geometry": {
        "type": "Point",
        "coordinates": [
          121.554710297638,
          25.040125960968
        ]
      },
      "properties": {
        "名稱": "萊爾富國際股份有限公司-北市延吉二店",
        "地址": "106臺北市大安區延吉街130號",
        "商店編號": "A001235",
        "電話": "02-66068688分機356",
        "類型": "連鎖型綠色商店"
      }
    },
    {
      "type": "Feature",
      "geometry": {
        "type": "Point",
        "coordinates": [
          121.51100286353,
          25.064702581179
        ]
      },
      "properties": {
        "名稱": "萊爾富國際股份有限公司-北市延年店",
        "地址": "103臺北市大同區延平北路三段40號一樓",
        "商店編號": "A001432",
        "電話": "02-66068688分機356",
        "類型": "連鎖型綠色商店"
      }
    },
    {
      "type": "Feature",
      "geometry": {
        "type": "Point",
        "coordinates": [
          121.567236800477,
          25.05726372593
        ]
      },
      "properties": {
        "名稱": "萊爾富國際股份有限公司-北市延壽店",
        "地址": "105臺北市松山區延壽街81號",
        "商店編號": "A001391",
        "電話": "02-66068688分機356",
        "類型": "連鎖型綠色商店"
      }
    },
    {
      "type": "Feature",
      "geometry": {
        "type": "Point",
        "coordinates": [
          121.523244297841,
          25.081511146893
        ]
      },
      "properties": {
        "名稱": "萊爾富國際股份有限公司-北市承德店",
        "地址": "111臺北市士林區承德路四段80巷59號",
        "商店編號": "A001338",
        "電話": "02-66068688分機356",
        "類型": "連鎖型綠色商店"
      }
    },
    {
      "type": "Feature",
      "geometry": {
        "type": "Point",
        "coordinates": [
          121.593719591197,
          25.051413157513
        ]
      },
      "properties": {
        "名稱": "萊爾富國際股份有限公司-北市昆陽店",
        "地址": "115臺北市南港區昆陽街99號",
        "商店編號": "A001382",
        "電話": "02-66068688分機356",
        "類型": "連鎖型綠色商店"
      }
    },
    {
      "type": "Feature",
      "geometry": {
        "type": "Point",
        "coordinates": [
          121.549749216786,
          25.077874574381
        ]
      },
      "properties": {
        "名稱": "萊爾富國際股份有限公司-北市明水店",
        "地址": "104臺北市中山區明水路397巷7弄32號",
        "商店編號": "A001365",
        "電話": "02-66068688分機356",
        "類型": "連鎖型綠色商店"
      }
    },
    {
      "type": "Feature",
      "geometry": {
        "type": "Point",
        "coordinates": [
          121.60888605826,
          25.070246707215
        ]
      },
      "properties": {
        "名稱": "萊爾富國際股份有限公司-北市明湖店",
        "地址": "114臺北市內湖區民權東路六段296巷68號",
        "商店編號": "A001242",
        "電話": "02-66068688分機356",
        "類型": "連鎖型綠色商店"
      }
    },
    {
      "type": "Feature",
      "geometry": {
        "type": "Point",
        "coordinates": [
          121.523995148728,
          25.034581918751
        ]
      },
      "properties": {
        "名稱": "萊爾富國際股份有限公司-北市杭州店",
        "地址": "106臺北市大安區杭州南路二段5號",
        "商店編號": "A001308",
        "電話": "02-66068688分機356",
        "類型": "連鎖型綠色商店"
      }
    },
    {
      "type": "Feature",
      "geometry": {
        "type": "Point",
        "coordinates": [
          121.551491479181,
          25.032144838493
        ]
      },
      "properties": {
        "名稱": "萊爾富國際股份有限公司-北市東方店",
        "地址": "106臺北市大安區信義路四段186巷8號(東方高級工商職業學校)",
        "商店編號": "A001425",
        "電話": "02-66068688分機356",
        "類型": "連鎖型綠色商店"
      }
    },
    {
      "type": "Feature",
      "geometry": {
        "type": "Point",
        "coordinates": [
          121.579438923662,
          25.037817668653
        ]
      },
      "properties": {
        "名稱": "萊爾富國際股份有限公司-北市林口店",
        "地址": "110臺北市信義區林口街36號",
        "商店編號": "A001337",
        "電話": "02-66068688分機356",
        "類型": "連鎖型綠色商店"
      }
    },
    {
      "type": "Feature",
      "geometry": {
        "type": "Point",
        "coordinates": [
          121.524974238838,
          25.050152686914
        ]
      },
      "properties": {
        "名稱": "萊爾富國際股份有限公司-北市林森店",
        "地址": "104臺北市中山區林森北路101號",
        "商店編號": "A001443",
        "電話": "02-66068688分機356",
        "類型": "連鎖型綠色商店"
      }
    },
    {
      "type": "Feature",
      "geometry": {
        "type": "Point",
        "coordinates": [
          121.574267121765,
          25.045380953255
        ]
      },
      "properties": {
        "名稱": "萊爾富國際股份有限公司-北市松永店",
        "地址": "110臺北市信義區永吉路280號",
        "商店編號": "A001329",
        "電話": "02-66068688分機356",
        "類型": "連鎖型綠色商店"
      }
    },
    {
      "type": "Feature",
      "geometry": {
        "type": "Point",
        "coordinates": [
          121.554060113409,
          25.048278870549
        ]
      },
      "properties": {
        "名稱": "萊爾富國際股份有限公司-北市松育店",
        "地址": "105臺北市松山區八德路三段119號",
        "商店編號": "A001320",
        "電話": "02-66068688分機356",
        "類型": "連鎖型綠色商店"
      }
    },
    {
      "type": "Feature",
      "geometry": {
        "type": "Point",
        "coordinates": [
          121.557710096965,
          25.050610171189
        ]
      },
      "properties": {
        "名稱": "萊爾富國際股份有限公司-北市松柏店",
        "地址": "105臺北市松山區光復北路102號",
        "商店編號": "A001407",
        "電話": "02-66068688分機356",
        "類型": "連鎖型綠色商店"
      }
    },
    {
      "type": "Feature",
      "geometry": {
        "type": "Point",
        "coordinates": [
          121.57791,
          25.0486129
        ]
      },
      "properties": {
        "名稱": "萊爾富國際股份有限公司-北市松站店",
        "地址": "110臺北市信義區松山路11號(松山車站)",
        "商店編號": "A001356",
        "電話": "02-66068688分機356",
        "類型": "連鎖型綠色商店"
      }
    },
    {
      "type": "Feature",
      "geometry": {
        "type": "Point",
        "coordinates": [
          121.56735163255,
          25.055388275094
        ]
      },
      "properties": {
        "名稱": "萊爾富國際股份有限公司-北市松康店",
        "地址": "105臺北市松山區鵬程里健康路325巷12弄2號1樓",
        "商店編號": "A001339",
        "電話": "02-66068688分機356",
        "類型": "連鎖型綠色商店"
      }
    },
    {
      "type": "Feature",
      "geometry": {
        "type": "Point",
        "coordinates": [
          121.565957219138,
          25.050653254171
        ]
      },
      "properties": {
        "名稱": "萊爾富國際股份有限公司-北市松清店",
        "地址": "105臺北市松山區南京東路五段250巷3-1號",
        "商店編號": "A001327",
        "電話": "02-66068688分機356",
        "類型": "連鎖型綠色商店"
      }
    },
    {
      "type": "Feature",
      "geometry": {
        "type": "Point",
        "coordinates": [
          121.559342975523,
          25.051312197489
        ]
      },
      "properties": {
        "名稱": "萊爾富國際股份有限公司-北市松華店",
        "地址": "105臺北市松山區南京東路五段34號",
        "商店編號": "A001418",
        "電話": "02-66068688分機356",
        "類型": "連鎖型綠色商店"
      }
    },
    {
      "type": "Feature",
      "geometry": {
        "type": "Point",
        "coordinates": [
          121.551949634008,
          25.063161400642
        ]
      },
      "properties": {
        "名稱": "萊爾富國際股份有限公司-北市松運店",
        "地址": "105臺北市松山區敦化北路338號(捷運松山機場)",
        "商店編號": "A001362",
        "電話": "02-66068688分機356",
        "類型": "連鎖型綠色商店"
      }
    },
    {
      "type": "Feature",
      "geometry": {
        "type": "Point",
        "coordinates": [
          121.565970211088,
          25.064228291188
        ]
      },
      "properties": {
        "名稱": "萊爾富國際股份有限公司-北市松遠店",
        "地址": "105臺北市松山區莊敬里撫遠街369巷36號",
        "商店編號": "A001335",
        "電話": "02-66068688分機356",
        "類型": "連鎖型綠色商店"
      }
    },
    {
      "type": "Feature",
      "geometry": {
        "type": "Point",
        "coordinates": [
          121.506862203361,
          25.087573190726
        ]
      },
      "properties": {
        "名稱": "萊爾富國際股份有限公司-北市社子店",
        "地址": "111臺北市士林區社子街63巷2號",
        "商店編號": "A001414",
        "電話": "02-66068688分機356",
        "類型": "連鎖型綠色商店"
      }
    },
    {
      "type": "Feature",
      "geometry": {
        "type": "Point",
        "coordinates": [
          121.50915373187,
          25.088667532005
        ]
      },
      "properties": {
        "名稱": "萊爾富國際股份有限公司-北市社正店",
        "地址": "111臺北市士林區社正路27號",
        "商店編號": "A001435",
        "電話": "02-66068688分機356",
        "類型": "連鎖型綠色商店"
      }
    },
    {
      "type": "Feature",
      "geometry": {
        "type": "Point",
        "coordinates": [
          121.548356479755,
          25.023943481512
        ]
      },
      "properties": {
        "名稱": "萊爾富國際股份有限公司-北市虎嘯店",
        "地址": "106臺北市大安區敦化南路二段174號",
        "商店編號": "A001426",
        "電話": "02-66068688分機356",
        "類型": "連鎖型綠色商店"
      }
    },
    {
      "type": "Feature",
      "geometry": {
        "type": "Point",
        "coordinates": [
          121.604197975995,
          25.073326553718
        ]
      },
      "properties": {
        "名稱": "萊爾富國際股份有限公司-北市金湖店",
        "地址": "114臺北市內湖區金湖路403號",
        "商店編號": "A001345",
        "電話": "02-66068688分機356",
        "類型": "連鎖型綠色商店"
      }
    },
    {
      "type": "Feature",
      "geometry": {
        "type": "Point",
        "coordinates": [
          121.592810657617,
          25.084827572612
        ]
      },
      "properties": {
        "名稱": "萊爾富國際股份有限公司-北市金碧店",
        "地址": "114台北市內湖區金龍路64、66號壹樓全部",
        "商店編號": "A001636",
        "電話": "(02)89782940",
        "類型": "連鎖型綠色商店"
      }
    },
    {
      "type": "Feature",
      "geometry": {
        "type": "Point",
        "coordinates": [
          121.532741580872,
          25.048246139217
        ]
      },
      "properties": {
        "名稱": "萊爾富國際股份有限公司-北市長松店",
        "地址": "104台北市中山區松江路50號",
        "商店編號": "A001611",
        "電話": "(02)89783405",
        "類型": "連鎖型綠色商店"
      }
    },
    {
      "type": "Feature",
      "geometry": {
        "type": "Point",
        "coordinates": [
          121.580794947958,
          25.04475977041
        ]
      },
      "properties": {
        "名稱": "萊爾富國際股份有限公司-北市信北店",
        "地址": "110臺北市信義區中坡北路17.19號1樓",
        "商店編號": "A001243",
        "電話": "02-66068688分機356",
        "類型": "連鎖型綠色商店"
      }
    },
    {
      "type": "Feature",
      "geometry": {
        "type": "Point",
        "coordinates": [
          121.570257051648,
          25.045816225487
        ]
      },
      "properties": {
        "名稱": "萊爾富國際股份有限公司-北市信吉店",
        "地址": "110臺北市信義區永吉路125號",
        "商店編號": "A001310",
        "電話": "02-66068688分機356",
        "類型": "連鎖型綠色商店"
      }
    },
    {
      "type": "Feature",
      "geometry": {
        "type": "Point",
        "coordinates": [
          121.56665216273,
          25.04127281487
        ]
      },
      "properties": {
        "名稱": "萊爾富國際股份有限公司-北市信東店",
        "地址": "110臺北市信義區忠孝東路五段63號1樓",
        "商店編號": "A001237",
        "電話": "02-66068688分機356",
        "類型": "連鎖型綠色商店"
      }
    },
    {
      "type": "Feature",
      "geometry": {
        "type": "Point",
        "coordinates": [
          121.562947612984,
          25.028570292065
        ]
      },
      "properties": {
        "名稱": "萊爾富國際股份有限公司-北市信長店",
        "地址": "110臺北市信義區莊敬路290號",
        "商店編號": "A001400",
        "電話": "02-66068688分機356",
        "類型": "連鎖型綠色商店"
      }
    },
    {
      "type": "Feature",
      "geometry": {
        "type": "Point",
        "coordinates": [
          121.561729387176,
          25.037013047858
        ]
      },
      "properties": {
        "名稱": "萊爾富國際股份有限公司-北市信彩店",
        "地址": "110臺北市信義區基隆路一段350之41.43號",
        "商店編號": "A001270",
        "電話": "02-66068688分機356",
        "類型": "連鎖型綠色商店"
      }
    },
    {
      "type": "Feature",
      "geometry": {
        "type": "Point",
        "coordinates": [
          121.578313317885,
          25.037808741926
        ]
      },
      "properties": {
        "名稱": "萊爾富國際股份有限公司-北市信誠店",
        "地址": "110臺北市信義區松山路537號及541巷1號",
        "商店編號": "A001359",
        "電話": "02-66068688分機356",
        "類型": "連鎖型綠色商店"
      }
    },
    {
      "type": "Feature",
      "geometry": {
        "type": "Point",
        "coordinates": [
          121.57450298852,
          25.037945241219
        ]
      },
      "properties": {
        "名稱": "萊爾富國際股份有限公司-北市信德店",
        "地址": "110臺北市信義區虎林街164巷60弄2號",
        "商店編號": "A001238",
        "電話": "02-66068688分機356",
        "類型": "連鎖型綠色商店"
      }
    },
    {
      "type": "Feature",
      "geometry": {
        "type": "Point",
        "coordinates": [
          121.517001772069,
          25.032525976238
        ]
      },
      "properties": {
        "名稱": "萊爾富國際股份有限公司-北市南海店",
        "地址": "100臺北市中正區南海路12,14號",
        "商店編號": "A001355",
        "電話": "02-66068688分機356",
        "類型": "連鎖型綠色商店"
      }
    },
    {
      "type": "Feature",
      "geometry": {
        "type": "Point",
        "coordinates": [
          121.616085107259,
          25.053328883393
        ]
      },
      "properties": {
        "名稱": "萊爾富國際股份有限公司-北市南港二店",
        "地址": "115臺北市南港區忠孝東路七段639號",
        "商店編號": "A001317",
        "電話": "02-66068688分機356",
        "類型": "連鎖型綠色商店"
      }
    },
    {
      "type": "Feature",
      "geometry": {
        "type": "Point",
        "coordinates": [
          121.588297840947,
          25.048925282922
        ]
      },
      "properties": {
        "名稱": "萊爾富國際股份有限公司-北市南港三店",
        "地址": "115臺北市南港區忠孝東路六段252號",
        "商店編號": "A001261",
        "電話": "02-66068688分機356",
        "類型": "連鎖型綠色商店"
      }
    },
    {
      "type": "Feature",
      "geometry": {
        "type": "Point",
        "coordinates": [
          121.51359035704,
          25.072474323713
        ]
      },
      "properties": {
        "名稱": "萊爾富國際股份有限公司-北市哈密店",
        "地址": "103臺北市大同區重慶北路三段278號之2",
        "商店編號": "A001321",
        "電話": "02-66068688分機356",
        "類型": "連鎖型綠色商店"
      }
    },
    {
      "type": "Feature",
      "geometry": {
        "type": "Point",
        "coordinates": [
          121.52427803796,
          25.105007004507
        ]
      },
      "properties": {
        "名稱": "太平洋崇光百貨股份有限公司天母分公司",
        "地址": "111臺北市士林區中山北路6段77號",
        "商店編號": "A000091",
        "電話": "02-27765555#5281",
        "類型": "非連鎖型綠色商店"
      }
    },
    {
      "type": "Feature",
      "geometry": {
        "type": "Point",
        "coordinates": [
          121.511276197392,
          25.060296214679
        ]
      },
      "properties": {
        "名稱": "加祥車業有限公司",
        "地址": "103臺北市大同區103延平北路2段256號",
        "商店編號": "A001649",
        "電話": "02-25571818",
        "類型": "非連鎖型綠色商店"
      }
    },
    {
      "type": "Feature",
      "geometry": {
        "type": "Point",
        "coordinates": [
          121.54850056467,
          25.051353604091
        ]
      },
      "properties": {
        "名稱": "台灣富士軟片資訊股份有限公司",
        "地址": "105臺北市松山區中正里敦化北路88號7樓",
        "商店編號": "A001475",
        "電話": "02-27319099#6705",
        "類型": "非連鎖型綠色商店"
      }
    },
    {
      "type": "Feature",
      "geometry": {
        "type": "Point",
        "coordinates": [
          121.509381468179,
          25.042088206411
        ]
      },
      "properties": {
        "名稱": "台塩生技台北門市",
        "地址": "100臺北市中正區衡陽路126號",
        "商店編號": "A001738",
        "電話": "06-2160688#268",
        "類型": "非連鎖型綠色商店"
      }
    },
    {
      "type": "Feature",
      "geometry": {
        "type": "Point",
        "coordinates": [
          121.50052380818,
          25.024875046231
        ]
      },
      "properties": {
        "名稱": "永發電器有限公司",
        "地址": "108臺北市萬華區萬大路299號",
        "商店編號": "A001667",
        "電話": "223099672",
        "類型": "非連鎖型綠色商店"
      }
    },
    {
      "type": "Feature",
      "geometry": {
        "type": "Point",
        "coordinates": [
          121.524885642121,
          25.090244042263
        ]
      },
      "properties": {
        "名稱": "禾晉電器有限公司",
        "地址": "111臺北市士林區大北路80號",
        "商店編號": "A001448",
        "電話": "28814262",
        "類型": "非連鎖型綠色商店"
      }
    },
    {
      "type": "Feature",
      "geometry": {
        "type": "Point",
        "coordinates": [
          121.568641607449,
          24.988668325818
        ]
      },
      "properties": {
        "名稱": "伊果文創印刷庇護工場",
        "地址": "116臺北市文山區保儀路9號4樓",
        "商店編號": "A001750",
        "電話": "02-29392169",
        "類型": "非連鎖型綠色商店"
      }
    },
    {
      "type": "Feature",
      "geometry": {
        "type": "Point",
        "coordinates": [
          121.520147352256,
          25.045205268564
        ]
      },
      "properties": {
        "名稱": "有限責任監察院員工消費合作社",
        "地址": "100臺北市中正區忠孝東路一段2號",
        "商店編號": "A001739",
        "電話": "02-23413183#525",
        "類型": "非連鎖型綠色商店"
      }
    },
    {
      "type": "Feature",
      "geometry": {
        "type": "Point",
        "coordinates": [
          121.5786291,
          25.0734541
        ]
      },
      "properties": {
        "名稱": "百裕電業有限公司",
        "地址": "114臺北市內湖區",
        "商店編號": "A000095",
        "電話": "2652-1066~8",
        "類型": "非連鎖型綠色商店"
      }
    },
    {
      "type": "Feature",
      "geometry": {
        "type": "Point",
        "coordinates": [
          121.566885347276,
          25.043158575447
        ]
      },
      "properties": {
        "名稱": "法蘭西床股份有限公司台北分公司",
        "地址": "110臺北市信義區松隆路18號",
        "商店編號": "A000080",
        "電話": "02-89412421",
        "類型": "非連鎖型綠色商店"
      }
    },
    {
      "type": "Feature",
      "geometry": {
        "type": "Point",
        "coordinates": [
          121.591895521428,
          25.081937827674
        ]
      },
      "properties": {
        "名稱": "阿瘦實業股份有限公司內湖店",
        "地址": "114臺北市內湖區成功路四段40號",
        "商店編號": "A001735",
        "電話": "02-27932473",
        "類型": "非連鎖型綠色商店"
      }
    },
    {
      "type": "Feature",
      "geometry": {
        "type": "Point",
        "coordinates": [
          121.617929377415,
          25.069954053066
        ]
      },
      "properties": {
        "名稱": "皇儒貴有限公司",
        "地址": "114台北市內湖區康樂街72巷17弄16號1樓",
        "商店編號": "A000081",
        "電話": "02-26316068",
        "類型": "非連鎖型綠色商店"
      }
    },
    {
      "type": "Feature",
      "geometry": {
        "type": "Point",
        "coordinates": [
          121.508896155985,
          25.114549424087
        ]
      },
      "properties": {
        "名稱": "朝北資訊有限公司",
        "地址": "112臺北市北投區承德路七段188巷17號",
        "商店編號": "A001654",
        "電話": "02-28286380",
        "類型": "非連鎖型綠色商店"
      }
    },
    {
      "type": "Feature",
      "geometry": {
        "type": "Point",
        "coordinates": [
          121.505867439092,
          25.030557306032
        ]
      },
      "properties": {
        "名稱": "新吉勝油漆工程有限公司",
        "地址": "108臺北市萬華區西藏路66號",
        "商店編號": "A001664",
        "電話": "02-23022609",
        "類型": "非連鎖型綠色商店"
      }
    },
    {
      "type": "Feature",
      "geometry": {
        "type": "Point",
        "coordinates": [
          121.590683749686,
          25.085759388788
        ]
      },
      "properties": {
        "名稱": "瑞豐電器行",
        "地址": "114臺北市內湖區金龍路117號1樓",
        "商店編號": "A001650",
        "電話": "02-27936795",
        "類型": "非連鎖型綠色商店"
      }
    },
    {
      "type": "Feature",
      "geometry": {
        "type": "Point",
        "coordinates": [
          121.508063833,
          25.088955618017
        ]
      },
      "properties": {
        "名稱": "裕達電器有限公司",
        "地址": "111臺北市士林區延平北路６段１０６號１樓",
        "商店編號": "A001662",
        "電話": "02-28112681",
        "類型": "非連鎖型綠色商店"
      }
    },
    {
      "type": "Feature",
      "geometry": {
        "type": "Point",
        "coordinates": [
          121.507701567145,
          25.038503727428
        ]
      },
      "properties": {
        "名稱": "環保署員工消費合作社",
        "地址": "100臺北市中正區中華路1段83號12樓",
        "商店編號": "A001498",
        "電話": "02-23117722#2260",
        "類型": "非連鎖型綠色商店"
      }
    }
  ]
}