seqno,type,city,countycode,name,address,number,localcallservice
1,連鎖型綠色商店,新北市,65000," 台象股份有限公司-象印板橋服務中心",220新北市板橋區國光路52號1樓,F002166,02-2506-9009#217
2,連鎖型綠色商店,新北市,65000,7-11一級棒門市,242新北市新莊區中山路3段488.490號,F000941,02-27478711#3961
3,連鎖型綠色商店,新北市,65000,7-11一新門市,235新北市中和區福祥里27鄰永和路56.58號1樓.,F000520,02-27478711#3961
4,連鎖型綠色商店,新北市,65000,7-11九份門市,224新北市瑞芳區基山街3號,F000987,02-27478711#3961
5,連鎖型綠色商店,新北市,65000,7-11九芎門市,247新北市蘆洲區中山二路272號.,F001342,02-27478711#3961
6,連鎖型綠色商店,新北市,65000,7-11二橋門市,239新北市鶯歌區中正三路93號,F001627,02-27478711#3961
7,連鎖型綠色商店,新北市,65000,7-11八仙門市,249新北市八里區中華路二段306號,F001375,02-27478711#3961
8,連鎖型綠色商店,新北市,65000,7-11八里門市,249新北市八里區中山路二段341號,F001230,02-27478711#3961
9,連鎖型綠色商店,新北市,65000,7-11十八甲門市,243新北市泰山區福興一街87號,F001034,02-27478711#3961
10,連鎖型綠色商店,新北市,65000,7-11三爪坑門市,224新北市瑞芳區三爪子坑路15、17號,F000980,02-27478711#3961
11,連鎖型綠色商店,新北市,65000,7-11三好門市,241新北市三重區溪美里仁愛街367號,F000569,02-27478711#3961
12,連鎖型綠色商店,新北市,65000,7-11三安門市,241新北市三重區正義北路235號,F001652,02-27478711#3961
13,連鎖型綠色商店,新北市,65000,7-11三洋門市,242新北市新莊區中正路612-1號,F001485,02-27478711#3961
14,連鎖型綠色商店,新北市,65000,7-11三重門市,241新北市三重區重新路3段18號,F001420,02-27478711#3961
15,連鎖型綠色商店,新北市,65000,7-11三暉門市,238新北市樹林區樹福里復興路1號,F001182,02-27478711#3961
16,連鎖型綠色商店,新北市,65000,7-11三靖門市,239新北市鶯歌區三鶯路52號一樓,F001534,02-27478711#3961
17,連鎖型綠色商店,新北市,65000,7-11下竹圍門市,241新北市三重區下竹圍街26號,F001416,02-27478711#3961
18,連鎖型綠色商店,新北市,65000,7-11上北可門市,236新北市土城區明德路一段232號,F001651,02-27478711#3961
19,連鎖型綠色商店,新北市,65000,7-11凡賽絲門市,231新北市新店區安民街248號,F001428,02-27478711#3961
20,連鎖型綠色商店,新北市,65000,7-11千歲門市,238新北市樹林區千歲街26-10號,F001036,02-27478711#3961
21,連鎖型綠色商店,新北市,65000,7-11千群門市,220新北市板橋區東丘里民享街53號,F000532,02-27478711#3961
22,連鎖型綠色商店,新北市,65000,7-11土城門市,236新北市土城區中央路三段42號,F001583,02-27478711#3961
23,連鎖型綠色商店,新北市,65000,7-11大五股門市,248新北市五股區成泰路2段81號,F001604,02-27478711#3961
24,連鎖型綠色商店,新北市,65000,7-11大正門市,234新北市永和區中正路555號,F001352,02-27478711#3961
25,連鎖型綠色商店,新北市,65000,7-11大坪林門市,231新北市新店區民權路18號,F001439,02-27478711#3961
26,連鎖型綠色商店,新北市,65000,7-11大東圓門市,238新北市樹林區柑園街一段67.67-1.67-2號1樓,F001221,02-27478711#3961
27,連鎖型綠色商店,新北市,65000,7-11大勇門市,237新北市三峽區文化路254號,F001137,02-27478711#3961
28,連鎖型綠色商店,新北市,65000,7-11大展門市,238新北市樹林區俊英街244.246號,F001153,02-27478711#3961
29,連鎖型綠色商店,新北市,65000,7-11大峽門市,237新北市三峽區大學路13鄰147號1樓,F001249,02-27478711#3961
30,連鎖型綠色商店,新北市,65000,7-11大庭門市,220新北市板橋區國光里6鄰國光路65號1樓,F001116,02-27478711#3961
31,連鎖型綠色商店,新北市,65000,7-11大盛門市,231新北市新店區建國路133號,F001461,02-27478711#3961
32,連鎖型綠色商店,新北市,65000,7-11大智門市,241新北市三重區大同北路63號,F001511,02-27478711#3961
33,連鎖型綠色商店,新北市,65000,7-11大智通門市,238新北市樹林區佳園路二段70-1號,F001166,02-27478711#3961
34,連鎖型綠色商店,新北市,65000,7-11大觀門市,220新北市板橋區大觀路1段26號,F000989,02-27478711#3961
35,連鎖型綠色商店,新北市,65000,7-11山佳門市,238新北市樹林區中山路3段87號,F001219,02-27478711#3961
36,連鎖型綠色商店,新北市,65000,7-11工林門市,244新北市林口區工六路76號,F001569,02-27478711#3961
37,連鎖型綠色商店,新北市,65000,7-11中一門市,220新北市板橋區中正里中正路411號,F001044,02-27478711#3961
38,連鎖型綠色商店,新北市,65000,7-11中安門市,235新北市中和區宜安路62.66號,F001574,02-27478711#3961
39,連鎖型綠色商店,新北市,65000,7-11中行門市,231新北市新店區中興路一段193.195號,F001421,02-27478711#3961
40,連鎖型綠色商店,新北市,65000,7-11中林門市,236新北市土城區員林街14號,F001430,02-27478711#3961
41,連鎖型綠色商店,新北市,65000,7-11中南門市,241新北市三重區中正南路248-1.248-2號,F001611,02-27478711#3961
42,連鎖型綠色商店,新北市,65000,7-11中泰門市,242新北市新莊區中港一街10.10-1號,F001667,02-27478711#3961
43,連鎖型綠色商店,新北市,65000,7-11中港門市,242新北市新莊區中港路133號,F001668,02-27478711#3961
44,連鎖型綠色商店,新北市,65000,7-11中園門市,237新北市三峽區民權街231號,F001643,02-27478711#3961
45,連鎖型綠色商店,新北市,65000,7-11丹鳳門市,242新北市新莊區雙鳳里中山路三段664號,F001390,02-27478711#3961
46,連鎖型綠色商店,新北市,65000,7-11五工門市,242新北市新莊區福基里17鄰五工二路91號,F000927,02-27478711#3961
47,連鎖型綠色商店,新北市,65000,7-11五峰門市,231新北市新店區中興路一段252號,F001023,02-27478711#3961
48,連鎖型綠色商店,新北市,65000,7-11五華門市,241新北市三重區五華街148號.,F001070,02-27478711#3961
49,連鎖型綠色商店,新北市,65000,7-11仁仁門市,241新北市三重區仁愛街52號,F001558,02-27478711#3961
50,連鎖型綠色商店,新北市,65000,7-11仁泰門市,243新北市泰山區明志路二段1號,F000503,02-27478711#3961
51,連鎖型綠色商店,新北市,65000,7-11仁森門市,244新北市林口區粉寮路1段64號,F001289,02-27478711#3961
52,連鎖型綠色商店,新北市,65000,7-11仁寶門市,234新北市永和區仁愛路302、304號,F001641,02-27478711#3961
53,連鎖型綠色商店,新北市,65000,7-11元坊門市,234新北市永和區保安路134.136號,F001504,02-27478711#3961
54,連鎖型綠色商店,新北市,65000,7-11元秀門市,220新北市板橋區莊敬路220巷17.19號,F001115,02-27478711#3961
55,連鎖型綠色商店,新北市,65000,7-11元町門市,239新北市鶯歌區光明路136號,F001158,02-27478711#3961
56,連鎖型綠色商店,新北市,65000,7-11公園賞門市,243新北市泰山區仁愛路66號,F001054,02-27478711#3961
57,連鎖型綠色商店,新北市,65000,7-11分子尾門市,241新北市三重區分子尾街45號,F001413,02-27478711#3961
58,連鎖型綠色商店,新北市,65000,7-11及人門市,231新北市新店區安民街72號,F000922,02-27478711#3961
59,連鎖型綠色商店,新北市,65000,7-11天下門市,237新北市三峽區中正路一段242.244號,F001395,02-27478711#3961
60,連鎖型綠色商店,新北市,65000,7-11天元門市,251新北市淡水區北新路三段34號,F001066,02-27478711#3961
61,連鎖型綠色商店,新北市,65000,7-11天台門市,241新北市三重區仁德里正義南路13.15號1樓,F001196,02-27478711#3961
62,連鎖型綠色商店,新北市,65000,7-11天城門市,235新北市中和區景平路240巷1弄4號,F001628,02-27478711#3961
63,連鎖型綠色商店,新北市,65000,7-11天勝門市,241新北市三重區仁愛街687號,F001385,02-27478711#3961
64,連鎖型綠色商店,新北市,65000,7-11天龍門市,241新北市三重區龍門路217.219.221號,F000946,02-27478711#3961
65,連鎖型綠色商店,新北市,65000,7-11天闊門市,231新北市新店區環河路16號,F001267,02-27478711#3961
66,連鎖型綠色商店,新北市,65000,7-11太子門市,236新北市土城區中山路47號,F001348,02-27478711#3961
67,連鎖型綠色商店,新北市,65000,7-11太順門市,238新北市樹林區太順街49巷2號,F001529,02-27478711#3961
68,連鎖型綠色商店,新北市,65000,7-11心心門市,220新北市板橋區實踐路105.107號,F001615,02-27478711#3961
69,連鎖型綠色商店,新北市,65000,7-11文青門市,236新北市土城區青雲路243.245號,F001331,02-27478711#3961
70,連鎖型綠色商店,新北市,65000,7-11文聖門市,220新北市板橋區文聖街64號,F001446,02-27478711#3961
71,連鎖型綠色商店,新北市,65000,7-11文豪門市,247新北市蘆洲區民族路321號,F001224,02-27478711#3961
72,連鎖型綠色商店,新北市,65000,7-11文興門市,241新北市三重區文化南路7號,F000988,02-27478711#3961
73,連鎖型綠色商店,新北市,65000,7-11日勝門市,243新北市泰山區山腳村泰林路2段515.517號.,F001077,02-27478711#3961
74,連鎖型綠色商店,新北市,65000,7-11日揚門市,241新北市三重區中正北路18-1號,F001564,02-27478711#3961
75,連鎖型綠色商店,新北市,65000,7-11日福門市,235新北市中和區中和路380號,F001591,02-27478711#3961
76,連鎖型綠色商店,新北市,65000,7-11水源門市,234新北市中和區中山路2段62號,F001038,02-27478711#3961
77,連鎖型綠色商店,新北市,65000,7-11水碓門市,248新北市五股區水碓路14號,F001080,02-27478711#3961
78,連鎖型綠色商店,新北市,65000,7-11水鑫門市,251新北市淡水區大忠街83號,F001427,02-27478711#3961
79,連鎖型綠色商店,新北市,65000,7-11加州門市,242新北市新莊區中平路81巷2號,F001448,02-27478711#3961
80,連鎖型綠色商店,新北市,65000,7-11北宜門市,231新北市新店區北宜路二段82號之2.,F000574,02-27478711#3961
81,連鎖型綠色商店,新北市,65000,7-11北海門市,208新北市金山鄉中山路105號,F001542,02-27478711#3961
82,連鎖型綠色商店,新北市,65000,7-11北深門市,222新北市深坑區北深路二段183號,F001318,02-27478711#3961
83,連鎖型綠色商店,新北市,65000,7-11北新門市,231新北市新店區北新路1段289.291號,F001553,02-27478711#3961
84,連鎖型綠色商店,新北市,65000,7-11北福門市,234新北市永和區福和路128號,F001411,02-27478711#3961
85,連鎖型綠色商店,新北市,65000,7-11北學一門市,237新北市三峽區大學路151號B1(商學大樓B1),F001151,02-27478711#3961
86,連鎖型綠色商店,新北市,65000,7-11北學二門市,237新北市三峽區大學路151號1樓,F001466,02-27478711#3961
87,連鎖型綠色商店,新北市,65000,7-11台藝大門市,220新北市板橋區大觀路一段59號,F001482,02-27478711#3961
88,連鎖型綠色商店,新北市,65000,7-11巨門門市,235新北市中和區中山路二段380號之1,F001261,02-27478711#3961
89,連鎖型綠色商店,新北市,65000,7-11巧立門市,251新北市淡水區北新路184巷57.59號1樓,F001043,02-27478711#3961
90,連鎖型綠色商店,新北市,65000,7-11左岸門市,249新北市八里區龍米路2段246號,F001528,02-27478711#3961
91,連鎖型綠色商店,新北市,65000,7-11平安門市,241新北市三重區正義北路51號.,F001531,02-27478711#3961
92,連鎖型綠色商店,新北市,65000,7-11平埔門市,222新北市深坑區文化街82號,F001141,02-27478711#3961
93,連鎖型綠色商店,新北市,65000,7-11弘安門市,242新北市新莊區萬安街82.84號,F001078,02-27478711#3961
94,連鎖型綠色商店,新北市,65000,7-11弘龍門市,248新北市五股區工商路16號,F001210,02-27478711#3961
95,連鎖型綠色商店,新北市,65000,7-11未來門市,244新北市林口區文化二路一段553號,F001244,02-27478711#3961
96,連鎖型綠色商店,新北市,65000,7-11正大門市,241新北市三重區中正北路235號,F001464,02-27478711#3961
97,連鎖型綠色商店,新北市,65000,7-11正民門市,231新北市新店區中正路506號,F001619,02-27478711#3961
98,連鎖型綠色商店,新北市,65000,7-11正孝門市,241新北市三重區忠孝路2段160號,F000936,02-27478711#3961
99,連鎖型綠色商店,新北市,65000,7-11正南門市,241新北市三重區正義南路67.69號,F001371,02-27478711#3961
100,連鎖型綠色商店,新北市,65000,7-11正泰門市,220新北市板橋區三民路二段202-18號,F001350,02-27478711#3961
101,連鎖型綠色商店,新北市,65000,7-11正華門市,220新北市板橋區中正路274.276號,F001665,02-27478711#3961
102,連鎖型綠色商店,新北市,65000,7-11正陽門市,241新北市三重區正義北路386.388號,F000506,02-27478711#3961
103,連鎖型綠色商店,新北市,65000,7-11正隆門市,220新北市板橋區民生路一段53號,F001176,02-27478711#3961
104,連鎖型綠色商店,新北市,65000,7-11正龍門市,241新北市三重區正義北路332號,F001363,02-27478711#3961
105,連鎖型綠色商店,新北市,65000,7-11民仁門市,247新北市蘆洲區仁愛街41號,F001557,02-27478711#3961
106,連鎖型綠色商店,新北市,65000,7-11民生廠門市,236新北市土城區民生街4號B1,F001119,02-27478711#3961
107,連鎖型綠色商店,新北市,65000,7-11民光門市,234新北市永和區中正路166號,F000998,02-27478711#3961
108,連鎖型綠色商店,新北市,65000,7-11民自門市,235新北市中和區冠穗里民享街38.38之1號,F001274,02-27478711#3961
109,連鎖型綠色商店,新北市,65000,7-11民族門市,220新北市板橋區福祿里民族路310號,F001653,02-27478711#3961
110,連鎖型綠色商店,新北市,65000,7-11民德門市,235新北市中和區民德路47.47-1號,F001184,02-27478711#3961
111,連鎖型綠色商店,新北市,65000,7-11永中門市,234新北市永和區中山路一段58號,F001320,02-27478711#3961
112,連鎖型綠色商店,新北市,65000,7-11永平門市,234新北市永和區中山路一段149-153號,F000511,02-27478711#3961
113,連鎖型綠色商店,新北市,65000,7-11永竹門市,234新北市永和區竹林路146號,F001403,02-27478711#3961
114,連鎖型綠色商店,新北市,65000,7-11永利門市,234新北市永和區永元里永元路93號,F001231,02-27478711#3961
115,連鎖型綠色商店,新北市,65000,7-11永和門市,234新北市永和區文化路7號,F001060,02-27478711#3961
116,連鎖型綠色商店,新北市,65000,7-11永振門市,235新北市中和區南華路16號,F001157,02-27478711#3961
117,連鎖型綠色商店,新北市,65000,7-11永興門市,234新北市永和區竹林路98號,F001165,02-27478711#3961
118,連鎖型綠色商店,新北市,65000,7-11永權門市,234新北市永和區民權路52.54號,F001470,02-27478711#3961
119,連鎖型綠色商店,新北市,65000,7-11白雲門市,221新北市汐止區民權街二段79號之1,F001298,02-27478711#3961
120,連鎖型綠色商店,新北市,65000,7-11石門門市,251新北市石門區中山路78號,F000975,02-27478711#3961
121,連鎖型綠色商店,新北市,65000,7-11立竹門市,251新北市淡水區民族路56號,F001055,02-27478711#3961
122,連鎖型綠色商店,新北市,65000,7-11立行門市,241新北市三重區力行路2段160號,F001017,02-27478711#3961
123,連鎖型綠色商店,新北市,65000,7-11立言門市,235新北市中和區中正路872號,F001198,02-27478711#3961
124,連鎖型綠色商店,新北市,65000,7-11立征門市,251新北市淡水區中山北路1段149巷26.28號,F001136,02-27478711#3961
125,連鎖型綠色商店,新北市,65000,7-11立金門市,236新北市土城區立德路70.72號,F000970,02-27478711#3961
126,連鎖型綠色商店,新北市,65000,7-11立德門市,235新北市中和區立德街103號,F001321,02-27478711#3961
127,連鎖型綠色商店,新北市,65000,7-11光仁門市,220新北市板橋區中山路二段273號,F001356,02-27478711#3961
128,連鎖型綠色商店,新北市,65000,7-11光員門市,236新北市土城區光明街15號,F001498,02-27478711#3961
129,連鎖型綠色商店,新北市,65000,7-11光華門市,242新北市新莊區民安西路390號,F001179,02-27478711#3961
130,連鎖型綠色商店,新北市,65000,7-11全茂門市,235新北市中和區連城路469巷9.11號,F001456,02-27478711#3961
131,連鎖型綠色商店,新北市,65000,7-11全新門市,231新北市新店區安康路2段196-1號,F000949,02-27478711#3961
132,連鎖型綠色商店,新北市,65000,7-11吉發門市,251新北市淡水區自強路275號,F001572,02-27478711#3961
133,連鎖型綠色商店,新北市,65000,7-11同仁門市,231新北市新店區民權路96號,F001626,02-27478711#3961
134,連鎖型綠色商店,新北市,65000,7-11名帥門市,221新北市汐止區樟樹一路131號1樓,F001399,02-27478711#3961
135,連鎖型綠色商店,新北市,65000,7-11合康門市,241新北市三重區永福街199及201-2號,F001315,02-27478711#3961
136,連鎖型綠色商店,新北市,65000,7-11合喬門市,238新北市樹林區三福街68號,F001309,02-27478711#3961
137,連鎖型綠色商店,新北市,65000,7-11后福門市,242新北市新莊區後港一路29號,F001565,02-27478711#3961
138,連鎖型綠色商店,新北市,65000,7-11存德門市,220新北市板橋區篤行路二段104.106號,F001204,02-27478711#3961
139,連鎖型綠色商店,新北市,65000,7-11宇陽門市,234新北市永和區永利路77號,F001404,02-27478711#3961
140,連鎖型綠色商店,新北市,65000,7-11安民門市,231新北市新店區安民路133巷9.11號,F001245,02-27478711#3961
141,連鎖型綠色商店,新北市,65000,7-11安成門市,231新北市新店區安成街35.29號,F000976,02-27478711#3961
142,連鎖型綠色商店,新北市,65000,7-11安佳門市,231新北市新店區安祥路111號,F001669,02-27478711#3961
143,連鎖型綠色商店,新北市,65000,7-11安忠門市,231新北市新店區安忠路20號,F001562,02-27478711#3961
144,連鎖型綠色商店,新北市,65000,7-11安林門市,244新北市林口區文化二路一段24.26號,F001567,02-27478711#3961
145,連鎖型綠色商店,新北市,65000,7-11安城門市,231新北市新店區安康路一段283號,F001215,02-27478711#3961
146,連鎖型綠色商店,新北市,65000,7-11安復門市,242新北市新莊區復興路1段213號,F000957,02-27478711#3961
147,連鎖型綠色商店,新北市,65000,7-11安斌門市,235新北市中和區中安街96號,F001510,02-27478711#3961
148,連鎖型綠色商店,新北市,65000,7-11安福門市,234新北市永和區福和路213號,F001142,02-27478711#3961
149,連鎖型綠色商店,新北市,65000,7-11尖山門市,239新北市鶯歌區國際二路6巷1號,F001521,02-27478711#3961
150,連鎖型綠色商店,新北市,65000,7-11成合門市,220新北市板橋區金門街40號,F001229,02-27478711#3961
151,連鎖型綠色商店,新北市,65000,7-11成洲門市,248新北市五股區成泰路三段577巷92、94號,F001306,02-27478711#3961
152,連鎖型綠色商店,新北市,65000,7-11成泰門市,248新北市五股區成泰路二段45.47號,F000566,02-27478711#3961
153,連鎖型綠色商店,新北市,65000,7-11旭昇門市,221新北市汐止區大同路三段332號,F001475,02-27478711#3961
154,連鎖型綠色商店,新北市,65000,7-11有民門市,234新北市永和區民有街26、28號,F001090,02-27478711#3961
155,連鎖型綠色商店,新北市,65000,7-11池田門市,247新北市蘆洲區民族路165號,F001222,02-27478711#3961
156,連鎖型綠色商店,新北市,65000,7-11汐止站門市,221新北市汐止區信義路1號,F001462,02-27478711#3961
157,連鎖型綠色商店,新北市,65000,7-11汐忠門市,221新北市汐止區忠孝東路282號,F000579,02-27478711#3961
158,連鎖型綠色商店,新北市,65000,7-11汐旺門市,221新北市汐止區中興里6鄰中興路105號,F000940,02-27478711#3961
159,連鎖型綠色商店,新北市,65000,7-11汐政門市,221新北市汐止區汐萬路一段222號,F000948,02-27478711#3961
160,連鎖型綠色商店,新北市,65000,7-11汐科門市,221新北市汐止區大同路二段167-1號1樓,F001460,02-27478711#3961
161,連鎖型綠色商店,新北市,65000,7-11汐福門市,221新北市汐止區福德一路243號,F000984,02-27478711#3961
162,連鎖型綠色商店,新北市,65000,7-11百利門市,241新北市三重區仁義街208號,F001366,02-27478711#3961
163,連鎖型綠色商店,新北市,65000,7-11百和門市,231新北市新店區中正路306.308號,F001509,02-27478711#3961
164,連鎖型綠色商店,新北市,65000,7-11百義門市,241新北市三重區仁義街232號,F001545,02-27478711#3961
165,連鎖型綠色商店,新北市,65000,7-11百壽門市,220新北市板橋區公館里2鄰文化路一段287號1樓,F001419,02-27478711#3961
166,連鎖型綠色商店,新北市,65000,7-11百福門市,231新北市新店區三民路77號,F001296,02-27478711#3961
167,連鎖型綠色商店,新北市,65000,7-11百豐門市,231新北市新店區安康路一段160號,F001018,02-27478711#3961
168,連鎖型綠色商店,新北市,65000,7-11竹林門市,234新北市永和區竹林路211號,F001502,02-27478711#3961
169,連鎖型綠色商店,新北市,65000,7-11竹捷門市,251新北市淡水區竹圍里民族路10號,F001217,02-27478711#3961
170,連鎖型綠色商店,新北市,65000,7-11竹圍門市,251新北市淡水區民權路109.111號,F001333,02-27478711#3961
171,連鎖型綠色商店,新北市,65000,7-11老街門市,251新北市淡水區公明街54號,F001512,02-27478711#3961
172,連鎖型綠色商店,新北市,65000,7-11艾科卡門市,221新北市汐止區茄苳路196號,F001365,02-27478711#3961
173,連鎖型綠色商店,新北市,65000,7-11艾德蒙門市,235新北市中和區中正路736號,F001068,02-27478711#3961
174,連鎖型綠色商店,新北市,65000,7-11西盛門市,242新北市新莊區民安西路113號之1,F000992,02-27478711#3961
175,連鎖型綠色商店,新北市,65000,7-11西堤門市,243新北市泰山區中山路二段476號,F001636,02-27478711#3961
176,連鎖型綠色商店,新北市,65000,7-11西雅圖門市,249新北市八里區中山路2段276號,F001337,02-27478711#3961
177,連鎖型綠色商店,新北市,65000,7-11佑容門市,220新北市板橋區五權里五權街49.51號.,F001238,02-27478711#3961
178,連鎖型綠色商店,新北市,65000,7-11伯爵門市,221新北市汐止區明峰街12號,F001379,02-27478711#3961
179,連鎖型綠色商店,新北市,65000,7-11利客來門市,248新北市五股區成泰路3段419號,F001150,02-27478711#3961
180,連鎖型綠色商店,新北市,65000,7-11利璋門市,251新北市淡水區新興街64號,F001288,02-27478711#3961
181,連鎖型綠色商店,新北市,65000,7-11孝忠門市,235新北市中和區忠孝街37巷2號,F001473,02-27478711#3961
182,連鎖型綠色商店,新北市,65000,7-11宏全門市,242新北市新莊區中和街61號,F001094,02-27478711#3961
183,連鎖型綠色商店,新北市,65000,7-11宏圖門市,234新北市永和區永和路一段85號,F001535,02-27478711#3961
184,連鎖型綠色商店,新北市,65000,7-11宏福門市,242新北市新莊區公園一路38號,F001200,02-27478711#3961
185,連鎖型綠色商店,新北市,65000,7-11宏懋門市,242新北市新莊區民安里18鄰民安西路58號1樓,F000536,02-27478711#3961
186,連鎖型綠色商店,新北市,65000,7-11宏禧門市,235新北市中和區景平路429號1樓,F001035,02-27478711#3961
187,連鎖型綠色商店,新北市,65000,7-11宏鑫門市,235新北市中和區中正路837號,F001276,02-27478711#3961
188,連鎖型綠色商店,新北市,65000,7-11廷寮門市,236新北市土城區清水路237號,F000933,02-27478711#3961
189,連鎖型綠色商店,新北市,65000,7-11志一門市,235新北市中和區自立路16號,F001552,02-27478711#3961
190,連鎖型綠色商店,新北市,65000,7-11志城門市,236新北市土城區金城路三段249.251號,F001541,02-27478711#3961
191,連鎖型綠色商店,新北市,65000,7-11秀峰門市,221新北市汐止區秀峰路60號,F001161,02-27478711#3961
192,連鎖型綠色商店,新北市,65000,7-11秀朗門市,234新北市永和區得和路377號,F001609,02-27478711#3961
193,連鎖型綠色商店,新北市,65000,7-11秀景門市,235新北市中和區成功南路115.117號,F001338,02-27478711#3961
194,連鎖型綠色商店,新北市,65000,7-11貝比門市,244新北市林口區湖南村8鄰頭湖70-9號,F001277,02-27478711#3961
195,連鎖型綠色商店,新北市,65000,7-11車路頭門市,241新北市三重區車頭街135號.,F001014,02-27478711#3961
196,連鎖型綠色商店,新北市,65000,7-11那魯灣門市,233新北市烏來區烏來村溫泉街80號,F001135,02-27478711#3961
197,連鎖型綠色商店,新北市,65000,7-11亞苑門市,220新北市板橋區四川路2段51號,F000932,02-27478711#3961
198,連鎖型綠色商店,新北市,65000,7-11亞醫門市,220新北市板橋區南雅南路二段21號(亞東醫院內),F001058,02-27478711#3961
199,連鎖型綠色商店,新北市,65000,7-11佳宏門市,238新北市樹林區太平路150巷1號,F001092,02-27478711#3961
200,連鎖型綠色商店,新北市,65000,7-11佳辰門市,238新北市樹林區佳園路三段488號,F001639,02-27478711#3961
201,連鎖型綠色商店,新北市,65000,7-11佳林門市,244新北市林口區林口路197號,F000939,02-27478711#3961
202,連鎖型綠色商店,新北市,65000,7-11佳客門市,235新北市中和區民德路126.126之1號,F001145,02-27478711#3961
203,連鎖型綠色商店,新北市,65000,7-11佳園門市,238新北市樹林區佳園路三段103號,F001631,02-27478711#3961
204,連鎖型綠色商店,新北市,65000,7-11佳福門市,236新北市土城區青雲路152號,F001432,02-27478711#3961
205,連鎖型綠色商店,新北市,65000,7-11來峰門市,248新北市五股區成泰路一段157號,F001345,02-27478711#3961
206,連鎖型綠色商店,新北市,65000,7-11來鑫門市,233新北市烏來區忠治村堰堤.9.11號,F001211,02-27478711#3961
207,連鎖型綠色商店,新北市,65000,7-11協元門市,251新北市淡水區中山路188號,F001467,02-27478711#3961
208,連鎖型綠色商店,新北市,65000,7-11和川門市,228新北市貢寮區延平街63號,F000571,02-27478711#3961
209,連鎖型綠色商店,新北市,65000,7-11和和門市,234新北市永和區秀朗路2段128號,F001442,02-27478711#3961
210,連鎖型綠色商店,新北市,65000,7-11和復門市,235新北市中和區復興路19號,F001561,02-27478711#3961
211,連鎖型綠色商店,新北市,65000,7-11和華門市,247新北市蘆洲區正和街28號,F001197,02-27478711#3961
212,連鎖型綠色商店,新北市,65000,7-11和錦門市,235新北市中和區錦和路406、410號,F001087,02-27478711#3961
213,連鎖型綠色商店,新北市,65000,7-11和醫門市,235新北市中和區中正路291號B1,F001402,02-27478711#3961
214,連鎖型綠色商店,新北市,65000,7-11坪林門市,232新北市坪林區水柳腳路159號,F001062,02-27478711#3961
215,連鎖型綠色商店,新北市,65000,7-11坤耀門市,220新北市板橋區南門街39號1F,F001401,02-27478711#3961
216,連鎖型綠色商店,新北市,65000,7-11孟揚門市,234新北市永和區秀和里林森路62號,F001546,02-27478711#3961
217,連鎖型綠色商店,新北市,65000,7-11季欣門市,243新北市泰山區全興路109號,F001024,02-27478711#3961
218,連鎖型綠色商店,新北市,65000,7-11宜安門市,235新北市中和區宜安路148號,F001479,02-27478711#3961
219,連鎖型綠色商店,新北市,65000,7-11宜峰門市,231新北市新店區北宜路二段353號,F001589,02-27478711#3961
220,連鎖型綠色商店,新北市,65000,7-11宜增門市,242新北市新莊區立基里33鄰中平路192號,F001104,02-27478711#3961
221,連鎖型綠色商店,新北市,65000,7-11岩昇門市,237新北市三峽區溪東路300號,F001220,02-27478711#3961
222,連鎖型綠色商店,新北市,65000,7-11幸亞門市,241新北市三重區溪尾街29號,F001285,02-27478711#3961
223,連鎖型綠色商店,新北市,65000,7-11幸和門市,242新北市新莊區中和街153號,F001100,02-27478711#3961
224,連鎖型綠色商店,新北市,65000,7-11幸運門市,220新北市板橋區區運路21號,F001452,02-27478711#3961
225,連鎖型綠色商店,新北市,65000,7-11幸福門市,241新北市三重區自強路1段272號,F001260,02-27478711#3961
226,連鎖型綠色商店,新北市,65000,7-11府中門市,220新北市板橋區赤松里府中路127號,F001039,02-27478711#3961
227,連鎖型綠色商店,新北市,65000,7-11府運門市,220新北市板橋區重慶路18.20號1樓,F001659,02-27478711#3961
228,連鎖型綠色商店,新北市,65000,7-11延和門市,236新北市土城區平和里延和路106號,F000517,02-27478711#3961
229,連鎖型綠色商店,新北市,65000,7-11延城門市,236新北市土城區延和路103號,F001580,02-27478711#3961
230,連鎖型綠色商店,新北市,65000,7-11延福門市,236新北市土城區延平街36號,F001544,02-27478711#3961
231,連鎖型綠色商店,新北市,65000,7-11忠信門市,234新北市永和區中興街101號,F001408,02-27478711#3961
232,連鎖型綠色商店,新北市,65000,7-11忠柯門市,244新北市林口區忠孝路642號,F001241,02-27478711#3961
233,連鎖型綠色商店,新北市,65000,7-11忠華門市,236新北市土城區中華路1段193號,F001192,02-27478711#3961
234,連鎖型綠色商店,新北市,65000,7-11承天門市,236新北市土城區承天路1號,F001433,02-27478711#3961
235,連鎖型綠色商店,新北市,65000,7-11昌宏門市,242新北市新莊區昌隆街31號,F001233,02-27478711#3961
236,連鎖型綠色商店,新北市,65000,7-11昌林門市,220新北市板橋區長安街138巷一弄50號,F001079,02-27478711#3961
237,連鎖型綠色商店,新北市,65000,7-11昌聖門市,238新北市樹林區文化街26號,F001188,02-27478711#3961
238,連鎖型綠色商店,新北市,65000,7-11明志門市,243新北市泰山區工專路72號,F001486,02-27478711#3961
239,連鎖型綠色商店,新北市,65000,7-11明峰門市,221新北市汐止區明峰街190號,F000973,02-27478711#3961
240,連鎖型綠色商店,新北市,65000,7-11明益門市,241新北市三重區忠孝路三段61號,F000985,02-27478711#3961
241,連鎖型綠色商店,新北市,65000,7-11明貴門市,243新北市泰山區明志路3段77號,F001033,02-27478711#3961
242,連鎖型綠色商店,新北市,65000,7-11明陽門市,220新北市板橋區新翠里陽明街251號,F001201,02-27478711#3961
243,連鎖型綠色商店,新北市,65000,7-11明園門市,221新北市汐止區汐萬路二段62巷1號1樓,F001519,02-27478711#3961
244,連鎖型綠色商店,新北市,65000,7-11昇庚門市,234新北市永和區永貞路182.184號,F001107,02-27478711#3961
245,連鎖型綠色商店,新北市,65000,7-11昇容門市,220新北市板橋區重慶路346巷8號,F001218,02-27478711#3961
246,連鎖型綠色商店,新北市,65000,7-11昇陽門市,234新北市永和區雙和里1鄰中和路417.419號,F001577,02-27478711#3961
247,連鎖型綠色商店,新北市,65000,7-11東明門市,238新北市樹林區保安街二段293-1號,F001086,02-27478711#3961
248,連鎖型綠色商店,新北市,65000,7-11東晴門市,221新北市汐止區新台五路2段80號,F001323,02-27478711#3961
249,連鎖型綠色商店,新北市,65000,7-11林宏門市,242新北市新莊區成功街1號,F001520,02-27478711#3961
250,連鎖型綠色商店,新北市,65000,7-11杰明門市,235新北市中和區泰和街48號,F001586,02-27478711#3961
251,連鎖型綠色商店,新北市,65000,7-11杰朋門市,220新北市板橋區龍泉街53號,F001457,02-27478711#3961
252,連鎖型綠色商店,新北市,65000,7-11板林門市,220新北市板橋區自強里中正路1巷18號,F001263,02-27478711#3961
253,連鎖型綠色商店,新北市,65000,7-11板信門市,220新北市板橋區信義路148號,F000572,02-27478711#3961
254,連鎖型綠色商店,新北市,65000,7-11板南門市,235新北市中和區板南路486號,F001195,02-27478711#3961
255,連鎖型綠色商店,新北市,65000,7-11板站北門市,220新北市板橋區文化路一段54號,F001144,02-27478711#3961
256,連鎖型綠色商店,新北市,65000,7-11板站東門市,220新北市板橋區文化路一段54號,F001621,02-27478711#3961
257,連鎖型綠色商店,新北市,65000,7-11板站門市,220新北市板橋區文化路一段54號,F001444,02-27478711#3961
258,連鎖型綠色商店,新北市,65000,7-11板勝門市,235新北市中和區連城路219巷4號,F001031,02-27478711#3961
259,連鎖型綠色商店,新北市,65000,7-11板聖門市,220新北市板橋區文化路二段472號,F000526,02-27478711#3961
260,連鎖型綠色商店,新北市,65000,7-11板慶門市,220新北市板橋區忠孝路40號,F000999,02-27478711#3961
261,連鎖型綠色商店,新北市,65000,7-11板權門市,220新北市板橋區民權路198-200號,F001376,02-27478711#3961
262,連鎖型綠色商店,新北市,65000,7-11松旺門市,235新北市中和區中山路三段108號,F000971,02-27478711#3961
263,連鎖型綠色商店,新北市,65000,7-11松林門市,220新北市板橋區江翠里松江街118號,F001258,02-27478711#3961
264,連鎖型綠色商店,新北市,65000,7-11欣聯門市,251新北市淡水區淡金路一段166號,F000931,02-27478711#3961
265,連鎖型綠色商店,新北市,65000,7-11武仁門市,243新北市泰山區仁愛路100巷28、30號,F001012,02-27478711#3961
266,連鎖型綠色商店,新北市,65000,7-11武江門市,220新北市板橋區光武街2巷2號,F001172,02-27478711#3961
267,連鎖型綠色商店,新北市,65000,7-11武林門市,238新北市樹林區光華街2.4號,F001543,02-27478711#3961
268,連鎖型綠色商店,新北市,65000,7-11武強門市,251新北市淡水區自強路152號,F000937,02-27478711#3961
269,連鎖型綠色商店,新北市,65000,7-11泳豐門市,236新北市土城區永豐路264之1號,F001223,02-27478711#3961
270,連鎖型綠色商店,新北市,65000,7-11矽功門市,221新北市汐止區大同路1段284號,F001013,02-27478711#3961
271,連鎖型綠色商店,新北市,65000,7-11社后門市,221新北市汐止區中興里中興路190號,F001638,02-27478711#3961
272,連鎖型綠色商店,新北市,65000,7-11股興門市,248新北市五股區中興路一段3號,F000972,02-27478711#3961
273,連鎖型綠色商店,新北市,65000,7-11芳榮門市,237新北市三峽區中正路536.538號,F001423,02-27478711#3961
274,連鎖型綠色商店,新北市,65000,7-11花旗門市,242新北市新莊區中港路132巷26號,F000529,02-27478711#3961
275,連鎖型綠色商店,新北市,65000,7-11采旺門市,242新北市新莊區天祥街74號,F001027,02-27478711#3961
276,連鎖型綠色商店,新北市,65000,7-11采鋺門市,244新北市林口區文化三路一段368號,F001325,02-27478711#3961
277,連鎖型綠色商店,新北市,65000,7-11金中門市,208新北市金山鄉中山路305.307號,F001016,02-27478711#3961
278,連鎖型綠色商店,新北市,65000,7-11金旦門市,251新北市淡水區淡金路三段254.256號,F001126,02-27478711#3961
279,連鎖型綠色商店,新北市,65000,7-11金全門市,208新北市金山鄉清水路52號,F000963,02-27478711#3961
280,連鎖型綠色商店,新北市,65000,7-11金沙門市,251新北市淡水區沙崙路133號.,F001149,02-27478711#3961
281,連鎖型綠色商店,新北市,65000,7-11金林門市,220新北市板橋區金門街303.305號,F001291,02-27478711#3961
282,連鎖型綠色商店,新北市,65000,7-11金芝門市,252新北市三芝區中興街一段2號,F000929,02-27478711#3961
283,連鎖型綠色商店,新北市,65000,7-11金城門市,236新北市土城區金城路3段71號,F001073,02-27478711#3961
284,連鎖型綠色商店,新北市,65000,7-11金星門市,251新北市淡水區北新路65號,F001329,02-27478711#3961
285,連鎖型綠色商店,新北市,65000,7-11金紅門市,251新北市淡水區淡金路3段2號,F001003,02-27478711#3961
286,連鎖型綠色商店,新北市,65000,7-11金峰門市,236新北市土城區明峰街9.11號,F001305,02-27478711#3961
287,連鎖型綠色商店,新北市,65000,7-11金座門市,242新北市新莊區思源路123號,F001392,02-27478711#3961
288,連鎖型綠色商店,新北市,65000,7-11金崙門市,251新北市淡水區沙崙路26-28號,F001666,02-27478711#3961
289,連鎖型綠色商店,新北市,65000,7-11金強門市,208新北市金山鄉自強路18-2號,F001563,02-27478711#3961
290,連鎖型綠色商店,新北市,65000,7-11金祥門市,208新北市金山鄉中正路145號,F001128,02-27478711#3961
291,連鎖型綠色商店,新北市,65000,7-11金園門市,220新北市板橋區金門街175號,F001635,02-27478711#3961
292,連鎖型綠色商店,新北市,65000,7-11金源門市,236新北市土城區水源街59號,F001259,02-27478711#3961
293,連鎖型綠色商店,新北市,65000,7-11金裕門市,236新北市土城區柑林里8鄰裕民路257之1號,F000983,02-27478711#3961
294,連鎖型綠色商店,新北市,65000,7-11金銘門市,237新北市三峽區介壽路一段27號,F000964,02-27478711#3961
295,連鎖型綠色商店,新北市,65000,7-11金億門市,239新北市鶯歌區建國路278號,F001629,02-27478711#3961
296,連鎖型綠色商店,新北市,65000,7-11金寶門市,251新北市淡水區中正路169號,F001123,02-27478711#3961
297,連鎖型綠色商店,新北市,65000,7-11金鶯門市,238新北市鶯歌區鶯桃路131-133號,F001396,02-27478711#3961
298,連鎖型綠色商店,新北市,65000,7-11長元門市,241新北市三重區長元街2-2號,F001490,02-27478711#3961
299,連鎖型綠色商店,新北市,65000,7-11長江門市,220新北市板橋區長江路2段280號之1,F001159,02-27478711#3961
300,連鎖型綠色商店,新北市,65000,7-11長坑門市,249新北市八里區中華路3段168號,F001156,02-27478711#3961
301,連鎖型綠色商店,新北市,65000,7-11長坤門市,244新北市林口區文化一路一段52號,F001592,02-27478711#3961
302,連鎖型綠色商店,新北市,65000,7-11長虹門市,239新北市鶯歌區鶯桃路412號一樓,F001121,02-27478711#3961
303,連鎖型綠色商店,新北市,65000,7-11長泰門市,241新北市三重區介壽路1號,F000472,02-27478711#3961
304,連鎖型綠色商店,新北市,65000,7-11長揚門市,241新北市三重區三和路二段6號之2,F001434,02-27478711#3961
305,連鎖型綠色商店,新北市,65000,7-11長壽門市,241新北市三重區正義北路159號,F001170,02-27478711#3961
306,連鎖型綠色商店,新北市,65000,7-11長樂門市,247新北市蘆洲區長安街269號,F000491,02-27478711#3961
307,連鎖型綠色商店,新北市,65000,7-11青雲門市,236新北市土城區青雲路499.501號,F001435,02-27478711#3961
308,連鎖型綠色商店,新北市,65000,7-11青潭門市,231新北市新店區北宜路一段41-1號,F001412,02-27478711#3961
309,連鎖型綠色商店,新北市,65000,7-11青蘋果門市,220新北市板橋區中山路2段531巷17弄20號,F000928,02-27478711#3961
310,連鎖型綠色商店,新北市,65000,7-11信利門市,236新北市土城區興城路96巷4號,F001264,02-27478711#3961
311,連鎖型綠色商店,新北市,65000,7-11保平門市,234新北市永和區保平路135號,F001587,02-27478711#3961
312,連鎖型綠色商店,新北市,65000,7-11保生門市,234新北市永和區保安里保生路1號.,F000508,02-27478711#3961
313,連鎖型綠色商店,新北市,65000,7-11保順門市,234新北市永和區保順路39號、保順路37巷2號,F001286,02-27478711#3961
314,連鎖型綠色商店,新北市,65000,7-11保騰門市,234新北市永和區信義路16號,F001020,02-27478711#3961
315,連鎖型綠色商店,新北市,65000,7-11保鑽門市,234新北市永和區潭墘里安樂路138.140號,F001614,02-27478711#3961
316,連鎖型綠色商店,新北市,65000,7-11俊安門市,238新北市樹林區俊英街162-162-1號,F001029,02-27478711#3961
317,連鎖型綠色商店,新北市,65000,7-11俊興門市,238新北市樹林區圳安里19鄰俊興街232號,F001581,02-27478711#3961
318,連鎖型綠色商店,新北市,65000,7-11俊龍門市,238新北市樹林區三俊街96號1樓,F001097,02-27478711#3961
319,連鎖型綠色商店,新北市,65000,7-11冠冠門市,231新北市新店區北新路1段231號,F001301,02-27478711#3961
320,連鎖型綠色商店,新北市,65000,7-11冠綸門市,237新北市三峽區中華路46.46-1號,F001206,02-27478711#3961
321,連鎖型綠色商店,新北市,65000,7-11冠德門市,235新北市中和區景平路71-5號,F001547,02-27478711#3961
322,連鎖型綠色商店,新北市,65000,7-11前進門市,247新北市蘆洲區光華路22巷57號,F000954,02-27478711#3961
323,連鎖型綠色商店,新北市,65000,7-11前瞻門市,241新北市三重區中山路375號,F001186,02-27478711#3961
324,連鎖型綠色商店,新北市,65000,7-11南天母門市,236新北市土城區南天母路8.10號,F001599,02-27478711#3961
325,連鎖型綠色商店,新北市,65000,7-11南谷門市,235新北市中和區中和路257號,F000991,02-27478711#3961
326,連鎖型綠色商店,新北市,65000,7-11南亞三門市,243新北市泰山區南林路98號8樓,F001147,02-27478711#3961
327,連鎖型綠色商店,新北市,65000,7-11南強門市,231新北市新店區中興路3段156號,F001089,02-27478711#3961
328,連鎖型綠色商店,新北市,65000,7-11南雅門市,220新北市板橋區新興里南雅南路一段8號1樓.,F001603,02-27478711#3961
329,連鎖型綠色商店,新北市,65000,7-11南勢角門市,235新北市中和區興南路1段55號,F001480,02-27478711#3961
330,連鎖型綠色商店,新北市,65000,7-11品嘉門市,242新北市新莊區新樹路69號之6,F001187,02-27478711#3961
331,連鎖型綠色商店,新北市,65000,7-11城運門市,236新北市土城區承天路10號,F001495,02-27478711#3961
332,連鎖型綠色商店,新北市,65000,7-11奕真門市,243新北市泰山區明志路二段187號,F001045,02-27478711#3961
333,連鎖型綠色商店,新北市,65000,7-11建一門市,235新北市中和區健康路101號,F001183,02-27478711#3961
334,連鎖型綠色商店,新北市,65000,7-11建中門市,242新北市新莊區建興街42號,F000938,02-27478711#3961
335,連鎖型綠色商店,新北市,65000,7-11建六門市,235新北市中和區建六路62號,F001133,02-27478711#3961
336,連鎖型綠色商店,新北市,65000,7-11建宗門市,220新北市板橋區溪福里篤行路3段玉平巷76弄8號及10號,F001610,02-27478711#3961
337,連鎖型綠色商店,新北市,65000,7-11建茗門市,220新北市板橋區四川路一段104號,F001114,02-27478711#3961
338,連鎖型綠色商店,新北市,65000,7-11建國門市,231新北市新店區中正路236號,F000558,02-27478711#3961
339,連鎖型綠色商店,新北市,65000,7-11建陽門市,221新北市汐止區南陽街105-107號,F001143,02-27478711#3961
340,連鎖型綠色商店,新北市,65000,7-11建德門市,221新北市汐止區福德一路394號,F000923,02-27478711#3961
341,連鎖型綠色商店,新北市,65000,7-11後港門市,242新北市新莊區後港一路78號,F000551,02-27478711#3961
342,連鎖型綠色商店,新北市,65000,7-11思源門市,242新北市新莊區幸福路40.42號,F001384,02-27478711#3961
343,連鎖型綠色商店,新北市,65000,7-11春吉門市,235新北市中和區建一路148號,F001252,02-27478711#3961
344,連鎖型綠色商店,新北市,65000,7-11春福門市,234新北市永和區光明里14鄰福和路196號,F001505,02-27478711#3961
345,連鎖型綠色商店,新北市,65000,7-11柏園門市,238新北市樹林區柑園街二段119.121號1樓,F001292,02-27478711#3961
346,連鎖型綠色商店,新北市,65000,7-11界和門市,234新北市永和區中和路331.333號,F001019,02-27478711#3961
347,連鎖型綠色商店,新北市,65000,7-11皇后門市,251新北市淡水區新春街87號,F001281,02-27478711#3961
348,連鎖型綠色商店,新北市,65000,7-11皇翔門市,236新北市土城區中央路一段92.94號,F000986,02-27478711#3961
349,連鎖型綠色商店,新北市,65000,7-11皇裕門市,236新北市土城區裕民路114巷16號1樓,F001501,02-27478711#3961
350,連鎖型綠色商店,新北市,65000,7-11秋閔門市,235新北市中和區橋和路288.290號,F001266,02-27478711#3961
351,連鎖型綠色商店,新北市,65000,7-11秋雅門市,220新北市板橋區南雅南路二段144巷16號,F001483,02-27478711#3961
352,連鎖型綠色商店,新北市,65000,7-11美吉門市,241新北市三重區光明里8鄰重安街81號1樓,F001387,02-27478711#3961
353,連鎖型綠色商店,新北市,65000,7-11美雅仕門市,244新北市林口區文化二路一段260巷2號,F001171,02-27478711#3961
354,連鎖型綠色商店,新北市,65000,7-11美慈門市,241新北市三重區慈愛街52號,F001474,02-27478711#3961
355,連鎖型綠色商店,新北市,65000,7-11美新門市,242新北市新莊區中港路264號1F,F001630,02-27478711#3961
356,連鎖型綠色商店,新北市,65000,7-11美禎門市,247新北市蘆洲區復興路322號,F000943,02-27478711#3961
357,連鎖型綠色商店,新北市,65000,7-11致理門市,220新北市板橋區陽明街23巷29號1樓,F001290,02-27478711#3961
358,連鎖型綠色商店,新北市,65000,7-11茄苳門市,221新北市汐止區茄苳路42號,F001065,02-27478711#3961
359,連鎖型綠色商店,新北市,65000,7-11茂源門市,242新北市新莊區思源路40-1號,F000959,02-27478711#3961
360,連鎖型綠色商店,新北市,65000,7-11英海門市,220新北市板橋區新海路344號,F001226,02-27478711#3961
361,連鎖型綠色商店,新北市,65000,7-11虹海門市,236新北市土城區中央路4段121號,F001607,02-27478711#3961
362,連鎖型綠色商店,新北市,65000,7-11虹諭門市,241新北市三重區大勇街82巷17號,F001295,02-27478711#3961
363,連鎖型綠色商店,新北市,65000,7-11重安門市,241新北市三重區重安街60號及60-1號,F001381,02-27478711#3961
364,連鎖型綠色商店,新北市,65000,7-11重智門市,241新北市三重區大智街240號,F000547,02-27478711#3961
365,連鎖型綠色商店,新北市,65000,7-11重新門市,241新北市三重區重新路四段45號,F000982,02-27478711#3961
366,連鎖型綠色商店,新北市,65000,7-11飛龍門市,247新北市蘆洲區永安南路二段330號,F001370,02-27478711#3961
367,連鎖型綠色商店,新北市,65000,7-11香雅門市,220新北市板橋區南雅西路2段297.299號,F001634,02-27478711#3961
368,連鎖型綠色商店,新北市,65000,7-11香賓門市,244新北市林口區文化二路一段170號,F001341,02-27478711#3961
369,連鎖型綠色商店,新北市,65000,7-11珈英門市,247新北市蘆洲區復興路92號,F001160,02-27478711#3961
370,連鎖型綠色商店,新北市,65000,7-11竑嘉門市,241新北市三重區仁愛街32號之1,F001513,02-27478711#3961
371,連鎖型綠色商店,新北市,65000,7-11修德門市,241新北市三重區重陽路3段7-2號,F001175,02-27478711#3961
372,連鎖型綠色商店,新北市,65000,7-11卿斳門市,244新北市林口區竹林路48號,F000919,02-27478711#3961
373,連鎖型綠色商店,新北市,65000,7-11原成門市,242新北市新莊區化成路279號,F001120,02-27478711#3961
374,連鎖型綠色商店,新北市,65000,7-11員山門市,235新北市中和區員山路163號,F001662,02-27478711#3961
375,連鎖型綠色商店,新北市,65000,7-11員新門市,235新北市中和區員山路504號,F001326,02-27478711#3961
376,連鎖型綠色商店,新北市,65000,7-11埔大門市,237新北市三峽區中正路2段397號,F001311,02-27478711#3961
377,連鎖型綠色商店,新北市,65000,7-11埔西門市,220新北市板橋區文化路一段423號,F001098,02-27478711#3961
378,連鎖型綠色商店,新北市,65000,7-11埔昇門市,222新北市深坑區埔新街63號,F000925,02-27478711#3961
379,連鎖型綠色商店,新北市,65000,7-11埔墘門市,220新北市板橋區永豐街87號,F001343,02-27478711#3961
380,連鎖型綠色商店,新北市,65000,7-11家美門市,235新北市中和區中山路二段317號之1,F001125,02-27478711#3961
381,連鎖型綠色商店,新北市,65000,7-11家園門市,244新北市林口區中山路164號,F000533,02-27478711#3961
382,連鎖型綠色商店,新北市,65000,7-11家豐門市,220新北市板橋區中山路二段141號,F001112,02-27478711#3961
383,連鎖型綠色商店,新北市,65000,7-11家麒門市,220新北市板橋區宏國路27號,F001340,02-27478711#3961
384,連鎖型綠色商店,新北市,65000,7-11峽北門市,237新北市三峽區大同路7號,F000979,02-27478711#3961
385,連鎖型綠色商店,新北市,65000,7-11峽光門市,237新北市三峽區光明路62號1樓,F001314,02-27478711#3961
386,連鎖型綠色商店,新北市,65000,7-11恩主門市,237新北市三峽區鳶山里21鄰復興路447號,F001415,02-27478711#3961
387,連鎖型綠色商店,新北市,65000,7-11泰山門市,243新北市泰山區明志路1段149.151號,F001648,02-27478711#3961
388,連鎖型綠色商店,新北市,65000,7-11泰和門市,241新北市三重區長安街71號1樓,F000967,02-27478711#3961
389,連鎖型綠色商店,新北市,65000,7-11泰股門市,248新北市五股區成泰路3段577巷24號,F001139,02-27478711#3961
390,連鎖型綠色商店,新北市,65000,7-11泰星門市,247新北市蘆洲區成功里長安街276號,F001138,02-27478711#3961
391,連鎖型綠色商店,新北市,65000,7-11泰陽門市,243新北市泰山區中山路二段832號,F001069,02-27478711#3961
392,連鎖型綠色商店,新北市,65000,7-11泰隆門市,235新北市中和區立德街102號,F001000,02-27478711#3961
393,連鎖型綠色商店,新北市,65000,7-11海山門市,220新北市板橋區漢生東路310號,F001344,02-27478711#3961
394,連鎖型綠色商店,新北市,65000,7-11益彰門市,249新北市八里區中山路二段409、411號,F001154,02-27478711#3961
395,連鎖型綠色商店,新北市,65000,7-11真旺門市,241新北市三重區成功路50巷1號,F001181,02-27478711#3961
396,連鎖型綠色商店,新北市,65000,7-11真誠門市,222新北市深坑區北深路三段263號,F000968,02-27478711#3961
397,連鎖型綠色商店,新北市,65000,7-11真豪門市,242新北市新莊區中華路1段73號,F001503,02-27478711#3961
398,連鎖型綠色商店,新北市,65000,7-11神州門市,249新北市八里區龍米路一段113號,F000981,02-27478711#3961
399,連鎖型綠色商店,新北市,65000,7-11粉寮門市,244新北市林口區粉寮路二段36號,F001056,02-27478711#3961
400,連鎖型綠色商店,新北市,65000,7-11陡門頭門市,241新北市三重區三民街329號,F001468,02-27478711#3961
401,連鎖型綠色商店,新北市,65000,7-11高仁門市,241新北市三重區仁愛街274號.,F001661,02-27478711#3961
402,連鎖型綠色商店,新北市,65000,7-11高峰門市,236新北市土城區中央路二段187號,F000576,02-27478711#3961
403,連鎖型綠色商店,新北市,65000,7-11偉嘉門市,220新北市板橋區文化路一段270巷3弄2號,F001360,02-27478711#3961
404,連鎖型綠色商店,新北市,65000,7-11健倫門市,247新北市蘆洲區保新里4鄰三民路230號,F000502,02-27478711#3961
405,連鎖型綠色商店,新北市,65000,7-11健華門市,241新北市三重區忠孝路二段63號,F001426,02-27478711#3961
406,連鎖型綠色商店,新北市,65000,7-11偕成門市,251新北市淡水區民生路54號,F000562,02-27478711#3961
407,連鎖型綠色商店,新北市,65000,7-11國和門市,220新北市板橋區和平路29號,F001316,02-27478711#3961
408,連鎖型綠色商店,新北市,65000,7-11國府門市,220新北市板橋區國光路189號,F001105,02-27478711#3961
409,連鎖型綠色商店,新北市,65000,7-11國瑞門市,242新北市新莊區新樹路300號之5,F001088,02-27478711#3961
410,連鎖型綠色商店,新北市,65000,7-11國慶門市,220新北市板橋區國慶路151號,F001007,02-27478711#3961
411,連鎖型綠色商店,新北市,65000,7-11國鶯門市,239新北市鶯歌區中山路142號1F,F001214,02-27478711#3961
412,連鎖型綠色商店,新北市,65000,7-11康湖門市,221新北市汐止區康寧街490號,F001164,02-27478711#3961
413,連鎖型綠色商店,新北市,65000,7-11康曜門市,231新北市新店區安康路三段41號,F001650,02-27478711#3961
414,連鎖型綠色商店,新北市,65000,7-11得和門市,234新北市永和區中正路342號,F000428,02-27478711#3961
415,連鎖型綠色商店,新北市,65000,7-11得晴門市,235新北市中和區景平路239巷1號1樓,F001355,02-27478711#3961
416,連鎖型綠色商店,新北市,65000,7-11得福門市,234新北市永和區得和路241號,F001431,02-27478711#3961
417,連鎖型綠色商店,新北市,65000,7-11御成門市,237新北市三峽區國光街35號,F001364,02-27478711#3961
418,連鎖型綠色商店,新北市,65000,7-11御昇門市,238新北市樹林區佳園路二段34號1樓,F001612,02-27478711#3961
419,連鎖型綠色商店,新北市,65000,7-11捷興門市,235新北市中和區興南路1段81號,F001227,02-27478711#3961
420,連鎖型綠色商店,新北市,65000,7-11淡大門市,251新北市淡水區北新路182巷5弄39號,F000539,02-27478711#3961
421,連鎖型綠色商店,新北市,65000,7-11淡水門市,251新北市淡水區中正東路3號,F000995,02-27478711#3961
422,連鎖型綠色商店,新北市,65000,7-11淡江門市,251新北市淡水區學府路207號,F001382,02-27478711#3961
423,連鎖型綠色商店,新北市,65000,7-11淡欣門市,251新北市淡水區水源街2段104號,F001273,02-27478711#3961
424,連鎖型綠色商店,新北市,65000,7-11淡芝門市,251新北市淡水區淡金路5段100.102號,F001397,02-27478711#3961
425,連鎖型綠色商店,新北市,65000,7-11添丁門市,234新北市永和區中山路一段213號1樓,F001168,02-27478711#3961
426,連鎖型綠色商店,新北市,65000,7-11淺水灣門市,252新北市三芝區北勢子42號,F001189,02-27478711#3961
427,連鎖型綠色商店,新北市,65000,7-11清和門市,236新北市土城區清水路100號,F001247,02-27478711#3961
428,連鎖型綠色商店,新北市,65000,7-11清茂門市,241新北市三重區成功路106號之2,F000577,02-27478711#3961
429,連鎖型綠色商店,新北市,65000,7-11涵碧門市,231新北市新店區碧潭路39.41號,F001549,02-27478711#3961
430,連鎖型綠色商店,新北市,65000,7-11涵碧門市,231新北市新店區碧潭路37號,F001084,02-27478711#3961
431,連鎖型綠色商店,新北市,65000,7-11深坑門市,222新北市深坑區北深路三段145號,F000498,02-27478711#3961
432,連鎖型綠色商店,新北市,65000,7-11祥吉門市,236新北市土城區延吉街194號,F001317,02-27478711#3961
433,連鎖型綠色商店,新北市,65000,7-11祥泰門市,236新北市土城區中山路38號,F001152,02-27478711#3961
434,連鎖型綠色商店,新北市,65000,7-11統友門市,238新北市樹林區中山路一段86號,F000951,02-27478711#3961
435,連鎖型綠色商店,新北市,65000,7-11統吉門市,247新北市蘆洲區永平街32巷12弄1號,F000527,02-27478711#3961
436,連鎖型綠色商店,新北市,65000,7-11統和門市,231新北市新店區安和里安民街335.337號,F001255,02-27478711#3961
437,連鎖型綠色商店,新北市,65000,7-11統客門市,231新北市新店區寶興路47號,F001608,02-27478711#3961
438,連鎖型綠色商店,新北市,65000,7-11羚陽門市,243新北市泰山區泰林路二段302.304號,F001251,02-27478711#3961
439,連鎖型綠色商店,新北市,65000,7-11莒光門市,235新北市中和區莒光路149號,F000540,02-27478711#3961
440,連鎖型綠色商店,新北市,65000,7-11莒城門市,235新北市中和區莒光路91.93號1樓,F001146,02-27478711#3961
441,連鎖型綠色商店,新北市,65000,7-11莊成門市,242新北市新莊區化成路354號,F001488,02-27478711#3961
442,連鎖型綠色商店,新北市,65000,7-11莊泰門市,242新北市新莊區新泰路21號,F001109,02-27478711#3961
443,連鎖型綠色商店,新北市,65000,7-11莊龍門市,242新北市新莊區龍安路66號,F001028,02-27478711#3961
444,連鎖型綠色商店,新北市,65000,7-11莊鑫門市,231新北市新店區中正路519號,F001209,02-27478711#3961
445,連鎖型綠色商店,新北市,65000,7-11連宇門市,236新北市土城區自強街11巷2號,F001570,02-27478711#3961
446,連鎖型綠色商店,新北市,65000,7-11連通門市,235新北市中和區圓通路293號,F001645,02-27478711#3961
447,連鎖型綠色商店,新北市,65000,7-11連勝門市,235新北市中和區景平路513號,F001250,02-27478711#3961
448,連鎖型綠色商店,新北市,65000,7-11連豐門市,231新北市新店區大豐路12號,F001235,02-27478711#3961
449,連鎖型綠色商店,新北市,65000,7-11頂埔門市,236新北市土城區頂埔里中央路四段290號,F001163,02-27478711#3961
450,連鎖型綠色商店,新北市,65000,7-11頂崁門市,241新北市三重區光復路一段70號1樓,F001037,02-27478711#3961
451,連鎖型綠色商店,新北市,65000,7-11頂華門市,241新北市三重區頂崁街189號,F000683,02-27478711#3961
452,連鎖型綠色商店,新北市,65000,7-11頂新門市,235新北市中和區華新街28號之1.2.3.,F001310,02-27478711#3961
453,連鎖型綠色商店,新北市,65000,7-11傑元門市,242新北市新莊區中正路929巷27號,F000952,02-27478711#3961
454,連鎖型綠色商店,新北市,65000,7-11傑出門市,242新北市新莊區昌平街69號,F001637,02-27478711#3961
455,連鎖型綠色商店,新北市,65000,7-11凱園門市,238新北市樹林區名園街45號,F001414,02-27478711#3961
456,連鎖型綠色商店,新北市,65000,7-11勝多門市,220新北市板橋區縣民大道三段270巷2-6號,F001443,02-27478711#3961
457,連鎖型綠色商店,新北市,65000,7-11勝福門市,221新北市汐止區福德一路89、91號,F001328,02-27478711#3961
458,連鎖型綠色商店,新北市,65000,7-11博鑫門市,239新北市鶯歌區中正三路283-1.283-2號1樓,F001515,02-27478711#3961
459,連鎖型綠色商店,新北市,65000,7-11喜城門市,249新北市八里區中華路二段562號,F001174,02-27478711#3961
460,連鎖型綠色商店,新北市,65000,7-11富仟門市,241新北市三重區五谷王北街139號,F001225,02-27478711#3961
461,連鎖型綠色商店,新北市,65000,7-11富旺門市,242新北市新莊區自立街172號,F001242,02-27478711#3961
462,連鎖型綠色商店,新北市,65000,7-11富朋門市,234新北市永和區永和路二段116號,F001440,02-27478711#3961
463,連鎖型綠色商店,新北市,65000,7-11富美門市,248新北市五股區五股工業區五權路23號,F000953,02-27478711#3961
464,連鎖型綠色商店,新北市,65000,7-11富得門市,248新北市五股區五權路48號1樓,F001548,02-27478711#3961
465,連鎖型綠色商店,新北市,65000,7-11富新門市,242新北市新莊區瓊林南路118-5號,F001336,02-27478711#3961
466,連鎖型綠色商店,新北市,65000,7-11富鄰門市,221新北市汐止區宜興街8號,F001319,02-27478711#3961
467,連鎖型綠色商店,新北市,65000,7-11富興門市,235新北市中和區中興里復興路277-1.279號,F001346,02-27478711#3961
468,連鎖型綠色商店,新北市,65000,7-11富營門市,242新北市新莊區富國路20號1樓,F001593,02-27478711#3961
469,連鎖型綠色商店,新北市,65000,7-11尊爵門市,221新北市汐止區伯爵街32號,F001099,02-27478711#3961
470,連鎖型綠色商店,新北市,65000,7-11崴城門市,236新北市土城區中央路4段35-3號,F001057,02-27478711#3961
471,連鎖型綠色商店,新北市,65000,7-11復育門市,238新北市樹林區樹西里13鄰育英街146號1樓.,F001117,02-27478711#3961
472,連鎖型綠色商店,新北市,65000,7-11復美門市,234新北市永和區秀朗路1段146號,F001532,02-27478711#3961
473,連鎖型綠色商店,新北市,65000,7-11復峽門市,237新北市三峽區復興路157.159號,F001453,02-27478711#3961
474,連鎖型綠色商店,新北市,65000,7-11復貴門市,241新北市三重區頂崁里光復路2段140-1號,F001613,02-27478711#3961
475,連鎖型綠色商店,新北市,65000,7-11景大門市,231新北市新店區安忠路71巷1號1樓,F001110,02-27478711#3961
476,連鎖型綠色商店,新北市,65000,7-11景仁門市,235新北市中和區東南里14鄰忠孝街103號1樓,F000512,02-27478711#3961
477,連鎖型綠色商店,新北市,65000,7-11景安門市,235新北市中和區景安路210號,F000518,02-27478711#3961
478,連鎖型綠色商店,新北市,65000,7-11景旺門市,235新北市中和區成功南路1號,F001032,02-27478711#3961
479,連鎖型綠色商店,新北市,65000,7-11景勇門市,235新北市中和區景平路166號,F001302,02-27478711#3961
480,連鎖型綠色商店,新北市,65000,7-11景順門市,235新北市中和區平河里中正路755之1號,F001347,02-27478711#3961
481,連鎖型綠色商店,新北市,65000,7-11景圓門市,235新北市中和區圓通路162-1.162-21F,F001148,02-27478711#3961
482,連鎖型綠色商店,新北市,65000,7-11景新門市,235新北市中和區景新街436號,F001180,02-27478711#3961
483,連鎖型綠色商店,新北市,65000,7-11景愿門市,231新北市新店區安忠路99號1樓,F001422,02-27478711#3961
484,連鎖型綠色商店,新北市,65000,7-11景福門市,235新北市中和區景新街467巷22號,F000935,02-27478711#3961
485,連鎖型綠色商店,新北市,65000,7-11景禮門市,235新北市中和區景安路100.102號,F000942,02-27478711#3961
486,連鎖型綠色商店,新北市,65000,7-11景鑫門市,235新北市中和區中正路683號,F001155,02-27478711#3961
487,連鎖型綠色商店,新北市,65000,7-11智光門市,234新北市永和區中正路88號,F001524,02-27478711#3961
488,連鎖型綠色商店,新北市,65000,7-11智華門市,247新北市蘆洲區光華路72號,F001284,02-27478711#3961
489,連鎖型綠色商店,新北市,65000,7-11智慧門市,221新北市汐止區大同路2段281號,F001022,02-27478711#3961
490,連鎖型綠色商店,新北市,65000,7-11智樂門市,220新北市板橋區新生街89巷2號,F000960,02-27478711#3961
491,連鎖型綠色商店,新北市,65000,7-11港義門市,242新北市新莊區中港路527號,F000966,02-27478711#3961
492,連鎖型綠色商店,新北市,65000,7-11渡船頭門市,251新北市淡水區中正路57.59號,F001293,02-27478711#3961
493,連鎖型綠色商店,新北市,65000,7-11湖前門市,221新北市汐止區湖前街99.101號,F000514,02-27478711#3961
494,連鎖型綠色商店,新北市,65000,7-11湯旺門市,241新北市三重區中興里重新路5段609巷2-1號,F001278,02-27478711#3961
495,連鎖型綠色商店,新北市,65000,7-11湯城門市,241新北市三重區重新路5段609巷10號之6,F001006,02-27478711#3961
496,連鎖型綠色商店,新北市,65000,7-11登林門市,244新北市林口區粉寮路1段84號,F001373,02-27478711#3961
497,連鎖型綠色商店,新北市,65000,7-11登峰門市,221新北市汐止區新台五路1段151號,F001040,02-27478711#3961
498,連鎖型綠色商店,新北市,65000,7-11登頂門市,241新北市三重區光復路2段2號,F001494,02-27478711#3961
499,連鎖型綠色商店,新北市,65000,7-11登福門市,248新北市五股區登林路76之3號,F001400,02-27478711#3961
500,連鎖型綠色商店,新北市,65000,7-11華安門市,247新北市蘆洲區長安街82號,F001026,02-27478711#3961
501,連鎖型綠色商店,新北市,65000,7-11華翠門市,220新北市板橋區莒光路63號,F001063,02-27478711#3961
502,連鎖型綠色商店,新北市,65000,7-11貴鳳門市,243新北市泰山區貴鳳街2號,F001294,02-27478711#3961
503,連鎖型綠色商店,新北市,65000,7-11貴興門市,220新北市板橋區貴興路7號,F001004,02-27478711#3961
504,連鎖型綠色商店,新北市,65000,7-11進益門市,221新北市汐止區大同路二段314號,F001254,02-27478711#3961
505,連鎖型綠色商店,新北市,65000,7-11鄉長門市,221新北市汐止區鄉長路二段16號,F001595,02-27478711#3961
506,連鎖型綠色商店,新北市,65000,7-11隆城門市,236新北市土城區學士路14號,F001517,02-27478711#3961
507,連鎖型綠色商店,新北市,65000,7-11雅盛門市,220新北市板橋區長安里漢生東路187號,F001484,02-27478711#3961
508,連鎖型綠色商店,新北市,65000,7-11集美門市,241新北市三重區集美街107號,F001101,02-27478711#3961
509,連鎖型綠色商店,新北市,65000,7-11集賢門市,247新北市蘆洲區集賢路271號,F001193,02-27478711#3961
510,連鎖型綠色商店,新北市,65000,7-11集興門市,241新北市三重區光明里24鄰集美街202號,F001445,02-27478711#3961
511,連鎖型綠色商店,新北市,65000,7-11順興門市,238新北市樹林區東興街41號,F001526,02-27478711#3961
512,連鎖型綠色商店,新北市,65000,7-11匯和門市,241新北市三重區三和路4段390巷2號,F001477,02-27478711#3961
513,連鎖型綠色商店,新北市,65000,7-11園林門市,220新北市板橋區光華里林園街1號,F001525,02-27478711#3961
514,連鎖型綠色商店,新北市,65000,7-11園道門市,237新北市三峽區中園街22號,F001061,02-27478711#3961
515,連鎖型綠色商店,新北市,65000,7-11圓通門市,235新北市中和區圓通路280.282號,F000559,02-27478711#3961
516,連鎖型綠色商店,新北市,65000,7-11愛家門市,241新北市三重區中興北街42巷11號,F001270,02-27478711#3961
517,連鎖型綠色商店,新北市,65000,7-11愛鄉門市,244新北市林口區仁愛路1段635號,F001555,02-27478711#3961
518,連鎖型綠色商店,新北市,65000,7-11新工建門市,221新北市汐止區中興路60號,F001332,02-27478711#3961
519,連鎖型綠色商店,新北市,65000,7-11新中門市,231新北市新店區中正路152號,F001213,02-27478711#3961
520,連鎖型綠色商店,新北市,65000,7-11新化成門市,242新北市新莊區化成路500號,F001391,02-27478711#3961
521,連鎖型綠色商店,新北市,65000,7-11新台門市,248新北市五股區五工六路14號,F001506,02-27478711#3961
522,連鎖型綠色商店,新北市,65000,7-11新巨蛋門市,220新北市板橋區長江路一段419.421.423號,F001487,02-27478711#3961
523,連鎖型綠色商店,新北市,65000,7-11新市鎮門市,251新北市淡水區中山北路一段382號,F001429,02-27478711#3961
524,連鎖型綠色商店,新北市,65000,7-11新正門市,231新北市新店區中正路682號,F000564,02-27478711#3961
525,連鎖型綠色商店,新北市,65000,7-11新民享門市,235新北市中和區民享街91號,F001127,02-27478711#3961
526,連鎖型綠色商店,新北市,65000,7-11新永元門市,234新北市永和區永元路28、30號,F001354,02-27478711#3961
527,連鎖型綠色商店,新北市,65000,7-11新永寧門市,236新北市土城區中央路三段191之1號、永寧路1、3號,F001624,02-27478711#3961
528,連鎖型綠色商店,新北市,65000,7-11新兆圓門市,220新北市板橋區實踐路34.34-1號1樓,F001508,02-27478711#3961
529,連鎖型綠色商店,新北市,65000,7-11新吉麗門市,247新北市蘆洲區中山一路204號1樓,F001205,02-27478711#3961
530,連鎖型綠色商店,新北市,65000,7-11新宇鈞門市,238新北市樹林區大安路115.117號1樓,F001380,02-27478711#3961
531,連鎖型綠色商店,新北市,65000,7-11新安門市,242新北市新莊區民安東路127號,F001349,02-27478711#3961
532,連鎖型綠色商店,新北市,65000,7-11新年門市,242新北市新莊區豐年街54號,F000521,02-27478711#3961
533,連鎖型綠色商店,新北市,65000,7-11新旭勝門市,221新北市汐止區建成路160巷2號,F001177,02-27478711#3961
534,連鎖型綠色商店,新北市,65000,7-11新汐農門市,221新北市汐止區樟樹一路113、115號,F001053,02-27478711#3961
535,連鎖型綠色商店,新北市,65000,7-11新宏盛門市,242新北市新莊區後港一路114號,F001015,02-27478711#3961
536,連鎖型綠色商店,新北市,65000,7-11新亞洲門市,236新北市土城區亞洲路104號,F001246,02-27478711#3961
537,連鎖型綠色商店,新北市,65000,7-11新和門市,231新北市新店區新和街57號,F001410,02-27478711#3961
538,連鎖型綠色商店,新北市,65000,7-11新和高門市,235新北市中和區中正路502號1樓,F001478,02-27478711#3961
539,連鎖型綠色商店,新北市,65000,7-11新宜門市,231新北市新店區北宜路二段4.6號,F001041,02-27478711#3961
540,連鎖型綠色商店,新北市,65000,7-11新店站門市,231新北市新店區北宜路一段2號,F001571,02-27478711#3961
541,連鎖型綠色商店,新北市,65000,7-11新林口門市,244新北市林口區中正路83號,F001476,02-27478711#3961
542,連鎖型綠色商店,新北市,65000,7-11新板橋門市,220新北市板橋區文化路1段135號,F001067,02-27478711#3961
543,連鎖型綠色商店,新北市,65000,7-11新矽谷門市,231新北市新店區北新路三段205-1號,F001359,02-27478711#3961
544,連鎖型綠色商店,新北市,65000,7-11新保捷門市,234新北市永和區保生路22巷2號1樓,F001169,02-27478711#3961
545,連鎖型綠色商店,新北市,65000,7-11新保福門市,234新北市永和區保安路220號,F000961,02-27478711#3961
546,連鎖型綠色商店,新北市,65000,7-11新建興門市,224新北市瑞芳區大埔路138號,F001536,02-27478711#3961
547,連鎖型綠色商店,新北市,65000,7-11新春門市,251新北市淡水區新春街140號,F001324,02-27478711#3961
548,連鎖型綠色商店,新北市,65000,7-11新洛華門市,241新北市三重區中華路95號,F001496,02-27478711#3961
549,連鎖型綠色商店,新北市,65000,7-11新茂門市,242新北市新莊區化成路118.120號,F001108,02-27478711#3961
550,連鎖型綠色商店,新北市,65000,7-11新展盛門市,242新北市新莊區西盛街325.327號1樓,F001596,02-27478711#3961
551,連鎖型綠色商店,新北市,65000,7-11新泰門市,242新北市新莊區新泰路267號,F001656,02-27478711#3961
552,連鎖型綠色商店,新北市,65000,7-11新海門市,220新北市板橋區文德里新海路138號,F001334,02-27478711#3961
553,連鎖型綠色商店,新北市,65000,7-11新真理門市,251新北市淡水區新民街102.104號,F000978,02-27478711#3961
554,連鎖型綠色商店,新北市,65000,7-11新淡專門市,251新北市淡水區新民街180巷12.16號,F001497,02-27478711#3961
555,連鎖型綠色商店,新北市,65000,7-11新盛昌門市,221新北市汐止區長江街13巷1號,F001516,02-27478711#3961
556,連鎖型綠色商店,新北市,65000,7-11新統義門市,242新北市新莊區建中街92號1樓,F001424,02-27478711#3961
557,連鎖型綠色商店,新北市,65000,7-11新通信門市,236新北市土城區中央路四段70.72號,F001644,02-27478711#3961
558,連鎖型綠色商店,新北市,65000,7-11新連正門市,235新北市中和區連城路347巷2號,F001300,02-27478711#3961
559,連鎖型綠色商店,新北市,65000,7-11新野柳門市,207新北市萬里鄉野柳港東路158號,F001507,02-27478711#3961
560,連鎖型綠色商店,新北市,65000,7-11新景和門市,235新北市中和區忠孝街1-2號,F001234,02-27478711#3961
561,連鎖型綠色商店,新北市,65000,7-11新港原門市,242新北市新莊區中原路201.203號1樓,F001472,02-27478711#3961
562,連鎖型綠色商店,新北市,65000,7-11新紫城門市,236新北市土城區福安街38、40號,F001076,02-27478711#3961
563,連鎖型綠色商店,新北市,65000,7-11新陽光門市,243新北市泰山區泰林路2段368.370號,F001632,02-27478711#3961
564,連鎖型綠色商店,新北市,65000,7-11新順安門市,231新北市新店區順安街57號,F001052,02-27478711#3961
565,連鎖型綠色商店,新北市,65000,7-11新順興門市,228新北市貢寮區仁和路2號,F001579,02-27478711#3961
566,連鎖型綠色商店,新北市,65000,7-11新圓山門市,248新北市五股區成泰路一段191號,F001377,02-27478711#3961
567,連鎖型綠色商店,新北市,65000,7-11新極景門市,231新北市新店區北新路2段252-1號,F001649,02-27478711#3961
568,連鎖型綠色商店,新北市,65000,7-11新猷門市,231新北市新店區安和路三段77號,F001093,02-27478711#3961
569,連鎖型綠色商店,新北市,65000,7-11新義民門市,247新北市蘆洲區民族路122.124號,F001216,02-27478711#3961
570,連鎖型綠色商店,新北市,65000,7-11新裕生門市,236新北市土城區裕民路57號、55巷2號,F001199,02-27478711#3961
571,連鎖型綠色商店,新北市,65000,7-11新僑中門市,220新北市板橋區僑中一街124巷3弄3號,F001539,02-27478711#3961
572,連鎖型綠色商店,新北市,65000,7-11新福民門市,231新北市新店區中央路135號,F001560,02-27478711#3961
573,連鎖型綠色商店,新北市,65000,7-11新福隆門市,228新北市貢寮區福隆村興隆街24-1號,F001438,02-27478711#3961
574,連鎖型綠色商店,新北市,65000,7-11新福圓門市,242新北市新莊區五工三路93號1樓,F001304,02-27478711#3961
575,連鎖型綠色商店,新北市,65000,7-11新翠華門市,220新北市板橋區三民路一段31巷14、16號,F001576,02-27478711#3961
576,連鎖型綠色商店,新北市,65000,7-11新遠門市,242新北市新莊區中正路651號之8號,F001050,02-27478711#3961
577,連鎖型綠色商店,新北市,65000,7-11新廣門市,231新北市新店區中正路542之2號,F001441,02-27478711#3961
578,連鎖型綠色商店,新北市,65000,7-11新樟樹門市,221新北市汐止區樟樹二路255號,F001001,02-27478711#3961
579,連鎖型綠色商店,新北市,65000,7-11新學府門市,236新北市土城區學府路1段169號,F001312,02-27478711#3961
580,連鎖型綠色商店,新北市,65000,7-11新樹工門市,238新北市樹林區保安街二段6號,F001471,02-27478711#3961
581,連鎖型綠色商店,新北市,65000,7-11新樹門市,242新北市新莊區新樹路166號.民安路461號,F000977,02-27478711#3961
582,連鎖型綠色商店,新北市,65000,7-11新燕門市,231新北市新店區新烏路2段382.384號1樓,F001367,02-27478711#3961
583,連鎖型綠色商店,新北市,65000,7-11新積穗門市,235新北市中和區民安街27.29號1樓,F001436,02-27478711#3961
584,連鎖型綠色商店,新北市,65000,7-11新錦秀門市,231新北市新店區錦秀路13.15號1樓,F001642,02-27478711#3961
585,連鎖型綠色商店,新北市,65000,7-11新龍門市,242新北市新莊區光明里民安西路232號,F001243,02-27478711#3961
586,連鎖型綠色商店,新北市,65000,7-11新龍俊門市,242新北市新莊區龍安路351.353號1樓,F001106,02-27478711#3961
587,連鎖型綠色商店,新北市,65000,7-11新鵬門市,231新北市新店區中正路696號1樓,F001132,02-27478711#3961
588,連鎖型綠色商店,新北市,65000,7-11新寶橋門市,231新北市新店區寶橋路192號,F001011,02-27478711#3961
589,連鎖型綠色商店,新北市,65000,7-11新鶯歌站門市,239新北市鶯歌區文化路68號之1,F001265,02-27478711#3961
590,連鎖型綠色商店,新北市,65000,7-11新觀和門市,220新北市板橋區大觀路二段55.57號1樓,F001602,02-27478711#3961
591,連鎖型綠色商店,新北市,65000,7-11椰城門市,235新北市中和區安平路61號,F001618,02-27478711#3961
592,連鎖型綠色商店,新北市,65000,7-11溫泉門市,207新北市萬里鄉加投路197-2號,F001357,02-27478711#3961
593,連鎖型綠色商店,新北市,65000,7-11溪崑門市,220新北市板橋區大觀路三段236號1F之6,F001489,02-27478711#3961
594,連鎖型綠色商店,新北市,65000,7-11瑞林門市,220新北市板橋區龍翠里大同街52號,F001236,02-27478711#3961
595,連鎖型綠色商店,新北市,65000,7-11瑞芳門市,224新北市瑞芳區明燈路3段50號.,F001102,02-27478711#3961
596,連鎖型綠色商店,新北市,65000,7-11瑞信門市,224新北市瑞芳區民生街23號,F001383,02-27478711#3961
597,連鎖型綠色商店,新北市,65000,7-11瑞新門市,220新北市板橋區瑞安街75號,F001657,02-27478711#3961
598,連鎖型綠色商店,新北市,65000,7-11瑞濱門市,224新北市瑞芳區海濱路157號,F000493,02-27478711#3961
599,連鎖型綠色商店,新北市,65000,7-11萬全門市,239新北市鶯歌區鶯桃路660號,F001307,02-27478711#3961
600,連鎖型綠色商店,新北市,65000,7-11萬里門市,207新北市萬里鄉瑪鍊路49.51號,F001550,02-27478711#3961
601,連鎖型綠色商店,新北市,65000,7-11萬板門市,220新北市板橋區莒光路221、223號,F001584,02-27478711#3961
602,連鎖型綠色商店,新北市,65000,7-11萬誠門市,237新北市三峽區民生街25號.27巷1號,F001083,02-27478711#3961
603,連鎖型綠色商店,新北市,65000,7-11萬鄰門市,220新北市板橋區華江里民生路二段226巷46號1樓,F001537,02-27478711#3961
604,連鎖型綠色商店,新北市,65000,7-11義學門市,243新北市泰山區明志路2段74.76號,F000934,02-27478711#3961
605,連鎖型綠色商店,新北市,65000,7-11群英門市,247新北市蘆洲區長樂路231號,F000921,02-27478711#3961
606,連鎖型綠色商店,新北市,65000,7-11聖武門市,235新北市中和區新生街112號,F000542,02-27478711#3961
607,連鎖型綠色商店,新北市,65000,7-11聖約翰門市,251新北市淡水區淡金路四段532號,F001095,02-27478711#3961
608,連鎖型綠色商店,新北市,65000,7-11聖陶門市,239新北市鶯歌區文化路407.411號,F001594,02-27478711#3961
609,連鎖型綠色商店,新北市,65000,7-11聖運門市,236新北市土城區柑林里明德路二段159號,F001500,02-27478711#3961
610,連鎖型綠色商店,新北市,65000,7-11聖運門市,236新北市土城區柑林里明德路二段159號,F001330,02-27478711#3961
611,連鎖型綠色商店,新北市,65000,7-11裕民門市,220新北市板橋區裕民街126號,F001492,02-27478711#3961
612,連鎖型綠色商店,新北市,65000,7-11路加門市,220新北市板橋區大仁街27號,F000945,02-27478711#3961
613,連鎖型綠色商店,新北市,65000,7-11達冠門市,231新北市新店區達觀路6號地下壹樓之一,F001664,02-27478711#3961
614,連鎖型綠色商店,新北市,65000,7-11僑一門市,220新北市板橋區僑中一街104號,F001582,02-27478711#3961
615,連鎖型綠色商店,新北市,65000,7-11嘉添門市,237新北市三峽區嘉添109-2號,F001339,02-27478711#3961
616,連鎖型綠色商店,新北市,65000,7-11壽南門市,235新北市中和區興南路1段164號,F001287,02-27478711#3961
617,連鎖型綠色商店,新北市,65000,7-11實全門市,220新北市板橋區實踐路93巷52號,F001129,02-27478711#3961
618,連鎖型綠色商店,新北市,65000,7-11嶄新門市,231新北市新店區中正路57-2號1樓,F001049,02-27478711#3961
619,連鎖型綠色商店,新北市,65000,7-11榮和門市,242新北市新莊區中和街216號,F001418,02-27478711#3961
620,連鎖型綠色商店,新北市,65000,7-11榮富門市,242新北市新莊區中榮街43.47號,F000926,02-27478711#3961
621,連鎖型綠色商店,新北市,65000,7-11榮德門市,238新北市樹林區東榮街8-10號,F001173,02-27478711#3961
622,連鎖型綠色商店,新北市,65000,7-11歌亭門市,239新北市鶯歌區尖山里尖山路150號,F001275,02-27478711#3961
623,連鎖型綠色商店,新北市,65000,7-11歌園門市,239新北市鶯歌區國華路31號,F001556,02-27478711#3961
624,連鎖型綠色商店,新北市,65000,7-11歌德門市,239新北市鶯歌區德昌二街77號之1,F001046,02-27478711#3961
625,連鎖型綠色商店,新北市,65000,7-11漳和門市,235新北市中和區中山路2段131-6號,F001091,02-27478711#3961
626,連鎖型綠色商店,新北市,65000,7-11漢江門市,220新北市板橋區柏翠里長江路二段110號,F001009,02-27478711#3961
627,連鎖型綠色商店,新北市,65000,7-11漢西門市,220新北市板橋區漢生西路82號,F001407,02-27478711#3961
628,連鎖型綠色商店,新北市,65000,7-11漢東門市,220新北市板橋區漢生東路309號,F001523,02-27478711#3961
629,連鎖型綠色商店,新北市,65000,7-11滿泰門市,243新北市泰山區明志路1段28號,F001064,02-27478711#3961
630,連鎖型綠色商店,新北市,65000,7-11滬站門市,251新北市淡水區中正路1號,F001131,02-27478711#3961
631,連鎖型綠色商店,新北市,65000,7-11碧湖門市,231新北市新店區新店路208號,F000944,02-27478711#3961
632,連鎖型綠色商店,新北市,65000,7-11碧潭門市,231新北市新店區北宜路一段28號,F001047,02-27478711#3961
633,連鎖型綠色商店,新北市,65000,7-11碧興門市,231新北市新店區北宜路一段110號,F000955,02-27478711#3961
634,連鎖型綠色商店,新北市,65000,7-11福仁門市,221新北市汐止區仁愛路143號,F001491,02-27478711#3961
635,連鎖型綠色商店,新北市,65000,7-11福多門市,238新北市樹林區三福里12鄰三福街45號,F001409,02-27478711#3961
636,連鎖型綠色商店,新北市,65000,7-11福百門市,221新北市汐止區福德一路161號,F001538,02-27478711#3961
637,連鎖型綠色商店,新北市,65000,7-11福利門市,220新北市板橋區中山路二段172號,F001134,02-27478711#3961
638,連鎖型綠色商店,新北市,65000,7-11福來門市,242新北市新莊區五工路98號,F000962,02-27478711#3961
639,連鎖型綠色商店,新北市,65000,7-11福和門市,235新北市中和區秀朗里大勇街25巷1號,F001269,02-27478711#3961
640,連鎖型綠色商店,新北市,65000,7-11福旺門市,242新北市新莊區福基里17鄰五權一路80號,F001256,02-27478711#3961
641,連鎖型綠色商店,新北市,65000,7-11福美門市,235新北市中和區景平路756.758號,F001002,02-27478711#3961
642,連鎖型綠色商店,新北市,65000,7-11福泰門市,248新北市五股區五福路54號,F001202,02-27478711#3961
643,連鎖型綠色商店,新北市,65000,7-11福基門市,242新北市新莊區福基里五工路70號,F001616,02-27478711#3961
644,連鎖型綠色商店,新北市,65000,7-11福強門市,231新北市新店區三民路149-1號,F001353,02-27478711#3961
645,連鎖型綠色商店,新北市,65000,7-11福祥門市,236新北市土城區中央路一段320.322號,F001240,02-27478711#3961
646,連鎖型綠色商店,新北市,65000,7-11福勝門市,235新北市中和區福祥路158號,F001248,02-27478711#3961
647,連鎖型綠色商店,新北市,65000,7-11福港門市,242新北市新莊區中港路390號,F000947,02-27478711#3961
648,連鎖型綠色商店,新北市,65000,7-11福菖門市,221新北市汐止區大同路三段188號,F001021,02-27478711#3961
649,連鎖型綠色商店,新北市,65000,7-11福愛門市,234新北市永和區永平路274號仁愛路242號,F001518,02-27478711#3961
650,連鎖型綠色商店,新北市,65000,7-11福運門市,241新北市三重區福德北路55號,F001598,02-27478711#3961
651,連鎖型綠色商店,新北市,65000,7-11福壽門市,242新北市新莊區福壽街140號,F001372,02-27478711#3961
652,連鎖型綠色商店,新北市,65000,7-11福德門市,231新北市新店區三民路189號,F001378,02-27478711#3961
653,連鎖型綠色商店,新北市,65000,7-11福營門市,242新北市新莊區福營里建國一路50.52號,F000974,02-27478711#3961
654,連鎖型綠色商店,新北市,65000,7-11福臨門市,248新北市五股區工商路150號,F001253,02-27478711#3961
655,連鎖型綠色商店,新北市,65000,7-11綠洲門市,237新北市三峽區鳶山里12鄰中山路186號1樓,F000495,02-27478711#3961
656,連鎖型綠色商店,新北市,65000,7-11綠雅門市,237新北市三峽區文化路122號,F001437,02-27478711#3961
657,連鎖型綠色商店,新北市,65000,7-11維中門市,248新北市五股區四維路120號,F001257,02-27478711#3961
658,連鎖型綠色商店,新北市,65000,7-11維妮門市,242新北市新莊區四維路17.19號,F001103,02-27478711#3961
659,連鎖型綠色商店,新北市,65000,7-11維陽門市,220新北市板橋區陽明街131號,F001578,02-27478711#3961
660,連鎖型綠色商店,新北市,65000,7-11維群門市,220新北市板橋區四維路139號,F000956,02-27478711#3961
661,連鎖型綠色商店,新北市,65000,7-11維禮門市,220新北市板橋區四維路282號,F001167,02-27478711#3961
662,連鎖型綠色商店,新北市,65000,7-11翡翠灣門市,207新北市萬里鄉龜吼村美崙38.39號,F001262,02-27478711#3961
663,連鎖型綠色商店,新北市,65000,7-11輔大門市,242新北市新莊區中正路516-1號,F001646,02-27478711#3961
664,連鎖型綠色商店,新北市,65000,7-11輔明門市,242新北市新莊區中正路514巷99號,F001203,02-27478711#3961
665,連鎖型綠色商店,新北市,65000,7-11輔泰門市,242新北市新莊區三泰路11號,F001633,02-27478711#3961
666,連鎖型綠色商店,新北市,65000,7-11輔進門市,242新北市新莊區中正路510號,F001096,02-27478711#3961
667,連鎖型綠色商店,新北市,65000,7-11輔新門市,243新北市泰山區中山路2段487號,F001082,02-27478711#3961
668,連鎖型綠色商店,新北市,65000,7-11遠揚門市,220新北市板橋區南雅南路2段124號,F001280,02-27478711#3961
669,連鎖型綠色商店,新北市,65000,7-11銀座門市,241新北市三重區信義西街4號,F001425,02-27478711#3961
670,連鎖型綠色商店,新北市,65000,7-11領袖門市,247新北市蘆洲區集賢路224巷60.62號,F001597,02-27478711#3961
671,連鎖型綠色商店,新北市,65000,7-11鳳鳴門市,239新北市鶯歌區永和街126.128號,F001178,02-27478711#3961
672,連鎖型綠色商店,新北市,65000,7-11廣進門市,242新北市新莊區四維路173號,F001640,02-27478711#3961
673,連鎖型綠色商店,新北市,65000,7-11廣麗門市,235新北市中和區廣福路82號,F001617,02-27478711#3961
674,連鎖型綠色商店,新北市,65000,7-11德正門市,231新北市新店區德正街23巷1號,F001268,02-27478711#3961
675,連鎖型綠色商店,新北市,65000,7-11德玉門市,231新北市新店區安康路三段195號,F000994,02-27478711#3961
676,連鎖型綠色商店,新北市,65000,7-11德城門市,236新北市土城區明德路一段139.141號,F001081,02-27478711#3961
677,連鎖型綠色商店,新北市,65000,7-11德偉門市,235新北市中和區中興街134號,F001481,02-27478711#3961
678,連鎖型綠色商店,新北市,65000,7-11德園門市,244新北市林口區公園路129號,F001361,02-27478711#3961
679,連鎖型綠色商店,新北市,65000,7-11德聖門市,244新北市林口區公園路17號,F001389,02-27478711#3961
680,連鎖型綠色商店,新北市,65000,7-11慶中門市,220新北市板橋區重慶路159.161號,F001663,02-27478711#3961
681,連鎖型綠色商店,新北市,65000,7-11慶祥門市,236新北市土城區慶祥街2號,F001279,02-27478711#3961
682,連鎖型綠色商店,新北市,65000,7-11慶斌門市,238新北市樹林區中洲街51巷1號,F001451,02-27478711#3961
683,連鎖型綠色商店,新北市,65000,7-11慶嶸門市,238新北市樹林區保安街二段33號,F001362,02-27478711#3961
684,連鎖型綠色商店,新北市,65000,7-11樟福門市,221新北市汐止區樟樹一路268號之3.4,F001140,02-27478711#3961
685,連鎖型綠色商店,新北市,65000,7-11樂福門市,220新北市板橋區中山路二段316號,F001533,02-27478711#3961
686,連鎖型綠色商店,新北市,65000,7-11樂鑫門市,235新北市中和區新生街146號,F001406,02-27478711#3961
687,連鎖型綠色商店,新北市,65000,7-11歐洲門市,237新北市三峽區三樹路199號,F001025,02-27478711#3961
688,連鎖型綠色商店,新北市,65000,7-11潭安門市,234新北市永和區中正路167號.,F001455,02-27478711#3961
689,連鎖型綠色商店,新北市,65000,7-11潤安門市,221新北市汐止區龍安路32號,F001568,02-27478711#3961
690,連鎖型綠色商店,新北市,65000,7-11緯中門市,220新北市板橋區中正路21.23號,F001308,02-27478711#3961
691,連鎖型綠色商店,新北市,65000,7-11學城門市,236新北市土城區學府路一段118號,F000483,02-27478711#3961
692,連鎖型綠色商店,新北市,65000,7-11學勤門市,237新北市三峽區學勤路105號.大德路211號1樓,F001237,02-27478711#3961
693,連鎖型綠色商店,新北市,65000,7-11憲金門市,247新北市蘆洲區光華路22巷1號,F001575,02-27478711#3961
694,連鎖型綠色商店,新北市,65000,7-11戰國門市,220新北市板橋區永豐街173、175號,F001554,02-27478711#3961
695,連鎖型綠色商店,新北市,65000,7-11橫溪門市,237新北市三峽區溪北街109號,F001030,02-27478711#3961
696,連鎖型綠色商店,新北市,65000,7-11樹中門市,238新北市樹林區中華路117號,F000996,02-27478711#3961
697,連鎖型綠色商店,新北市,65000,7-11樹仁門市,238新北市樹林區復興路102號,F001601,02-27478711#3961
698,連鎖型綠色商店,新北市,65000,7-11樹正門市,238新北市樹林區中正路464號1F,F001522,02-27478711#3961
699,連鎖型綠色商店,新北市,65000,7-11樹安門市,238新北市樹林區大安路502號,F001394,02-27478711#3961
700,連鎖型綠色商店,新北市,65000,7-11樹林(一)門市,238新北市樹林區鎮前街112號,F001625,02-27478711#3961
701,連鎖型綠色商店,新北市,65000,7-11樹林門市,238新北市樹林區保安街1段3號,F001228,02-27478711#3961
702,連鎖型綠色商店,新北市,65000,7-11樹保門市,238新北市樹林區保安街二段357號,F001074,02-27478711#3961
703,連鎖型綠色商店,新北市,65000,7-11樹英門市,238新北市樹林區大同里中華路120號,F001190,02-27478711#3961
704,連鎖型綠色商店,新北市,65000,7-11樹復門市,238新北市樹林區復興路340號,F001374,02-27478711#3961
705,連鎖型綠色商店,新北市,65000,7-11樹園門市,238新北市樹林區佳園路一段52號1樓,F000997,02-27478711#3961
706,連鎖型綠色商店,新北市,65000,7-11樹新門市,238新北市樹林區樹新路245號,F001358,02-27478711#3961
707,連鎖型綠色商店,新北市,65000,7-11樹樺門市,238新北市樹林區中華路341之5.341之6號一樓,F001272,02-27478711#3961
708,連鎖型綠色商店,新北市,65000,7-11樹龍門市,238新北市樹林區中正路222號1樓,F001313,02-27478711#3961
709,連鎖型綠色商店,新北市,65000,7-11橋東門市,221新北市汐止區建成路30號,F001605,02-27478711#3961
710,連鎖型綠色商店,新北市,65000,7-11縣政府門市,220新北市板橋區中山路一段161號B1,F001655,02-27478711#3961
711,連鎖型綠色商店,新北市,65000,7-11縣道門市,220新北市板橋區觀光街92巷2號,F001005,02-27478711#3961
712,連鎖型綠色商店,新北市,65000,7-11興光門市,241新北市三重區大同南路220號,F001122,02-27478711#3961
713,連鎖型綠色商店,新北市,65000,7-11興和門市,235新北市中和區秀景里自立路193號,F000545,02-27478711#3961
714,連鎖型綠色商店,新北市,65000,7-11興林門市,244新北市林口區南勢村南勢街280號,F001388,02-27478711#3961
715,連鎖型綠色商店,新北市,65000,7-11興板門市,220新北市板橋區德興街22、24號,F001660,02-27478711#3961
716,連鎖型綠色商店,新北市,65000,7-11興洲門市,242新北市新莊區新泰路472號1樓,F001085,02-27478711#3961
717,連鎖型綠色商店,新北市,65000,7-11興都門市,244新北市林口區文化二路一段378號1樓之一.二.三,F001623,02-27478711#3961
718,連鎖型綠色商店,新北市,65000,7-11興頂門市,241新北市三重區中興北街177號,F001393,02-27478711#3961
719,連鎖型綠色商店,新北市,65000,7-11興園門市,241新北市三重區重陽路一段122號,F001303,02-27478711#3961
720,連鎖型綠色商店,新北市,65000,7-11興榮門市,235新北市中和區福南里21鄰興南路二段90號1樓,F001600,02-27478711#3961
721,連鎖型綠色商店,新北市,65000,7-11豫溪門市,234新北市永和區中正路704.706.708號,F001271,02-27478711#3961
722,連鎖型綠色商店,新北市,65000,7-11錠富門市,223新北市石碇區隆盛村雙溪58號,F001493,02-27478711#3961
723,連鎖型綠色商店,新北市,65000,7-11錦盛門市,235新北市中和區錦盛里圓通路335巷三弄21號,F001048,02-27478711#3961
724,連鎖型綠色商店,新北市,65000,7-11錦興門市,242新北市新莊區思源路181號,F001232,02-27478711#3961
725,連鎖型綠色商店,新北市,65000,7-11頭前門市,242新北市新莊區化成路429-4號,F001010,02-27478711#3961
726,連鎖型綠色商店,新北市,65000,7-11館東門市,220新北市板橋區館前東路17號,F001620,02-27478711#3961
727,連鎖型綠色商店,新北市,65000,7-11館慶門市,220新北市板橋區館前東路26號,F001622,02-27478711#3961
728,連鎖型綠色商店,新北市,65000,7-11龍五門市,248新北市五股區凌雲路一段136號,F000969,02-27478711#3961
729,連鎖型綠色商店,新北市,65000,7-11龍安門市,242新北市新莊區龍安路256號,F001573,02-27478711#3961
730,連鎖型綠色商店,新北市,65000,7-11龍馬門市,234新北市永和區文化路188號,F001566,02-27478711#3961
731,連鎖型綠色商店,新北市,65000,7-11龍翠門市,220新北市板橋區雙十路二段138-1之2號,F001463,02-27478711#3961
732,連鎖型綠色商店,新北市,65000,7-11龍興門市,238新北市樹林區三興里龍興街33號,F001113,02-27478711#3961
733,連鎖型綠色商店,新北市,65000,7-11龍濱門市,241新北市三重區河邊北街100巷32號.,F000920,02-27478711#3961
734,連鎖型綠色商店,新北市,65000,7-11濬家門市,236新北市土城區廣明街2號,F001118,02-27478711#3961
735,連鎖型綠色商店,新北市,65000,7-11環冠門市,235新北市中和區中山路3段122號B2,F001527,02-27478711#3961
736,連鎖型綠色商店,新北市,65000,7-11環德門市,241新北市三重區福德南路46.48號,F001191,02-27478711#3961
737,連鎖型綠色商店,新北市,65000,7-11禧緻門市,235新北市中和區華新街156號,F001283,02-27478711#3961
738,連鎖型綠色商店,新北市,65000,7-11聯合報門市,221新北市汐止區大同路一段369號1樓,F001450,02-27478711#3961
739,連鎖型綠色商店,新北市,65000,7-11邁群門市,234新北市永和區民生路42號,F001551,02-27478711#3961
740,連鎖型綠色商店,新北市,65000,7-11霞關門市,251新北市淡水區淡金路59-61號B1,F001282,02-27478711#3961
741,連鎖型綠色商店,新北市,65000,7-11鴻成門市,236新北市土城區埤林里學府路一段34號,F000557,02-27478711#3961
742,連鎖型綠色商店,新北市,65000,7-11鴻府門市,220新北市板橋區挹秀里府中路53號,F001212,02-27478711#3961
743,連鎖型綠色商店,新北市,65000,7-11鴻陞門市,235新北市中和區建八路28號,F001194,02-27478711#3961
744,連鎖型綠色商店,新北市,65000,7-11糧驛門市,220新北市板橋區德翠里龍泉街93號,F001459,02-27478711#3961
745,連鎖型綠色商店,新北市,65000,7-11舊社門市,220新北市板橋區中山路2段412號,F001297,02-27478711#3961
746,連鎖型綠色商店,新北市,65000,7-11藍山門市,235新北市中和區南山路41號.37巷2號,F001042,02-27478711#3961
747,連鎖型綠色商店,新北市,65000,7-11豐成門市,220新北市板橋區三民路1段31巷89弄18、20號,F001130,02-27478711#3961
748,連鎖型綠色商店,新北市,65000,7-11豐康門市,237新北市三峽區成福路241號,F001458,02-27478711#3961
749,連鎖型綠色商店,新北市,65000,7-11鎮板橋門市,220新北市板橋區信義路28號,F000993,02-27478711#3961
750,連鎖型綠色商店,新北市,65000,7-11鎮鑫門市,231新北市新店區中興路1段289號,F000930,02-27478711#3961
751,連鎖型綠色商店,新北市,65000,7-11雙建門市,231新北市新店區二十張路62號,F000581,02-27478711#3961
752,連鎖型綠色商店,新北市,65000,7-11雙泰門市,242新北市新莊區新泰路330號,F001447,02-27478711#3961
753,連鎖型綠色商店,新北市,65000,7-11雙祥門市,227新北市雙溪區雙溪村太平路65.67號,F001075,02-27478711#3961
754,連鎖型綠色商店,新北市,65000,7-11雙華門市,247新北市蘆洲區中華街8號,F001299,02-27478711#3961
755,連鎖型綠色商店,新北市,65000,7-11雙源門市,220新北市板橋區雙十路二段47巷30、32號,F001606,02-27478711#3961
756,連鎖型綠色商店,新北市,65000,7-11雙溪門市,227新北市雙溪區自強路7號,F001072,02-27478711#3961
757,連鎖型綠色商店,新北市,65000,7-11雙鳳門市,242新北市新莊區雙鳳路114號1樓,F001405,02-27478711#3961
758,連鎖型綠色商店,新北市,65000,7-11雙鑫門市,231新北市新店區北新路二段169號,F001590,02-27478711#3961
759,連鎖型綠色商店,新北市,65000,7-11馥都門市,220新北市板橋區中山路二段399.401號,F001208,02-27478711#3961
760,連鎖型綠色商店,新北市,65000,7-11鯊魚門市,251新北市淡水區沙崙路214號,F000965,02-27478711#3961
761,連鎖型綠色商店,新北市,65000,7-11懷民門市,220新北市板橋區民治街111號,F001111,02-27478711#3961
762,連鎖型綠色商店,新北市,65000,7-11懷翠門市,220新北市板橋區懷德街181巷23號,F001398,02-27478711#3961
763,連鎖型綠色商店,新北市,65000,7-11懷德門市,220新北市板橋區懷德街55.57號,F000553,02-27478711#3961
764,連鎖型綠色商店,新北市,65000,7-11藝高門市,242新北市新莊區中平路357號,F001059,02-27478711#3961
765,連鎖型綠色商店,新北市,65000,7-11藝寶門市,242新北市新莊區立信三街8號,F001647,02-27478711#3961
766,連鎖型綠色商店,新北市,65000,7-11麗池門市,244新北市林口區文化二路2段120號,F001008,02-27478711#3961
767,連鎖型綠色商店,新北市,65000,7-11麗金門市,234新北市永和區成功路一段91號,F001351,02-27478711#3961
768,連鎖型綠色商店,新北市,65000,7-11麗園門市,244新北市林口區文化一路一段118號,F001585,02-27478711#3961
769,連鎖型綠色商店,新北市,65000,7-11麗興門市,244新北市林口區麗園一街11巷1號1樓之2,F000950,02-27478711#3961
770,連鎖型綠色商店,新北市,65000,7-11寶中門市,231新北市新店區寶慶街66號,F001368,02-27478711#3961
771,連鎖型綠色商店,新北市,65000,7-11寶新門市,231新北市新店區北新路二段57號,F001499,02-27478711#3961
772,連鎖型綠色商店,新北市,65000,7-11耀心門市,220新北市板橋區中山路一段50巷11號,F001207,02-27478711#3961
773,連鎖型綠色商店,新北市,65000,7-11蘆三門市,247新北市蘆洲區三民路28號,F001514,02-27478711#3961
774,連鎖型綠色商店,新北市,65000,7-11蘆正門市,247新北市蘆洲區中正路261號,F001530,02-27478711#3961
775,連鎖型綠色商店,新北市,65000,7-11蘆永門市,247新北市蘆洲區永安南路二段18號,F001658,02-27478711#3961
776,連鎖型綠色商店,新北市,65000,7-11蘆安門市,247新北市蘆洲區長安街11號,F001449,02-27478711#3961
777,連鎖型綠色商店,新北市,65000,7-11蘆荻門市,247新北市蘆洲區永康街1巷37號,F000958,02-27478711#3961
778,連鎖型綠色商店,新北市,65000,7-11蘆揚門市,247新北市蘆洲區民生街30號,F001417,02-27478711#3961
779,連鎖型綠色商店,新北市,65000,7-11蘆華門市,247新北市蘆洲區長安街205號,F001465,02-27478711#3961
780,連鎖型綠色商店,新北市,65000,7-11蘆樂門市,247新北市蘆洲區長樂路55號1樓,F001386,02-27478711#3961
781,連鎖型綠色商店,新北市,65000,7-11蘆讚門市,247新北市蘆洲區中山二路184號,F001369,02-27478711#3961
782,連鎖型綠色商店,新北市,65000,7-11議會門市,220新北市板橋區莊敬路60號,F000549,02-27478711#3961
783,連鎖型綠色商店,新北市,65000,7-11儷新門市,242新北市新莊區新樹路451號,F001162,02-27478711#3961
784,連鎖型綠色商店,新北市,65000,7-11鶯育門市,239新北市鶯歌區南雅路35號,F001327,02-27478711#3961
785,連鎖型綠色商店,新北市,65000,7-11鶯桃門市,239新北市鶯歌區鶯桃路二段7號,F001540,02-27478711#3961
786,連鎖型綠色商店,新北市,65000,7-11鶯瓷門市,239新北市鶯歌區尖山埔路100.102號,F001559,02-27478711#3961
787,連鎖型綠色商店,新北市,65000,7-11鶯歌門市,239新北市鶯歌區國慶街139號,F001124,02-27478711#3961
788,連鎖型綠色商店,新北市,65000,7-11鷺江門市,247新北市蘆洲區長榮路679號1樓,F001051,02-27478711#3961
789,連鎖型綠色商店,新北市,65000,7-11鑫城門市,236新北市土城區中華路1段94號,F001071,02-27478711#3961
790,連鎖型綠色商店,新北市,65000,7-11鑫庫門市,222新北市深坑區北深路一段118.120號,F001454,02-27478711#3961
791,連鎖型綠色商店,新北市,65000,7-11鑫強門市,241新北市三重區自強路三段30.32號,F001335,02-27478711#3961
792,連鎖型綠色商店,新北市,65000,7-11鑫權門市,231新北市新店區民權路125號,F000990,02-27478711#3961
793,連鎖型綠色商店,新北市,65000,7-11鑫鑫門市,251新北市淡水區水源街2段76號,F001185,02-27478711#3961
794,連鎖型綠色商店,新北市,65000,7-11觀林門市,244新北市林口區林口路78.80號,F001469,02-27478711#3961
795,連鎖型綠色商店,新北市,65000,7-11觀泰門市,220新北市板橋區大觀路2段174巷166弄2.4號,F001588,02-27478711#3961
796,連鎖型綠色商店,新北市,65000,7-11觀海門市,249新北市八里區龍米路一段140號,F001239,02-27478711#3961
797,連鎖型綠色商店,新北市,65000,7-11觀景門市,249新北市八里區觀海大道61.63號,F001322,02-27478711#3961
798,連鎖型綠色商店,新北市,65000,7-11觀龍門市,220新北市板橋區龍興街24號,F000924,02-27478711#3961
799,連鎖型綠色商店,新北市,65000,一俐車業有限公司,235新北市中和區景平路670號,F002054,22405252
800,連鎖型綠色商店,新北市,65000,一楓車業有限公司,234新北市永和區林森路48巷2號,F002095,29239582
801,連鎖型綠色商店,新北市,65000,力昌機車行,235新北市中和區民德路236號,F002129,29531099
802,連鎖型綠色商店,新北市,65000,力溢車業有限公司,236新北市土城區中央路一段302號,F002157,22616577
803,連鎖型綠色商店,新北市,65000,久川車業有限公司,235新北市中和區安樂路68號,F002070,29428322
804,連鎖型綠色商店,新北市,65000,大同綜合訊電股份有限公司-大同3C_三重正義門市,241新北市三重區正義北路150號,F001972,02-29836377
805,連鎖型綠色商店,新北市,65000,大同綜合訊電股份有限公司-大同3C_三峽門市,237新北市三峽區文化路48號,F001959,02-26711210
806,連鎖型綠色商店,新北市,65000,大同綜合訊電股份有限公司-大同3C_土城中央門市,236新北市土城區中央路二段186號,F001974,02-22602344
807,連鎖型綠色商店,新北市,65000,大同綜合訊電股份有限公司-大同3C_中和雙和門市,235新北市中和區中和路176號,F002328,02-22451320
808,連鎖型綠色商店,新北市,65000,大同綜合訊電股份有限公司-大同3C_永和中山門市,234新北市永和區中山路一段65號,F001954,02-29213392
809,連鎖型綠色商店,新北市,65000,大同綜合訊電股份有限公司-大同3C_永和中正門市,234新北市永和區中正路306號,F001981,0930255170
810,連鎖型綠色商店,新北市,65000,大同綜合訊電股份有限公司-大同3C_汐止大同門市,221新北市汐止區大同路二段497號,F001977,02-26412423
811,連鎖型綠色商店,新北市,65000,大同綜合訊電股份有限公司-大同3C_汐止福德門市,221新北市汐止區福德一路249號,F001975,02-86934966
812,連鎖型綠色商店,新北市,65000,大同綜合訊電股份有限公司-大同3C_板橋中正門市,220新北市板橋區中正路162號,F001958,02-22710873
813,連鎖型綠色商店,新北市,65000,大同綜合訊電股份有限公司-大同3C_板橋國慶門市,220新北市板橋區國慶路143號,F001979,02-29512903
814,連鎖型綠色商店,新北市,65000,大同綜合訊電股份有限公司-大同3C_泰山門市,243新北市泰山區明志路二段59號,F001960,02-29098442
815,連鎖型綠色商店,新北市,65000,大同綜合訊電股份有限公司-大同3C_新店中正門市,231新北市新店區中正路309號,F001971,02-29154814
816,連鎖型綠色商店,新北市,65000,大同綜合訊電股份有限公司-大同3C_新莊新泰門市,242新北市新莊區新泰路303號,F001973,02-29938989
817,連鎖型綠色商店,新北市,65000,大同綜合訊電股份有限公司-大同3C_新莊鴻金寶門市,242新北市新莊區富國路188號,F001956,02-22067657
818,連鎖型綠色商店,新北市,65000,大同綜合訊電股份有限公司-大同3C_樹林門市,238新北市樹林區鎮前街32號,F001970,02-26812538
819,連鎖型綠色商店,新北市,65000,大同綜合訊電股份有限公司-大同3C_蘆洲光華門市,247新北市蘆洲區光華路188、190號,F001965,02-22810868
820,連鎖型綠色商店,新北市,65000,大潤發流通事業股分有限公司中和分公司景平店,235新北市中和區景平路182號地下1樓,F000015,02-29436000#501
821,連鎖型綠色商店,新北市,65000,大潤發流通事業股份有限公司土城分公司,236新北市土城區永安街25號,F001999,02-22674750
822,連鎖型綠色商店,新北市,65000,大潤發流通事業股份有限公司新店分公司,231新北市新店區環河路22號B1,F000010,02-89122188#501
823,連鎖型綠色商店,新北市,65000,大鑫車業有限公司,234新北市永和區中正路40號,F002093,29468888
824,連鎖型綠色商店,新北市,65000,川吉機車行,235新北市中和區景新街133號,F002111,22402909
825,連鎖型綠色商店,新北市,65000,中和地區農會超市,235新北市中和區中和路25號,F000249,02-22491000
826,連鎖型綠色商店,新北市,65000,中華電信股份有限公司（股）新北營運處三重服務中心,241新北市三重區重新路三段27號,F002254,02-23445862
827,連鎖型綠色商店,新北市,65000,中華電信股份有限公司台北營運處八里服務中心,249新北市八里區中山路二段356巷12號,F002238,02-23445862
828,連鎖型綠色商店,新北市,65000,中華電信股份有限公司台北營運處三芝服務中心,252新北市三芝區公正街1號,F002234,02-23445862
829,連鎖型綠色商店,新北市,65000,中華電信股份有限公司台北營運處大坪林服務中心,231新北市新店區民權路48號,F002273,02-23445862
830,連鎖型綠色商店,新北市,65000,中華電信股份有限公司台北營運處石門洞服務中心,253新北市石門區中央路32號,F002233,02-23445862
831,連鎖型綠色商店,新北市,65000,中華電信股份有限公司台北營運處安康服務中心,231新北市新店區安康路二段337號,F002270,02-23445862
832,連鎖型綠色商店,新北市,65000,中華電信股份有限公司台北營運處竹圍服務中心,251新北市淡水區民權路157號,F002235,02-23445862
833,連鎖型綠色商店,新北市,65000,中華電信股份有限公司台北營運處淡水服務中心,251新北市淡水區中正東路51號,F002236,02-23445862
834,連鎖型綠色商店,新北市,65000,中華電信股份有限公司台北營運處淡水捷運服務中心,251新北市淡水區中正東路51號,F002237,02-23445862
835,連鎖型綠色商店,新北市,65000,中華電信股份有限公司台北營運處淡水新市服務中心,251新北市淡水區中山北路二段191號,F002329,0800-080-123
836,連鎖型綠色商店,新北市,65000,中華電信股份有限公司台北營運處深坑服務中心,222新北市深坑區深坑街14號,F002278,02-23445862
837,連鎖型綠色商店,新北市,65000,中華電信股份有限公司台北營運處新店服務中心,231新北市新店區民權路48號,F002272,02-23445862
838,連鎖型綠色商店,新北市,65000,中華電信股份有限公司基隆營運處汐止服務中心,221新北市汐止區仁愛路12號,F002279,02-23445862
839,連鎖型綠色商店,新北市,65000,中華電信股份有限公司基隆營運處汐止福德服務中心,221新北市汐止區福德一路264號,F002311,0800-080-123
840,連鎖型綠色商店,新北市,65000,中華電信股份有限公司基隆營運處金山服務中心,224新北市瑞芳區中正路65號2樓,F002277,02-23445862
841,連鎖型綠色商店,新北市,65000,中華電信股份有限公司基隆營運處站前服務中心,221新北市汐止區忠孝東路286號,F002310,0800-080-123
842,連鎖型綠色商店,新北市,65000,中華電信股份有限公司基隆營運處貢寮服務中心,228新北市貢寮區長泰路18號,F002274,02-23445862
843,連鎖型綠色商店,新北市,65000,中華電信股份有限公司基隆營運處瑞芳服務中心,224新北市瑞芳區中正路65號2樓,F002276,02-23445862
844,連鎖型綠色商店,新北市,65000,中華電信股份有限公司基隆營運處萬里服務中心,207新北市萬里區瑪鍊路16號,F002288,02-23445862
845,連鎖型綠色商店,新北市,65000,中華電信股份有限公司基隆營運處雙溪服務中心,227新北市雙溪區中華路107號,F002275,02-23445862
846,連鎖型綠色商店,新北市,65000,中華電信股份有限公司新北營運處三重正義服務中心,241新北市三重區正義北路15-3號,F002253,02-23445862
847,連鎖型綠色商店,新北市,65000,中華電信股份有限公司新北營運處三峽服務中心,237新北市三峽區民權街36號,F002259,02-23445862
848,連鎖型綠色商店,新北市,65000,中華電信股份有限公司新北營運處三峽復興服務中心,237新北市三峽區復興路172號,F002258,02-23445862
849,連鎖型綠色商店,新北市,65000,中華電信股份有限公司新北營運處土城服務中心,236新北市土城區青雲路136號,F002262,02-23445862
850,連鎖型綠色商店,新北市,65000,中華電信股份有限公司新北營運處中和南山服務中心,235新北市中和區中和路138號,F002290,02-23445862
851,連鎖型綠色商店,新北市,65000,中華電信股份有限公司新北營運處五股服務中心,248新北市五股區成泰路三段18號,F002239,02-23445862
852,連鎖型綠色商店,新北市,65000,中華電信股份有限公司新北營運處北大服務中心,237新北市三峽區大學路168號,F002260,02-23445862
853,連鎖型綠色商店,新北市,65000,中華電信股份有限公司新北營運處永和中正服務中心,234新北市永和區中正路261號,F002267,02-23445862
854,連鎖型綠色商店,新北市,65000,中華電信股份有限公司新北營運處永和服務中心,234新北市永和區國光路8號,F002268,02-23445862
855,連鎖型綠色商店,新北市,65000,中華電信股份有限公司新北營運處江翠服務中心,220新北市板橋區雙十路二段70巷2號,F002286,02-23445862
856,連鎖型綠色商店,新北市,65000,中華電信股份有限公司新北營運處府中服務中心,220新北市板橋區府後街1號,F002282,02-23445862
857,連鎖型綠色商店,新北市,65000,中華電信股份有限公司新北營運處明志服務中心,243新北市泰山區明志路三段155號,F002245,02-23445862
858,連鎖型綠色商店,新北市,65000,中華電信股份有限公司新北營運處林口忠孝服務中心,244新北市林口區忠孝路370號1樓,F002243,02-23445862
859,連鎖型綠色商店,新北市,65000,中華電信股份有限公司新北營運處林口服務中心,244新北市林口區中山路262號,F002244,02-23445862
860,連鎖型綠色商店,新北市,65000,中華電信股份有限公司新北營運處板橋三民服務中心,220新北市板橋區三民路2段171號,F002280,02-23445862
861,連鎖型綠色商店,新北市,65000,中華電信股份有限公司新北營運處板橋四維服務中心,220新北市板橋區四維路229號,F002284,02-23445862
862,連鎖型綠色商店,新北市,65000,中華電信股份有限公司新北營運處板橋服務中心,220新北市板橋區民族路166號,F002287,02-23445862
863,連鎖型綠色商店,新北市,65000,中華電信股份有限公司新北營運處板橋新埔服務中心,"220新北市板橋區文化路二段51 號",F002285,02-23445862
864,連鎖型綠色商店,新北市,65000,中華電信股份有限公司新北營運處南勢角服務中心,235新北市中和區景平路155號,F002264,02-23445862
865,連鎖型綠色商店,新北市,65000,中華電信股份有限公司新北營運處後港服務中心,242新北市新莊區四維路7號,F002248,02-23445862
866,連鎖型綠色商店,新北市,65000,中華電信股份有限公司新北營運處泰明服務中心,243新北市泰山區明志路一段167號1樓,F002246,02-23445862
867,連鎖型綠色商店,新北市,65000,中華電信股份有限公司新北營運處海山捷運服務中心,236新北市土城區裕民路73號,F002261,02-23445862
868,連鎖型綠色商店,新北市,65000,中華電信股份有限公司新北營運處連城服務中心,235新北市中和區連城路94號,F002265,02-23445862
869,連鎖型綠色商店,新北市,65000,中華電信股份有限公司新北營運處景安捷運服務中心,235新北市中和區景平路476號,F002263,02-23445862
870,連鎖型綠色商店,新北市,65000,中華電信股份有限公司新北營運處集賢服務中心,247新北市蘆洲區集賢路338號1樓,F002242,02-23445862
871,連鎖型綠色商店,新北市,65000,中華電信股份有限公司新北營運處新莊中平服務中心,242新北市新莊區中平路369號,F002250,02-23445862
872,連鎖型綠色商店,新北市,65000,中華電信股份有限公司新北營運處新莊民安服務中心,242新北市新莊區民安路214號1樓,F002247,02-23445862
873,連鎖型綠色商店,新北市,65000,中華電信股份有限公司新北營運處新莊幸福服務中心,242新北市新莊區幸福路612號1樓,F002289,02-23445862
874,連鎖型綠色商店,新北市,65000,中華電信股份有限公司新北營運處新莊服務中心,242新北市新莊區中華路一段57號,F002251,02-23445862
875,連鎖型綠色商店,新北市,65000,中華電信股份有限公司新北營運處樂華夜市服務中心,234新北市永和區永和路一段57號,F002269,02-23445862
876,連鎖型綠色商店,新北市,65000,中華電信股份有限公司新北營運處樹林中華服務中心,238新北市樹林區樹新路15號,F002257,02-23445862
877,連鎖型綠色商店,新北市,65000,中華電信股份有限公司新北營運處樹林服務中心,238新北市樹林區中華路144號,F002256,02-23445862
878,連鎖型綠色商店,新北市,65000,中華電信股份有限公司新北營運處環球服務中心,"235新北市中和區中山路三段117 號",F002266,02-23445862
879,連鎖型綠色商店,新北市,65000,中華電信股份有限公司新北營運處蘆洲中華服務中心,247新北市蘆洲區中華街73號1樓,F002241,02-23445862
880,連鎖型綠色商店,新北市,65000,中華電信股份有限公司新北營運處蘆洲服務中心,247新北市蘆洲區中華街73號1樓,F002240,02-23445862
881,連鎖型綠色商店,新北市,65000,中華電信股份有限公司新北營運處鶯歌服務中心,239新北市鶯歌區國慶街93號,F002255,02-23445862
882,連鎖型綠色商店,新北市,65000,元宏機車行,235新北市中和區秀朗路3段74-3號,F002112,29481535
883,連鎖型綠色商店,新北市,65000,元泓機車行,236新北市土城區裕民路282號,F002135,22730268
884,連鎖型綠色商店,新北市,65000,日日興車業行,220新北市板橋區林園街40號,F002147,29660591
885,連鎖型綠色商店,新北市,65000,世昌車業行,235新北市中和區景新街467巷15弄1號1樓,F002091,86682975
886,連鎖型綠色商店,新北市,65000,世揚車業有限公司,235新北市中和區景平路337號,F002067,29424490
887,連鎖型綠色商店,新北市,65000,世煇車業有限公司,236新北市土城區中央路一段357號,F002149,02-22631818
888,連鎖型綠色商店,新北市,65000,北門車業有限公司,220新北市板橋區西門街12號,F002145,29651205
889,連鎖型綠色商店,新北市,65000,北都汽車股份有限公司-安坑營業所,231新北市新店區安和路2段251號,F002006,02-2211-3480
890,連鎖型綠色商店,新北市,65000,北都汽車股份有限公司-汐止營業所,221新北市汐止區大同路3段110號,F002008,02-8648-9696
891,連鎖型綠色商店,新北市,65000,北都汽車股份有限公司-新店營業所,231新北市新店區寶橋路233-1號1樓,F002007,02-2917-9707
892,連鎖型綠色商店,新北市,65000,仟松車業有限公司,220新北市板橋區長江路2段128號,F002050,22525332
893,連鎖型綠色商店,新北市,65000,台北縣淡水鎮農會生鮮超級市場,251新北市淡水區水源街1段31號,F000101,02-26239307
894,連鎖型綠色商店,新北市,65000,台象股份有限公司-象印大遠百板橋據點,220新北市板橋區新站路28號7樓,F002171,02-2506-9009#217
895,連鎖型綠色商店,新北市,65000,台象股份有限公司-象印五股服務中心,248新北市五股區五權八路41號1樓,F002167,02-2506-9009#217
896,連鎖型綠色商店,新北市,65000,台象股份有限公司-象印比漾廣場據點,234新北市永和區中山路一段238號?5樓,F002169,02-2506-9009#217
897,連鎖型綠色商店,新北市,65000,台象股份有限公司-象印宏匯據點,242新北市新莊區新北大道四段3號,F002331,02-25069009#276
898,連鎖型綠色商店,新北市,65000,台象股份有限公司-象印遠東板橋據點,220新北市板橋區中山路一段152號10樓,F002170,02-2506-9009#217
899,連鎖型綠色商店,新北市,65000,台象股份有限公司-象印環球中和據點,235新北市中和區中山路三段122號,F002330,02-25069009#276
900,連鎖型綠色商店,新北市,65000,台灣歐德家具,235新北市中和區景平路306號,F000226,(02)86681038
901,連鎖型綠色商店,新北市,65000,弘安車業有限公司,234新北市永和區永貞路344號,F002108,29238884
902,連鎖型綠色商店,新北市,65000,永督機車行,220新北市板橋區民族路178號,F002142,29500229
903,連鎖型綠色商店,新北市,65000,永諭車行,234新北市永和區文化路105號,F002127,29241721
904,連鎖型綠色商店,新北市,65000,石門鄉農會超市,253新北市石門區石門村中央路2號,F000104,02-26381005
905,連鎖型綠色商店,新北市,65000,立志機車行,234新北市永和區竹林路39巷15號,F002128,89283808
906,連鎖型綠色商店,新北市,65000,立晟車業有限公司,234新北市永和區保平路213號,F002125,29240832
907,連鎖型綠色商店,新北市,65000,任峰機車行,236新北市土城區學府路一段16號,F002144,22625619
908,連鎖型綠色商店,新北市,65000,全家便利商店股份有限公司-八里春池店,249新北市八里區龍源村龍米路一段２０６號１樓,F000689,02-29029199
909,連鎖型綠色商店,新北市,65000,全家便利商店股份有限公司-八里船頭店,249新北市八里區渡船頭街１號,F000815,02-29029199
910,連鎖型綠色商店,新北市,65000,全家便利商店股份有限公司-八德鳳福店,239新北市鶯歌區鶯桃路二段２７號,F000612,03-4684211
911,連鎖型綠色商店,新北市,65000,全家便利商店股份有限公司-三芝吉祥店,252新北市三芝區淡金路一段７３，７５，７７號,F000767,02-25221128
912,連鎖型綠色商店,新北市,65000,全家便利商店股份有限公司-三重力行店,241新北市三重區力行路一段４０號,F000476,02-29029199
913,連鎖型綠色商店,新北市,65000,全家便利商店股份有限公司-三重三民店,241新北市三重區三民街１１２號,F000300,02-29029199
914,連鎖型綠色商店,新北市,65000,全家便利商店股份有限公司-三重三佾店,241新北市三重區中央北路５８號１樓,F000779,02-29029199
915,連鎖型綠色商店,新北市,65000,全家便利商店股份有限公司-三重三和店,241新北市三重區三和路四段１４３之１號,F000674,02-29029199
916,連鎖型綠色商店,新北市,65000,全家便利商店股份有限公司-三重三信店,241新北市三重區五華街２５７號１樓,F000679,02-29029199
917,連鎖型綠色商店,新北市,65000,全家便利商店股份有限公司-三重三陽店,241新北市三重區三陽路１３巷２號,F000761,02-29029199
918,連鎖型綠色商店,新北市,65000,全家便利商店股份有限公司-三重大成店,241新北市三重區大同北路１號１樓,F000376,02-29029199
919,連鎖型綠色商店,新北市,65000,全家便利商店股份有限公司-三重大勇店,241新北市三重區永發里力行路二段２號一樓,F000680,02-29029199
920,連鎖型綠色商店,新北市,65000,全家便利商店股份有限公司-三重大智店,241新北市三重區大智街９４號,F000852,02-29029199
921,連鎖型綠色商店,新北市,65000,全家便利商店股份有限公司-三重中山店,241新北市三重區中山路１１９，１２１號,F000622,02-29029199
922,連鎖型綠色商店,新北市,65000,全家便利商店股份有限公司-三重中正店,241新北市三重區中正南路１８４號１樓,F000860,02-29029199
923,連鎖型綠色商店,新北市,65000,全家便利商店股份有限公司-三重中興店,241新北市三重區重新路五段５９５，５９７號,F000485,02-29029199
924,連鎖型綠色商店,新北市,65000,全家便利商店股份有限公司-三重五華店,241新北市三重區五華街８９號,F000697,02-29029199
925,連鎖型綠色商店,新北市,65000,全家便利商店股份有限公司-三重仁華店,241新北市三重區仁愛街７１９之１號,F000344,02-29029199
926,連鎖型綠色商店,新北市,65000,全家便利商店股份有限公司-三重仁義店,241新北市三重區仁義街１５３號、１５５號１樓,F000501,02-29029199
927,連鎖型綠色商店,新北市,65000,全家便利商店股份有限公司-三重六張店,241新北市三重區六張街９０巷１號,F000393,02-29029199
928,連鎖型綠色商店,新北市,65000,全家便利商店股份有限公司-三重公園店,241新北市三重區忠孝路二段３４號,F000645,02-29029199
929,連鎖型綠色商店,新北市,65000,全家便利商店股份有限公司-三重天臺店,241新北市三重區重新路二段７８號,F000890,02-29029199
930,連鎖型綠色商店,新北市,65000,全家便利商店股份有限公司-三重民生店,241新北市三重區民生東街２號,F000295,02-29029199
931,連鎖型綠色商店,新北市,65000,全家便利商店股份有限公司-三重永安店,241新北市三重區永安北路二段１１號１樓,F000642,02-29029199
932,連鎖型綠色商店,新北市,65000,全家便利商店股份有限公司-三重永盛店,241新北市三重區車路頭街１４１號,F000621,02-29029199
933,連鎖型綠色商店,新北市,65000,全家便利商店股份有限公司-三重永福店,241新北市三重區永福街１２４號,F000608,02-29029199
934,連鎖型綠色商店,新北市,65000,全家便利商店股份有限公司-三重永德店,241新北市三重區中正北路３４６號,F000318,02-29029199
935,連鎖型綠色商店,新北市,65000,全家便利商店股份有限公司-三重田心店,241新北市三重區田心里忠孝路三段５０巷８２號一樓,F000723,02-29029199
936,連鎖型綠色商店,新北市,65000,全家便利商店股份有限公司-三重光正店,241新北市三重區光正里中正南路２２４號，２２６號,F000613,02-29029199
937,連鎖型綠色商店,新北市,65000,全家便利商店股份有限公司-三重光陽店,241新北市三重區三陽路１０２號,F000650,02-29029199
938,連鎖型綠色商店,新北市,65000,全家便利商店股份有限公司-三重光榮店,241新北市三重區長興街６０號１樓,F000776,02-29029199
939,連鎖型綠色商店,新北市,65000,全家便利商店股份有限公司-三重成功店,241新北市三重區福德里成功路１４５巷４５號４７號一樓,F000710,02-29029199
940,連鎖型綠色商店,新北市,65000,全家便利商店股份有限公司-三重自強店,241新北市三重區自強路三段１６號,F000480,02-29029199
941,連鎖型綠色商店,新北市,65000,全家便利商店股份有限公司-三重欣田店,241新北市三重區自強路二段２４號,F000826,02-29029199
942,連鎖型綠色商店,新北市,65000,全家便利商店股份有限公司-三重長壽店,241新北市三重區雙園里長壽西街１號,F000764,02-29029199
943,連鎖型綠色商店,新北市,65000,全家便利商店股份有限公司-三重珍寶店,241新北市三重區忠孝路三段４７號．４９號,F000499,02-29029199
944,連鎖型綠色商店,新北市,65000,全家便利商店股份有限公司-三重重仁店,241新北市三重區重陽路三段５巷３０號,F000487,02-29029199
945,連鎖型綠色商店,新北市,65000,全家便利商店股份有限公司-三重重陽店,241新北市三重區重陽路一段１０９，１１１號,F000585,02-29029199
946,連鎖型綠色商店,新北市,65000,全家便利商店股份有限公司-三重首里店,241新北市三重區力行路一段８７號,F000541,02-29029199
947,連鎖型綠色商店,新北市,65000,全家便利商店股份有限公司-三重格致店,241新北市三重區三和路四段２０巷７９號,F000670,02-29029199
948,連鎖型綠色商店,新北市,65000,全家便利商店股份有限公司-三重捷運店,241新北市三重區捷運路１９巷２弄１５號１樓,F000311,02-29029199
949,連鎖型綠色商店,新北市,65000,全家便利商店股份有限公司-三重頂崁店,241新北市三重區博愛里２２鄰頂崁街２１０巷３１號１樓,F000292,02-29029199
950,連鎖型綠色商店,新北市,65000,全家便利商店股份有限公司-三重富貴店,241新北市三重區三賢街２０１號,F000340,02-29029199
951,連鎖型綠色商店,新北市,65000,全家便利商店股份有限公司-三重華義店,241新北市三重區仁義街２４４號、富華街１９３號１樓,F000732,02-29029199
952,連鎖型綠色商店,新北市,65000,全家便利商店股份有限公司-三重華興店,241新北市三重區五華街４５號．４７號１樓,F000447,02-29029199
953,連鎖型綠色商店,新北市,65000,全家便利商店股份有限公司-三重集成店,241新北市三重區環河南路２５４巷４３號之１、２號,F000377,02-29029199
954,連鎖型綠色商店,新北市,65000,全家便利商店股份有限公司-三重集明店,241新北市三重區集美街１１６號１樓,F000379,02-29029199
955,連鎖型綠色商店,新北市,65000,全家便利商店股份有限公司-三重集美店,241新北市三重區集美街１４９號１樓,F000802,02-29029199
956,連鎖型綠色商店,新北市,65000,全家便利商店股份有限公司-三重溪尾店,241新北市三重區溪尾街１６０號１樓,F000522,02-29029199
957,連鎖型綠色商店,新北市,65000,全家便利商店股份有限公司-三重過圳店,241新北市三重區過圳街３號１樓,F000917,02-29029199
958,連鎖型綠色商店,新北市,65000,全家便利商店股份有限公司-三重碧華店,241新北市三重區五華街１３１號１樓,F000463,02-29029199
959,連鎖型綠色商店,新北市,65000,全家便利商店股份有限公司-三重福田店,241新北市三重區三民街２８５號一樓,F000373,02-29029199
960,連鎖型綠色商店,新北市,65000,全家便利商店股份有限公司-三重福旺店,241新北市三重區永福街１２３號１樓,F000343,02-29029199
961,連鎖型綠色商店,新北市,65000,全家便利商店股份有限公司-三重福溪店,241新北市三重區溪尾街５６號,F000651,02-29029199
962,連鎖型綠色商店,新北市,65000,全家便利商店股份有限公司-三重福德店,241新北市三重區中央南路５１號１樓,F000638,02-29029199
963,連鎖型綠色商店,新北市,65000,全家便利商店股份有限公司-三重銀行店,241新北市三重區三和路四段３７６號,F000693,02-29029199
964,連鎖型綠色商店,新北市,65000,全家便利商店股份有限公司-三重龍成店,241新北市三重區龍濱路５１＆５３號１樓,F000834,02-29029199
965,連鎖型綠色商店,新北市,65000,全家便利商店股份有限公司-三重龍明店,241新北市三重區龍濱路１６８號１樓,F000395,02-29029199
966,連鎖型綠色商店,新北市,65000,全家便利商店股份有限公司-三重龍門店,241新北市三重區龍門路２７６號,F000842,02-29029199
967,連鎖型綠色商店,新北市,65000,全家便利商店股份有限公司-三重龍美店,241新北市三重區龍濱路１２０號１樓,F000578,02-29029199
968,連鎖型綠色商店,新北市,65000,全家便利商店股份有限公司-三重龍濱店,241新北市三重區龍濱路２０７號１樓,F000913,02-29029199
969,連鎖型綠色商店,新北市,65000,全家便利商店股份有限公司-三重環北店,241新北市三重區成功里環河南路２５３號一樓,F000877,02-29029199
970,連鎖型綠色商店,新北市,65000,全家便利商店股份有限公司-三重環南店,241新北市三重區成功路５２號，５４號，５６號１樓,F000698,02-29029199
971,連鎖型綠色商店,新北市,65000,全家便利商店股份有限公司-三峽三樹店,237新北市三峽區龍埔里三樹路２５７號２５９號一樓,F000666,02-29029199
972,連鎖型綠色商店,新北市,65000,全家便利商店股份有限公司-三峽大同店,237新北市三峽區光明路１００之６號,F000652,02-29029199
973,連鎖型綠色商店,新北市,65000,全家便利商店股份有限公司-三峽大寧店,237新北市三峽區大學路１２５號１樓,F000404,02-29029199
974,連鎖型綠色商店,新北市,65000,全家便利商店股份有限公司-三峽介壽店,237新北市三峽區溪北里介壽路三段１７４號一樓,F000280,02-29029199
975,連鎖型綠色商店,新北市,65000,全家便利商店股份有限公司-三峽文化店,237新北市三峽區文化路１１７號１樓,F000819,02-29029199
976,連鎖型綠色商店,新北市,65000,全家便利商店股份有限公司-三峽光明店,237新北市三峽區光明路６號，８號１樓,F000798,02-29029199
977,連鎖型綠色商店,新北市,65000,全家便利商店股份有限公司-三峽金寶店,237新北市三峽區中山路２４０號,F000481,02-29029199
978,連鎖型綠色商店,新北市,65000,全家便利商店股份有限公司-三峽峇里店,237新北市三峽區鳶山里中山路３０３號一樓,F000591,02-29029199
979,連鎖型綠色商店,新北市,65000,全家便利商店股份有限公司-三峽恩主店,237新北市三峽區復興路３７３、３７５號１樓,F000742,02-29029199
980,連鎖型綠色商店,新北市,65000,全家便利商店股份有限公司-三峽國寧店,237新北市三峽區國學街３１．３３號,F000386,02-29029199
981,連鎖型綠色商店,新北市,65000,全家便利商店股份有限公司-三峽莉雅店,237新北市三峽區二鬮路１３４號,F000835,02-29029199
982,連鎖型綠色商店,新北市,65000,全家便利商店股份有限公司-三峽復興店,237新北市三峽區復興路５６號１樓,F000589,02-29029199
983,連鎖型綠色商店,新北市,65000,全家便利商店股份有限公司-三峽觀成店,237新北市三峽區大觀路８０號１樓,F000378,02-29029199
984,連鎖型綠色商店,新北市,65000,全家便利商店股份有限公司-土城八洋店,236新北市土城區裕民路６９號,F000851,02-82571522
985,連鎖型綠色商店,新北市,65000,全家便利商店股份有限公司-土城中央店,236新北市土城區員林里中央路二段８９號,F000911,02-82571522
986,連鎖型綠色商店,新北市,65000,全家便利商店股份有限公司-土城中華店,236新北市土城區中華路二段１１７號,F000743,02-82571522
987,連鎖型綠色商店,新北市,65000,全家便利商店股份有限公司-土城仁愛店,236新北市土城區清水路１６６號,F000605,02-82571522
988,連鎖型綠色商店,新北市,65000,全家便利商店股份有限公司-土城玉山店,236新北市土城區明德里明德路二段２０３號１樓,F000774,02-82571522
989,連鎖型綠色商店,新北市,65000,全家便利商店股份有限公司-土城多德店,236新北市土城區中央路一段２５２號１樓,F000436,02-82571522
990,連鎖型綠色商店,新北市,65000,全家便利商店股份有限公司-土城延吉店,236新北市土城區延吉街１２０號,F000791,02-82571522
991,連鎖型綠色商店,新北市,65000,全家便利商店股份有限公司-土城延和店,236新北市土城區延和路２０１號,F000888,02-82571522
992,連鎖型綠色商店,新北市,65000,全家便利商店股份有限公司-土城延壽店,236新北市土城區延壽路１１號１樓,F000435,02-82571522
993,連鎖型綠色商店,新北市,65000,全家便利商店股份有限公司-土城延豐店,236新北市土城區延吉街２７０號１樓,F000561,02-82571522
994,連鎖型綠色商店,新北市,65000,全家便利商店股份有限公司-土城欣隆店,236新北市土城區中央路三段２８３號１樓,F000278,02-82571522
995,連鎖型綠色商店,新北市,65000,全家便利商店股份有限公司-土城金和店,236新北市土城區金城路三段１４７號,F000672,02-82571522
996,連鎖型綠色商店,新北市,65000,全家便利商店股份有限公司-土城青雲店,236新北市土城區青雲路４２號，４４號,F000413,02-82571522
997,連鎖型綠色商店,新北市,65000,全家便利商店股份有限公司-土城冠延店,236新北市土城區延和路１１１號,F000701,02-82571522
998,連鎖型綠色商店,新北市,65000,全家便利商店股份有限公司-土城城堡店,236新北市土城區福仁街５０巷１號,F000554,02-82571522
999,連鎖型綠色商店,新北市,65000,全家便利商店股份有限公司-土城城學店,236新北市土城區學府路一段１９１號１樓,F000389,02-82571522
1000,連鎖型綠色商店,新北市,65000,全家便利商店股份有限公司-土城恆山店,236新北市土城區中央路４段２８１號１樓,F000818,02-82571522
1001,連鎖型綠色商店,新北市,65000,全家便利商店股份有限公司-土城美仁店,236新北市土城區學府路２段２１號１樓,F000891,02-82571522
1002,連鎖型綠色商店,新北市,65000,全家便利商店股份有限公司-土城美生店,236新北市土城區中山路６１號１樓,F000905,02-82571522
1003,連鎖型綠色商店,新北市,65000,全家便利商店股份有限公司-土城員林店,236新北市土城區中央路二段２６８號,F000596,02-82571522
1004,連鎖型綠色商店,新北市,65000,全家便利商店股份有限公司-土城海山店,236新北市土城區學府路一段２９４號,F000685,02-82571522
1005,連鎖型綠色商店,新北市,65000,全家便利商店股份有限公司-土城御前店,236新北市土城區裕生路１９號１樓,F000426,02-82571522
1006,連鎖型綠色商店,新北市,65000,全家便利商店股份有限公司-土城雲陽店,236新北市土城區青雲路１８５號１樓,F000384,02-82571522
1007,連鎖型綠色商店,新北市,65000,全家便利商店股份有限公司-土城順風店,236新北市土城區中央路二段１５４號,F000871,02-82571522
1008,連鎖型綠色商店,新北市,65000,全家便利商店股份有限公司-土城義鴻店,236新北市土城區明德路一段３１１號１樓,F000468,02-82571522
1009,連鎖型綠色商店,新北市,65000,全家便利商店股份有限公司-土城裕生店,236新北市土城區裕生路６１號,F000597,02-82571522
1010,連鎖型綠色商店,新北市,65000,全家便利商店股份有限公司-土城福祥店,236新北市土城區福祥路４６號一樓,F000631,02-82571522
1011,連鎖型綠色商店,新北市,65000,全家便利商店股份有限公司-土城寬樺店,236新北市土城區青雲路３８２號,F000712,02-82571522
1012,連鎖型綠色商店,新北市,65000,全家便利商店股份有限公司-土城廣福店,236新北市土城區學府路一段１６２號,F000739,02-82571522
1013,連鎖型綠色商店,新北市,65000,全家便利商店股份有限公司-土城廣興店,236新北市土城區廣興里學府路一段１００號,F000745,02-82571522
1014,連鎖型綠色商店,新北市,65000,全家便利商店股份有限公司-土城德陽店,236新北市土城區青山里仁愛路２５號１樓,F000265,02-82571522
1015,連鎖型綠色商店,新北市,65000,全家便利商店股份有限公司-土城樂利店,236新北市土城區裕民路１１４巷１２號１樓,F000702,02-82571522
1016,連鎖型綠色商店,新北市,65000,全家便利商店股份有限公司-土城學成店,236新北市土城區學成路４６號,F000431,02-82571522
1017,連鎖型綠色商店,新北市,65000,全家便利商店股份有限公司-土城鴻海店,236新北市土城區自由街２號５樓,F000629,02-82571522
1018,連鎖型綠色商店,新北市,65000,全家便利商店股份有限公司-土城鴻海附店,236新北市土城區中央路四段５３－１號１樓,F000769,02-82571522
1019,連鎖型綠色商店,新北市,65000,全家便利商店股份有限公司-中和大勇店,235新北市中和區秀明里大勇街２７巷２號１樓,F000715,02-82571522
1020,連鎖型綠色商店,新北市,65000,全家便利商店股份有限公司-中和山水店,235新北市中和區佳和里中山路二段６４巷８號一樓,F000904,02-82571522
1021,連鎖型綠色商店,新北市,65000,全家便利商店股份有限公司-中和中安店,235新北市中和區中安街１９２號,F000305,02-82571522
1022,連鎖型綠色商店,新北市,65000,全家便利商店股份有限公司-中和中和店,235新北市中和區中和路４８０號１Ｆ,F000775,02-82571522
1023,連鎖型綠色商店,新北市,65000,全家便利商店股份有限公司-中和中城店,235新北市中和區民享街８６巷３８號１樓,F000758,02-82571522
1024,連鎖型綠色商店,新北市,65000,全家便利商店股份有限公司-中和中海店,235新北市中和區國光街１４４號．１４６號．１４６－１號,F000821,02-82571522
1025,連鎖型綠色商店,新北市,65000,全家便利商店股份有限公司-中和中業店,235新北市中和區中山路二段３８３＆３８５號１樓,F000765,02-82571522
1026,連鎖型綠色商店,新北市,65000,全家便利商店股份有限公司-中和中鼎店,235新北市中和區中安里中安街８０號一樓,F000756,02-82571522
1027,連鎖型綠色商店,新北市,65000,全家便利商店股份有限公司-中和中興店,235新北市中和區復興里中興街１１１號，１１３號,F000543,02-82571522
1028,連鎖型綠色商店,新北市,65000,全家便利商店股份有限公司-中和中環店,235新北市中和區中山路三段１１１號１樓,F000816,02-82571522
1029,連鎖型綠色商店,新北市,65000,全家便利商店股份有限公司-中和中穗店,235新北市中和區新生街２號１樓,F000866,02-82571522
1030,連鎖型綠色商店,新北市,65000,全家便利商店股份有限公司-中和元氣店,235新北市中和區中山路３段３９號２樓,F000323,02-82571522
1031,連鎖型綠色商店,新北市,65000,全家便利商店股份有限公司-中和巴黎店,235新北市中和區中興街２３５巷１號,F000338,02-82571522
1032,連鎖型綠色商店,新北市,65000,全家便利商店股份有限公司-中和世紀店,235新北市中和區連城路２６８之１號１樓,F000353,02-82571522
1033,連鎖型綠色商店,新北市,65000,全家便利商店股份有限公司-中和巨人店,235新北市中和區連城路１０１號１樓,F000388,02-82571522
1034,連鎖型綠色商店,新北市,65000,全家便利商店股份有限公司-中和民利店,235新北市中和區嘉穗里民利街８７號１樓,F000918,02-82571522
1035,連鎖型綠色商店,新北市,65000,全家便利商店股份有限公司-中和民德店,235新北市中和區壽德里壽德街２６號１樓,F000507,02-82571522
1036,連鎖型綠色商店,新北市,65000,全家便利商店股份有限公司-中和永貞店,235新北市中和區永貞路２４４號,F000735,02-82571522
1037,連鎖型綠色商店,新北市,65000,全家便利商店股份有限公司-中和立德店,235新北市中和區積穗里中正路１１９６號,F000416,02-82571522
1038,連鎖型綠色商店,新北市,65000,全家便利商店股份有限公司-中和安邦店,235新北市中和區圓通路１６９號,F000830,02-82571522
1039,連鎖型綠色商店,新北市,65000,全家便利商店股份有限公司-中和安陽店,235新北市中和區安順里宜安路２５號一樓,F000660,02-82571522
1040,連鎖型綠色商店,新北市,65000,全家便利商店股份有限公司-中和自強店,235新北市中和區莒光路１３１號,F000531,02-82571522
1041,連鎖型綠色商店,新北市,65000,全家便利商店股份有限公司-中和汾陽店,235新北市中和區水源路８１巷１６弄１８－１號１樓,F000570,02-82571522
1042,連鎖型綠色商店,新北市,65000,全家便利商店股份有限公司-中和秀山店,235新北市中和區立人街６５號，６７號,F000800,02-82571522
1043,連鎖型綠色商店,新北市,65000,全家便利商店股份有限公司-中和秀福店,235新北市中和區秀朗路三段５２號,F000681,02-82571522
1044,連鎖型綠色商店,新北市,65000,全家便利商店股份有限公司-中和秀鴻店,235新北市中和區中山路二段二巷４５弄２號１樓,F000663,02-82571522
1045,連鎖型綠色商店,新北市,65000,全家便利商店股份有限公司-中和佳和店,235新北市中和區中山路二段１３４號,F000525,02-82571522
1046,連鎖型綠色商店,新北市,65000,全家便利商店股份有限公司-中和和平店,235新北市中和區和平街５６號１樓；５４巷１弄１號１樓,F000586,02-82571522
1047,連鎖型綠色商店,新北市,65000,全家便利商店股份有限公司-中和和連店,235新北市中和區建和里連城路２６５巷１號一樓,F000478,02-82571522
1048,連鎖型綠色商店,新北市,65000,全家便利商店股份有限公司-中和和隆店,235新北市中和區華新街１０９巷５號１樓,F000308,02-82571522
1049,連鎖型綠色商店,新北市,65000,全家便利商店股份有限公司-中和和潤店,235新北市中和區永和路２４號,F000747,02-82571522
1050,連鎖型綠色商店,新北市,65000,全家便利商店股份有限公司-中和和興店,235新北市中和區中正路１１號，１３號,F000475,02-82571522
1051,連鎖型綠色商店,新北市,65000,全家便利商店股份有限公司-中和忠孝店,235新北市中和區忠孝街３９之１號,F000406,02-82571522
1052,連鎖型綠色商店,新北市,65000,全家便利商店股份有限公司-中和信義店,235新北市中和區興南路一段６３號,F000632,02-82571522
1053,連鎖型綠色商店,新北市,65000,全家便利商店股份有限公司-中和保健店,235新北市中和區保健路１７號,F000314,02-82571522
1054,連鎖型綠色商店,新北市,65000,全家便利商店股份有限公司-中和南勢角店,235新北市中和區南山路３９９巷１０號１樓,F000364,02-82571522
1055,連鎖型綠色商店,新北市,65000,全家便利商店股份有限公司-中和南園店,235新北市中和區景平路２９６號２９８號３００號１樓,F000766,02-82571522
1056,連鎖型綠色商店,新北市,65000,全家便利商店股份有限公司-中和城邦店,235新北市中和區力行里連勝街５５號１樓,F000647,02-82571522
1057,連鎖型綠色商店,新北市,65000,全家便利商店股份有限公司-中和建陽店,235新北市中和區保健路４２－３號１樓,F000812,02-82571522
1058,連鎖型綠色商店,新北市,65000,全家便利商店股份有限公司-中和建業店,235新北市中和區立德街１８９號１樓,F000899,02-82571522
1059,連鎖型綠色商店,新北市,65000,全家便利商店股份有限公司-中和美勝店,235新北市中和區莊敬路３５號１樓,F000828,02-82571522
1060,連鎖型綠色商店,新北市,65000,全家便利商店股份有限公司-中和凌雲店,235新北市中和區圓通路３６７巷２號,F000633,02-82571522
1061,連鎖型綠色商店,新北市,65000,全家便利商店股份有限公司-中和員山店,235新北市中和區員山路３２５之５號１Ｆ＆地下室,F000678,02-82571522
1062,連鎖型綠色商店,新北市,65000,全家便利商店股份有限公司-中和偉德店,235新北市中和區民生街８５巷１弄２號１樓,F000664,02-82571522
1063,連鎖型綠色商店,新北市,65000,全家便利商店股份有限公司-中和國興店,235新北市中和區國華里國光街１１０號一樓,F000319,02-82571522
1064,連鎖型綠色商店,新北市,65000,全家便利商店股份有限公司-中和連勝店,235新北市中和區連城路２３１號１樓及２樓,F000548,02-82571522
1065,連鎖型綠色商店,新北市,65000,全家便利商店股份有限公司-中和連福店,235新北市中和區連城路３９１號，３９３號,F000515,02-82571522
1066,連鎖型綠色商店,新北市,65000,全家便利商店股份有限公司-中和連興店,235新北市中和區連城路５２５號，５２５之１號,F000410,02-82571522
1067,連鎖型綠色商店,新北市,65000,全家便利商店股份有限公司-中和都會店,235新北市中和區景平路４３１巷２＆６號１樓,F000361,02-82571522
1068,連鎖型綠色商店,新北市,65000,全家便利商店股份有限公司-中和勝平店,235新北市中和區景平路５１７、５１９號１樓,F000910,02-82571522
1069,連鎖型綠色商店,新北市,65000,全家便利商店股份有限公司-中和景平店,235新北市中和區景平路４７８號,F000466,02-82571522
1070,連鎖型綠色商店,新北市,65000,全家便利商店股份有限公司-中和景秀店,235新北市中和區景平路７１—２號,F000640,02-82571522
1071,連鎖型綠色商店,新北市,65000,全家便利商店股份有限公司-中和景欣店,235新北市中和區景本里景新街３８５號，３８５號之１,F000669,02-82571522
1072,連鎖型綠色商店,新北市,65000,全家便利商店股份有限公司-中和景德店,235新北市中和區景平路１１１巷６０弄５４號，５６號,F000789,02-82571522
1073,連鎖型綠色商店,新北市,65000,全家便利商店股份有限公司-中和智山店,235新北市中和區自立路３８－１號１樓,F000330,02-82571522
1074,連鎖型綠色商店,新北市,65000,全家便利商店股份有限公司-中和華山店,235新北市中和區南華路６５號１樓,F000620,02-82571522
1075,連鎖型綠色商店,新北市,65000,全家便利商店股份有限公司-中和華中店,235新北市中和區永和路９２號１樓,F000825,02-82571522
1076,連鎖型綠色商店,新北市,65000,全家便利商店股份有限公司-中和華夏店,235新北市中和區華新街２０２號，２０４號,F000833,02-82571522
1077,連鎖型綠色商店,新北市,65000,全家便利商店股份有限公司-中和華順店,235新北市中和區華順街５９號１樓,F000704,02-82571522
1078,連鎖型綠色商店,新北市,65000,全家便利商店股份有限公司-中和華福店,235新北市中和區華順街１１７號，１１９號,F000824,02-82571522
1079,連鎖型綠色商店,新北市,65000,全家便利商店股份有限公司-中和萊陽店,235新北市中和區瓦嗂里光華街１號３號一樓,F000801,02-82571522
1080,連鎖型綠色商店,新北市,65000,全家便利商店股份有限公司-中和圓通店,235新北市中和區圓通路３０７之５號３３５巷１弄２７號,F000915,02-82571522
1081,連鎖型綠色商店,新北市,65000,全家便利商店股份有限公司-中和新平店,235新北市中和區景新街２６５、２６７號,F000822,02-82571522
1082,連鎖型綠色商店,新北市,65000,全家便利商店股份有限公司-中和新生店,235新北市中和區新生街１３２號,F000895,02-82571522
1083,連鎖型綠色商店,新北市,65000,全家便利商店股份有限公司-中和新興店,235新北市中和區興南路二段３６號,F000658,02-82571522
1084,連鎖型綠色商店,新北市,65000,全家便利商店股份有限公司-中和嘉慶店,235新北市中和區員山路１４１號１樓,F000783,02-82571522
1085,連鎖型綠色商店,新北市,65000,全家便利商店股份有限公司-中和壽德店,235新北市中和區壽德街２３號,F000289,02-82571522
1086,連鎖型綠色商店,新北市,65000,全家便利商店股份有限公司-中和漳和店,235新北市中和區中和路３０號,F000771,02-82571522
1087,連鎖型綠色商店,新北市,65000,全家便利商店股份有限公司-中和漢陽店,235新北市中和區瑞穗里中山路三段１７２號１樓,F000808,02-82571522
1088,連鎖型綠色商店,新北市,65000,全家便利商店股份有限公司-中和福山店,235新北市中和區秀福里自立路１７號一樓,F000746,02-82571522
1089,連鎖型綠色商店,新北市,65000,全家便利商店股份有限公司-中和福后店,235新北市中和區連成路４６９巷１９號１樓,F000421,02-82571522
1090,連鎖型綠色商店,新北市,65000,全家便利商店股份有限公司-中和福多店,235新北市中和區錦和路１７０號１樓,F000374,02-82571522
1091,連鎖型綠色商店,新北市,65000,全家便利商店股份有限公司-中和福朋店,235新北市中和區中正路６３３號,F000881,02-82571522
1092,連鎖型綠色商店,新北市,65000,全家便利商店股份有限公司-中和福真店,235新北市中和區景平路７０１、７０１之１號２樓,F000568,02-82571522
1093,連鎖型綠色商店,新北市,65000,全家便利商店股份有限公司-中和維新店,235新北市中和區仁愛街９５號、９５之１號,F000734,02-82571522
1094,連鎖型綠色商店,新北市,65000,全家便利商店股份有限公司-中和遠建店,235新北市中和區建一路１７６號１樓,F000299,02-82571522
1095,連鎖型綠色商店,新北市,65000,全家便利商店股份有限公司-中和廣場店,235新北市中和區平河里中正路７１２號一樓,F000676,02-82571522
1096,連鎖型綠色商店,新北市,65000,全家便利商店股份有限公司-中和廣學店,235新北市中和區廣福路５８號,F000792,02-82571522
1097,連鎖型綠色商店,新北市,65000,全家便利商店股份有限公司-中和德行店,235新北市中和區圓通路２６７號,F000317,02-82571522
1098,連鎖型綠色商店,新北市,65000,全家便利商店股份有限公司-中和德穗店,235新北市中和區德光路２４．２６號１樓,F000786,02-82571522
1099,連鎖型綠色商店,新北市,65000,全家便利商店股份有限公司-中和摩天店,235新北市中和區景平路１８２號１樓,F000639,02-82571522
1100,連鎖型綠色商店,新北市,65000,全家便利商店股份有限公司-中和橋和店,235新北市中和區橋和路１５２號，１５６號,F000544,02-82571522
1101,連鎖型綠色商店,新北市,65000,全家便利商店股份有限公司-中和興南店,235新北市中和區興南路一段９１號,F000492,02-82571522
1102,連鎖型綠色商店,新北市,65000,全家便利商店股份有限公司-中和錦中店,235新北市中和區錦中里錦和路３５６號１樓,F000293,02-82571522
1103,連鎖型綠色商店,新北市,65000,全家便利商店股份有限公司-中和錦和店,235新北市中和區圓通路３９１之７號,F000408,02-82571522
1104,連鎖型綠色商店,新北市,65000,全家便利商店股份有限公司-中和環球店,235新北市中和區中山路三段１２０之１１號,F000341,02-82571522
1105,連鎖型綠色商店,新北市,65000,全家便利商店股份有限公司-中和鎮陽店,235新北市中和區德行里中正路１６７巷１８號一樓,F000510,02-82571522
1106,連鎖型綠色商店,新北市,65000,全家便利商店股份有限公司-五股工商店,248新北市五股區五股村工商路８１號及８３號,F000880,02-29029199
1107,連鎖型綠色商店,新北市,65000,全家便利商店股份有限公司-五股五義店,248新北市五股區工商路２０３號１樓,F000399,02-29029199
1108,連鎖型綠色商店,新北市,65000,全家便利商店股份有限公司-五股五福店,248新北市五股區五福村五福路２４號,F000646,02-29029199
1109,連鎖型綠色商店,新北市,65000,全家便利商店股份有限公司-五股五權店,248新北市五股區五工五路３４號,F000339,02-29029199
1110,連鎖型綠色商店,新北市,65000,全家便利商店股份有限公司-五股六福店,248新北市五股區五福路７０號１樓,F000337,02-29029199
1111,連鎖型綠色商店,新北市,65000,全家便利商店股份有限公司-五股水碓店,248新北市五股區成泰路一段７巷２１號、２３號１樓,F000717,02-29029199
1112,連鎖型綠色商店,新北市,65000,全家便利商店股份有限公司-五股民義店,248新北市五股區民義路二段１６號１樓,F000820,02-29029199
1113,連鎖型綠色商店,新北市,65000,全家便利商店股份有限公司-五股成泰店,248新北市五股區成泰路三段５７７巷１３８號１樓,F000312,02-29029199
1114,連鎖型綠色商店,新北市,65000,全家便利商店股份有限公司-五股西雲店,248新北市五股區西雲路１８９號，１８９號之１,F000513,02-29029199
1115,連鎖型綠色商店,新北市,65000,全家便利商店股份有限公司-五股凌雲店,248新北市五股區凌雲路一段８１號,F000751,02-29029199
1116,連鎖型綠色商店,新北市,65000,全家便利商店股份有限公司-五股高亞店,248新北市五股區興珍村中興路一段１４２號１４２之１號一,F000848,02-29029199
1117,連鎖型綠色商店,新北市,65000,全家便利商店股份有限公司-五股清水店,248新北市五股區成泰路四段１８號,F000675,02-29029199
1118,連鎖型綠色商店,新北市,65000,全家便利商店股份有限公司-五股登林店,248新北市五股區登林路１００之７號,F000863,02-29029199
1119,連鎖型綠色商店,新北市,65000,全家便利商店股份有限公司-五股貿商店,248新北市五股區自強路１５４號１樓,F000328,02-29029199
1120,連鎖型綠色商店,新北市,65000,全家便利商店股份有限公司-五股維興店,248新北市五股區四維路７８號．８０號１樓,F000580,02-29029199
1121,連鎖型綠色商店,新北市,65000,全家便利商店股份有限公司-五股德音店,248新北市五股區水碓路１０號，１０號之１，一樓,F000285,02-29029199
1122,連鎖型綠色商店,新北市,65000,全家便利商店股份有限公司-永和大福店,234新北市永和區中正路６０８．６１０．６１０之１號,F000411,02-82571522
1123,連鎖型綠色商店,新北市,65000,全家便利商店股份有限公司-永和仁和店,234新北市永和區仁愛路３３號,F000587,02-82571522
1124,連鎖型綠色商店,新北市,65000,全家便利商店股份有限公司-永和仁愛店,234新北市永和區仁愛路１０３、１０５號,F000867,02-82571522
1125,連鎖型綠色商店,新北市,65000,全家便利商店股份有限公司-永和文化店,234新北市永和區文化路１８，２０，２２號１樓,F000535,02-82571522
1126,連鎖型綠色商店,新北市,65000,全家便利商店股份有限公司-永和市竹店,234新北市永和區竹林路２０６號１樓,F000721,02-82571522
1127,連鎖型綠色商店,新北市,65000,全家便利商店股份有限公司-永和正中店,234新北市永和區中正路２８４號,F000482,02-82571522
1128,連鎖型綠色商店,新北市,65000,全家便利商店股份有限公司-永和永元店,234新北市永和區秀林里秀朗路二段１２６巷３０號永元路５,F000810,02-82571522
1129,連鎖型綠色商店,新北市,65000,全家便利商店股份有限公司-永和永平店,234新北市永和區永平路２３２號,F000637,02-82571522
1130,連鎖型綠色商店,新北市,65000,全家便利商店股份有限公司-永和永亨店,234新北市永和區永亨路６６號１樓,F000366,02-82571522
1131,連鎖型綠色商店,新北市,65000,全家便利商店股份有限公司-永和永和店,234新北市永和區中正路４１４號１樓,F000331,02-82571522
1132,連鎖型綠色商店,新北市,65000,全家便利商店股份有限公司-永和永林店,234新北市永和區竹林路３７號,F000862,02-82571522
1133,連鎖型綠色商店,新北市,65000,全家便利商店股份有限公司-永和永福店,234新北市永和區永和路一段９３號,F000459,02-82571522
1134,連鎖型綠色商店,新北市,65000,全家便利商店股份有限公司-永和田單店,234新北市永和區成功路二段１５７號１樓,F000351,02-82571522
1135,連鎖型綠色商店,新北市,65000,全家便利商店股份有限公司-永和光復店,234新北市永和區光復街４號,F000504,02-82571522
1136,連鎖型綠色商店,新北市,65000,全家便利商店股份有限公司-永和秀成店,234新北市永和區成功路一段１３７，１３９號,F000814,02-82571522
1137,連鎖型綠色商店,新北市,65000,全家便利商店股份有限公司-永和秀和店,234新北市永和區秀朗路一段７８號,F000528,02-82571522
1138,連鎖型綠色商店,新北市,65000,全家便利商店股份有限公司-永和秀朗店,234新北市永和區得和路４２０號,F000276,02-82571522
1139,連鎖型綠色商店,新北市,65000,全家便利商店股份有限公司-永和保平店,234新北市永和區永貞路３５４號，３５６號,F000615,02-82571522
1140,連鎖型綠色商店,新北市,65000,全家便利商店股份有限公司-永和保福店,234新北市永和區仁愛路１６２號，保福路二段９５號,F000661,02-82571522
1141,連鎖型綠色商店,新北市,65000,全家便利商店股份有限公司-永和紐約店,234新北市永和區保順里仁愛路３０６巷３３號一樓,F000641,02-82571522
1142,連鎖型綠色商店,新北市,65000,全家便利商店股份有限公司-永和耕莘店,234新北市永和區中興街９５號１樓,F000403,02-82571522
1143,連鎖型綠色商店,新北市,65000,全家便利商店股份有限公司-永和國艷店,234新北市永和區民樂街３９巷２號１樓,F000882,02-82571522
1144,連鎖型綠色商店,新北市,65000,全家便利商店股份有限公司-永和得和店,234新北市永和區得和路３７２號,F000614,02-82571522
1145,連鎖型綠色商店,新北市,65000,全家便利商店股份有限公司-永和御林店,234新北市永和區竹林路２１３巷４４號１樓,F000470,02-82571522
1146,連鎖型綠色商店,新北市,65000,全家便利商店股份有限公司-永和教士店,234新北市永和區民生路２４號１樓,F000855,02-82571522
1147,連鎖型綠色商店,新北市,65000,全家便利商店股份有限公司-永和頂溪店,234新北市永和區復興街３號,F000790,02-82571522
1148,連鎖型綠色商店,新北市,65000,全家便利商店股份有限公司-永和勝田店,234新北市永和區永貞路３９１號１樓,F000636,02-82571522
1149,連鎖型綠色商店,新北市,65000,全家便利商店股份有限公司-永和復興店,234新北市永和區秀朗路一段１８６號１Ｆ,F000846,02-82571522
1150,連鎖型綠色商店,新北市,65000,全家便利商店股份有限公司-永和超富店,234新北市永和區國中路１４８號１樓,F000334,02-82571522
1151,連鎖型綠色商店,新北市,65000,全家便利商店股份有限公司-永和雷霆店,234新北市永和區福和路３１１．３１３號１樓,F000797,02-82571522
1152,連鎖型綠色商店,新北市,65000,全家便利商店股份有限公司-永和福和店,234新北市永和區福和路１７３．１７５號,F000509,02-82571522
1153,連鎖型綠色商店,新北市,65000,全家便利商店股份有限公司-永和維源店,234新北市永和區水源街３９巷２號,F000794,02-82571522
1154,連鎖型綠色商店,新北市,65000,全家便利商店股份有限公司-永和樂新店,234新北市永和區大新街１８號１樓,F000298,02-82571522
1155,連鎖型綠色商店,新北市,65000,全家便利商店股份有限公司-永和環東店,234新北市永和區環河東路一段１２２號，１２４號,F000705,02-82571522
1156,連鎖型綠色商店,新北市,65000,全家便利商店股份有限公司-永和環河店,234新北市永和區環河西路二段２１９號，２２１號,F000803,02-82571522
1157,連鎖型綠色商店,新北市,65000,全家便利商店股份有限公司-永和騎士店,234新北市永和區民權路５３號１樓,F000616,02-82571522
1158,連鎖型綠色商店,新北市,65000,全家便利商店股份有限公司-永和羅鄰店,234新北市永和區保平路２６８巷２５號１樓,F000788,02-82571522
1159,連鎖型綠色商店,新北市,65000,全家便利商店股份有限公司-石碇華梵店,223新北市石碇區華梵路１號,F000394,02-87732988
1160,連鎖型綠色商店,新北市,65000,全家便利商店股份有限公司-汐止力行店,221新北市汐止區力行街１號,F000874,02-87732988
1161,連鎖型綠色商店,新北市,65000,全家便利商店股份有限公司-汐止大同店,221新北市汐止區大同路三段２６９，２７１號,F000372,02-87732988
1162,連鎖型綠色商店,新北市,65000,全家便利商店股份有限公司-汐止日月光店,221新北市汐止區康寧街７４７號．７４９號,F000332,02-87732988
1163,連鎖型綠色商店,新北市,65000,全家便利商店股份有限公司-汐止水蓮店,221新北市汐止區湖前街１１０巷９７弄２４號Ｂ１之７,F000370,02-87732988
1164,連鎖型綠色商店,新北市,65000,全家便利商店股份有限公司-汐止宏國店,221新北市汐止區大同路２段２８３號,F000367,02-87732988
1165,連鎖型綠色商店,新北市,65000,全家便利商店股份有限公司-汐止秀峰店,221新北市汐止區忠孝東路２２８號,F000412,02-87732988
1166,連鎖型綠色商店,新北市,65000,全家便利商店股份有限公司-汐止亞太二店,221新北市汐止區新臺五路一段８２至１１６號、Ｄ８—２號,F000369,02-87732988
1167,連鎖型綠色商店,新北市,65000,全家便利商店股份有限公司-汐止亞太店,221新北市汐止區新臺五路一段９６號Ｃ棟,F000355,02-87732988
1168,連鎖型綠色商店,新北市,65000,全家便利商店股份有限公司-汐止宜興店,221新北市汐止區宜興街１２號,F000346,02-87732988
1169,連鎖型綠色商店,新北市,65000,全家便利商店股份有限公司-汐止明峰店,221新北市汐止區金龍里明峰街１６０號一樓,F000438,02-87732988
1170,連鎖型綠色商店,新北市,65000,全家便利商店股份有限公司-汐止青山店,221新北市汐止區新臺五路一段２１２號；２１２之１號,F000303,02-87732988
1171,連鎖型綠色商店,新北市,65000,全家便利商店股份有限公司-汐止建安店,221新北市汐止區建成路５９巷９號．１５號,F000879,02-87732988
1172,連鎖型綠色商店,新北市,65000,全家便利商店股份有限公司-汐止建成店,221新北市汐止區建成路５７巷２號、６號１樓,F000624,02-87732988
1173,連鎖型綠色商店,新北市,65000,全家便利商店股份有限公司-汐止茄苳店,221新北市汐止區崇德里茄苳路８４號、８６號１樓,F000474,02-87732988
1174,連鎖型綠色商店,新北市,65000,全家便利商店股份有限公司-汐止桂冠店,221新北市汐止區水源路二段３４號,F000420,02-87732988
1175,連鎖型綠色商店,新北市,65000,全家便利商店股份有限公司-汐止站前店,221新北市汐止區南昌街１６號,F000368,02-87732988
1176,連鎖型綠色商店,新北市,65000,全家便利商店股份有限公司-汐止康湖店,221新北市汐止區康寧街１４１巷４１號,F000358,02-87732988
1177,連鎖型綠色商店,新北市,65000,全家便利商店股份有限公司-汐止康寧店,221新北市汐止區康寧街１６９巷２３號１樓,F000601,02-87732988
1178,連鎖型綠色商店,新北市,65000,全家便利商店股份有限公司-汐止莊敬店,221新北市汐止區莊敬街１３９號,F000423,02-87732988
1179,連鎖型綠色商店,新北市,65000,全家便利商店股份有限公司-汐止新忠孝店,221新北市汐止區忠孝東路２５８號,F000329,02-87732988
1180,連鎖型綠色商店,新北市,65000,全家便利商店股份有限公司-汐止新興店,221新北市汐止區新興路２１及２３號,F000409,02-87732988
1181,連鎖型綠色商店,新北市,65000,全家便利商店股份有限公司-汐止農會店,221新北市汐止區中正路１０６號１樓,F000872,02-87732988
1182,連鎖型綠色商店,新北市,65000,全家便利商店股份有限公司-汐止遠科店,221新北市汐止區新臺五路一段７５號Ｂ１,F000356,02-87732988
1183,連鎖型綠色商店,新北市,65000,全家便利商店股份有限公司-汐止樟中店,221新北市汐止區樟樹一路１２７號１樓,F000829,02-87732988
1184,連鎖型綠色商店,新北市,65000,全家便利商店股份有限公司-汐止樟福店,221新北市汐止區樟樹一路２２０號,F000371,02-87732988
1185,連鎖型綠色商店,新北市,65000,全家便利商店股份有限公司-汐止樟樹店,221新北市汐止區樟樹二路２７９號，２８１號一樓,F000653,02-87732988
1186,連鎖型綠色商店,新北市,65000,全家便利商店股份有限公司-汐止樟興店,221新北市汐止區樟樹一路１６號，１８號,F000768,02-87732988
1187,連鎖型綠色商店,新北市,65000,全家便利商店股份有限公司-汐止興福店,221新北市汐止區福德二路１３４號,F000770,02-87732988
1188,連鎖型綠色商店,新北市,65000,全家便利商店股份有限公司-汐止龍安店,221新北市汐止區大同路二段１８４巷１１號,F000452,02-87732988
1189,連鎖型綠色商店,新北市,65000,全家便利商店股份有限公司-林口工六店,244新北市林口區東林村工六路７８號,F000494,02-29029199
1190,連鎖型綠色商店,新北市,65000,全家便利商店股份有限公司-林口中正店,244新北市林口區中正路２６６號,F000804,02-29029199
1191,連鎖型綠色商店,新北市,65000,全家便利商店股份有限公司-林口中林店,244新北市林口區林口路１號,F000897,02-29029199
1192,連鎖型綠色商店,新北市,65000,全家便利商店股份有限公司-林口竹林店,244新北市林口區林口路１２６號１Ｆ,F000725,02-29029199
1193,連鎖型綠色商店,新北市,65000,全家便利商店股份有限公司-林口忠孝店,244新北市林口區忠孝路６０１號,F000856,02-29029199
1194,連鎖型綠色商店,新北市,65000,全家便利商店股份有限公司-林口高中店,244新北市林口區西林村仁愛路二段１６２號、１６４號１樓,F000757,02-29029199
1195,連鎖型綠色商店,新北市,65000,全家便利商店股份有限公司-林口國宅店,244新北市林口區麗園一街４巷１號１之４,F000688,02-29029199
1196,連鎖型綠色商店,新北市,65000,全家便利商店股份有限公司-林口菁埔店,244新北市林口區仁愛路一段２９２號,F000592,02-29029199
1197,連鎖型綠色商店,新北市,65000,全家便利商店股份有限公司-林口隆林店,244新北市林口區文化二路二段９０．９２號,F000304,02-29029199
1198,連鎖型綠色商店,新北市,65000,全家便利商店股份有限公司-林口新林店,244新北市林口區忠孝路１２８＆１３０號１樓,F000427,02-29029199
1199,連鎖型綠色商店,新北市,65000,全家便利商店股份有限公司-林口新都店,244新北市林口區文化三路一段５５７號．５５９號１樓,F000283,02-29029199
1200,連鎖型綠色商店,新北市,65000,全家便利商店股份有限公司-林口僑大店,244新北市林口區中正路３９號,F000537,02-29029199
1201,連鎖型綠色商店,新北市,65000,全家便利商店股份有限公司-林口醒吾店,244新北市林口區粉寮路７號,F000439,02-29029199
1202,連鎖型綠色商店,新北市,65000,全家便利商店股份有限公司-林口麗林店,244新北市林口區中山路５２２號１樓,F000488,02-29029199
1203,連鎖型綠色商店,新北市,65000,全家便利商店股份有限公司-板橋三民店,220新北市板橋區三民路二段２０３之９號,F000457,02-82571522
1204,連鎖型綠色商店,新北市,65000,全家便利商店股份有限公司-板橋千甲店,220新北市板橋區溪北里溪崑二街２６號一樓,F000894,02-29029199
1205,連鎖型綠色商店,新北市,65000,全家便利商店股份有限公司-板橋大仁店,220新北市板橋區大仁街１０８之１號,F000523,02-82571522
1206,連鎖型綠色商店,新北市,65000,全家便利商店股份有限公司-板橋大安店,220新北市板橋區大觀路二段３７巷３９號１樓,F000296,02-82571522
1207,連鎖型綠色商店,新北市,65000,全家便利商店股份有限公司-板橋大庭店,220新北市板橋區中正路１９１號,F000458,02-82571522
1208,連鎖型綠色商店,新北市,65000,全家便利商店股份有限公司-板橋大隆店,220新北市板橋區福星里忠孝路５０號一樓,F000817,02-82571522
1209,連鎖型綠色商店,新北市,65000,全家便利商店股份有限公司-板橋大萬店,220新北市板橋區萬板路３２號１樓,F000333,02-82571522
1210,連鎖型綠色商店,新北市,65000,全家便利商店股份有限公司-板橋大豐店,220新北市板橋區重慶路２７８之１號,F000422,02-82571522
1211,連鎖型綠色商店,新北市,65000,全家便利商店股份有限公司-板橋中勝店,220新北市板橋區林園街２號,F000827,02-82571522
1212,連鎖型綠色商店,新北市,65000,全家便利商店股份有限公司-板橋介壽店,220新北市板橋區介壽里介壽街２０號１樓,F000288,02-82571522
1213,連鎖型綠色商店,新北市,65000,全家便利商店股份有限公司-板橋公園店,220新北市板橋區金門街２０６＆２０８號１樓,F000857,02-29029199
1214,連鎖型綠色商店,新北市,65000,全家便利商店股份有限公司-板橋文化店,220新北市板橋區文化路一段２８０號,F000760,02-82571522
1215,連鎖型綠色商店,新北市,65000,全家便利商店股份有限公司-板橋文生店,220新北市板橋區華江里民生路二段２２８號一樓,F000643,02-82571522
1216,連鎖型綠色商店,新北市,65000,全家便利商店股份有限公司-板橋文聖店,220新北市板橋區文聖街１５７號,F000687,02-82571522
1217,連鎖型綠色商店,新北市,65000,全家便利商店股份有限公司-板橋四維店,220新北市板橋區四維路１８０號,F000876,02-82571522
1218,連鎖型綠色商店,新北市,65000,全家便利商店股份有限公司-板橋正光店,220新北市板橋區中正路３７７之１號，３７７之２號,F000837,02-82571522
1219,連鎖型綠色商店,新北市,65000,全家便利商店股份有限公司-板橋正隆店,220新北市板橋區正泰里三民路二段正隆巷３４號一樓,F000443,02-82571522
1220,連鎖型綠色商店,新北市,65000,全家便利商店股份有限公司-板橋民生店,220新北市板橋區民生路三段２４號，２６號．２８號一樓,F000590,02-82571522
1221,連鎖型綠色商店,新北市,65000,全家便利商店股份有限公司-板橋民族店,220新北市板橋區民族路６１號,F000780,02-82571522
1222,連鎖型綠色商店,新北市,65000,全家便利商店股份有限公司-板橋民權店,220新北市板橋區民權路２０４號,F000326,02-82571522
1223,連鎖型綠色商店,新北市,65000,全家便利商店股份有限公司-板橋永炘店,220新北市板橋區光武街３４號,F000611,02-82571522
1224,連鎖型綠色商店,新北市,65000,全家便利商店股份有限公司-板橋光仁店,220新北市板橋區中山路二段２３號,F000534,02-82571522
1225,連鎖型綠色商店,新北市,65000,全家便利商店股份有限公司-板橋光芒店,220新北市板橋區莒光路４２號,F000281,02-82571522
1226,連鎖型綠色商店,新北市,65000,全家便利商店股份有限公司-板橋光復店,220新北市板橋區中山路二段５０３號１樓,F000497,02-82571522
1227,連鎖型綠色商店,新北市,65000,全家便利商店股份有限公司-板橋光華店,220新北市板橋區光華街３號,F000878,02-82571522
1228,連鎖型綠色商店,新北市,65000,全家便利商店股份有限公司-板橋再興店,220新北市板橋區南雅南路一段７號１樓,F000350,02-82571522
1229,連鎖型綠色商店,新北市,65000,全家便利商店股份有限公司-板橋江翠店,220新北市板橋區懷德街１２７巷１，３號１Ｆ,F000806,02-82571522
1230,連鎖型綠色商店,新北市,65000,全家便利商店股份有限公司-板橋西華店,220新北市板橋區南雅西路二段１７０號,F000909,02-82571522
1231,連鎖型綠色商店,新北市,65000,全家便利商店股份有限公司-板橋佑昇店,220新北市板橋區湳興里南雅南路一段６０號一樓,F000619,02-82571522
1232,連鎖型綠色商店,新北市,65000,全家便利商店股份有限公司-板橋甫華店,220新北市板橋區新生街２７號１樓,F000260,02-82571522
1233,連鎖型綠色商店,新北市,65000,全家便利商店股份有限公司-板橋亞東店,220新北市板橋區四川路二段４７巷４弄２號,F000257,02-82571522
1234,連鎖型綠色商店,新北市,65000,全家便利商店股份有限公司-板橋東昇店,220新北市板橋區漢生東路１８９號,F000441,02-82571522
1235,連鎖型綠色商店,新北市,65000,全家便利商店股份有限公司-板橋板三店,220新北市板橋區三民路二段１５５號１樓,F000380,02-82571522
1236,連鎖型綠色商店,新北市,65000,全家便利商店股份有限公司-板橋板文店,220新北市板橋區文化路二段２６１號１樓,F000375,02-82571522
1237,連鎖型綠色商店,新北市,65000,全家便利商店股份有限公司-板橋板民店,220新北市板橋區新民街３９號１樓,F000359,02-82571522
1238,連鎖型綠色商店,新北市,65000,全家便利商店股份有限公司-板橋板長店,220新北市板橋區板新路９７＆９９號１樓,F000354,02-82571522
1239,連鎖型綠色商店,新北市,65000,全家便利商店股份有限公司-板橋板農店,220新北市板橋區府中路２９—１號１樓,F000307,02-82571522
1240,連鎖型綠色商店,新北市,65000,全家便利商店股份有限公司-板橋板維店,220新北市板橋區四維路３１４號１樓,F000365,02-82571522
1241,連鎖型綠色商店,新北市,65000,全家便利商店股份有限公司-板橋松柏店,220新北市板橋區松柏街１３號,F000460,02-82571522
1242,連鎖型綠色商店,新北市,65000,全家便利商店股份有限公司-板橋金門店,220新北市板橋區金門街２９９號,F000682,02-29029199
1243,連鎖型綠色商店,新北市,65000,全家便利商店股份有限公司-板橋金鑫店,220新北市板橋區金門街３７６號１樓,F000473,02-29029199
1244,連鎖型綠色商店,新北市,65000,全家便利商店股份有限公司-板橋金鑽店,220新北市板橋區成和里金門街２９號,F000731,02-29029199
1245,連鎖型綠色商店,新北市,65000,全家便利商店股份有限公司-板橋長安店,220新北市板橋區長安街２１０號,F000912,02-82571522
1246,連鎖型綠色商店,新北市,65000,全家便利商店股份有限公司-板橋長江店,220新北市板橋區長江路一段１０８號１樓,F000496,02-82571522
1247,連鎖型綠色商店,新北市,65000,全家便利商店股份有限公司-板橋長東店,220新北市板橋區長安街３３１巷１０９號，１１１號,F000270,02-82571522
1248,連鎖型綠色商店,新北市,65000,全家便利商店股份有限公司-板橋長壽店,220新北市板橋區三民路二段８３號,F000279,02-82571522
1249,連鎖型綠色商店,新北市,65000,全家便利商店股份有限公司-板橋信陽店,220新北市板橋區信義里信義路７２號一樓,F000671,02-82571522
1250,連鎖型綠色商店,新北市,65000,全家便利商店股份有限公司-板橋帝國店,220新北市板橋區四川路二段２４５巷３號１樓,F000916,02-82571522
1251,連鎖型綠色商店,新北市,65000,全家便利商店股份有限公司-板橋美庭店,220新北市板橋區中正路２１６巷２１號、２３號１樓,F000467,02-82571522
1252,連鎖型綠色商店,新北市,65000,全家便利商店股份有限公司-板橋美堤店,220新北市板橋區龍興街７１巷１號１樓,F000602,02-82571522
1253,連鎖型綠色商店,新北市,65000,全家便利商店股份有限公司-板橋致理店,220新北市板橋區文化路一段３１５號１樓,F000854,02-82571522
1254,連鎖型綠色商店,新北市,65000,全家便利商店股份有限公司-板橋重慶店,220新北市板橋區重慶路６７號,F000258,02-82571522
1255,連鎖型綠色商店,新北市,65000,全家便利商店股份有限公司-板橋首富店,220新北市板橋區新埔里民生路三段２３號１樓,F000546,02-82571522
1256,連鎖型綠色商店,新北市,65000,全家便利商店股份有限公司-板橋振興店,220新北市板橋區三民路一段３１巷８９弄３號,F000716,02-82571522
1257,連鎖型綠色商店,新北市,65000,全家便利商店股份有限公司-板橋偉豐店,220新北市板橋區永豐街１０９號１樓,F000805,02-82571522
1258,連鎖型綠色商店,新北市,65000,全家便利商店股份有限公司-板橋國民店,220新北市板橋區實踐路１３２號１樓,F000261,02-82571522
1259,連鎖型綠色商店,新北市,65000,全家便利商店股份有限公司-板橋堂春店,220新北市板橋區篤行路三段１號１樓,F000465,02-29029199
1260,連鎖型綠色商店,新北市,65000,全家便利商店股份有限公司-板橋崑崙店,220新北市板橋區篤行路一段３０號１樓,F000402,02-29029199
1261,連鎖型綠色商店,新北市,65000,全家便利商店股份有限公司-板橋莒光店,220新北市板橋區莒光路２２５，２２７號,F000777,02-82571522
1262,連鎖型綠色商店,新北市,65000,全家便利商店股份有限公司-板橋莒安店,220新北市板橋區莒光路１３１號,F000451,02-82571522
1263,連鎖型綠色商店,新北市,65000,全家便利商店股份有限公司-板橋勝文店,220新北市板橋區仁化街４６號１樓,F000900,02-82571522
1264,連鎖型綠色商店,新北市,65000,全家便利商店股份有限公司-板橋富山店,220新北市板橋區三民路一段９４號，９６號,F000450,02-82571522
1265,連鎖型綠色商店,新北市,65000,全家便利商店股份有限公司-板橋富華店,220新北市板橋區長江路二段４７號１樓,F000583,02-82571522
1266,連鎖型綠色商店,新北市,65000,全家便利商店股份有限公司-板橋富貴店,220新北市板橋區新海路４６２，４６４，４６６號１樓,F000617,02-82571522
1267,連鎖型綠色商店,新北市,65000,全家便利商店股份有限公司-板橋富陽店,220新北市板橋區漢生里復興街１３０號一樓,F000727,02-82571522
1268,連鎖型綠色商店,新北市,65000,全家便利商店股份有限公司-板橋華江店,220新北市板橋區雙十路三段５４號,F000733,02-82571522
1269,連鎖型綠色商店,新北市,65000,全家便利商店股份有限公司-板橋華陽店,220新北市板橋區陽明里陽明街９０號一樓,F000382,02-82571522
1270,連鎖型綠色商店,新北市,65000,全家便利商店股份有限公司-板橋華興店,220新北市板橋區華興街４１．４３號,F000726,02-82571522
1271,連鎖型綠色商店,新北市,65000,全家便利商店股份有限公司-板橋愛買店,220新北市板橋區四川路一段３６７號,F000730,02-82571522
1272,連鎖型綠色商店,新北市,65000,全家便利商店股份有限公司-板橋新民店,220新北市板橋區文化路一段１８８巷４２號１樓,F000398,02-82571522
1273,連鎖型綠色商店,新北市,65000,全家便利商店股份有限公司-板橋新農店,220新北市板橋區新海路３２８，３３０號１樓,F000448,02-82571522
1274,連鎖型綠色商店,新北市,65000,全家便利商店股份有限公司-板橋溪崑店,220新北市板橋區溪崑二街１３４、１３６、１３８號１樓,F000708,02-29029199
1275,連鎖型綠色商店,新北市,65000,全家便利商店股份有限公司-板橋裕民店,220新北市板橋區裕民街４４號１樓,F000385,02-82571522
1276,連鎖型綠色商店,新北市,65000,全家便利商店股份有限公司-板橋裕盛店,220新北市板橋區裕民街９５號,F000799,02-82571522
1277,連鎖型綠色商店,新北市,65000,全家便利商店股份有限公司-板橋運山店,220新北市板橋區海山路３３號,F000259,02-82571522
1278,連鎖型綠色商店,新北市,65000,全家便利商店股份有限公司-板橋僑中店,220新北市板橋區僑中一街１００號１樓,F000461,02-82571522
1279,連鎖型綠色商店,新北市,65000,全家便利商店股份有限公司-板橋福樂店,220新北市板橋區三民路二段２１巷８號１樓,F000853,02-82571522
1280,連鎖型綠色商店,新北市,65000,全家便利商店股份有限公司-板橋廣和店,220新北市板橋區廣福里廣和街７９號１樓,F000677,02-82571522
1281,連鎖型綠色商店,新北市,65000,全家便利商店股份有限公司-板橋廣隆店,220新北市板橋區民生路一段３３號１樓,F000885,02-82571522
1282,連鎖型綠色商店,新北市,65000,全家便利商店股份有限公司-板橋橋興店,220新北市板橋區僑中二街１１６巷２號,F000841,02-82571522
1283,連鎖型綠色商店,新北市,65000,全家便利商店股份有限公司-板橋篤行店,220新北市板橋區篤行路二段１０３，１０５號１樓,F000273,02-29029199
1284,連鎖型綠色商店,新北市,65000,全家便利商店股份有限公司-板橋館欣店,220新北市板橋區館前西路１３８號,F000277,02-82571522
1285,連鎖型綠色商店,新北市,65000,全家便利商店股份有限公司-板橋館前店,220新北市板橋區館前東路１０６號,F000665,02-82571522
1286,連鎖型綠色商店,新北市,65000,全家便利商店股份有限公司-板橋龍江店,220新北市板橋區文化路二段１８２巷３弄９１，９３號１樓,F000795,02-82571522
1287,連鎖型綠色商店,新北市,65000,全家便利商店股份有限公司-板橋龍泉店,220新北市板橋區龍泉街１２２號,F000908,02-82571522
1288,連鎖型綠色商店,新北市,65000,全家便利商店股份有限公司-板橋雙十店,220新北市板橋區雙十路二段６—８號，６—９號，６—１０,F000893,02-82571522
1289,連鎖型綠色商店,新北市,65000,全家便利商店股份有限公司-板橋雙城店,220新北市板橋區縣民大道二段１０６號１樓,F000352,02-82571522
1290,連鎖型綠色商店,新北市,65000,全家便利商店股份有限公司-板橋懷翠店,220新北市板橋區懷翠里民治街９７號，９９號一樓,F000744,02-82571522
1291,連鎖型綠色商店,新北市,65000,全家便利商店股份有限公司-板橋羅德店,220新北市板橋區明翠里四維路１１０號一樓,F000294,02-82571522
1292,連鎖型綠色商店,新北市,65000,全家便利商店股份有限公司-金山中山店,208新北市金山鄉中山路２０５號,F000618,02-87732988
1293,連鎖型綠色商店,新北市,65000,全家便利商店股份有限公司-泰山工專店,243新北市泰山區明志路三段１７０號,F000275,02-29029199
1294,連鎖型綠色商店,新北市,65000,全家便利商店股份有限公司-泰山民權店,243新北市泰山區民權路２９號１樓,F000781,02-29029199
1295,連鎖型綠色商店,新北市,65000,全家便利商店股份有限公司-泰山全興店,243新北市泰山區福泰村全興路１６５號一樓,F000644,02-29029199
1296,連鎖型綠色商店,新北市,65000,全家便利商店股份有限公司-泰山同興店,243新北市泰山區仁義路２２０巷８號１樓,F000320,02-29029199
1297,連鎖型綠色商店,新北市,65000,全家便利商店股份有限公司-泰山明豐店,243新北市泰山區明志路二段３８３號１樓,F000302,02-29029199
1298,連鎖型綠色商店,新北市,65000,全家便利商店股份有限公司-泰山泰林店,243新北市泰山區泰林路二段１０９號１樓,F000703,02-29029199
1299,連鎖型綠色商店,新北市,65000,全家便利商店股份有限公司-泰山貴子店,243新北市泰山區貴子路２８號,F000667,02-29029199
1300,連鎖型綠色商店,新北市,65000,全家便利商店股份有限公司-泰山義學店,243新北市泰山區明志路二段４７號,F000628,02-29029199
1301,連鎖型綠色商店,新北市,65000,全家便利商店股份有限公司-泰山福興店,243新北市泰山區同興村福興一街６０號一樓,F000519,02-29029199
1302,連鎖型綠色商店,新北市,65000,全家便利商店股份有限公司-泰山黎明店,243新北市泰山區泰林路５７５號、５７７號１樓,F000655,02-29029199
1303,連鎖型綠色商店,新北市,65000,全家便利商店股份有限公司-泰山憲訓店,243新北市泰山區泰林路２段３６４號１樓,F000759,02-29029199
1304,連鎖型綠色商店,新北市,65000,全家便利商店股份有限公司-泰山辭修店,243新北市泰山區明志路一段３７４號１樓,F000784,02-29029199
1305,連鎖型綠色商店,新北市,65000,全家便利商店股份有限公司-泰山麗池店,243新北市泰山區泰林路二段５１８號,F000719,02-29029199
1306,連鎖型綠色商店,新北市,65000,全家便利商店股份有限公司-烏來泉鄉店,233新北市烏來區烏來村環山路６０號１樓,F000823,02-82571522
1307,連鎖型綠色商店,新北市,65000,全家便利商店股份有限公司-烏來泰雅店,233新北市烏來區烏來街６號１樓,F000773,02-82571522
1308,連鎖型綠色商店,新北市,65000,全家便利商店股份有限公司-貢寮澳底一店,228新北市貢寮區大澳街１之１、３號１樓,F000464,02-87732988
1309,連鎖型綠色商店,新北市,65000,全家便利商店股份有限公司-淡水日源店,251新北市淡水區水源街１段２６號１樓,F000348,02-25221128
1310,連鎖型綠色商店,新北市,65000,全家便利商店股份有限公司-淡水水源店,251新北市淡水區水源街一段１２４號１樓,F000552,02-25221128
1311,連鎖型綠色商店,新北市,65000,全家便利商店股份有限公司-淡水世紀店,251新北市淡水區民權路１８５－１０號一樓,F000342,02-25221128
1312,連鎖型綠色商店,新北市,65000,全家便利商店股份有限公司-淡水北新店,251新北市淡水區水碓里北新路１８２巷３９號１樓,F000662,02-25221128
1313,連鎖型綠色商店,新北市,65000,全家便利商店股份有限公司-淡水正中店,251新北市淡水區竿蓁里中正東路一段７７號７９號,F000869,02-25221128
1314,連鎖型綠色商店,新北市,65000,全家便利商店股份有限公司-淡水旭陞店,251新北市淡水區新興里新生街５３號１樓,F000706,02-25221128
1315,連鎖型綠色商店,新北市,65000,全家便利商店股份有限公司-淡水竹圍店,251新北市淡水區民生路５８號,F000397,02-25221128
1316,連鎖型綠色商店,新北市,65000,全家便利商店股份有限公司-淡水自強店,251新北市淡水區自強路８２號、８４號,F000433,02-25221128
1317,連鎖型綠色商店,新北市,65000,全家便利商店股份有限公司-淡水沙崙店,251新北市淡水區沙崙里沙崙路１４９號,F000455,02-25221128
1318,連鎖型綠色商店,新北市,65000,全家便利商店股份有限公司-淡水紅林店,251新北市淡水區八勢里中正東路二段６９號１樓,F000711,02-25221128
1319,連鎖型綠色商店,新北市,65000,全家便利商店股份有限公司-淡水英士店,251新北市淡水區水源街一段８２．８４號Ｂ１,F000831,02-25221128
1320,連鎖型綠色商店,新北市,65000,全家便利商店股份有限公司-淡水校園店,251新北市淡水區英專路１５１號〈淡大美食廣場Ｂ１部分〉,F000335,02-25221128
1321,連鎖型綠色商店,新北市,65000,全家便利商店股份有限公司-淡水海揚店,251新北市淡水區中正東路一段３巷２０．２２號,F000902,02-25221128
1322,連鎖型綠色商店,新北市,65000,全家便利商店股份有限公司-淡水淡大店,251新北市淡水區學府路１５２號,F000575,02-25221128
1323,連鎖型綠色商店,新北市,65000,全家便利商店股份有限公司-淡水淡海店,251新北市淡水區中正路一段６２巷２號,F000309,02-25221128
1324,連鎖型綠色商店,新北市,65000,全家便利商店股份有限公司-淡水清英店,251新北市淡水區清水街２號；英專路４３號,F000582,02-25221128
1325,連鎖型綠色商店,新北市,65000,全家便利商店股份有限公司-淡水博愛店,251新北市淡水區博愛街１５號,F000864,02-25221128
1326,連鎖型綠色商店,新北市,65000,全家便利商店股份有限公司-淡水登峰店,251新北市淡水區中正東路二段２７號２樓,F000287,02-25221128
1327,連鎖型綠色商店,新北市,65000,全家便利商店股份有限公司-淡水新民店,251新北市淡水區新民街１８０之６號,F000870,02-25221128
1328,連鎖型綠色商店,新北市,65000,全家便利商店股份有限公司-淡水新生店,251新北市淡水區新興里大義街１１號,F000440,02-25221128
1329,連鎖型綠色商店,新北市,65000,全家便利商店股份有限公司-淡水新旭店,251新北市淡水區北新路１６９巷３５號１樓,F000606,02-25221128
1330,連鎖型綠色商店,新北市,65000,全家便利商店股份有限公司-淡水新埔店,251新北市淡水區淡金路四段５３６號１樓,F000657,02-25221128
1331,連鎖型綠色商店,新北市,65000,全家便利商店股份有限公司-淡水聖約翰店,251新北市淡水區淡金路四段４９９號,F000793,02-25221128
1332,連鎖型綠色商店,新北市,65000,全家便利商店股份有限公司-淡水福春店,251新北市淡水區新興里新春街２號一樓,F000692,02-25221128
1333,連鎖型綠色商店,新北市,65000,全家便利商店股份有限公司-淡水摩天店,251新北市淡水區新春街１９４號,F000754,02-25221128
1334,連鎖型綠色商店,新北市,65000,全家便利商店股份有限公司-淡水學城店,251新北市淡水區北新路１８２巷２１弄１－１號,F000847,02-25221128
1335,連鎖型綠色商店,新北市,65000,全家便利商店股份有限公司-淡水興忠店,251新北市淡水區水碓里１１鄰大忠街４３號１樓,F000405,02-25221128
1336,連鎖型綠色商店,新北市,65000,全家便利商店股份有限公司-淡水麗景店,251新北市淡水區學府路３０號１樓,F000691,02-25221128
1337,連鎖型綠色商店,新北市,65000,全家便利商店股份有限公司-深坑北深店,222新北市深坑區北深路三段１７９號,F000274,02-87732988
1338,連鎖型綠色商店,新北市,65000,全家便利商店股份有限公司-深坑埔新店,222新北市深坑區埔新村埔新街９３號１樓,F000449,02-87732988
1339,連鎖型綠色商店,新北市,65000,全家便利商店股份有限公司-野柳港口店,207新北市萬里鄉野柳村港東路６５之１號,F000453,02-87732988
1340,連鎖型綠色商店,新北市,65000,全家便利商店股份有限公司-新店中央店,231新北市新店區百忍街９０號,F000840,02-87732988
1341,連鎖型綠色商店,新北市,65000,全家便利商店股份有限公司-新店中正店,231新北市新店區中正路３２１號,F000838,02-87732988
1342,連鎖型綠色商店,新北市,65000,全家便利商店股份有限公司-新店中華店,231新北市新店區中華路５０號,F000437,02-87732988
1343,連鎖型綠色商店,新北市,65000,全家便利商店股份有限公司-新店文強店,231新北市新店區文化路２１巷２號１樓,F000538,02-87732988
1344,連鎖型綠色商店,新北市,65000,全家便利商店股份有限公司-新店民佳店,231新北市新店區民權路７２號,F000573,02-87732988
1345,連鎖型綠色商店,新北市,65000,全家便利商店股份有限公司-新店民族店,231新北市新店區明德里民族路１０５號,F000263,02-87732988
1346,連鎖型綠色商店,新北市,65000,全家便利商店股份有限公司-新店民權店,231新北市新店區民權路１０５號１樓,F000327,02-87732988
1347,連鎖型綠色商店,新北市,65000,全家便利商店股份有限公司-新店永安店,231新北市新店區安康路二段１５７號,F000407,02-82571522
1348,連鎖型綠色商店,新北市,65000,全家便利商店股份有限公司-新店永新店,231新北市新店區北新路二段１９８號,F000763,02-87732988
1349,連鎖型綠色商店,新北市,65000,全家便利商店股份有限公司-新店永業店,231新北市新店區永業路８１巷１弄１號,F000489,02-82571522
1350,連鎖型綠色商店,新北市,65000,全家便利商店股份有限公司-新店光明店,231新北市新店區廣明里７鄰光明路１３６號１樓,F000839,02-87732988
1351,連鎖型綠色商店,新北市,65000,全家便利商店股份有限公司-新店如意店,231新北市新店區如意街２９號１樓,F000469,02-82571522
1352,連鎖型綠色商店,新北市,65000,全家便利商店股份有限公司-新店安民店,231新北市新店區安民街１號１樓,F000313,02-82571522
1353,連鎖型綠色商店,新北市,65000,全家便利商店股份有限公司-新店安和店,231新北市新店區永平街８９號１樓,F000741,02-82571522
1354,連鎖型綠色商店,新北市,65000,全家便利商店股份有限公司-新店安康店,231新北市新店區安康路三段５１號,F000787,02-82571522
1355,連鎖型綠色商店,新北市,65000,全家便利商店股份有限公司-新店江陵店,231新北市新店區建國路２１９號,F000567,02-87732988
1356,連鎖型綠色商店,新北市,65000,全家便利商店股份有限公司-新店百和店,231新北市新店區中正路４０２號,F000889,02-87732988
1357,連鎖型綠色商店,新北市,65000,全家便利商店股份有限公司-新店君臨店,231新北市新店區永安里永安街７６號一樓,F000714,02-82571522
1358,連鎖型綠色商店,新北市,65000,全家便利商店股份有限公司-新店屈尺店,231新北市新店區屈尺里屈尺路６０號１樓,F000625,02-82571522
1359,連鎖型綠色商店,新北市,65000,全家便利商店股份有限公司-新店忠孝店,231新北市新店區中正路６９２號,F000603,02-87732988
1360,連鎖型綠色商店,新北市,65000,全家便利商店股份有限公司-新店忠誠店,231新北市新店區北新路二段１１９號１樓,F000699,02-87732988
1361,連鎖型綠色商店,新北市,65000,全家便利商店股份有限公司-新店玫瑰店,231新北市新店區玫瑰路５８巷１號１樓,F000324,02-82571522
1362,連鎖型綠色商店,新北市,65000,全家便利商店股份有限公司-新店長春店,231新北市新店區北宜路二段１４９號１樓,F000310,02-87732988
1363,連鎖型綠色商店,新北市,65000,全家便利商店股份有限公司-新店城泰店,231新北市新店區安康路三段３１１號１樓,F000563,02-82571522
1364,連鎖型綠色商店,新北市,65000,全家便利商店股份有限公司-新店建興店,231新北市新店區建國路８５號,F000796,02-87732988
1365,連鎖型綠色商店,新北市,65000,全家便利商店股份有限公司-新店皇家店,231新北市新店區永平里永平街２７號一樓,F000750,02-82571522
1366,連鎖型綠色商店,新北市,65000,全家便利商店股份有限公司-新店香坡店,231新北市新店區安祥路１１３號，１１５號,F000262,02-82571522
1367,連鎖型綠色商店,新北市,65000,全家便利商店股份有限公司-新店康城店,231新北市新店區安民街１９６＆１９８號,F000749,02-82571522
1368,連鎖型綠色商店,新北市,65000,全家便利商店股份有限公司-新店康德店,231新北市新店區安德街７１巷２號,F000901,02-82571522
1369,連鎖型綠色商店,新北市,65000,全家便利商店股份有限公司-新店康橋店,231新北市新店區安康路３段７３８號、７４０號１樓,F000718,02-82571522
1370,連鎖型綠色商店,新北市,65000,全家便利商店股份有限公司-新店富貴店,231新北市新店區富貴街１２巷１號,F000807,02-82571522
1371,連鎖型綠色商店,新北市,65000,全家便利商店股份有限公司-新店湯泉店,231新北市新店區溪園路４０３號１樓,F000914,02-87732988
1372,連鎖型綠色商店,新北市,65000,全家便利商店股份有限公司-新店陽光店,231新北市新店區安忠路５７巷１０號１樓,F000600,02-82571522
1373,連鎖型綠色商店,新北市,65000,全家便利商店股份有限公司-新店慈濟店,231新北市新店區建國路２８９號Ｂ１慈濟醫院大愛美食坊,F000284,02-87732988
1374,連鎖型綠色商店,新北市,65000,全家便利商店股份有限公司-新店新坡店,231新北市新店區中興路一段２１６號１樓,F000306,02-87732988
1375,連鎖型綠色商店,新北市,65000,全家便利商店股份有限公司-新店新陽店,231新北市新店區粗坑里花園一路一段２號一樓,F000264,02-82571522
1376,連鎖型綠色商店,新北市,65000,全家便利商店股份有限公司-新店溪園店,231新北市新店區中山里溪園路３８９號一樓,F000271,02-87732988
1377,連鎖型綠色商店,新北市,65000,全家便利商店股份有限公司-新店福興店,231新北市新店區寶興路４３號,F000414,02-87732988
1378,連鎖型綠色商店,新北市,65000,全家便利商店股份有限公司-新店翡翠店,231新北市新店區龜山里新烏路三段１８８號１９０號一樓,F000604,02-82571522
1379,連鎖型綠色商店,新北市,65000,全家便利商店股份有限公司-新店德正店,231新北市新店區德正街２７巷１號,F000695,02-87732988
1380,連鎖型綠色商店,新北市,65000,全家便利商店股份有限公司-新店德安店,231新北市新店區安康路二段３０３號,F000762,02-82571522
1381,連鎖型綠色商店,新北市,65000,全家便利商店股份有限公司-新店慶中店,231新北市新店區中正路３６０號１樓,F000588,02-87732988
1382,連鎖型綠色商店,新北市,65000,全家便利商店股份有限公司-新店慶民店,231新北市新店區二十張路３號,F000700,02-87732988
1383,連鎖型綠色商店,新北市,65000,全家便利商店股份有限公司-新店橋興店,231新北市新店區寶橋路２３５巷１２９號,F000387,02-87732988
1384,連鎖型綠色商店,新北市,65000,全家便利商店股份有限公司-新店襄陽店,231新北市新店區安祥路１０４－１０號,F000858,02-82571522
1385,連鎖型綠色商店,新北市,65000,全家便利商店股份有限公司-新店寶工店,231新北市新店區寶橋路２３５巷４號１樓,F000584,02-87732988
1386,連鎖型綠色商店,新北市,65000,全家便利商店股份有限公司-新店寶中店,231新北市新店區寶中路７７號,F000832,02-87732988
1387,連鎖型綠色商店,新北市,65000,全家便利商店股份有限公司-新店寶元店,231新北市新店區民權路１９號,F000486,02-87732988
1388,連鎖型綠色商店,新北市,65000,全家便利商店股份有限公司-新店寶安店,231新北市新店區中興路三段２０７號１樓,F000530,02-87732988
1389,連鎖型綠色商店,新北市,65000,全家便利商店股份有限公司-新店寶福店,231新北市新店區寶中路１１１號,F001654,02-87732988
1390,連鎖型綠色商店,新北市,65000,全家便利商店股份有限公司-新店寶橋店,231新北市新店區寶橋路４５號,F000282,02-87732988
1391,連鎖型綠色商店,新北市,65000,全家便利商店股份有限公司-新店寶興店,231新北市新店區寶橋里寶橋路８０號一樓,F000627,02-87732988
1392,連鎖型綠色商店,新北市,65000,全家便利商店股份有限公司-新莊八德店,242新北市新莊區八德街１５巷２號，１７號,F000748,02-29029199
1393,連鎖型綠色商店,新北市,65000,全家便利商店股份有限公司-新莊中平店,242新北市新莊區中平路２９４號,F000349,02-29029199
1394,連鎖型綠色商店,新北市,65000,全家便利商店股份有限公司-新莊中永店,242新北市新莊區中平路６６號,F000321,02-29029199
1395,連鎖型綠色商店,新北市,65000,全家便利商店股份有限公司-新莊中和店,242新北市新莊區中宏里中和街１２３號１樓,F000668,02-29029199
1396,連鎖型綠色商店,新北市,65000,全家便利商店股份有限公司-新莊中定店,242新北市新莊區中平路８９號１樓,F000892,02-29029199
1397,連鎖型綠色商店,新北市,65000,全家便利商店股份有限公司-新莊中信店,242新北市新莊區中信街３８號１Ｆ,F000363,02-29029199
1398,連鎖型綠色商店,新北市,65000,全家便利商店股份有限公司-新莊中美店,242新北市新莊區中港路４１３＆４１５號１樓,F000360,02-29029199
1399,連鎖型綠色商店,新北市,65000,全家便利商店股份有限公司-新莊中原店,242新北市新莊區中原路２９７號,F000690,02-29029199
1400,連鎖型綠色商店,新北市,65000,全家便利商店股份有限公司-新莊中港店,242新北市新莊區中港路１２６號,F000728,02-29029199
1401,連鎖型綠色商店,新北市,65000,全家便利商店股份有限公司-新莊中榮店,242新北市新莊區中榮街８４號,F000859,02-29029199
1402,連鎖型綠色商店,新北市,65000,全家便利商店股份有限公司-新莊仁義店,242新北市新莊區福壽街３８號１Ｆ,F000720,02-29029199
1403,連鎖型綠色商店,新北市,65000,全家便利商店股份有限公司-新莊天成店,242新北市新莊區中山路三段１２５號１樓,F000381,02-29029199
1404,連鎖型綠色商店,新北市,65000,全家便利商店股份有限公司-新莊天美店,242新北市新莊區天祥街４２號１樓,F000357,02-29029199
1405,連鎖型綠色商店,新北市,65000,全家便利商店股份有限公司-新莊民本店,242新北市新莊區民本街２３巷２號１樓,F000686,02-29029199
1406,連鎖型綠色商店,新北市,65000,全家便利商店股份有限公司-新莊民安店,242新北市新莊區民安西路３８巷２號、４號１樓,F000673,02-29029199
1407,連鎖型綠色商店,新北市,65000,全家便利商店股份有限公司-新莊民榮店,242新北市新莊區民安西路２４３號１樓,F000694,02-29029199
1408,連鎖型綠色商店,新北市,65000,全家便利商店股份有限公司-新莊立榮店,242新北市新莊區中平路３７５號１樓及地下室,F000626,02-29029199
1409,連鎖型綠色商店,新北市,65000,全家便利商店股份有限公司-新莊立德店,242新北市新莊區中正路２５３號１樓,F000844,02-29029199
1410,連鎖型綠色商店,新北市,65000,全家便利商店股份有限公司-新莊安和店,242新北市新莊區中正路８２９巷２２弄１號,F000429,02-29029199
1411,連鎖型綠色商店,新北市,65000,全家便利商店股份有限公司-新莊自立店,242新北市新莊區自立街２３１號,F000709,02-29029199
1412,連鎖型綠色商店,新北市,65000,全家便利商店股份有限公司-新莊自成店,242新北市新莊區自信街２號１樓,F000362,02-29029199
1413,連鎖型綠色商店,新北市,65000,全家便利商店股份有限公司-新莊自強店,242新北市新莊區自強街２號,F000724,02-29029199
1414,連鎖型綠色商店,新北市,65000,全家便利商店股份有限公司-新莊幸福店,242新北市新莊區幸福路８１９號１樓,F000477,02-29029199
1415,連鎖型綠色商店,新北市,65000,全家便利商店股份有限公司-新莊昌平店,242新北市新莊區昌平街５０號,F000301,02-29029199
1416,連鎖型綠色商店,新北市,65000,全家便利商店股份有限公司-新莊昌盛店,242新北市新莊區幸福里昌盛街６７號一樓,F000269,02-29029199
1417,連鎖型綠色商店,新北市,65000,全家便利商店股份有限公司-新莊明中店,242新北市新莊區恆安里明中街４５號之２一樓,F000610,02-29029199
1418,連鎖型綠色商店,新北市,65000,全家便利商店股份有限公司-新莊武廟店,242新北市新莊區新莊路４３５號，４３５號之１,F000778,02-29029199
1419,連鎖型綠色商店,新北市,65000,全家便利商店股份有限公司-新莊狀元店,242新北市新莊區中平路２６８號,F000850,02-29029199
1420,連鎖型綠色商店,新北市,65000,全家便利商店股份有限公司-新莊長明店,242新北市新莊區民安路９３號１樓．Ｂ１,F000390,02-29029199
1421,連鎖型綠色商店,新北市,65000,全家便利商店股份有限公司-新莊建中店,242新北市新莊區建中街１１８號，１２０號,F000836,02-29029199
1422,連鎖型綠色商店,新北市,65000,全家便利商店股份有限公司-新莊建安店,242新北市新莊區建安街４２號,F000813,02-29029199
1423,連鎖型綠色商店,新北市,65000,全家便利商店股份有限公司-新莊建明店,242新北市新莊區後港一路３０號１樓,F000392,02-29029199
1424,連鎖型綠色商店,新北市,65000,全家便利商店股份有限公司-新莊建國店,242新北市新莊區建國一路４９號１樓右半,F000471,02-29029199
1425,連鎖型綠色商店,新北市,65000,全家便利商店股份有限公司-新莊建興店,242新北市新莊區建安街１８號１樓,F000434,02-29029199
1426,連鎖型綠色商店,新北市,65000,全家便利商店股份有限公司-新莊昭德店,242新北市新莊區後港二路２５號１樓,F000550,02-29029199
1427,連鎖型綠色商店,新北市,65000,全家便利商店股份有限公司-新莊首富店,242新北市新莊區中華里中華路二段５號,F000268,02-29029199
1428,連鎖型綠色商店,新北市,65000,全家便利商店股份有限公司-新莊香山店,242新北市新莊區民安路３０１號１樓,F000861,02-29029199
1429,連鎖型綠色商店,新北市,65000,全家便利商店股份有限公司-新莊海山店,242新北市新莊區新莊路７４１號１樓,F000648,02-29029199
1430,連鎖型綠色商店,新北市,65000,全家便利商店股份有限公司-新莊海豐店,242新北市新莊區瓊泰路１４０號,F000722,02-29029199
1431,連鎖型綠色商店,新北市,65000,全家便利商店股份有限公司-新莊盛華店,242新北市新莊區西盛街３９０號１樓,F000424,02-29029199
1432,連鎖型綠色商店,新北市,65000,全家便利商店股份有限公司-新莊盛寧店,242新北市新莊區西盛街１５１號１樓,F000418,02-29029199
1433,連鎖型綠色商店,新北市,65000,全家便利商店股份有限公司-新莊景德店,242新北市新莊區景德路３８２號,F000272,02-29029199
1434,連鎖型綠色商店,新北市,65000,全家便利商店股份有限公司-新莊港榮店,242新北市新莊區中泰里中港路３６５號一樓,F000556,02-29029199
1435,連鎖型綠色商店,新北市,65000,全家便利商店股份有限公司-新莊華寧店,242新北市新莊區中華路１段８號１樓,F000383,02-29029199
1436,連鎖型綠色商店,新北市,65000,全家便利商店股份有限公司-新莊園寧店,242新北市新莊區公園路７２號１樓,F000396,02-29029199
1437,連鎖型綠色商店,新北市,65000,全家便利商店股份有限公司-新莊新工店,242新北市新莊區福興里五工二路８１號一樓,F000634,02-29029199
1438,連鎖型綠色商店,新北市,65000,全家便利商店股份有限公司-新莊新立店,242新北市新莊區新泰路２２５巷１號１樓,F000267,02-29029199
1439,連鎖型綠色商店,新北市,65000,全家便利商店股份有限公司-新莊新和港店,242新北市新莊區中港一街１４３號,F000415,02-29029199
1440,連鎖型綠色商店,新北市,65000,全家便利商店股份有限公司-新莊新泰店,242新北市新莊區新泰路１４６號,F000565,02-29029199
1441,連鎖型綠色商店,新北市,65000,全家便利商店股份有限公司-新莊新樹店,242新北市新莊區新樹路６１３號１樓,F000875,02-29029199
1442,連鎖型綠色商店,新北市,65000,全家便利商店股份有限公司-新莊萬安店,242新北市新莊區萬安街８０號,F000713,02-29029199
1443,連鎖型綠色商店,新北市,65000,全家便利商店股份有限公司-新莊裕民店,242新北市新莊區裕民街９７號１樓,F000425,02-29029199
1444,連鎖型綠色商店,新北市,65000,全家便利商店股份有限公司-新莊福中店,242新北市新莊區化成路７３４號,F000290,02-29029199
1445,連鎖型綠色商店,新北市,65000,全家便利商店股份有限公司-新莊福海店,242新北市新莊區中正路４０１號,F000607,02-29029199
1446,連鎖型綠色商店,新北市,65000,全家便利商店股份有限公司-新莊福基店,242新北市新莊區福基里化成路８１２號,F000729,02-29029199
1447,連鎖型綠色商店,新北市,65000,全家便利商店股份有限公司-新莊福祿店,242新北市新莊區福壽街８１號１樓,F000738,02-29029199
1448,連鎖型綠色商店,新北市,65000,全家便利商店股份有限公司-新莊福義店,242新北市新莊區福壽街１３０號１樓,F000843,02-29029199
1449,連鎖型綠色商店,新北市,65000,全家便利商店股份有限公司-新莊福壽店,242新北市新莊區中原路４５號,F000649,02-29029199
1450,連鎖型綠色商店,新北市,65000,全家便利商店股份有限公司-新莊福營店,242新北市新莊區福營路２３１號,F000809,02-29029199
1451,連鎖型綠色商店,新北市,65000,全家便利商店股份有限公司-新莊德勝店,242新北市新莊區八德街１５５號１樓,F000755,02-29029199
1452,連鎖型綠色商店,新北市,65000,全家便利商店股份有限公司-新莊興盛店,242新北市新莊區西盛街２３０號１樓,F000684,02-29029199
1453,連鎖型綠色商店,新北市,65000,全家便利商店股份有限公司-新莊頭前店,242新北市新莊區昌平里思源路５９５號一樓,F000599,02-29029199
1454,連鎖型綠色商店,新北市,65000,全家便利商店股份有限公司-新莊龍安店,242新北市新莊區龍安路１０４號，１０６巷２號１樓,F000594,02-29029199
1455,連鎖型綠色商店,新北市,65000,全家便利商店股份有限公司-新莊豐榮店,242新北市新莊區豐年街５３巷２號１樓,F000635,02-29029199
1456,連鎖型綠色商店,新北市,65000,全家便利商店股份有限公司-新莊雙鳳店,242新北市新莊區雙鳳路１２號，１４號１樓,F000906,02-29029199
1457,連鎖型綠色商店,新北市,65000,全家便利商店股份有限公司-萬里頂社店,207新北市萬里鄉大鵬村頂社１號,F000883,02-87732988
1458,連鎖型綠色商店,新北市,65000,全家便利商店股份有限公司-樹林三俊店,238新北市樹林區圳生里三俊街１９７號,F000555,02-29029199
1459,連鎖型綠色商店,新北市,65000,全家便利商店股份有限公司-樹林中華店,238新北市樹林區中華路１８３．１８５號１樓,F000903,02-29029199
1460,連鎖型綠色商店,新北市,65000,全家便利商店股份有限公司-樹林五圓店,238新北市樹林區忠孝街９９號１樓,F000845,02-29029199
1461,連鎖型綠色商店,新北市,65000,全家便利商店股份有限公司-樹林太平店,238新北市樹林區太元街５８號,F000400,02-29029199
1462,連鎖型綠色商店,新北市,65000,全家便利商店股份有限公司-樹林日新店,新北市樹林鎮日新街５０號１樓,F001951,02-29029199
1463,連鎖型綠色商店,新北市,65000,全家便利商店股份有限公司-樹林全球店,238新北市樹林區中華路２９９號１樓,F000516,02-29029199
1464,連鎖型綠色商店,新北市,65000,全家便利商店股份有限公司-樹林育英店,238新北市樹林區育英街４９號，５１號,F000736,02-29029199
1465,連鎖型綠色商店,新北市,65000,全家便利商店股份有限公司-樹林育園店,238新北市樹林區佳園路一段４３號,F000598,02-29029199
1466,連鎖型綠色商店,新北市,65000,全家便利商店股份有限公司-樹林車站店,238新北市樹林區後站街８號,F000753,02-29029199
1467,連鎖型綠色商店,新北市,65000,全家便利商店股份有限公司-樹林東榮店,238新北市樹林區東榮街１１８、１２０號東榮街１１６巷１,F000595,02-29029199
1468,連鎖型綠色商店,新北市,65000,全家便利商店股份有限公司-樹林保安店,238新北市樹林區保安街二段２０９號１樓,F000873,02-29029199
1469,連鎖型綠色商店,新北市,65000,全家便利商店股份有限公司-樹林俊英店,238新北市樹林區俊英街１１３號,F000898,02-29029199
1470,連鎖型綠色商店,新北市,65000,全家便利商店股份有限公司-樹林俊興店,238新北市樹林區三俊街１２７號１Ｆ,F000740,02-29029199
1471,連鎖型綠色商店,新北市,65000,全家便利商店股份有限公司-樹林柑園店,238新北市樹林區柑園路二段２號,F000707,02-29029199
1472,連鎖型綠色商店,新北市,65000,全家便利商店股份有限公司-樹林國凱店,238新北市樹林區國凱街８２號,F000442,02-29029199
1473,連鎖型綠色商店,新北市,65000,全家便利商店股份有限公司-樹林凱旋店,238新北市樹林區南園里大成路１０號１樓（光纖）三峽鎮,F000654,02-29029199
1474,連鎖型綠色商店,新北市,65000,全家便利商店股份有限公司-樹林博愛店,238新北市樹林區博愛街１５８號１樓,F000456,02-29029199
1475,連鎖型綠色商店,新北市,65000,全家便利商店股份有限公司-樹林復興店,238新北市樹林區復興路２７２號，２７４號,F000560,02-29029199
1476,連鎖型綠色商店,新北市,65000,全家便利商店股份有限公司-樹林新中店,238新北市樹林區中山路三段１０７號,F000345,02-29029199
1477,連鎖型綠色商店,新北市,65000,全家便利商店股份有限公司-樹林德園店,238新北市樹林區八德街６００及６０２號,F000297,02-29029199
1478,連鎖型綠色商店,新北市,65000,全家便利商店股份有限公司-樹林潭興店,238新北市樹林區潭興街２２號１樓、地下室,F000316,02-29029199
1479,連鎖型綠色商店,新北市,65000,全家便利商店股份有限公司-樹林學明店,238新北市樹林區學林路９０號１樓,F000391,02-29029199
1480,連鎖型綠色商店,新北市,65000,全家便利商店股份有限公司-樹林學勤店,238新北市樹林區學勤路５５０．５５２號１樓,F000444,02-29029199
1481,連鎖型綠色商店,新北市,65000,全家便利商店股份有限公司-樹林學誠店,238新北市樹林區大義路１９６＆１９８號,F000886,02-29029199
1482,連鎖型綠色商店,新北市,65000,全家便利商店股份有限公司-樹林龍興店,238新北市樹林區龍興街１５號,F000479,02-29029199
1483,連鎖型綠色商店,新北市,65000,全家便利商店股份有限公司-樹林鎮前店,238新北市樹林區博愛街１９８號,F000454,02-29029199
1484,連鎖型綠色商店,新北市,65000,全家便利商店股份有限公司-蘆洲中央店,247新北市蘆洲區仁復里５鄰中央路５６號,F000785,02-29029199
1485,連鎖型綠色商店,新北市,65000,全家便利商店股份有限公司-蘆洲中正店,247新北市蘆洲區中正路１６８號,F000446,02-29029199
1486,連鎖型綠色商店,新北市,65000,全家便利商店股份有限公司-蘆洲中華店,247新北市蘆洲區和平路１２２，１２４號,F000737,02-29029199
1487,連鎖型綠色商店,新北市,65000,全家便利商店股份有限公司-蘆洲仁德店,247新北市蘆洲區民族路７４號１樓,F000417,02-29029199
1488,連鎖型綠色商店,新北市,65000,全家便利商店股份有限公司-蘆洲太子店,247新北市蘆洲區永安南路二段１０４號１樓,F000462,02-29029199
1489,連鎖型綠色商店,新北市,65000,全家便利商店股份有限公司-蘆洲正原店,247新北市蘆洲區中正路１８５巷１９號,F000445,02-29029199
1490,連鎖型綠色商店,新北市,65000,全家便利商店股份有限公司-蘆洲民仁店,247新北市蘆洲區民族路４４８號,F000430,02-29029199
1491,連鎖型綠色商店,新北市,65000,全家便利商店股份有限公司-蘆洲民生店,247新北市蘆洲區得仁里民生街１０９號一樓,F000505,02-29029199
1492,連鎖型綠色商店,新北市,65000,全家便利商店股份有限公司-蘆洲民星店,247新北市蘆洲區民族路４２４，４２４之１號１樓,F000884,02-29029199
1493,連鎖型綠色商店,新北市,65000,全家便利商店股份有限公司-蘆洲民族店,247新北市蘆洲區民族路３７１號,F000656,02-29029199
1494,連鎖型綠色商店,新北市,65000,全家便利商店股份有限公司-蘆洲民復店,247新北市蘆洲區復興路２１０號１樓,F000484,02-29029199
1495,連鎖型綠色商店,新北市,65000,全家便利商店股份有限公司-蘆洲民華店,247新北市蘆洲區民族路４２２巷８２弄１４，１６號,F000500,02-29029199
1496,連鎖型綠色商店,新北市,65000,全家便利商店股份有限公司-蘆洲民愛店,247新北市蘆洲區仁愛路９７號,F000887,02-29029199
1497,連鎖型綠色商店,新北市,65000,全家便利商店股份有限公司-蘆洲永平店,247新北市蘆洲區永平街３２巷４５弄３６號１樓,F000782,02-29029199
1498,連鎖型綠色商店,新北市,65000,全家便利商店股份有限公司-蘆洲永成店,247新北市蘆洲區成功里永樂街８３號一樓,F000659,02-29029199
1499,連鎖型綠色商店,新北市,65000,全家便利商店股份有限公司-蘆洲永華店,247新北市蘆洲區永樂街２８號１樓,F000325,02-29029199
1500,連鎖型綠色商店,新北市,65000,全家便利商店股份有限公司-蘆洲永樂店,247新北市蘆洲區永樂街３８巷５７弄１號１Ｆ,F000865,02-29029199
1501,連鎖型綠色商店,新北市,65000,全家便利商店股份有限公司-蘆洲玉清店,247新北市蘆洲區民族路１７８號，１８０號一樓,F000630,02-29029199
1502,連鎖型綠色商店,新北市,65000,全家便利商店股份有限公司-蘆洲光華店,247新北市蘆洲區光華路１３２巷１號，１３４號１樓,F000609,02-29029199
1503,連鎖型綠色商店,新北市,65000,全家便利商店股份有限公司-蘆洲成功店,247新北市蘆洲區長安街２４８號,F000752,02-29029199
1504,連鎖型綠色商店,新北市,65000,全家便利商店股份有限公司-蘆洲明原店,247新北市蘆洲區中原里中正路１８５巷９８號一樓,F000291,02-29029199
1505,連鎖型綠色商店,新北市,65000,全家便利商店股份有限公司-蘆洲長九店,247新北市蘆洲區長安街１號,F000772,02-29029199
1506,連鎖型綠色商店,新北市,65000,全家便利商店股份有限公司-蘆洲長安店,247新北市蘆洲區長安街３０７號,F000896,02-29029199
1507,連鎖型綠色商店,新北市,65000,全家便利商店股份有限公司-蘆洲長泰店,247新北市蘆洲區永德里長安街２４７號一樓,F000322,02-29029199
1508,連鎖型綠色商店,新北市,65000,全家便利商店股份有限公司-蘆洲信義店,247新北市蘆洲區信義路２２０號１樓,F000524,02-29029199
1509,連鎖型綠色商店,新北市,65000,全家便利商店股份有限公司-蘆洲恆德店,247新北市蘆洲區三民路２６巷２２號，２４號,F000315,02-29029199
1510,連鎖型綠色商店,新北市,65000,全家便利商店股份有限公司-蘆洲虹展店,247新北市蘆洲區水湳街３１號１樓,F000907,02-29029199
1511,連鎖型綠色商店,新北市,65000,全家便利商店股份有限公司-蘆洲復江店,247新北市蘆洲區復興路１５０˙１５２號一樓,F000432,02-29029199
1512,連鎖型綠色商店,新北市,65000,全家便利商店股份有限公司-蘆洲華安店,247新北市蘆洲區中華街６巷５２號１樓,F000336,02-29029199
1513,連鎖型綠色商店,新北市,65000,全家便利商店股份有限公司-蘆洲集賢店,247新北市蘆洲區集賢路２３７號,F000623,02-29029199
1514,連鎖型綠色商店,新北市,65000,全家便利商店股份有限公司-蘆洲義興店,247新北市蘆洲區民義街６８巷２、６號１樓,F000347,02-29029199
1515,連鎖型綠色商店,新北市,65000,全家便利商店股份有限公司-蘆洲福安店,247新北市蘆洲區民權路６６號１樓,F000849,02-29029199
1516,連鎖型綠色商店,新北市,65000,全家便利商店股份有限公司-蘆洲福原店,247新北市蘆洲區中原路７９號１樓,F000593,02-29029199
1517,連鎖型綠色商店,新北市,65000,全家便利商店股份有限公司-蘆洲興賢店,247新北市蘆洲區中興街６０號１樓,F000696,02-29029199
1518,連鎖型綠色商店,新北市,65000,全家便利商店股份有限公司-蘆洲寶吉店,247新北市蘆洲區九芎街９０巷３１號１樓,F000419,02-29029199
1519,連鎖型綠色商店,新北市,65000,全家便利商店股份有限公司-蘆洲鷺江店,247新北市蘆洲區鷺江里民權路３３號一樓,F000490,02-29029199
1520,連鎖型綠色商店,新北市,65000,全家便利商店股份有限公司-鶯歌永明店,239新北市鶯歌區永明街７８號１樓,F000286,02-29029199
1521,連鎖型綠色商店,新北市,65000,全家便利商店股份有限公司-鶯歌行政店,239新北市鶯歌區中正一路１５４號,F000401,02-29029199
1522,連鎖型綠色商店,新北市,65000,全家便利商店股份有限公司-鶯歌南雅店,239新北市鶯歌區南雅路４３５號,F000266,02-29029199
1523,連鎖型綠色商店,新北市,65000,全家便利商店股份有限公司-鶯歌南鶯店,239新北市鶯歌區南鶯里南雅路３４號１樓,F000811,02-29029199
1524,連鎖型綠色商店,新北市,65000,全家便利商店股份有限公司-鶯歌站前店,239新北市鶯歌區建國路５３之５號、、５３之６號１樓,F000868,02-29029199
1525,連鎖型綠色商店,新北市,65000,全國電子股份有公司新北市第三十分公司,248新北市五股區工商路72號,F000131,02-22990328
1526,連鎖型綠色商店,新北市,65000,全國電子股份有公司新北市第五十二分公司,236新北市土城區金城路3段180號,F000130,02-22989922#5302
1527,連鎖型綠色商店,新北市,65000,全國電子股份有公司新北市第五十三分公司,221新北市汐止區中興路145號,F000133,02-22989922#5302
1528,連鎖型綠色商店,新北市,65000,全國電子股份有公司新北市第五十四分公司,235新北市中和區員山路202.204號,F000139,02-22990328
1529,連鎖型綠色商店,新北市,65000,全國電子股份有限公司新北市第七分公司,220新北市板橋區中山路2段245號,F000061,02-22989922#5302
1530,連鎖型綠色商店,新北市,65000,全國電子股份有限公司新北市第九分公司,236新北市土城區中央路二段71-75號,F000062,02-22989922#5302
1531,連鎖型綠色商店,新北市,65000,全國電子股份有限公司新北市第二十一分公司,221新北市汐止區大同路2段240號,F000019,02-22989922#5302
1532,連鎖型綠色商店,新北市,65000,全國電子股份有限公司新北市第二十七分公司,235新北市中和區得和路403號,F000068,02-22989922#5302
1533,連鎖型綠色商店,新北市,65000,全國電子股份有限公司新北市第二十二分公司,235新北市中和區中山路三段185-189號,F000066,02-22989922#5302
1534,連鎖型綠色商店,新北市,65000,全國電子股份有限公司新北市第二十三分公司,247新北市蘆洲區三民路10號,F000058,02-22989922#5302
1535,連鎖型綠色商店,新北市,65000,全國電子股份有限公司新北市第二十五分公司,235新北市中和區中和路175號,F000067,02-22989922#5302
1536,連鎖型綠色商店,新北市,65000,全國電子股份有限公司新北市第二十六分公司,241新北市三重區正義北路137號,F000054,02-22989922#5302
1537,連鎖型綠色商店,新北市,65000,全國電子股份有限公司新北市第二十分公司,237新北市三峽區復興路78號,F000065,02-22989922#5302
1538,連鎖型綠色商店,新北市,65000,全國電子股份有限公司新北市第二十四分公司,247新北市蘆洲區長安街122號,F000059,02-22989922#5302
1539,連鎖型綠色商店,新北市,65000,全國電子股份有限公司新北市第八分公司,241新北市三重區重陽路二段1號,F000056,02-22989922#5302
1540,連鎖型綠色商店,新北市,65000,全國電子股份有限公司新北市第十一分公司,234新北市永和區中正路191-193號,F000060,02-22989922#5302
1541,連鎖型綠色商店,新北市,65000,全國電子股份有限公司新北市第十九分公司,231新北市新店區中正路188號,F000021,02-22989922#5302
1542,連鎖型綠色商店,新北市,65000,全國電子股份有限公司新北市第十二分公司,220新北市板橋區文化路一段90-92號,F000064,02-22989922#5302
1543,連鎖型綠色商店,新北市,65000,全國電子股份有限公司新北市第十八分公司,241新北市三重區三和路四段147號,F000057,02-22989922#5302
1544,連鎖型綠色商店,新北市,65000,全國電子股份有限公司新北市第十五分公司,251新北市淡水區中山路127號,F000069,02-22989922#5302
1545,連鎖型綠色商店,新北市,65000,全國電子股份有限公司新北市第十六分公司,242新北市新莊區幸福路602號,F000028,02-22989922#5302
1546,連鎖型綠色商店,新北市,65000,全國電子股份有限公司新北市第十分公司,234新北市永和區竹林路100號,F000063,02-22989922#5302
1547,連鎖型綠色商店,新北市,65000,全國電子股份有限公司新北市第十四分公司,242新北市新莊區後港一路62號,F000018,02-22989922#5302
1548,連鎖型綠色商店,新北市,65000,全國電子股份有限公司新北市第三十七分公司,220新北市板橋區溪北路2號,F000078,02-22989922#5302
1549,連鎖型綠色商店,新北市,65000,全國電子股份有限公司新北市第三十九分公司,242新北市新莊區中正路881-5、881-6號,F000024,02-22989922#5302
1550,連鎖型綠色商店,新北市,65000,全國電子股份有限公司新北市第三十二分公司,244新北市林口區文化一路一段41號,F000085,03-3570833#32
1551,連鎖型綠色商店,新北市,65000,全國電子股份有限公司新北市第三十八分公司,242新北市新莊區建安街117、119號,F000025,02-22989922#5302
1552,連鎖型綠色商店,新北市,65000,全國電子股份有限公司新北市第三十三分公司,239新北市鶯歌區國慶街123號,F000086,03-3570833#32
1553,連鎖型綠色商店,新北市,65000,全國電子股份有限公司新北市第三十四分公司,235新北市中和區景新街438號,F000070,02-22989922#5302
1554,連鎖型綠色商店,新北市,65000,全國電子股份有限公司新北市第三分公司,231新北市新店區安康路二段196號,F000022,02-22989922#5302
1555,連鎖型綠色商店,新北市,65000,全國電子股份有限公司新北市第五十一分公司,242新北市新莊區新泰路276、278號,F000027,02-22989922#5302
1556,連鎖型綠色商店,新北市,65000,全國電子股份有限公司新北市第五十七分公司,241新北市三重區重新路三段36號,F002162,22989922#5302
1557,連鎖型綠色商店,新北市,65000,全國電子股份有限公司新北市第五十九分公司,224新北市瑞芳區明燈路三段63號1樓,F002163,22989922#5302
1558,連鎖型綠色商店,新北市,65000,全國電子股份有限公司新北市第五十八分公司,231新北市新店區北新路一段335號,F002164,22989922#5302
1559,連鎖型綠色商店,新北市,65000,全國電子股份有限公司新北市第五十五分公司,247新北市蘆洲區集賢路348號B1、1樓,F001989,02-22989922#5302
1560,連鎖型綠色商店,新北市,65000,全國電子股份有限公司新北市第五十六分公司,251新北市淡水區民生路1-1號,F002165,22989922#5302
1561,連鎖型綠色商店,新北市,65000,全國電子股份有限公司新北市第五十分公司,220新北市板橋區雙十路二段108號,F000084,02-22989922#5302
1562,連鎖型綠色商店,新北市,65000,全國電子股份有限公司新北市第五分公司,243新北市泰山區明志路一段354號,F000055,02-22989922#5302
1563,連鎖型綠色商店,新北市,65000,全國電子股份有限公司新北市第六十一分公司,238新北市樹林區中華路2號,F002187,02-22989922-5302
1564,連鎖型綠色商店,新北市,65000,全國電子股份有限公司新北市第六十七分公司,242新北市新莊區民安西路135號,F002186,02-22989922-5302
1565,連鎖型綠色商店,新北市,65000,全國電子股份有限公司新北市第六十二分公司,235新北市中和區圓通路295之3號,F002185,02-22989922-5302
1566,連鎖型綠色商店,新北市,65000,全國電子股份有限公司新北市第六十八分公司,235新北市中和區中和路167號,F002181,02-22989922-5302
1567,連鎖型綠色商店,新北市,65000,全國電子股份有限公司新北市第六十三分公司,234新北市永和區永和路一段122號,F002182,02-22989922-5302
1568,連鎖型綠色商店,新北市,65000,全國電子股份有限公司新北市第六十五分公司,"243新北市泰山區明志路三段188,190號",F002183,02-22989922-5302
1569,連鎖型綠色商店,新北市,65000,全國電子股份有限公司新北市第六十六分公司,236新北市土城區學府路一段93號,F002180,02-22989922-5302
1570,連鎖型綠色商店,新北市,65000,全國電子股份有限公司新北市第六十分公司,241新北市三重區忠孝路二段160號,F002161,22989922#5302
1571,連鎖型綠色商店,新北市,65000,全國電子股份有限公司新北市第六十四分公司,"220新北市板橋區忠孝路42,44號",F002184,02-22989922-5302
1572,連鎖型綠色商店,新北市,65000,全國電子股份有限公司新北市第六分公司,"220新北市板橋區重慶路247號 ",F000073,02-22989922#5302
1573,連鎖型綠色商店,新北市,65000,全國電子股份有限公司新北市第四十一分公司,247新北市蘆洲區長榮路23號,F000075,02-22989922#5302
1574,連鎖型綠色商店,新北市,65000,全國電子股份有限公司新北市第四十七分公司,234新北市永和區中和路443號,F000082,02-22989922#5302
1575,連鎖型綠色商店,新北市,65000,全國電子股份有限公司新北市第四十九分公司,242新北市新莊區中平路262號,F000083,02-22989922#5302
1576,連鎖型綠色商店,新北市,65000,全國電子股份有限公司新北市第四十二分公司,235新北市中和區景平路672、672-1、674、674-1號,F000076,02-22989922#5302
1577,連鎖型綠色商店,新北市,65000,全國電子股份有限公司新北市第四十八分公司,237新北市三峽區民生街106-2號,F000023,02-22989922#5302
1578,連鎖型綠色商店,新北市,65000,全國電子股份有限公司新北市第四十三分公司,220新北市板橋區新海路92號,F000077,02-22989922#5302
1579,連鎖型綠色商店,新北市,65000,全國電子股份有限公司新北市第四十六分公司,251新北市淡水區中山路24、26號,F000081,02-22989922#5302
1580,連鎖型綠色商店,新北市,65000,全國電子股份有限公司新北市第四十分公司,234新北市永和區中山路一段134、136號,F000074,02-22989922#5302
1581,連鎖型綠色商店,新北市,65000,全國電子股份有限公司新北市第四十四分公司,241新北市三重區正義北路351號,F000079,02-22989922#5302
1582,連鎖型綠色商店,新北市,65000,全國電子股份有限公司新北市第四分公司,242新北市新莊區中正路212號,F000017,02-22989922#5302
1583,連鎖型綠色商店,新北市,65000,全聯實業股份有限公司-九芎店,247新北市蘆洲區九芎街90巷6、8、10號1樓,F000122,02-82833529
1584,連鎖型綠色商店,新北市,65000,全聯實業股份有限公司五股分公司,248新北市五股區德音村成泰路1段235-13號1樓,F000124,02-82953966
1585,連鎖型綠色商店,新北市,65000,全聯實業股份有限公司汐止大同店,221新北市汐止區大同路2段240號b1,F000216,02-26490272
1586,連鎖型綠色商店,新北市,65000,全聯實業股份有限公司汐止忠孝分公司,221新北市汐止區忠孝東路429號,F000204,02-86476668
1587,連鎖型綠色商店,新北市,65000,全聯實業股份有限公司汐止建成分公司,221新北市汐止區建成路58號B1,F000195,02-26416373
1588,連鎖型綠色商店,新北市,65000,全聯實業股份有限公司汐止康寧分公司,221新北市汐止區康寧街430號,F000212,02-26954980
1589,連鎖型綠色商店,新北市,65000,全聯實業股份有限公司汐止龍安分公司,221新北市汐止區龍安路28巷6號B1,F000202,02-26494296
1590,連鎖型綠色商店,新北市,65000,全聯實業股份有限公司竹圍分公司,251新北市淡水區民族路31號B1,F000112,02-26242377
1591,連鎖型綠色商店,新北市,65000,全聯實業股份有限公司重陽分公司,247新北市蘆洲區重陽街46號1樓,F000121,02-28486699
1592,連鎖型綠色商店,新北市,65000,全聯實業股份有限公司淡大分公司,251新北市淡水區大忠街89號1樓,F000111,02-26296697
1593,連鎖型綠色商店,新北市,65000,全聯實業股份有限公司淡水博愛分公司,251新北市淡水區博愛街51巷5號1F、B1,F000114,02-26266229
1594,連鎖型綠色商店,新北市,65000,全聯實業股份有限公司蘆洲民族分公司,247新北市蘆洲區水湳街74號1、2樓,F000119,02-82832182
1595,連鎖型綠色商店,新北市,65000,成和機車有限公司,234新北市永和區得和路313號,F002096,29288538
1596,連鎖型綠色商店,新北市,65000,有利車業有限公司,220新北市板橋區互助街94號,F002047,22563364
1597,連鎖型綠色商店,新北市,65000,自來車行,236新北市土城區裕民路270號,F002148,22616353
1598,連鎖型綠色商店,新北市,65000,佑泰車業有限公司,235新北市中和區景新街467巷1號,F002090,29489000
1599,連鎖型綠色商店,新北市,65000,呈運機車行,234新北市永和區永亨路75號,F002101,29286290
1600,連鎖型綠色商店,新北市,65000,宏健機車行,234新北市永和區竹林路177號,F002110,89282338
1601,連鎖型綠色商店,新北市,65000,宏億車行,234新北市永和區文化路165號,F002103,89218921
1602,連鎖型綠色商店,新北市,65000,宏聯機車行,234新北市永和區信義路106號,F002137,22314318
1603,連鎖型綠色商店,新北市,65000,志宏機車行,235新北市中和區中山路2段2巷45弄4號,F002133,22469536
1604,連鎖型綠色商店,新北市,65000,良力車業有限公司,235新北市中和區員山路257號,F002076,22260793
1605,連鎖型綠色商店,新北市,65000,佳順機車行,235新北市中和區南山路543號,F002064,29464366
1606,連鎖型綠色商店,新北市,65000,佳慶機車行,235新北市中和區永和路88之4號1樓,F002085,22483320
1607,連鎖型綠色商店,新北市,65000,來興車業有限公司,220新北市板橋區新海路398號,F002045,22566065
1608,連鎖型綠色商店,新北市,65000,協泰車業有限公司,220新北市板橋區民族路93號,F002154,29616060
1609,連鎖型綠色商店,新北市,65000,協聖汽車股份有限公司土城分公司,236新北市土城區中華路一段2號,F001994,02-25066898
1610,連鎖型綠色商店,新北市,65000,協聖汽車股份有限公司新莊營業所,242新北市新莊區中正路535號,F001996,02-25066898
1611,連鎖型綠色商店,新北市,65000,和昇機車行,235新北市中和區中和路178號,F002098,22491026
1612,連鎖型綠色商店,新北市,65000,固德汽車股份有限公司,221新北市汐止區大同路一段156-2號,F001991,02-25066898
1613,連鎖型綠色商店,新北市,65000,奇典機車行,235新北市中和區景新街311號,F002094,29414356
1614,連鎖型綠色商店,新北市,65000,尚成車業行,235新北市中和區中興街133號,F002066,22451788
1615,連鎖型綠色商店,新北市,65000,忠山機車行,220新北市板橋區文化路一段205號,F002046,29661923
1616,連鎖型綠色商店,新北市,65000,旺昇機車行,220新北市板橋區國光路180號,F002042,29673210
1617,連鎖型綠色商店,新北市,65000,旺泰機車行,235新北市中和區圓通路162-3號,F002061,22427128
1618,連鎖型綠色商店,新北市,65000,明展機車行,235新北市中和區民德路332號,F002105,29626622
1619,連鎖型綠色商店,新北市,65000,明德車業行,220新北市板橋區大仁街41號,F002041,29681854
1620,連鎖型綠色商店,新北市,65000,明興機車行,220新北市板橋區長江路一段359號,F002034,22567976
1621,連鎖型綠色商店,新北市,65000,昇龍國際車業有限公司,220新北市板橋區民生路3段179號,F002155,22597313
1622,連鎖型綠色商店,新北市,65000,昇鴻車業有限公司,234新北市永和區秀朗路2段167號,F002109,29203504
1623,連鎖型綠色商店,新北市,65000,東政機車行,234新北市永和區文化路112號,F002102,29272615
1624,連鎖型綠色商店,新北市,65000,東茂車業有限公司,235新北市中和區中山路2段475號,F002072,22223327
1625,連鎖型綠色商店,新北市,65000,板橋市農會,220新北市板橋區府中路29-1號,F000159,02-89656868#715
1626,連鎖型綠色商店,新北市,65000,欣展車業行,220新北市板橋區大觀路一段8號,F002048,29652668
1627,連鎖型綠色商店,新北市,65000,欣富車業行,220新北市板橋區長江路一段109號,F002037,22501151
1628,連鎖型綠色商店,新北市,65000,芝農商行,252新北市三芝區中山路1段6號,F000103,26363111
1629,連鎖型綠色商店,新北市,65000,金馴車行,235新北市中和區員山路286巷1號,F002071,22211005
1630,連鎖型綠色商店,新北市,65000,長新機車行,236新北市土城區延平街14號,F002122,22647762
1631,連鎖型綠色商店,新北市,65000,信隆機車行,235新北市中和區泰和街42號,F002068,22493018
1632,連鎖型綠色商店,新北市,65000,建發車業行,220新北市板橋區長江路2段210號,F002038,22525308
1633,連鎖型綠色商店,新北市,65000,建榮機車行,220新北市板橋區四川路二段29號,F002158,02-89668703
1634,連鎖型綠色商店,新北市,65000,彥銘機車行,234新北市永和區福和路29號1樓,F002097,29218584
1635,連鎖型綠色商店,新北市,65000,泉和車業有限公司,231新北市新店區安和路3段175號,F002078,29455555
1636,連鎖型綠色商店,新北市,65000,皇偉機車行,234新北市永和區成功路1段115號,F002106,29284462
1637,連鎖型綠色商店,新北市,65000,家福股份有限公司土城福益分公司,236新北市土城區明德路一段67號,F002025,02-2261-6611
1638,連鎖型綠色商店,新北市,65000,家福股份有限公司中和分公司,235新北市中和區中山路二段295號B2,F000034,(02)8245-5566#880
1639,連鎖型綠色商店,新北市,65000,家福股份有限公司北大分公司,238新北市樹林區大雅路288號B1,F002021,02-3501-6879
1640,連鎖型綠色商店,新北市,65000,家福股份有限公司台北土城分公司,236新北市土城區青雲路152號B1,F000011,(02)2265-6001#880
1641,連鎖型綠色商店,新北市,65000,家福股份有限公司台北汐止分公司,221新北市汐止區新台五路一段108號B1,F000013,02-2696-2277#880
1642,連鎖型綠色商店,新北市,65000,家福股份有限公司台北林口分公司,244新北市林口區文化二路一段559.561.563地下一樓,F000029,(02)2602-5858#872
1643,連鎖型綠色商店,新北市,65000,家福股份有限公司台北新店分公司,231新北市新店區中興路三段1號,F000012,02-89193333#880
1644,連鎖型綠色商店,新北市,65000,家福股份有限公司永和永安分公司,234新北市永和區中和路499-1號,F002028,02-2232-7755
1645,連鎖型綠色商店,新北市,65000,家福股份有限公司府中分公司,220新北市板橋區府中路126號1樓,F000123,02-22729000#803
1646,連鎖型綠色商店,新北市,65000,家福股份有限公司板橋分公司,220新北市板橋區三民路二段31號B1,F000033,02-29642988#881
1647,連鎖型綠色商店,新北市,65000,家福股份有限公司重新分公司,241新北市三重區重新路5段654號,F000032,02-29995000#880
1648,連鎖型綠色商店,新北市,65000,家福股份有限公司新莊中平分公司,242新北市新莊區中平路108號B1,F002029,02-89925678
1649,連鎖型綠色商店,新北市,65000,家福股份有限公司樹林分公司,238新北市樹林區大安路118號,F000014,(02)2681-0000#881
1650,連鎖型綠色商店,新北市,65000,家福股份有限公司蘆洲分公司,241新北市三重區五華街282號,F000100,02-82879000#880
1651,連鎖型綠色商店,新北市,65000,展欣機車行,234新北市永和區福和路49號,F002121,29212248
1652,連鎖型綠色商店,新北市,65000,展龍車業行,238新北市樹林區中山路3段193號,F002140,26685516
1653,連鎖型綠色商店,新北市,65000,振宇五金股份有限公司五股芳洲分公司,248新北市五股區芳洲八路178號,F002326,02-22910271
1654,連鎖型綠色商店,新北市,65000,振宇五金股份有限公司林口忠孝分公司,244新北市林口區忠孝路69號,F002323,02-26006271
1655,連鎖型綠色商店,新北市,65000,振宇五金股份有限公司淡水淡金分公司,251新北市淡水區淡金路6號1樓,F002327,02-86268016
1656,連鎖型綠色商店,新北市,65000,振宇五金股份有限公司新店中正分公司,231新北市新店區中正路533號,F002322,02-82181151
1657,連鎖型綠色商店,新北市,65000,振宇五金股份有限公司新莊新樹分公司,242新北市新莊區新樹路267號1~2樓,F002324,02-22039568
1658,連鎖型綠色商店,新北市,65000,振宇五金股份有限公司蘆洲長榮分公司,247新北市蘆洲區長榮路699號,F002325,02-82858325
1659,連鎖型綠色商店,新北市,65000,晉新輪業有限公司,220新北市板橋區長江路2段197號,F002040,22511026
1660,連鎖型綠色商店,新北市,65000,晉豐機車展業行,220新北市板橋區莊敬路155號,F002051,22523913
1661,連鎖型綠色商店,新北市,65000,特力屋(股)三重集美分公司,241新北市三重區集美街18-3、18-5號,F002307,02-87916668#6554
1662,連鎖型綠色商店,新北市,65000,特力屋(股)永和得和分公司,234新北市永和區得和路102號B1,F002306,02-87916668#6554
1663,連鎖型綠色商店,新北市,65000,特力屋(股)林口中山分公司,"244新北市林口區中山路248號B1 (3號A1區）",F002302,02-86019258#666
1664,連鎖型綠色商店,新北市,65000,特力屋(股)板橋新埔分公司,220新北市板橋區文化路一段360號地下層之17,F002304,02-87916668#6554
1665,連鎖型綠色商店,新北市,65000,特力屋(股)蘆洲長安分公司,247新北市蘆洲區長安街101、103號,F002308,02-87916668#6554
1666,連鎖型綠色商店,新北市,65000,特力屋(股)蘆洲集賢分公司,247新北市蘆洲區集賢路401號,F002303,02-87916668#6554
1667,連鎖型綠色商店,新北市,65000,特力屋股份有限公司三峽分公司,238新北市樹林區大成路85號B1,F002172,02-89705089#666
1668,連鎖型綠色商店,新北市,65000,特力屋股份有限公司土城分公司,236新北市土城區青雲路152號2F,F000006,02-8262-6000#666
1669,連鎖型綠色商店,新北市,65000,特力屋股份有限公司中和分公司,235新北市中和區中山路二段291號3~4F,F000004,02-22401888#666
1670,連鎖型綠色商店,新北市,65000,特力屋股份有限公司汐止新台分公司,221新北市汐止區新北市汐止區新台五路一段93之3號1樓,F002312,02-87916668#5817
1671,連鎖型綠色商店,新北市,65000,特力屋股份有限公司新店分公司,231新北市新店區中興路三段一號四樓,F000003,02-2910-9988#666
1672,連鎖型綠色商店,新北市,65000,特力屋股份有限公司新莊分公司,242新北市新莊區中正路620號,F000005,02-29061212#666
1673,連鎖型綠色商店,新北市,65000,益成機車行,234新北市永和區成功路2段152號,F002130,29434817
1674,連鎖型綠色商店,新北市,65000,益昌車業行,220新北市板橋區西門街24號,F002151,29690230
1675,連鎖型綠色商店,新北市,65000,國防部福利事業管理處板橋福利站,220新北市板橋區文化路一段311之1號,F000007,02-22550818
1676,連鎖型綠色商店,新北市,65000,國防部福利總處秀朗福利站,234新北市永和區永利路248號2樓,F000009,02-32332663
1677,連鎖型綠色商店,新北市,65000,國都豐田汽車三重營業所,241新北市三重區重陽路一段10號,F002016,02-2986-7011
1678,連鎖型綠色商店,新北市,65000,國都豐田汽車土城營業所,236新北市土城區中央路三段4號,F002012,02-2269-1171
1679,連鎖型綠色商店,新北市,65000,國都豐田汽車中和營業所,235新北市中和區中正路860號,F002011,02-2225-3711
1680,連鎖型綠色商店,新北市,65000,國都豐田汽車丹鳳營業所,242新北市新莊區中正路717號,F002019,02-2901-0868
1681,連鎖型綠色商店,新北市,65000,國都豐田汽車北永和營業所,234新北市永和區保生路55號,F002015,02-2927-7273
1682,連鎖型綠色商店,新北市,65000,國都豐田汽車林口營業所,244新北市林口區文化一路一段35號,F002014,02-2600-2391
1683,連鎖型綠色商店,新北市,65000,國都豐田汽車埔墘營業所,220新北市板橋區中山路二段421號,F002010,02-8952-2300
1684,連鎖型綠色商店,新北市,65000,國都豐田汽車淡水營業所,251新北市淡水區中正東路2段91號,F002017,02-2809-9301
1685,連鎖型綠色商店,新北市,65000,國都豐田汽車新莊營業所,242新北市新莊區中正路70號之2,F002013,02-2996-6737
1686,連鎖型綠色商店,新北市,65000,國都豐田汽車樹林營業所,"238新北市樹林區大安路40 號",F002009,02-2687-4511
1687,連鎖型綠色商店,新北市,65000,國都豐田汽車蘆洲營業所,247新北市蘆洲區集賢路281號,F002018,02-2283-5302
1688,連鎖型綠色商店,新北市,65000,國都豐田汽車鶯歌營業所,239新北市鶯歌區文化路146號,F002020,02-2678-1611
1689,連鎖型綠色商店,新北市,65000,莊德流行傢俱館,242新北市新莊區新北大道4段389-2號,F000129,02-89921598
1690,連鎖型綠色商店,新北市,65000,通天車業有限公司,220新北市板橋區實踐路171號,F002139,29617859
1691,連鎖型綠色商店,新北市,65000,速成車業行,235新北市中和區景平路595號,F002126,22496529
1692,連鎖型綠色商店,新北市,65000,勝明機車行,235新北市中和區民享街86巷23號,F002100,22252866
1693,連鎖型綠色商店,新北市,65000,勝國機車行,220新北市板橋區四維路176號,F002033,22560829
1694,連鎖型綠色商店,新北市,65000,勝賓車業行,220新北市板橋區松江街55號,F002032,22583381
1695,連鎖型綠色商店,新北市,65000,勝龍車業行,238新北市樹林區大成路3號,F002150,35019887
1696,連鎖型綠色商店,新北市,65000,博達汽車股份有限公司新店分公司,231新北市新店區安和路2段119號,F001992,02-25066898
1697,連鎖型綠色商店,新北市,65000,富元車業有限公司,234新北市永和區得和路26號,F002117,29468675
1698,連鎖型綠色商店,新北市,65000,晶展車業行,220新北市板橋區懷德街139巷20弄1號,F002059,22580521
1699,連鎖型綠色商店,新北市,65000,景發車業有限公司,235新北市中和區景安路116號,F002057,22480269
1700,連鎖型綠色商店,新北市,65000,景騛機車行,234新北市永和區永貞路313號,F002114,22317972
1701,連鎖型綠色商店,新北市,65000,棉花田三重正義門市,241新北市三重區正義北路188號,F002175,02-25791777*212
1702,連鎖型綠色商店,新北市,65000,棉花田三峽大雅門市,238新北市樹林區大雅路266號,F002224,02-25791777
1703,連鎖型綠色商店,新北市,65000,棉花田土城學府門市,236新北市土城區學府路一段185號1樓,F002222,02-25791777
1704,連鎖型綠色商店,新北市,65000,棉花田中和興南門市,235新北市中和區興南路一段63號,F002226,02-25791777
1705,連鎖型綠色商店,新北市,65000,棉花田生機園地中和永安門市,235新北市中和區中和路422號,F002001,02-25791777#218
1706,連鎖型綠色商店,新北市,65000,棉花田生機園地永和中正門市-,234新北市永和區中正路198號,F002003,02-25791777#218
1707,連鎖型綠色商店,新北市,65000,棉花田生機園地板橋府中門市,220新北市板橋區文化路1段9號,F002004,02-25791777#218
1708,連鎖型綠色商店,新北市,65000,棉花田生機園地股份有限公司北新門市,231新北市新店區北新路2段252-2號,F002177,02-25791777
1709,連鎖型綠色商店,新北市,65000,棉花田生機園地股份有限公司頂溪門市,234新北市永和區信義路9號,F002174,02-25791777
1710,連鎖型綠色商店,新北市,65000,棉花田生機園地新店中華門市,231新北市新店區中華路63號,F002178,02-25791777
1711,連鎖型綠色商店,新北市,65000,棉花田生機園地新店門市,231新北市新店區中正路219號,F002002,02-25791777#218
1712,連鎖型綠色商店,新北市,65000,棉花田生機園地新莊中平門市,242新北市新莊區中平路92巷4號,F002005,02-25791777#218
1713,連鎖型綠色商店,新北市,65000,棉花田生機園地碧潭門市,231新北市新店區北?路一段8號,F002179,02-25018008
1714,連鎖型綠色商店,新北市,65000,棉花田生機園地福和門市,234新北市永和區福和路162號,F002176,02-25791777
1715,連鎖型綠色商店,新北市,65000,棉花田板橋新埔門市,220新北市板橋區文化路一段435巷11號,F002229,02-25791777
1716,連鎖型綠色商店,新北市,65000,棉花田淡水民族門市,251新北市淡水區民族路14號,F002225,02-25791777
1717,連鎖型綠色商店,新北市,65000,棉花田新店三民門市,231新北市新店區三民路119號,F002223,02-25791777
1718,連鎖型綠色商店,新北市,65000,棉花田新店中央門市,231新北市新店區中央五街30號,F002228,02-25791777
1719,連鎖型綠色商店,新北市,65000,棉花田新莊新泰門市,242新北市新莊區新泰路97號,F002227,02-25791777
1720,連鎖型綠色商店,新北市,65000,湧德傢俱生活館,237新北市三峽區大學路129號1樓,F000252,02-86720668
1721,連鎖型綠色商店,新北市,65000,翔龍機車行,234新北市永和區國中路102號,F002088,29287653
1722,連鎖型綠色商店,新北市,65000,華民車業行,220新北市板橋區民生路二段222號,F002131,22541716
1723,連鎖型綠色商店,新北市,65000,華豐機車行,220新北市板橋區莊敬路214號1樓,F002056,22534580
1724,連鎖型綠色商店,新北市,65000,萊爾富國際股份有限公司-北縣八里店,249新北市八里區中山路一段177號,F001694,02-66068688分機356
1725,連鎖型綠色商店,新北市,65000,萊爾富國際股份有限公司-北縣力福店,241新北市三重區力行路二段51號,F001882,02-66068688分機356
1726,連鎖型綠色商店,新北市,65000,萊爾富國際股份有限公司-北縣十三行店,249新北市八里區埤頭村中山路一段131號1樓,F001738,02-66068688分機356
1727,連鎖型綠色商店,新北市,65000,萊爾富國際股份有限公司-北縣三民店,"241新北市三重區三民街100,102號",F001817,02-66068688分機356
1728,連鎖型綠色商店,新北市,65000,萊爾富國際股份有限公司-北縣三和二店,241新北市三重區三和路三段137號,F001895,02-66068688分機356
1729,連鎖型綠色商店,新北市,65000,萊爾富國際股份有限公司-北縣三勇店,237新北市三峽區大勇路2之1號,F001860,02-66068688分機356
1730,連鎖型綠色商店,新北市,65000,萊爾富國際股份有限公司-北縣三重店,241新北市三重區重新路二段29號,F001809,02-66068688分機356
1731,連鎖型綠色商店,新北市,65000,萊爾富國際股份有限公司-北縣三埔店,237新北市三峽區中正路二段331-1號,F001749,02-66068688分機356
1732,連鎖型綠色商店,新北市,65000,萊爾富國際股份有限公司-北縣三峽店,237新北市三峽區中正路一段75-1號,F001912,02-66068688分機356
1733,連鎖型綠色商店,新北市,65000,萊爾富國際股份有限公司-北縣三愛三店,241新北市三重區仁愛街253號,F001884,02-66068688分機356
1734,連鎖型綠色商店,新北市,65000,萊爾富國際股份有限公司-北縣三愛店,241新北市三重區仁愛街390號,F001894,02-66068688分機356
1735,連鎖型綠色商店,新北市,65000,萊爾富國際股份有限公司-北縣三豐店,"237新北市三峽區文化路63號,65巷2號",F001821,02-66068688分機356
1736,連鎖型綠色商店,新北市,65000,萊爾富國際股份有限公司-北縣大同北店,"241新北市三重區大同北路91號                          ",F001862,02-66068688分機356
1737,連鎖型綠色商店,新北市,65000,萊爾富國際股份有限公司-北縣大埔店,224新北市瑞芳區大埔路178號,F001920,02-66068688分機356
1738,連鎖型綠色商店,新北市,65000,萊爾富國際股份有限公司-北縣大湖店,"239新北市鶯歌區大湖路366號,中湖街2號",F001866,02-66068688分機356
1739,連鎖型綠色商店,新北市,65000,萊爾富國際股份有限公司-北縣大興店,220新北市板橋區大觀路二段142之2號,F001931,02-66068688分機356
1740,連鎖型綠色商店,新北市,65000,萊爾富國際股份有限公司-北縣中北店,241新北市三重區中興北街153號,F001863,02-66068688分機356
1741,連鎖型綠色商店,新北市,65000,萊爾富國際股份有限公司-北縣中央北店,241新北市三重區中央北路68號,F001824,02-66068688分機356
1742,連鎖型綠色商店,新北市,65000,萊爾富國際股份有限公司-北縣中央南店,241新北市三重區中央南路8號,F001717,02-66068688分機356
1743,連鎖型綠色商店,新北市,65000,萊爾富國際股份有限公司-北縣中正北店,241新北市三重區中正北路518號,F001708,02-66068688分機356
1744,連鎖型綠色商店,新北市,65000,萊爾富國際股份有限公司-北縣中信店,242新北市新莊區中信街21號,F001782,02-66068688分機356
1745,連鎖型綠色商店,新北市,65000,萊爾富國際股份有限公司-北縣中陽二店,241新北市三重區中正北路66號,F001762,02-66068688分機356
1746,連鎖型綠色商店,新北市,65000,萊爾富國際股份有限公司-北縣中陽店,241新北市三重區中正北路105號,F001816,02-66068688分機356
1747,連鎖型綠色商店,新北市,65000,萊爾富國際股份有限公司-北縣中興二店,"241新北市三重區中興北街195,197號",F001789,02-66068688分機356
1748,連鎖型綠色商店,新北市,65000,萊爾富國際股份有限公司-北縣中興北三店,241新北市三重區中興北街42號,F001742,02-66068688分機356
1749,連鎖型綠色商店,新北市,65000,萊爾富國際股份有限公司-北縣中興北店,241新北市三重區中興北街134號,F001874,02-66068688分機356
1750,連鎖型綠色商店,新北市,65000,萊爾富國際股份有限公司-北縣五工店,248新北市五股區五工六路28號1樓,F001837,02-66068688分機356
1751,連鎖型綠色商店,新北市,65000,萊爾富國際股份有限公司-北縣五正店,248新北市五股區成泰路二段91巷8號,F001869,02-66068688分機356
1752,連鎖型綠色商店,新北市,65000,萊爾富國際股份有限公司-北縣五股店,248新北市五股區五權路42之1號,F001830,02-66068688分機356
1753,連鎖型綠色商店,新北市,65000,萊爾富國際股份有限公司-北縣五春店,248新北市五股區五工區五工五路18號,F001755,02-66068688分機356
1754,連鎖型綠色商店,新北市,65000,萊爾富國際股份有限公司-北縣五泰店,248新北市五股區西雲路1號,F001804,02-66068688分機356
1755,連鎖型綠色商店,新北市,65000,萊爾富國際股份有限公司-北縣五堵店,221新北市汐止區保一街41號,F001799,02-66068688分機356
1756,連鎖型綠色商店,新北市,65000,萊爾富國際股份有限公司-北縣五華二店,241新北市三重區五華街72號,F001704,02-66068688分機356
1757,連鎖型綠色商店,新北市,65000,萊爾富國際股份有限公司-北縣五華三店,241新北市三重區五華街60號,F001918,02-66068688分機356
1758,連鎖型綠色商店,新北市,65000,萊爾富國際股份有限公司-北縣五華店,241新北市三重區五華街125號,F001754,02-66068688分機356
1759,連鎖型綠色商店,新北市,65000,萊爾富國際股份有限公司-北縣五維店,248新北市五股區四維路153號,F001901,02-66068688分機356
1760,連鎖型綠色商店,新北市,65000,萊爾富國際股份有限公司-北縣五興店,248新北市五股區中興路二段13號1樓,F001828,02-66068688分機356
1761,連鎖型綠色商店,新北市,65000,萊爾富國際股份有限公司-北縣仁化店,220新北市板橋區仁化街191號,F001784,02-66068688分機356
1762,連鎖型綠色商店,新北市,65000,萊爾富國際股份有限公司-北縣仁和店,241新北市三重區三和路四段233號,F001814,02-66068688分機356
1763,連鎖型綠色商店,新北市,65000,萊爾富國際股份有限公司-北縣仁華店,241新北市三重區溪尾街262號,F001829,02-66068688分機356
1764,連鎖型綠色商店,新北市,65000,萊爾富國際股份有限公司-北縣仁義二店,241新北市三重區仁義街209號,F001888,02-66068688分機356
1765,連鎖型綠色商店,新北市,65000,萊爾富國際股份有限公司-北縣仁興店,241新北市三重區仁興街39巷41.41-1.41-2號,F001695,02-66068688分機356
1766,連鎖型綠色商店,新北市,65000,萊爾富國際股份有限公司-北縣化成二店,242新北市新莊區化成路205號之1,F001823,02-66068688分機356
1767,連鎖型綠色商店,新北市,65000,萊爾富國際股份有限公司-北縣文安店,241新北市三重區文化北路75號,F001801,02-66068688分機356
1768,連鎖型綠色商店,新北市,65000,萊爾富國際股份有限公司-北縣水源店,235新北市中和區水源路73號,F001833,02-66068688分機356
1769,連鎖型綠色商店,新北市,65000,萊爾富國際股份有限公司-北縣北山店,221新北市汐止區南陽街261號,F001851,02-66068688分機356
1770,連鎖型綠色商店,新北市,65000,萊爾富國際股份有限公司-北縣台汽店,241新北市三重區中正北路23號,F001808,02-66068688分機356
1771,連鎖型綠色商店,新北市,65000,萊爾富國際股份有限公司-北縣平安店,235新北市中和區景安路152號,F001753,02-66068688分機356
1772,連鎖型綠色商店,新北市,65000,萊爾富國際股份有限公司-北縣平和店,235新北市中和區錦和路216號,F001706,02-66068688分機356
1773,連鎖型綠色商店,新北市,65000,萊爾富國際股份有限公司-北縣正義店,241新北市三重區正義北路280號,F001743,02-66068688分機356
1774,連鎖型綠色商店,新北市,65000,萊爾富國際股份有限公司-北縣民生店,220新北市板橋區民生路三段119號,F001711,02-66068688分機356
1775,連鎖型綠色商店,新北市,65000,萊爾富國際股份有限公司-北縣民族店,251新北市淡水區竹圍里民族路48號,F001778,02-66068688分機356
1776,連鎖型綠色商店,新北市,65000,萊爾富國際股份有限公司-北縣永任店,234新北市永和區永和路二段217號1樓,F001767,02-66068688分機356
1777,連鎖型綠色商店,新北市,65000,萊爾富國際股份有限公司-北縣永安店,231新北市新店區新和街75號,F001947,02-66068688分機356
1778,連鎖型綠色商店,新北市,65000,萊爾富國際股份有限公司-北縣永利店,234新北市永和區中正路560號,F001832,02-66068688分機356
1779,連鎖型綠色商店,新北市,65000,萊爾富國際股份有限公司-北縣永明店,236新北市土城區明德路一段51號,F001751,02-66068688分機356
1780,連鎖型綠色商店,新北市,65000,萊爾富國際股份有限公司-北縣永貞店,234新北市永和區中正路500號,F001938,02-66068688分機356
1781,連鎖型綠色商店,新北市,65000,萊爾富國際股份有限公司-北縣永朗店,234新北市永和區秀朗路二段293號,F001813,02-66068688分機356
1782,連鎖型綠色商店,新北市,65000,萊爾富國際股份有限公司-北縣永富店,234新北市永和區和平里永平路164號1樓,F001909,02-66068688分機356
1783,連鎖型綠色商店,新北市,65000,萊爾富國際股份有限公司-北縣永福店,241新北市三重區永福街101號,F001925,02-66068688分機356
1784,連鎖型綠色商店,新北市,65000,萊爾富國際股份有限公司-北縣永遠店,234新北市永和區福和路7巷11弄16號,F001752,02-66068688分機356
1785,連鎖型綠色商店,新北市,65000,萊爾富國際股份有限公司-北縣永鑽店,234新北市永和區竹林路69號1樓,F001792,02-66068688分機356
1786,連鎖型綠色商店,新北市,65000,萊爾富國際股份有限公司-北縣田心店,241新北市三重區忠孝路三段50巷98號,F001786,02-66068688分機356
1787,連鎖型綠色商店,新北市,65000,萊爾富國際股份有限公司-北縣田倉店,241新北市三重區光復路二段51號,F001857,02-66068688分機356
1788,連鎖型綠色商店,新北市,65000,萊爾富國際股份有限公司-北縣成泰店,248新北市五股區成泰路三段165號,F001696,02-66068688分機356
1789,連鎖型綠色商店,新北市,65000,萊爾富國際股份有限公司-北縣成都店,220新北市板橋區重慶路245巷61號,F001945,02-66068688分機356
1790,連鎖型綠色商店,新北市,65000,萊爾富國際股份有限公司-北縣江翠店,220新北市板橋區文化路二段408號,F001935,02-66068688分機356
1791,連鎖型綠色商店,新北市,65000,萊爾富國際股份有限公司-北縣汐忠店,221新北市汐止區忠三街19號1樓,F001703,02-66068688分機356
1792,連鎖型綠色商店,新北市,65000,萊爾富國際股份有限公司-北縣汐科店,221新北市汐止區新台五路一段94號1樓(東方科學園區),F001773,02-66068688分機356
1793,連鎖型綠色商店,新北市,65000,萊爾富國際股份有限公司-北縣汐福店,221新北市汐止區福德一路270號,F001673,02-66068688分機356
1794,連鎖型綠色商店,新北市,65000,萊爾富國際股份有限公司-北縣汐德店,221新北市汐止區中興路156號,F001765,02-66068688分機356
1795,連鎖型綠色商店,新北市,65000,萊爾富國際股份有限公司-北縣汐鑽店,221新北市汐止區大同路一段282號,F001836,02-66068688分機356
1796,連鎖型綠色商店,新北市,65000,萊爾富國際股份有限公司-北縣竹林店,235新北市中和區華新街143巷12號(竹林中學教學大樓一樓),F001846,02-66068688分機356
1797,連鎖型綠色商店,新北市,65000,萊爾富國際股份有限公司-北縣米倉店,249新北市八里區龍米路一段215.217號,F001750,02-66068688分機356
1798,連鎖型綠色商店,新北市,65000,萊爾富國際股份有限公司-北縣自治店,235新北市中和區自治街38.40號,F001677,02-66068688分機356
1799,連鎖型綠色商店,新北市,65000,萊爾富國際股份有限公司-北縣西雲店,248新北市五股區西雲路134、134之1號一樓,F001922,02-66068688分機356
1800,連鎖型綠色商店,新北市,65000,萊爾富國際股份有限公司-北縣宏福店,"221新北市汐止區福德一路6,10號",F001878,02-66068688分機356
1801,連鎖型綠色商店,新北市,65000,萊爾富國際股份有限公司-北縣車路頭店,241新北市三重區車路頭街35號,F001897,02-66068688分機356
1802,連鎖型綠色商店,新北市,65000,萊爾富國際股份有限公司-北縣和大店,235新北市中和區大智街55巷30弄58-1號,F001769,02-66068688分機356
1803,連鎖型綠色商店,新北市,65000,萊爾富國際股份有限公司-北縣和弘店,235新北市中和區新生街213號,F001848,02-66068688分機356
1804,連鎖型綠色商店,新北市,65000,萊爾富國際股份有限公司-北縣和立店,235新北市中和區立德街13-9號,F001934,02-66068688分機356
1805,連鎖型綠色商店,新北市,65000,萊爾富國際股份有限公司-北縣和泰店,235新北市中和區泰和街10號,F001756,02-66068688分機356
1806,連鎖型綠色商店,新北市,65000,萊爾富國際股份有限公司-北縣和強店,235新北市中和區莒光路179號,F001683,02-66068688分機356
1807,連鎖型綠色商店,新北市,65000,萊爾富國際股份有限公司-北縣和圓店,235新北市中和區圓通路2.4.6號,F001905,02-66068688分機356
1808,連鎖型綠色商店,新北市,65000,萊爾富國際股份有限公司-北縣和樂店,235新北市中和區員山路84號1樓,F001771,02-66068688分機356
1809,連鎖型綠色商店,新北市,65000,萊爾富國際股份有限公司-北縣宜安店,235新北市中和區宜安路161號,F001763,02-66068688分機356
1810,連鎖型綠色商店,新北市,65000,萊爾富國際股份有限公司-北縣府中店,220新北市板橋區府中路22/24號,F001802,02-66068688分機356
1811,連鎖型綠色商店,新北市,65000,萊爾富國際股份有限公司-北縣昇陽店,220新北市板橋區雙十路二段167號,F001919,02-66068688分機356
1812,連鎖型綠色商店,新北市,65000,萊爾富國際股份有限公司-北縣林達店,244新北市林口區文化一路一段43號,F001684,02-66068688分機356
1813,連鎖型綠色商店,新北市,65000,萊爾富國際股份有限公司-北縣板同店,220新北市板橋區大同街6號,F001689,02-66068688分機356
1814,連鎖型綠色商店,新北市,65000,萊爾富國際股份有限公司-北縣板好店,220新北市板橋區中正路341巷37號,F001858,02-66068688分機356
1815,連鎖型綠色商店,新北市,65000,萊爾富國際股份有限公司-北縣板成店,220新北市板橋區莊敬路77號,F001891,02-66068688分機356
1816,連鎖型綠色商店,新北市,65000,萊爾富國際股份有限公司-北縣板助店,220新北市板橋區新翠里互助街56號1樓,F001873,02-66068688分機356
1817,連鎖型綠色商店,新北市,65000,萊爾富國際股份有限公司-北縣板宏店,220新北市板橋區吳鳳路21巷2號1樓,F001881,02-66068688分機356
1818,連鎖型綠色商店,新北市,65000,萊爾富國際股份有限公司-北縣板明店,220新北市板橋區陽明街52號+自由路1號,F001946,02-66068688分機356
1819,連鎖型綠色商店,新北市,65000,萊爾富國際股份有限公司-北縣板松店,220新北市板橋區松江路74號,F001910,02-66068688分機356
1820,連鎖型綠色商店,新北市,65000,萊爾富國際股份有限公司-北縣板治店,220新北市板橋區民治街52巷1.3號,F001737,02-66068688分機356
1821,連鎖型綠色商店,新北市,65000,萊爾富國際股份有限公司-北縣板美店,220新北市板橋區重慶路290巷9號,F001900,02-66068688分機356
1822,連鎖型綠色商店,新北市,65000,萊爾富國際股份有限公司-北縣板盛店,220新北市板橋區僑中二街104巷2號1樓,F001724,02-66068688分機356
1823,連鎖型綠色商店,新北市,65000,萊爾富國際股份有限公司-北縣板莒店,220新北市板橋區文化路二段78號,F001880,02-66068688分機356
1824,連鎖型綠色商店,新北市,65000,萊爾富國際股份有限公司-北縣板莊店,220新北市板橋區莊敬路248號,F001723,02-66068688分機356
1825,連鎖型綠色商店,新北市,65000,萊爾富國際股份有限公司-北縣板速店,220新北市板橋區縣民大道二段7號B1,F001939,02-66068688分機356
1826,連鎖型綠色商店,新北市,65000,萊爾富國際股份有限公司-北縣板富店,220新北市板橋區板新路1號,F001948,02-66068688分機356
1827,連鎖型綠色商店,新北市,65000,萊爾富國際股份有限公司-北縣板華店,220新北市板橋區華星里華興街90號1樓,F001871,02-66068688分機356
1828,連鎖型綠色商店,新北市,65000,萊爾富國際股份有限公司-北縣板雅店,220新北市板橋區南雅東路100巷3號,F001745,02-66068688分機356
1829,連鎖型綠色商店,新北市,65000,萊爾富國際股份有限公司-北縣板嘉店,220新北市板橋區雙十路三段29號,F001736,02-66068688分機356
1830,連鎖型綠色商店,新北市,65000,萊爾富國際股份有限公司-北縣板寧店,220新北市板橋區江寧路三段53號,F001747,02-66068688分機356
1831,連鎖型綠色商店,新北市,65000,萊爾富國際股份有限公司-北縣板維店,220新北市板橋區明翠里四維路234號1樓,F001671,02-66068688分機356
1832,連鎖型綠色商店,新北市,65000,萊爾富國際股份有限公司-北縣板億店,220新北市板橋區崑崙里大觀路三段160巷31弄1號,F001879,02-66068688分機356
1833,連鎖型綠色商店,新北市,65000,萊爾富國際股份有限公司-北縣板震店,220新北市板橋區中山路一段50巷5號,F001943,02-66068688分機356
1834,連鎖型綠色商店,新北市,65000,萊爾富國際股份有限公司-北縣板興店,220新北市板橋區貴興路86號,F001761,02-66068688分機356
1835,連鎖型綠色商店,新北市,65000,萊爾富國際股份有限公司-北縣板館店,"220新北市板橋區公館街110號 ",F001732,02-66068688分機356
1836,連鎖型綠色商店,新北市,65000,萊爾富國際股份有限公司-北縣板龍店,220新北市板橋區龍興街73巷2號,F001893,02-66068688分機356
1837,連鎖型綠色商店,新北市,65000,萊爾富國際股份有限公司-北縣板駿店,220新北市板橋區文化路313號(致理技術學院),F001949,02-66068688分機356
1838,連鎖型綠色商店,新北市,65000,萊爾富國際股份有限公司-北縣板豐店,"220新北市板橋區永豐街51-1 ,51-2號  ",F001776,02-66068688分機356
1839,連鎖型綠色商店,新北市,65000,萊爾富國際股份有限公司-北縣板雙店,220新北市板橋區雙十路三段12、14、16號,F001670,02-66068688分機356
1840,連鎖型綠色商店,新北市,65000,萊爾富國際股份有限公司-北縣板鑽店,220新北市板橋區國慶路180號,F001740,02-66068688分機356
1841,連鎖型綠色商店,新北市,65000,萊爾富國際股份有限公司-北縣芝蘭店,252新北市三芝區中正路一段68號,F001864,02-66068688分機356
1842,連鎖型綠色商店,新北市,65000,萊爾富國際股份有限公司-北縣金陵店,241新北市三重區重新路五段656號(私立金陵女子高級中學),F001849,02-66068688分機356
1843,連鎖型綠色商店,新北市,65000,萊爾富國際股份有限公司-北縣金陽店,208新北市金山鄉中正路26號,F001693,02-66068688分機356
1844,連鎖型綠色商店,新北市,65000,萊爾富國際股份有限公司-北縣金龍店,251新北市淡水區水源街二段194號,F001682,02-66068688分機356
1845,連鎖型綠色商店,新北市,65000,萊爾富國際股份有限公司-北縣長安二店,247新北市蘆洲區長安街66號,F001865,02-66068688分機356
1846,連鎖型綠色商店,新北市,65000,萊爾富國際股份有限公司-北縣長濱店,241新北市三重區長安街120號,F001781,02-66068688分機356
1847,連鎖型綠色商店,新北市,65000,萊爾富國際股份有限公司-北縣阜康店,220新北市板橋區僑中一街102巷7弄19號,F001731,02-66068688分機356
1848,連鎖型綠色商店,新北市,65000,萊爾富國際股份有限公司-北縣青雲二店,236新北市土城區青仁路27號,F001826,02-66068688分機356
1849,連鎖型綠色商店,新北市,65000,萊爾富國際股份有限公司-北縣青雲店,236新北市土城區青雲路585之2號,F001838,02-66068688分機356
1850,連鎖型綠色商店,新北市,65000,萊爾富國際股份有限公司-北縣南勢店,235新北市中和區興南路二段118號,F001940,02-66068688分機356
1851,連鎖型綠色商店,新北市,65000,萊爾富國際股份有限公司-北縣城士店,236新北市土城區裕民路240.242號,F001902,02-66068688分機356
1852,連鎖型綠色商店,新北市,65000,萊爾富國際股份有限公司-北縣城正店,236新北市土城區中正路8號,F001896,02-66068688分機356
1853,連鎖型綠色商店,新北市,65000,萊爾富國際股份有限公司-北縣城吉店,236新北市土城區延吉街96號1樓,F001774,02-66068688分機356
1854,連鎖型綠色商店,新北市,65000,萊爾富國際股份有限公司-北縣城和店,236新北市土城區安和里延和路64號1樓,F001760,02-66068688分機356
1855,連鎖型綠色商店,新北市,65000,萊爾富國際股份有限公司-北縣城府店,236新北市土城區學府路一段139.141號,F001794,02-66068688分機356
1856,連鎖型綠色商店,新北市,65000,萊爾富國際股份有限公司-北縣城堡店,236新北市土城區延吉街251號,F001788,02-66068688分機356
1857,連鎖型綠色商店,新北市,65000,萊爾富國際股份有限公司-北縣城裕店,236新北市土城區裕民路162號,F001852,02-66068688分機356
1858,連鎖型綠色商店,新北市,65000,萊爾富國際股份有限公司-北縣城廣店,236新北市土城區廣明街50號1樓.B1,F001775,02-66068688分機356
1859,連鎖型綠色商店,新北市,65000,萊爾富國際股份有限公司-北縣城學店,236新北市土城區學成里學成路91巷2號1樓.B1,F001709,02-66068688分機356
1860,連鎖型綠色商店,新北市,65000,萊爾富國際股份有限公司-北縣建國二店,231新北市新店區建國路154號,F001890,02-66068688分機356
1861,連鎖型綠色商店,新北市,65000,萊爾富國際股份有限公司-北縣建國店,231新北市新店區中正路282之10號,F001923,02-66068688分機356
1862,連鎖型綠色商店,新北市,65000,萊爾富國際股份有限公司-北縣重大店,241新北市三重區重陽里大仁街78號1樓,F001730,02-66068688分機356
1863,連鎖型綠色商店,新北市,65000,萊爾富國際股份有限公司-北縣重山店,241新北市三重區大同南路144號1樓,F001714,02-66068688分機356
1864,連鎖型綠色商店,新北市,65000,萊爾富國際股份有限公司-北縣重化店,241新北市三重區仁化街118.120號,F001807,02-66068688分機356
1865,連鎖型綠色商店,新北市,65000,萊爾富國際股份有限公司-北縣重北店,241新北市三重區中正北路274號,F001759,02-66068688分機356
1866,連鎖型綠色商店,新北市,65000,萊爾富國際股份有限公司-北縣重正店,241新北市三重區重新路三段98號,F001798,02-66068688分機356
1867,連鎖型綠色商店,新北市,65000,萊爾富國際股份有限公司-北縣重民店,241新北市三重區三陽路59號,F001674,02-66068688分機356
1868,連鎖型綠色商店,新北市,65000,萊爾富國際股份有限公司-北縣重永店,241新北市三重區永福街11號,F001766,02-66068688分機356
1869,連鎖型綠色商店,新北市,65000,萊爾富國際股份有限公司-北縣重玉店,241新北市三重區中央北路132號,F001859,02-66068688分機356
1870,連鎖型綠色商店,新北市,65000,萊爾富國際股份有限公司-北縣重光店,241新北市三重區光華路17號,F001728,02-66068688分機356
1871,連鎖型綠色商店,新北市,65000,萊爾富國際股份有限公司-北縣重安店,241新北市三重區大同南路69號,F001686,02-66068688分機356
1872,連鎖型綠色商店,新北市,65000,萊爾富國際股份有限公司-北縣重旺店,241新北市三重區尚德里仁愛街70號,F001926,02-66068688分機356
1873,連鎖型綠色商店,新北市,65000,萊爾富國際股份有限公司-北縣重武店,241新北市三重區安慶街203之1號,F001722,02-66068688分機356
1874,連鎖型綠色商店,新北市,65000,萊爾富國際股份有限公司-北縣重治店,241新北市三重區中央南路93號,F001687,02-66068688分機356
1875,連鎖型綠色商店,新北市,65000,萊爾富國際股份有限公司-北縣重冠店,241新北市三重區文化南路8號,F001705,02-66068688分機356
1876,連鎖型綠色商店,新北市,65000,萊爾富國際股份有限公司-北縣重盈店,241新北市三重區文化里文化北路10號1樓,F001872,02-66068688分機356
1877,連鎖型綠色商店,新北市,65000,萊爾富國際股份有限公司-北縣重美店,241新北市三重區慈愛里仁美街106號,F001815,02-66068688分機356
1878,連鎖型綠色商店,新北市,65000,萊爾富國際股份有限公司-北縣重國店,241新北市三重區自強路二段76號,F001854,02-66068688分機356
1879,連鎖型綠色商店,新北市,65000,萊爾富國際股份有限公司-北縣重強店,"241新北市三重區自強路一段164,166號",F001715,02-66068688分機356
1880,連鎖型綠色商店,新北市,65000,萊爾富國際股份有限公司-北縣重富店,241新北市三重區光復路一段85號、85-2號,F001676,02-66068688分機356
1881,連鎖型綠色商店,新北市,65000,萊爾富國際股份有限公司-北縣重陽二店,"241新北市三重區重陽路四段132,134號",F001883,02-66068688分機356
1882,連鎖型綠色商店,新北市,65000,萊爾富國際股份有限公司-北縣重集店,241新北市三重區重新路四段176號,F001744,02-66068688分機356
1883,連鎖型綠色商店,新北市,65000,萊爾富國際股份有限公司-北縣重愛店,241新北市三重區仁愛街329號,F001877,02-66068688分機356
1884,連鎖型綠色商店,新北市,65000,萊爾富國際股份有限公司-北縣重新店,241新北市三重區重新路四段244巷40號,F001876,02-66068688分機356
1885,連鎖型綠色商店,新北市,65000,萊爾富國際股份有限公司-北縣重萬店,241新北市三重區中華路94號1樓,F001834,02-66068688分機356
1886,連鎖型綠色商店,新北市,65000,萊爾富國際股份有限公司-北縣重鈴店,241新北市三重區中華路18號,F001787,02-66068688分機356
1887,連鎖型綠色商店,新北市,65000,萊爾富國際股份有限公司-北縣重福店,241新北市三重區永福街258號,F001889,02-66068688分機356
1888,連鎖型綠色商店,新北市,65000,萊爾富國際股份有限公司-北縣重樂店,241新北市三重區重新路三段2號,F001688,02-66068688分機356
1889,連鎖型綠色商店,新北市,65000,萊爾富國際股份有限公司-北縣重錦店,241新北市三重區中央北路2號,F001757,02-66068688分機356
1890,連鎖型綠色商店,新北市,65000,萊爾富國際股份有限公司-北縣重環店,241新北市三重區環河南路255號,F001831,02-66068688分機356
1891,連鎖型綠色商店,新北市,65000,萊爾富國際股份有限公司-北縣重鑫店,"241新北市三重區大同南路153,153-1號",F001719,02-66068688分機356
1892,連鎖型綠色商店,新北市,65000,萊爾富國際股份有限公司-北縣飛和店,235新北市中和區永和路343號,F001729,02-66068688分機356
1893,連鎖型綠色商店,新北市,65000,萊爾富國際股份有限公司-北縣凌羽店,244新北市林口區中正路94號,F001795,02-66068688分機356
1894,連鎖型綠色商店,新北市,65000,萊爾富國際股份有限公司-北縣員山二店,235新北市中和區員山路581巷2號,F001936,02-66068688分機356
1895,連鎖型綠色商店,新北市,65000,萊爾富國際股份有限公司-北縣員山店,235新北市中和區員山路502-7號,F001803,02-66068688分機356
1896,連鎖型綠色商店,新北市,65000,萊爾富國際股份有限公司-北縣徐匯店,247新北市蘆洲區中山一路一號(匯心樓),F001681,02-66068688分機356
1897,連鎖型綠色商店,新北市,65000,萊爾富國際股份有限公司-北縣泰富店,243新北市泰山區明志路二段324.326號,F001764,02-66068688分機356
1898,連鎖型綠色商店,新北市,65000,萊爾富國際股份有限公司-北縣海山店,236新北市土城區明德路二段131號,F001941,02-66068688分機356
1899,連鎖型綠色商店,新北市,65000,萊爾富國際股份有限公司-北縣真理店,251新北市淡水區真理街32號(真理大學),F001835,02-66068688分機356
1900,連鎖型綠色商店,新北市,65000,萊爾富國際股份有限公司-北縣耕莘店,231新北市新店區民族路112號(耕莘護專),F001680,02-66068688分機356
1901,連鎖型綠色商店,新北市,65000,萊爾富國際股份有限公司-北縣耕醫店,231新北市新店區中正路362號1樓耕莘醫院新店總院1樓,F001932,02-66068688分機356
1902,連鎖型綠色商店,新北市,65000,萊爾富國際股份有限公司-北縣商港店,249新北市八里區訊塘村23鄰商港路48號,F001839,02-66068688分機356
1903,連鎖型綠色商店,新北市,65000,萊爾富國際股份有限公司-北縣淡金店,251新北市淡水區淡金路18號,F001734,02-66068688分機356
1904,連鎖型綠色商店,新北市,65000,萊爾富國際股份有限公司-北縣淡俊店,251新北市淡水區北新路137、139號1F,F001811,02-66068688分機356
1905,連鎖型綠色商店,新北市,65000,萊爾富國際股份有限公司-北縣淡虹店,251新北市淡水區淡金路五段20-22號,F001868,02-66068688分機356
1906,連鎖型綠色商店,新北市,65000,萊爾富國際股份有限公司-北縣淡陽店,251新北市淡水區中正東路二段81號,F001768,02-66068688分機356
1907,連鎖型綠色商店,新北市,65000,萊爾富國際股份有限公司-北縣淡漁店,251新北市淡水區觀海路135號(漁人碼頭木棧道下方商店街),F001785,02-66068688分機356
1908,連鎖型綠色商店,新北市,65000,萊爾富國際股份有限公司-北縣淡醫店,"251新北市淡水區民權路47號1樓(淡水馬偕醫院一樓) ",F001855,02-66068688分機356
1909,連鎖型綠色商店,新北市,65000,萊爾富國際股份有限公司-北縣淡鑫店,251新北市淡水區北新路165.167號,F001875,02-66068688分機356
1910,連鎖型綠色商店,新北市,65000,萊爾富國際股份有限公司-北縣深北店,222新北市深坑區北深路二段57.59號,F001796,02-66068688分機356
1911,連鎖型綠色商店,新北市,65000,萊爾富國際股份有限公司-北縣莊月店,242新北市新莊區中和街19號,F001929,02-66068688分機356
1912,連鎖型綠色商店,新北市,65000,萊爾富國際股份有限公司-北縣莊民店,242新北市新莊區民樂街80.82號,F001886,02-66068688分機356
1913,連鎖型綠色商店,新北市,65000,萊爾富國際股份有限公司-北縣莊年店,242新北市新莊區新豐街11號,F001678,02-66068688分機356
1914,連鎖型綠色商店,新北市,65000,萊爾富國際股份有限公司-北縣莊成店,242新北市新莊區忠誠里中誠街44號1樓,F001679,02-66068688分機356
1915,連鎖型綠色商店,新北市,65000,萊爾富國際股份有限公司-北縣莊玲店,242新北市新莊區自信街77號,F001841,02-66068688分機356
1916,連鎖型綠色商店,新北市,65000,萊爾富國際股份有限公司-北縣莊泰店,242新北市新莊區瓊林里瓊泰路49號1樓,F001672,02-66068688分機356
1917,連鎖型綠色商店,新北市,65000,萊爾富國際股份有限公司-北縣莊國店,242新北市新莊區復興路二段31號,F001885,02-66068688分機356
1918,連鎖型綠色商店,新北市,65000,萊爾富國際股份有限公司-北縣莊捷店,242新北市新莊區中正路895-50號一樓,F001700,02-66068688分機356
1919,連鎖型綠色商店,新北市,65000,萊爾富國際股份有限公司-北縣莊勝店,"242新北市新莊區幸福路562號 ",F001840,02-66068688分機356
1920,連鎖型綠色商店,新北市,65000,萊爾富國際股份有限公司-北縣莊富店,"242新北市新莊區化成路738,740號",F001770,02-66068688分機356
1921,連鎖型綠色商店,新北市,65000,萊爾富國際股份有限公司-北縣莊華店,242新北市新莊區昌隆路5號1樓,F001847,02-66068688分機356
1922,連鎖型綠色商店,新北市,65000,萊爾富國際股份有限公司-北縣莊敬店,231新北市新店區中正路525號,F001914,02-66068688分機356
1923,連鎖型綠色商店,新北市,65000,萊爾富國際股份有限公司-北縣莊達店,242新北市新莊區中全里中誠街167號1樓,F001898,02-66068688分機356
1924,連鎖型綠色商店,新北市,65000,萊爾富國際股份有限公司-北縣莊榮店,242新北市新莊區新莊路307.309號1樓,F001741,02-66068688分機356
1925,連鎖型綠色商店,新北市,65000,萊爾富國際股份有限公司-北縣莊鳳店,242新北市新莊區中山路三段487、489號,F001827,02-66068688分機356
1926,連鎖型綠色商店,新北市,65000,萊爾富國際股份有限公司-北縣莊廣店,242新北市新莊區化成路85號,F001870,02-66068688分機356
1927,連鎖型綠色商店,新北市,65000,萊爾富國際股份有限公司-北縣莊鴻店,242新北市新莊區化成路9-3號,F001783,02-66068688分機356
1928,連鎖型綠色商店,新北市,65000,萊爾富國際股份有限公司-北縣連城店,235新北市中和區連城路47巷1號,F001937,02-66068688分機356
1929,連鎖型綠色商店,新北市,65000,萊爾富國際股份有限公司-北縣連興店,221新北市汐止區連興街26號,F001712,02-66068688分機356
1930,連鎖型綠色商店,新北市,65000,萊爾富國際股份有限公司-北縣頂埔店,236新北市土城區中央路四段56號,F001820,02-66068688分機356
1931,連鎖型綠色商店,新北市,65000,萊爾富國際股份有限公司-北縣富美店,241新北市三重區溪尾街108巷58號,F001806,02-66068688分機356
1932,連鎖型綠色商店,新北市,65000,萊爾富國際股份有限公司-北縣集美店,241新北市三重區環河南路221巷31號,F001720,02-66068688分機356
1933,連鎖型綠色商店,新北市,65000,萊爾富國際股份有限公司-北縣集賢店,247新北市蘆洲區集賢路226號,F001930,02-66068688分機356
1934,連鎖型綠色商店,新北市,65000,萊爾富國際股份有限公司-北縣慈愛店,241新北市三重區慈愛街51號,F001904,02-66068688分機356
1935,連鎖型綠色商店,新北市,65000,萊爾富國際股份有限公司-北縣愛買店,220新北市板橋區四川路一段489號,F001780,02-66068688分機356
1936,連鎖型綠色商店,新北市,65000,萊爾富國際股份有限公司-北縣新元店,231新北市新店區信義里中興路三段304號1樓,F001933,02-66068688分機356
1937,連鎖型綠色商店,新北市,65000,萊爾富國際股份有限公司-北縣新民店,231新北市新店區安民街341號,F001710,02-66068688分機356
1938,連鎖型綠色商店,新北市,65000,萊爾富國際股份有限公司-北縣新和店,231新北市新店區安和路三段60之1號,F001692,02-66068688分機356
1939,連鎖型綠色商店,新北市,65000,萊爾富國際股份有限公司-北縣新海店,220新北市板橋區新海路392號,F001793,02-66068688分機356
1940,連鎖型綠色商店,新北市,65000,萊爾富國際股份有限公司-北縣新國店,231新北市新店區建國路43號.建安街1號,F001725,02-66068688分機356
1941,連鎖型綠色商店,新北市,65000,萊爾富國際股份有限公司-北縣新裕店,242新北市新莊區裕民街83之6號,F001892,02-66068688分機356
1942,連鎖型綠色商店,新北市,65000,萊爾富國際股份有限公司-北縣新戰店,231新北市新店區安民街136號,F001727,02-66068688分機356
1943,連鎖型綠色商店,新北市,65000,萊爾富國際股份有限公司-北縣新樹店,242新北市新莊區新樹路210號,F001899,02-66068688分機356
1944,連鎖型綠色商店,新北市,65000,萊爾富國際股份有限公司-北縣新橋店,231新北市新店區寶橋路235巷8號,F001791,02-66068688分機356
1945,連鎖型綠色商店,新北市,65000,萊爾富國際股份有限公司-北縣新寶店,231新北市新店區寶中路94-3.94-4號,F001772,02-66068688分機356
1946,連鎖型綠色商店,新北市,65000,萊爾富國際股份有限公司-北縣新權二店,231新北市新店區民權路44之2號,F001699,02-66068688分機356
1947,連鎖型綠色商店,新北市,65000,萊爾富國際股份有限公司-北縣溪尾二店,241新北市三重區溪尾街122號,F001746,02-66068688分機356
1948,連鎖型綠色商店,新北市,65000,萊爾富國際股份有限公司-北縣溪尾店,241新北市三重區溪尾街192號,F001917,02-66068688分機356
1949,連鎖型綠色商店,新北市,65000,萊爾富國際股份有限公司-北縣碇晨店,223新北市石碇區湳窟路2號,F001850,02-66068688分機356
1950,連鎖型綠色商店,新北市,65000,萊爾富國際股份有限公司-北縣僑中三店,220新北市板橋區僑中一街125巷8弄2號,F001908,02-66068688分機356
1951,連鎖型綠色商店,新北市,65000,萊爾富國際股份有限公司-北縣僑福二店,220新北市板橋區中正路216巷25號,F001713,02-66068688分機356
1952,連鎖型綠色商店,新北市,65000,萊爾富國際股份有限公司-北縣僑福店,220新北市板橋區幸褔路70巷1號,F001825,02-66068688分機356
1953,連鎖型綠色商店,新北市,65000,萊爾富國際股份有限公司-北縣嘉和店,235新北市中和區中和路414號,F001856,02-66068688分機356
1954,連鎖型綠色商店,新北市,65000,萊爾富國際股份有限公司-北縣福美店,235新北市中和區莊敬路29號,F001702,02-66068688分機356
1955,連鎖型綠色商店,新北市,65000,萊爾富國際股份有限公司-北縣福音店,241新北市三重區重新路四段89號,F001726,02-66068688分機356
1956,連鎖型綠色商店,新北市,65000,萊爾富國際股份有限公司-北縣福壽店,242新北市新莊區福壽街155號,F001716,02-66068688分機356
1957,連鎖型綠色商店,新北市,65000,萊爾富國際股份有限公司-北縣福德南店,241新北市三重區福德南路23號,F001818,02-66068688分機356
1958,連鎖型綠色商店,新北市,65000,萊爾富國際股份有限公司-北縣福營店,"242新北市新莊區福營路336,338號",F001690,02-66068688分機356
1959,連鎖型綠色商店,新北市,65000,萊爾富國際股份有限公司-北縣遠東店,235新北市中和區建八路116號,F001944,02-66068688分機356
1960,連鎖型綠色商店,新北市,65000,萊爾富國際股份有限公司-北縣遠揚店,220新北市板橋區南雅南路二段9號,F001697,02-66068688分機356
1961,連鎖型綠色商店,新北市,65000,萊爾富國際股份有限公司-北縣德泰店,248新北市五股區成泰路一段10號,F001903,02-66068688分機356
1962,連鎖型綠色商店,新北市,65000,萊爾富國際股份有限公司-北縣德霖店,236新北市土城區青雲路380巷1號(德霖技術學院),F001822,02-66068688分機356
1963,連鎖型綠色商店,新北市,65000,萊爾富國際股份有限公司-北縣鄧公店,251新北市淡水區學府路49號,F001748,02-66068688分機356
1964,連鎖型綠色商店,新北市,65000,萊爾富國際股份有限公司-北縣黎明店,243新北市泰山區黎專路2號(黎明技術學院),F001800,02-66068688分機356
1965,連鎖型綠色商店,新北市,65000,萊爾富國際股份有限公司-北縣樹仁店,238新北市樹林區復興路385號,F001685,02-66068688分機356
1966,連鎖型綠色商店,新北市,65000,萊爾富國際股份有限公司-北縣樹太店,238新北市樹林區太平路150巷38號,F001842,02-66068688分機356
1967,連鎖型綠色商店,新北市,65000,萊爾富國際股份有限公司-北縣樹正店,238新北市樹林區中正路791號,F001927,02-66068688分機356
1968,連鎖型綠色商店,新北市,65000,萊爾富國際股份有限公司-北縣樹宏店,238新北市樹林區中興街60號,F001721,02-66068688分機356
1969,連鎖型綠色商店,新北市,65000,萊爾富國際股份有限公司-北縣樹佳店,238新北市樹林區味王街3號(文物流中心內),F001853,02-66068688分機356
1970,連鎖型綠色商店,新北市,65000,萊爾富國際股份有限公司-北縣樹東店,238新北市樹林區柑園街一段49號,F001758,02-66068688分機356
1971,連鎖型綠色商店,新北市,65000,萊爾富國際股份有限公司-北縣樹俊店,238新北市樹林區三俊街254號,F001691,02-66068688分機356
1972,連鎖型綠色商店,新北市,65000,萊爾富國際股份有限公司-北縣樹博店,238新北市樹林區博愛街84.86號,F001805,02-66068688分機356
1973,連鎖型綠色商店,新北市,65000,萊爾富國際股份有限公司-北縣樹愛店,238新北市樹林區保安街一段18-3號,F001733,02-66068688分機356
1974,連鎖型綠色商店,新北市,65000,萊爾富國際股份有限公司-北縣樹榮店,238新北市樹林區東榮街123.125號,F001812,02-66068688分機356
1975,連鎖型綠色商店,新北市,65000,萊爾富國際股份有限公司-北縣樹慶店,238新北市樹林區柑園街二段292.294號1樓,F001921,02-66068688分機356
1976,連鎖型綠色商店,新北市,65000,萊爾富國際股份有限公司-北縣樹興店,238新北市樹林區千歲街90號,F001913,02-66068688分機356
1977,連鎖型綠色商店,新北市,65000,萊爾富國際股份有限公司-北縣樹權店,238新北市樹林區民權街1號,F001675,02-66068688分機356
1978,連鎖型綠色商店,新北市,65000,萊爾富國際股份有限公司-北縣樹鑽店,238新北市樹林區三俊街72-1號,F001739,02-66068688分機356
1979,連鎖型綠色商店,新北市,65000,萊爾富國際股份有限公司-北縣橋安店,235新北市中和區中山路二段352號,F001867,02-66068688分機356
1980,連鎖型綠色商店,新北市,65000,萊爾富國際股份有限公司-北縣橋和二店,"235新北市中和區橋和路99,101號",F001718,02-66068688分機356
1981,連鎖型綠色商店,新北市,65000,萊爾富國際股份有限公司-北縣橋泰店,220新北市板橋區國泰街35號,F001928,02-66068688分機356
1982,連鎖型綠色商店,新北市,65000,萊爾富國際股份有限公司-北縣興南店,235新北市中和區信義街50號,F001844,02-66068688分機356
1983,連鎖型綠色商店,新北市,65000,萊爾富國際股份有限公司-北縣豫章店,220新北市板橋區四川路一段391號,F001907,02-66068688分機356
1984,連鎖型綠色商店,新北市,65000,萊爾富國際股份有限公司-北縣醒吾店,244新北市林口區粉寮路11-2號(醒吾技術學院),F001797,02-66068688分機356
1985,連鎖型綠色商店,新北市,65000,萊爾富國際股份有限公司-北縣龍米店,249新北市八里區龍米路二段35.37號,F001810,02-66068688分機356
1986,連鎖型綠色商店,新北市,65000,萊爾富國際股份有限公司-北縣龍門二店,241新北市三重區龍門路177號,F001698,02-66068688分機356
1987,連鎖型綠色商店,新北市,65000,萊爾富國際股份有限公司-北縣豐年店,242新北市新莊區豐年里豐年街118-1號,F001924,02-66068688分機356
1988,連鎖型綠色商店,新北市,65000,萊爾富國際股份有限公司-北縣雙城店,231新北市新店區安康路三段277號,F001845,02-66068688分機356
1989,連鎖型綠色商店,新北市,65000,萊爾富國際股份有限公司-北縣雙翠店,220新北市板橋區雙十路二段45號,F001916,02-66068688分機356
1990,連鎖型綠色商店,新北市,65000,萊爾富國際股份有限公司-北縣瓊林南店,242新北市新莊區瓊林南路133號,F001777,02-66068688分機356
1991,連鎖型綠色商店,新北市,65000,萊爾富國際股份有限公司-北縣寶翠店,220新北市板橋區文化路二段439之1號,F001790,02-66068688分機356
1992,連鎖型綠色商店,新北市,65000,萊爾富國際股份有限公司-北縣蘆中店,"247新北市蘆洲區中山一路287,289號",F001887,02-66068688分機356
1993,連鎖型綠色商店,新北市,65000,萊爾富國際股份有限公司-北縣蘆平店,247新北市蘆洲區永平街30號,F001915,02-66068688分機356
1994,連鎖型綠色商店,新北市,65000,萊爾富國際股份有限公司-北縣蘆永店,247新北市蘆洲區永樂街33號,F001819,02-66068688分機356
1995,連鎖型綠色商店,新北市,65000,萊爾富國際股份有限公司-北縣蘆江店,"247新北市蘆洲區鷺江街69號 1樓",F001735,02-66068688分機356
1996,連鎖型綠色商店,新北市,65000,萊爾富國際股份有限公司-北縣蘆旺店,247新北市蘆洲區正和街47號,F001861,02-66068688分機356
1997,連鎖型綠色商店,新北市,65000,萊爾富國際股份有限公司-北縣蘆信店,247新北市蘆洲區信義路35號,F001942,02-66068688分機356
1998,連鎖型綠色商店,新北市,65000,萊爾富國際股份有限公司-北縣蘆勝店,247新北市蘆洲區永樂街38巷40號,F001843,02-66068688分機356
1999,連鎖型綠色商店,新北市,65000,萊爾富國際股份有限公司-北縣鶯花店,239新北市鶯歌區鶯桃路541號,F001701,02-66068688分機356
2000,連鎖型綠色商店,新北市,65000,萊爾富國際股份有限公司-北縣鶯國店,"239新北市鶯歌區大湖路532,534號",F001906,02-66068688分機356
2001,連鎖型綠色商店,新北市,65000,萊爾富國際股份有限公司-北縣鶯歌店,239新北市鶯歌區重慶街29號,F001707,02-66068688分機356
2002,連鎖型綠色商店,新北市,65000,萊爾富國際股份有限公司-北縣鶯駿店,239新北市鶯歌區德昌街50號,F001779,02-66068688分機356
2003,連鎖型綠色商店,新北市,65000,萊爾富國際股份有限公司-北縣鷺江店,247新北市蘆洲區民權路113號,F001911,02-66068688分機356
2004,連鎖型綠色商店,新北市,65000,進鑫機車行,235新北市中和區中興街156號,F002073,22427508
2005,連鎖型綠色商店,新北市,65000,隆陞車業有限公司,220新北市板橋區新海路420號,F002044,22580630
2006,連鎖型綠色商店,新北市,65000,隆運機車行,220新北市板橋區南雅南路一段105號,F002043,29656157
2007,連鎖型綠色商店,新北市,65000,源福車業行,242新北市新莊區民安西路318號,F002212,02-22042398
2008,連鎖型綠色商店,新北市,65000,瑞和車業行,235新北市中和區景新街230-1號,F002074,29403142
2009,連鎖型綠色商店,新北市,65000,福利機車行,220新北市板橋區介壽街2號,F002036,22539690
2010,連鎖型綠色商店,新北市,65000,福和車業有限公司,235新北市中和區永和路78號,F002084,22495773
2011,連鎖型綠色商店,新北市,65000,福豪車業行,235新北市中和區安平路110號,F002065,29415261
2012,連鎖型綠色商店,新北市,65000,豪元車業有限公司,235新北市中和區連城路135號,F002124,22497393
2013,連鎖型綠色商店,新北市,65000,豪呈機車有限公司,235新北市中和區成功路109號,F002113,29490766
2014,連鎖型綠色商店,新北市,65000,遠百企業股份有限公司三重分公司,241新北市三重區中正北路193巷45號,F000099,02-2988-3199
2015,連鎖型綠色商店,新北市,65000,遠百企業股份有限公司永和分公司,234新北市永和區民生路46巷56號,F000002,02-29488988
2016,連鎖型綠色商店,新北市,65000,遠百企業股份有限公司板新分公司,220新北市板橋區四川路一段389號,F000001,02-77382688
2017,連鎖型綠色商店,新北市,65000,銘汰車業行,220新北市板橋區光武街26號,F002053,22521132
2018,連鎖型綠色商店,新北市,65000,銓富機車有限公司,235新北市中和區連城路337-1號,F002118,22222370
2019,連鎖型綠色商店,新北市,65000,廣固機車行,234新北市永和區中正路522號,F002115,29276545
2020,連鎖型綠色商店,新北市,65000,歐盟時尚空間設計有限公司,"220新北市板橋區民生路2段232號 ",F000128,02-26002108
2021,連鎖型綠色商店,新北市,65000,歐德傢俱淡水店,251新北市淡水區民權路88之5號,F000253,02-88093218
2022,連鎖型綠色商店,新北市,65000,歐摩兒有限公司,244新北市林口區文化一路一段84號1樓,F000117,02-26008868
2023,連鎖型綠色商店,新北市,65000,潤泰全球股份有限公司中和分公司中和店,235新北市中和區中山路二段228號地下二樓,F000016,02-82411111#566
2024,連鎖型綠色商店,新北市,65000,樺山車業有限公司,220新北市板橋區長江路1段51號,F002049,22592483
2025,連鎖型綠色商店,新北市,65000,積躍機車行,220新北市板橋區貴興路37號,F002138,29512379
2026,連鎖型綠色商店,新北市,65000,錕達車業有限公司,220新北市板橋區重慶路349號,F002146,29547370
2027,連鎖型綠色商店,新北市,65000,燦坤實業股份有限公司中和旗艦分公司,235新北市中和區中山路二段297號,F000031,02-27953988#10803
2028,連鎖型綠色商店,新北市,65000,聯成機車行,235新北市中和區復興路275號,F002079,22409433
2029,連鎖型綠色商店,新北市,65000,駿宏車行,220新北市板橋區松江街21號,F002035,82525485
2030,連鎖型綠色商店,新北市,65000,鴻川機車行,220新北市板橋區民生路一段67號,F002134,29614036
2031,連鎖型綠色商店,新北市,65000,鴻源汽車股份有限公司,220新北市板橋區縣民大道2段101號,F001995,02-25066898
2032,連鎖型綠色商店,新北市,65000,鴻源汽車股份有限公司三重分公司,241新北市三重區重陽路4段36號,F001997,02-25066898
2033,連鎖型綠色商店,新北市,65000,鴻源汽車股份有限公司中和分公司,235新北市中和區中正路1155號,F001993,02-25066898
2034,連鎖型綠色商店,新北市,65000,鴻源汽車股份有限公司永和分公司,234新北市永和區成功路1段80號,F001990,02-25066898
2035,連鎖型綠色商店,新北市,65000,鴻源汽車股份有限公司新莊分公司,242新北市新莊區新北大道二段318號,F001998,02-25066898
2036,連鎖型綠色商店,新北市,65000,鴻緯車業有限公司,235新北市中和區中山路2段467號,F002075,22210427
2037,連鎖型綠色商店,新北市,65000,寶雅國際股份有限公司三峽中華分公司,"237新北市三峽區中華路20號1樓 ",F002031,02-86742121
2038,連鎖型綠色商店,新北市,65000,寶雅國際股份有限公司永和中山分公司,234新北市永和區中山路一段177號,F002023,02-29202727
2039,連鎖型綠色商店,新北市,65000,寶雅國際股份有限公司永和中正分公司,234新北市永和區中正路239號,F002026,02-89417717
2040,連鎖型綠色商店,新北市,65000,寶雅國際股份有限公司汐止中興分公司,221新北市汐止區中興路195號,F002024,02-26924444
2041,連鎖型綠色商店,新北市,65000,寶雅國際股份有限公司林口仁愛分公司,244新北市林口區育林街2號,F002191,06-2411-000
2042,連鎖型綠色商店,新北市,65000,寶雅國際股份有限公司板橋重慶分公司,220新北市板橋區重慶路247號1樓,F002030,02-29581818
2043,連鎖型綠色商店,新北市,65000,寶雅國際股份有限公司板橋新海分公司,220新北市板橋區新海路93號,F002189,06-2411-000*608
2044,連鎖型綠色商店,新北市,65000,寶雅國際股份有限公司新莊新泰分公司,242新北市新莊區新泰路300號,F002022,02-29914000
2045,連鎖型綠色商店,新北市,65000,寶雅國際股份有限公司新莊龍安分公司,242新北市新莊區龍安路252-1號,F002190,06-2411-000*608
2046,連鎖型綠色商店,新北市,65000,寶雅國際股份有限公司樹林中山分公司,238新北市樹林區中山路一段111號,F002027,02-26860022
2047,連鎖型綠色商店,新北市,65000,轟源車業行,234新北市永和區成功路2段92號,F002116,29406695
2048,連鎖型綠色商店,新北市,65000,霸輪機車行,231新北市新店區安和路3段169號,F002069,29473561
2049,連鎖型綠色商店,新北市,65000,鑫川吉機車行,235新北市中和區莊敬路49巷4號,F002082,82458506
2050,連鎖型綠色商店,新北市,65000,驥剛車業行,235新北市中和區中山路3段118號,F002136,22236369
2051,連鎖型綠色商店,高雄市,65000,7-11展示店門市,820新北市五股區五權路1號,S000274,02-27478711#3961
