序號,綠色商店名稱,聯絡地址,商店編號,聯絡人,聯絡電話,分機,手機號碼,綠色商店類型
1,7-11OPEN門市,111台北市士林區基河路128號,A000204,廖培雁,(02)27478711,3961,,連鎖型綠色商店
2,7-11一德門市,112台北市北投區中央北路4段513號,A000208,廖培雁,(02)27478711,3961,,連鎖型綠色商店
3,7-11三德門市,103台北市大同區承德路3段53號,A000808,廖培雁,(02)27478711,3961,,連鎖型綠色商店
4,7-11三樂門市,111台北市士林區劍潭路15號,A000291,廖培雁,(02)27478711,3961,,連鎖型綠色商店
5,7-11三興門市,110台北市信義區吳興街156巷16弄1號,A000357,廖培雁,(02)27478711,3961,,連鎖型綠色商店
6,7-11上弘門市,105台北市松山區敦化北路168號B2,A000746,廖培雁,(02)27478711,3961,,連鎖型綠色商店
7,7-11千成門市,100台北市中正區林森南路4號之3,A000432,廖培雁,(02)27478711,3961,,連鎖型綠色商店
8,7-11千翔門市,100台北市中正區公園路18號,A000787,廖培雁,(02)27478711,3961,,連鎖型綠色商店
9,7-11士東門市,111台北市士林區士東路48號,A000529,廖培雁,(02)27478711,3961,,連鎖型綠色商店
10,7-11士陽門市,111台北市士林區中正路503號,A000597,廖培雁,(02)27478711,3961,,連鎖型綠色商店
11,7-11士鑽門市,111台北市士林區文林路102號B1,A000512,廖培雁,(02)27478711,3961,,連鎖型綠色商店
12,7-11大中門市,112台北市北投區中央南路一段114號,A000805,廖培雁,(02)27478711,3961,,連鎖型綠色商店
13,7-11大台門市,106台北市大安區新生南路3段94巷3號,A000589,廖培雁,(02)27478711,3961,,連鎖型綠色商店
14,7-11大永博門市,100台北市中正區博愛路97號1樓,A000836,廖培雁,(02)27478711,3961,,連鎖型綠色商店
15,7-11大吉門市,104台北市中山區吉林路101號,A000880,廖培雁,(02)27478711,3961,,連鎖型綠色商店
16,7-11大安門市,106台北市大安區忠孝東路四段77號(捷運地下街5號店鋪),A000401,廖培雁,(02)27478711,3961,,連鎖型綠色商店
17,7-11大昇門市,105台北市松山區南京東路5段104號,A000198,廖培雁,(02)27478711,3961,,連鎖型綠色商店
18,7-11大信門市,106台北市大安區信義路三段33號,A000344,廖培雁,(02)27478711,3961,,連鎖型綠色商店
19,7-11大埔門市,108台北市萬華區中華路2段34號,A000209,廖培雁,(02)27478711,3961,,連鎖型綠色商店
20,7-11大眾門市,114台北市內湖區陽光街298號,A000313,廖培雁,(02)27478711,3961,,連鎖型綠色商店
21,7-11大敦門市,106台北市大安區敦化南路2段63巷24號,A000462,廖培雁,(02)27478711,3961,,連鎖型綠色商店
22,7-11大華門市,108台北市萬華區萬大路495.497號,A000230,廖培雁,(02)27478711,3961,,連鎖型綠色商店
23,7-11大葉門市,111台北市士林區德行東路109巷81號,A000280,廖培雁,(02)27478711,3961,,連鎖型綠色商店
24,7-11大運門市,105台北市中山區大直街11號,A000613,廖培雁,(02)27478711,3961,,連鎖型綠色商店
25,7-11大潤發門市,114台北市內湖區舊宗路128號,A000800,廖培雁,(02)27478711,3961,,連鎖型綠色商店
26,7-11大龍門市,103台北市大同區昌吉街72.74.76號,A000570,廖培雁,(02)27478711,3961,,連鎖型綠色商店
27,7-11小巨蛋門市,105台北市松山區南京東路4段2號1樓第10櫃位,A000429,廖培雁,(02)27478711,3961,,連鎖型綠色商店
28,7-11小福樓門市,106台北市大安區羅斯福路4段1號2樓(台灣大學小福樓),A000470,廖培雁,(02)27478711,3961,,連鎖型綠色商店
29,7-11中坡門市,115台北市南港區中坡南路15號,A000308,廖培雁,(02)27478711,3961,,連鎖型綠色商店
30,7-11中航門市,100台北市中正區林森南路12號,A000262,廖培雁,(02)27478711,3961,,連鎖型綠色商店
31,7-11中崙門市,105台北市松山區八德路3段27號,A000582,廖培雁,(02)27478711,3961,,連鎖型綠色商店
32,7-11中陽門市,112台北市北投區中央北路3段2號,A000258,廖培雁,(02)27478711,3961,,連鎖型綠色商店
33,7-11中愛門市,100台北市中正區愛國東路102號,A000535,廖培雁,(02)27478711,3961,,連鎖型綠色商店
34,7-11中寧門市,108台北市萬華區中華路2段6(02)1-2號一樓,A000615,廖培雁,(02)27478711,3961,,連鎖型綠色商店
35,7-11中福門市,104台北市中山區民生東路2段113號.,A000214,廖培雁,(02)27478711,3961,,連鎖型綠色商店
36,7-11中廣門市,106台北市大安區仁愛路三段25-1.27號,A000755,廖培雁,(02)27478711,3961,,連鎖型綠色商店
37,7-11中影門市,111台北市士林區至善路二段34號,A000446,廖培雁,(02)27478711,3961,,連鎖型綠色商店
38,7-11中樂門市,100台北市中正區延平南路47號,A000195,廖培雁,(02)27478711,3961,,連鎖型綠色商店
39,7-11中興門市,110台北市信義區基隆路2段22號,A000847,廖培雁,(02)27478711,3961,,連鎖型綠色商店
40,7-11中興醫門市,103台北市大同區鄭州路145號B1,A000645,廖培雁,(02)27478711,3961,,連鎖型綠色商店
41,7-11中錦門市,104台北市中山區中山北路二段98號,A000483,廖培雁,(02)27478711,3961,,連鎖型綠色商店
42,7-11丹陽門市,100台北市中正區杭州南路一段83號,A000890,廖培雁,(02)27478711,3961,,連鎖型綠色商店
43,7-11丹樺門市,111台北市士林區文林路530號,A000320,廖培雁,(02)27478711,3961,,連鎖型綠色商店
44,7-11仁安門市,106台北市大安區仁愛路四段27巷1號,A000789,廖培雁,(02)27478711,3961,,連鎖型綠色商店
45,7-11仁和門市,110台北市信義區正和里光復南路419巷41號,A000525,廖培雁,(02)27478711,3961,,連鎖型綠色商店
46,7-11仁金門市,100台北市中正區仁愛路二段39.39-1號,A000855,廖培雁,(02)27478711,3961,,連鎖型綠色商店
47,7-11元大門市,104台北市中山區復興北路148號,A000788,廖培雁,(02)27478711,3961,,連鎖型綠色商店
48,7-11六福門市,108台北市萬華區漢口街二段56號,A000279,廖培雁,(02)27478711,3961,,連鎖型綠色商店
49,7-11公館門市,112台北市北投區公館路31號,A000436,廖培雁,(02)27478711,3961,,連鎖型綠色商店
50,7-11友成門市,111台北市士林區社中街214號,A000619,廖培雁,(02)27478711,3961,,連鎖型綠色商店
51,7-11天北門市,111台北市士林區天母北路12號,A000865,廖培雁,(02)27478711,3961,,連鎖型綠色商店
52,7-11天成門市,111台北市士林區忠誠路二段168號1樓,A000840,廖培雁,(02)27478711,3961,,連鎖型綠色商店
53,7-11天東門市,111台北市士林區中山北路7段14巷2-1號,A000196,廖培雁,(02)27478711,3961,,連鎖型綠色商店
54,7-11天津門市,104台北市中山區天津街65號,A000687,廖培雁,(02)27478711,3961,,連鎖型綠色商店
55,7-11天美門市,111台北市士林區天母東路8巷98號,A000797,廖培雁,(02)27478711,3961,,連鎖型綠色商店
56,7-11天真門市,111台北市士林區中山北路7段126號,A000637,廖培雁,(02)27478711,3961,,連鎖型綠色商店
57,7-11天麥門市,111台北市士林區天母西路5巷6號,A000518,廖培雁,(02)27478711,3961,,連鎖型綠色商店
58,7-11天富門市,112台北市北投區富貴一路3號1樓,A000828,廖培雁,(02)27478711,3961,,連鎖型綠色商店
59,7-11天越門市,111台北市士林區天母東路50巷25號,A000793,廖培雁,(02)27478711,3961,,連鎖型綠色商店
60,7-11天裕門市,111台北市士林區中山北路七段156號1樓,A000815,廖培雁,(02)27478711,3961,,連鎖型綠色商店
61,7-11天福門市,111台北市士林區天母東路8巷31弄2號,A000750,廖培雁,(02)27478711,3961,,連鎖型綠色商店
62,7-11天樂門市,111台北市士林區天利里天母東路109號一樓,A000677,廖培雁,(02)27478711,3961,,連鎖型綠色商店
63,7-11天鑫門市,111台北市士林區天玉街8號,A000627,廖培雁,(02)27478711,3961,,連鎖型綠色商店
64,7-11太學門市,111台北市士林區華岡路47巷1號,A000704,廖培雁,(02)27478711,3961,,連鎖型綠色商店
65,7-11文一門市,116台北市文山區木新路三段327號,A000711,廖培雁,(02)27478711,3961,,連鎖型綠色商店
66,7-11文大門市,111台北市士林區格致路57號,A000420,廖培雁,(02)27478711,3961,,連鎖型綠色商店
67,7-11文山門市,116台北市文山區木新路二段42號,A000316,廖培雁,(02)27478711,3961,,連鎖型綠色商店
68,7-11文忠門市,116台北市文山區忠順街二段16號,A000688,廖培雁,(02)27478711,3961,,連鎖型綠色商店
69,7-11文林門市,111台北市士林區文林路169號,A000240,廖培雁,(02)27478711,3961,,連鎖型綠色商店
70,7-11文新門市,116台北市文山區樟新里木新路三段276號,A000622,廖培雁,(02)27478711,3961,,連鎖型綠色商店
71,7-11文儀門市,116台北市文山區木新路三段54.56號,A000601,廖培雁,(02)27478711,3961,,連鎖型綠色商店
72,7-11日內瓦門市,114台北市內湖區瑞光路76巷59號1樓,A000864,廖培雁,(02)27478711,3961,,連鎖型綠色商店
73,7-11木柵門市,116台北市文山區木柵路2段157號,A000257,廖培雁,(02)27478711,3961,,連鎖型綠色商店
74,7-11木盛門市,116台北市文山區木柵路三段88號,A000263,廖培雁,(02)27478711,3961,,連鎖型綠色商店
75,7-11木新門市,116台北市文山區木新路2段255號,A000235,廖培雁,(02)27478711,3961,,連鎖型綠色商店
76,7-11世新大門市,116台北市文山區木柵路1段17巷1號,A000636,廖培雁,(02)27478711,3961,,連鎖型綠色商店
77,7-11世運門市,108台北市萬華區昆明街81.83號,A000769,廖培雁,(02)27478711,3961,,連鎖型綠色商店
78,7-11仕吉門市,106台北市大安區忠孝東路4段223巷42號,A000819,廖培雁,(02)27478711,3961,,連鎖型綠色商店
79,7-11仙岩門市,116台北市文山區仙岩路18號,A000632,廖培雁,(02)27478711,3961,,連鎖型綠色商店
80,7-11冬樂門市,111台北市士林區美崙街112號一樓,A000625,廖培雁,(02)27478711,3961,,連鎖型綠色商店
81,7-11北投門市,112台北市北投區中和街222號,A000427,廖培雁,(02)27478711,3961,,連鎖型綠色商店
82,7-11北府門市,110台北市信義區松仁路160號,A000550,廖培雁,(02)27478711,3961,,連鎖型綠色商店
83,7-11北科大門市,106台北市大安區忠孝東路3段1號(台北科技大學大川堂),A000477,廖培雁,(02)27478711,3961,,連鎖型綠色商店
84,7-11北高鐵門市,100台北市中正區北平西路3號B1,A000888,廖培雁,(02)27478711,3961,,連鎖型綠色商店
85,7-11北榮門市,112台北市北投區石牌路二段201號(榮民總醫院生活廣場),A000741,廖培雁,(02)27478711,3961,,連鎖型綠色商店
86,7-11北福興門市,116台北市文山區興旺里福興路20號,A000448,廖培雁,(02)27478711,3961,,連鎖型綠色商店
87,7-11北醫大門市,110台北市信義區吳興街250號1樓,A000846,廖培雁,(02)27478711,3961,,連鎖型綠色商店
88,7-11北醫門市,110台北市信義區吳興街252號,A000823,廖培雁,(02)27478711,3961,,連鎖型綠色商店
89,7-11北體門市,105台北市松山區北寧路66號,A000747,廖培雁,(02)27478711,3961,,連鎖型綠色商店
90,7-11仟發門市,103台北市大同區民生西路95.97號,A000438,廖培雁,(02)27478711,3961,,連鎖型綠色商店
91,7-11古亭門市,106台北市中正區汀州路2段216號,A000233,廖培雁,(02)27478711,3961,,連鎖型綠色商店
92,7-11台大門市,100台北市中正區林森南路53.55號,A000774,廖培雁,(02)27478711,3961,,連鎖型綠色商店
93,7-11台大醫門市,100台北市中正區常德街1號,A000583,廖培雁,(02)27478711,3961,,連鎖型綠色商店
94,7-11台北1門市,100台北市中正區北平西路3號(東南站),A000604,廖培雁,(02)27478711,3961,,連鎖型綠色商店
95,7-11台北2門市,100台北市中正區北平西路3號(西南站),A000874,廖培雁,(02)27478711,3961,,連鎖型綠色商店
96,7-11台北3門市,100台北市中正區北平西路3號(西北站),A000663,廖培雁,(02)27478711,3961,,連鎖型綠色商店
97,7-11台北4門市,100台北市中正區北平西路3號(東北站),A000576,廖培雁,(02)27478711,3961,,連鎖型綠色商店
98,7-11台北五門市,100台北市中正區北平西路3號,A000772,廖培雁,(02)27478711,3961,,連鎖型綠色商店
99,7-11台北六門市,100台北市中正區北平西路3號,A000639,廖培雁,(02)27478711,3961,,連鎖型綠色商店
100,7-11台金門市,110台北市信義區松智路8號,A000358,廖培雁,(02)27478711,3961,,連鎖型綠色商店
101,7-11台科三門市,106台北市大安區基隆路四段43號第三餐廳,A000681,廖培雁,(02)27478711,3961,,連鎖型綠色商店
102,7-11市大門市,105台北市松山區市民大道路四段105號,A000499,廖培雁,(02)27478711,3961,,連鎖型綠色商店
103,7-11民北門市,105台北市松山區民生東路3段127巷6號,A000402,廖培雁,(02)27478711,3961,,連鎖型綠色商店
104,7-11民有門市,105台北市松山區民權東路3段108號,A000612,廖培雁,(02)27478711,3961,,連鎖型綠色商店
105,7-11民東門市,114台北市內湖區民權東路6段88號,A000379,廖培雁,(02)27478711,3961,,連鎖型綠色商店
106,7-11民美門市,104台北市中山區圓山里中山北路3段57號,A000643,廖培雁,(02)27478711,3961,,連鎖型綠色商店
107,7-11民復門市,105台北市松山區民生東路四段130號,A000667,廖培雁,(02)27478711,3961,,連鎖型綠色商店
108,7-11永信門市,110台北市信義區永吉路30巷103號,A000752,廖培雁,(02)27478711,3961,,連鎖型綠色商店
109,7-11永康門市,106台北市大安區永康街43號,A000202,廖培雁,(02)27478711,3961,,連鎖型綠色商店
110,7-11汀州門市,100台北市中正區汀州路一段129號,A000250,廖培雁,(02)27478711,3961,,連鎖型綠色商店
111,7-11玉成門市,115台北市南港區南港路3段3號,A000498,廖培雁,(02)27478711,3961,,連鎖型綠色商店
112,7-11玉德門市,115台北市南港區玉成街154號,A000190,廖培雁,(02)27478711,3961,,連鎖型綠色商店
113,7-11石捷門市,112台北市北投區石牌路二段8號,A000467,廖培雁,(02)27478711,3961,,連鎖型綠色商店
114,7-11禾光門市,106台北市大安區和平東路2段63號1樓,A000743,廖培雁,(02)27478711,3961,,連鎖型綠色商店
115,7-11立仁門市,106台北市大安區安和路二段74巷1號,A000287,廖培雁,(02)27478711,3961,,連鎖型綠色商店
116,7-11立農門市,112台北市北投區承德路7段378號,A000353,廖培雁,(02)27478711,3961,,連鎖型綠色商店
117,7-11伊東門市,104台北市中山區伊通街50號,A000618,廖培雁,(02)27478711,3961,,連鎖型綠色商店
118,7-11光中門市,112台北市北投區光明路122號,A000442,廖培雁,(02)27478711,3961,,連鎖型綠色商店
119,7-11光明門市,112台北市北投區光明路162.164號,A000189,廖培雁,(02)27478711,3961,,連鎖型綠色商店
120,7-11光東門市,110台北市信義區忠孝東路五段524巷1弄1號,A000192,廖培雁,(02)27478711,3961,,連鎖型綠色商店
121,7-11光復門市,110台北市信義區光復南路471號,A000729,廖培雁,(02)27478711,3961,,連鎖型綠色商店
122,7-11吉仁門市,105台北市松山區延吉街28號,A000330,廖培雁,(02)27478711,3961,,連鎖型綠色商店
123,7-11吉安門市,104台北市中山區吉林路365.367號,A000417,廖培雁,(02)27478711,3961,,連鎖型綠色商店
124,7-11吉忠門市,106台北市大安區延吉街72號,A000504,廖培雁,(02)27478711,3961,,連鎖型綠色商店
125,7-11吉林門市,104台北市中山區吉林路211號,A000780,廖培雁,(02)27478711,3961,,連鎖型綠色商店
126,7-11吉盛門市,105台北市松山區南京東路5段66巷3弄1號1樓,A000839,廖培雁,(02)27478711,3961,,連鎖型綠色商店
127,7-11同昌門市,106台北市中正區南昌路2段173號,A000502,廖培雁,(02)27478711,3961,,連鎖型綠色商店
128,7-11合江門市,104台北市中山區合江街60號,A000400,廖培雁,(02)27478711,3961,,連鎖型綠色商店
129,7-11合旺門市,106台北市大安區復興南路2段151巷41號,A000563,廖培雁,(02)27478711,3961,,連鎖型綠色商店
130,7-11安遠門市,112台北市北投區致遠二路149號,A000567,廖培雁,(02)27478711,3961,,連鎖型綠色商店
131,7-11成功門市,114台北市內湖區成功路二段252號,A000179,廖培雁,(02)27478711,3961,,連鎖型綠色商店
132,7-11成美門市,114台北市內湖區新明路317號,A000339,廖培雁,(02)27478711,3961,,連鎖型綠色商店
133,7-11成都門市,108台北市萬華區成都路94號,A000283,廖培雁,(02)27478711,3961,,連鎖型綠色商店
134,7-11成湖門市,114台北市內湖區成功路四段346號,A000614,廖培雁,(02)27478711,3961,,連鎖型綠色商店
135,7-11江東門市,104台北市中山區長安東路2段35-1號,A000303,廖培雁,(02)27478711,3961,,連鎖型綠色商店
136,7-11江陵門市,104台北市中山區一江街22號,A000479,廖培雁,(02)27478711,3961,,連鎖型綠色商店
137,7-11百齡門市,111台北市北投區石牌路一段35號,A000296,廖培雁,(02)27478711,3961,,連鎖型綠色商店
138,7-11至善天下門市,111台北市士林區至善路二段264號,A000588,廖培雁,(02)27478711,3961,,連鎖型綠色商店
139,7-11至誠門市,112台北市士林區至誠路二段31號,A000449,廖培雁,(02)27478711,3961,,連鎖型綠色商店
140,7-11行天門市,104台北市中山區農安街178號,A000383,廖培雁,(02)27478711,3961,,連鎖型綠色商店
141,7-11行義門市,112台北市北投區行義路33號,A000444,廖培雁,(02)27478711,3961,,連鎖型綠色商店
142,7-11行龍門市,114台北市內湖區行愛路128號,A000340,廖培雁,(02)27478711,3961,,連鎖型綠色商店
143,7-11西安門市,112台北市北投區大興街48號,A000454,廖培雁,(02)27478711,3961,,連鎖型綠色商店
144,7-11西武門市,114台北市內湖區內湖路一段285巷65弄2號,A000458,廖培雁,(02)27478711,3961,,連鎖型綠色商店
145,7-11西湖門市,114台北市內湖區內湖路一段321號,A000655,廖培雁,(02)27478711,3961,,連鎖型綠色商店
146,7-11庄研門市,115台北市南港區研究院路二段152號,A000606,廖培雁,(02)27478711,3961,,連鎖型綠色商店
147,7-11佑安門市,106台北市大安區忠孝東路三段217巷1弄2號,A000676,廖培雁,(02)27478711,3961,,連鎖型綠色商店
148,7-11克里斯門市,114台北市內湖區五分街41號1F,A000300,廖培雁,(02)27478711,3961,,連鎖型綠色商店
149,7-11克難門市,108台北市萬華區萬青街168號,A000539,廖培雁,(02)27478711,3961,,連鎖型綠色商店
150,7-11吳興門市,110台北市信義區吳興街284巷18弄2號,A000234,廖培雁,(02)27478711,3961,,連鎖型綠色商店
151,7-11宏旭門市,108台北市萬華區西園路一段246號,A000337,廖培雁,(02)27478711,3961,,連鎖型綠色商店
152,7-11宏泰門市,110台北市信義區松仁路91-1號1樓,A000775,廖培雁,(02)27478711,3961,,連鎖型綠色商店
153,7-11技安門市,106台北市大安區和平東路3段97號,A000501,廖培雁,(02)27478711,3961,,連鎖型綠色商店
154,7-11秀山門市,112台北市北投區中和街476.478號,A000895,廖培雁,(02)27478711,3961,,連鎖型綠色商店
155,7-11育商門市,105台北市松山區八德路三段155巷2號,A000569,廖培雁,(02)27478711,3961,,連鎖型綠色商店
156,7-11見晴門市,114台北市內湖區瑞光路196號,A000266,廖培雁,(02)27478711,3961,,連鎖型綠色商店
157,7-11辛亥門市,106台北市大安區辛亥路2段57號,A000268,廖培雁,(02)27478711,3961,,連鎖型綠色商店
158,7-11京育門市,105台北市松山區南京東路四段70號,A000325,廖培雁,(02)27478711,3961,,連鎖型綠色商店
159,7-11京都門市,104台北市中山區林森北路411號,A000481,廖培雁,(02)27478711,3961,,連鎖型綠色商店
160,7-11佳佳門市,104台北市中山區民生東路二段157號,A000813,廖培雁,(02)27478711,3961,,連鎖型綠色商店
161,7-11佳樂門市,115台北市南港區南港路一段305號,A000298,廖培雁,(02)27478711,3961,,連鎖型綠色商店
162,7-11和安門市,106台北市大安區和平東路三段230號,A000319,廖培雁,(02)27478711,3961,,連鎖型綠色商店
163,7-11和金門市,106台北市大安區和平東路1段91號,A000289,廖培雁,(02)27478711,3961,,連鎖型綠色商店
164,7-11和泰門市,106台北市大安區和平東路一段169號,A000430,廖培雁,(02)27478711,3961,,連鎖型綠色商店
165,7-11和業門市,112台北市北投區中和街10號,A000666,廖培雁,(02)27478711,3961,,連鎖型綠色商店
166,7-11奇岩門市,112台北市北投區崇仁路一段76號,A000231,廖培雁,(02)27478711,3961,,連鎖型綠色商店
167,7-11官邸門市,111台北市士林區中正路115號,A000200,廖培雁,(02)27478711,3961,,連鎖型綠色商店
168,7-11延吉門市,106台北市大安區延吉街237號,A000760,廖培雁,(02)27478711,3961,,連鎖型綠色商店
169,7-11延年門市,103台北市大同區延平北路3段61-5號,A000187,廖培雁,(02)27478711,3961,,連鎖型綠色商店
170,7-11延埕門市,103台北市大同區延平北路2段159.161號.,A000527,廖培雁,(02)27478711,3961,,連鎖型綠色商店
171,7-11延華門市,103台北市大同區延平北路一段78.80號,A000781,廖培雁,(02)27478711,3961,,連鎖型綠色商店
172,7-11延壽門市,105台北市松山區延壽街422號,A000443,廖培雁,(02)27478711,3961,,連鎖型綠色商店
173,7-11延龍門市,103台北市大同區延平北路4段6.8號,A000423,廖培雁,(02)27478711,3961,,連鎖型綠色商店
174,7-11征東門市,105台北市松山區新東街15巷1號,A000566,廖培雁,(02)27478711,3961,,連鎖型綠色商店
175,7-11征唐門市,105台北市松山區民生東路五段197號,A000447,廖培雁,(02)27478711,3961,,連鎖型綠色商店
176,7-11忠順門市,116台北市文山區忠順街一段101號,A000494,廖培雁,(02)27478711,3961,,連鎖型綠色商店
177,7-11忠聯門市,100台北市中正區忠孝東路二段102號,A000224,廖培雁,(02)27478711,3961,,連鎖型綠色商店
178,7-11承啟門市,112台北市北投區福興里承德路七段76號,A000349,廖培雁,(02)27478711,3961,,連鎖型綠色商店
179,7-11承富門市,111台北市士林區承德路四段39號,A000568,廖培雁,(02)27478711,3961,,連鎖型綠色商店
180,7-11承華門市,103台北市大同區承德路一段22號,A000651,廖培雁,(02)27478711,3961,,連鎖型綠色商店
181,7-11承運門市,104台北市中山區南京西路16號捷運中山站B1區,A000404,廖培雁,(02)27478711,3961,,連鎖型綠色商店
182,7-11昌吉門市,103台北市大同區承德路3段74號.,A000628,廖培雁,(02)27478711,3961,,連鎖型綠色商店
183,7-11昌隆門市,110台北市信義區基隆路二段131-4號,A000238,廖培雁,(02)27478711,3961,,連鎖型綠色商店
184,7-11昆陽門市,115台北市南港區忠孝東路6段448號,A000274,廖培雁,(02)27478711,3961,,連鎖型綠色商店
185,7-11昆寧門市,108台北市萬華區西寧南路50巷3號.5號,A000773,廖培雁,(02)27478711,3961,,連鎖型綠色商店
186,7-11昆福門市,108台北市萬華區昆明街46號,A000288,廖培雁,(02)27478711,3961,,連鎖型綠色商店
187,7-11明湖門市,114台北市內湖區東湖路45號,A000318,廖培雁,(02)27478711,3961,,連鎖型綠色商店
188,7-11明華門市,112台北市北投區明德路99號,A000648,廖培雁,(02)27478711,3961,,連鎖型綠色商店
189,7-11明德門市,112台北市北投區明德路114號,A000514,廖培雁,(02)27478711,3961,,連鎖型綠色商店
190,7-11東王門市,104台北市中山區南京東路一段92號,A000857,廖培雁,(02)27478711,3961,,連鎖型綠色商店
191,7-11東光門市,105台北市松山區南京東路5段17號,A000776,廖培雁,(02)27478711,3961,,連鎖型綠色商店
192,7-11東吉門市,105台北市松山區民生東路5段117號,A000232,廖培雁,(02)27478711,3961,,連鎖型綠色商店
193,7-11東洋門市,111台北市士林區中山北路7段14巷19號Ｂ1,A000506,廖培雁,(02)27478711,3961,,連鎖型綠色商店
194,7-11東崙門市,104台北市中山區八德路二段282號,A000256,廖培雁,(02)27478711,3961,,連鎖型綠色商店
195,7-11東祥門市,100台北市中正區貴陽街一段56號B1,A000253,廖培雁,(02)27478711,3961,,連鎖型綠色商店
196,7-11東華門市,112台北市北投區裕民一路40巷1號,A000212,廖培雁,(02)27478711,3961,,連鎖型綠色商店
197,7-11東勢門市,105台北市松山區南京東路4段131號,A000394,廖培雁,(02)27478711,3961,,連鎖型綠色商店
198,7-11東暉門市,110台北市信義區忠孝東路4段514號,A000495,廖培雁,(02)27478711,3961,,連鎖型綠色商店
199,7-11東榮門市,105台北市松山區民生東路5段65號,A000272,廖培雁,(02)27478711,3961,,連鎖型綠色商店
200,7-11東鑫門市,105台北市松山區民生東路4段55巷10號,A000795,廖培雁,(02)27478711,3961,,連鎖型綠色商店
201,7-11林北門市,104台北市中山區林森北路362號,A000616,廖培雁,(02)27478711,3961,,連鎖型綠色商店
202,7-11林安門市,104台北市中山區林森北路572號,A000811,廖培雁,(02)27478711,3961,,連鎖型綠色商店
203,7-11林坊門市,115台北市南港區東新街80巷1號,A000812,廖培雁,(02)27478711,3961,,連鎖型綠色商店
204,7-11林森門市,104台北市中山區林森北路500號,A000228,廖培雁,(02)27478711,3961,,連鎖型綠色商店
205,7-11松山門市,110台北市信義區忠孝東路5段386號,A000630,廖培雁,(02)27478711,3961,,連鎖型綠色商店
206,7-11松仁門市,110台北市信義區松仁路213號,A000360,廖培雁,(02)27478711,3961,,連鎖型綠色商店
207,7-11松民門市,105台北市松山區三民路10號,A000871,廖培雁,(02)27478711,3961,,連鎖型綠色商店
208,7-11松禾門市,105台北市松山區塔悠路31.33號,A000900,廖培雁,(02)27478711,3961,,連鎖型綠色商店
209,7-11松信門市,110台北市信義區文藝里永吉路180巷67弄5號,A000492,廖培雁,(02)27478711,3961,,連鎖型綠色商店
210,7-11松家門市,110台北市信義區松山路604號,A000276,廖培雁,(02)27478711,3961,,連鎖型綠色商店
211,7-11松高門市,110台北市信義區基隆路一段135-2號,A000686,廖培雁,(02)27478711,3961,,連鎖型綠色商店
212,7-11松捷門市,110台北市信義區忠孝東路五段1之6號,A000596,廖培雁,(02)27478711,3961,,連鎖型綠色商店
213,7-11松盛門市,104台北市中山區南京東路二段115巷1號,A000374,廖培雁,(02)27478711,3961,,連鎖型綠色商店
214,7-11松智門市,110台北市信義區莊敬路325巷43號,A000493,廖培雁,(02)27478711,3961,,連鎖型綠色商店
215,7-11松隆門市,110台北市信義區松隆路286號,A000593,廖培雁,(02)27478711,3961,,連鎖型綠色商店
216,7-11松義門市,110台北市信義區松德路271號,A000807,廖培雁,(02)27478711,3961,,連鎖型綠色商店
217,7-11松運門市,104台北市中山區松江路101號,A000733,廖培雁,(02)27478711,3961,,連鎖型綠色商店
218,7-11松錢門市,110台北市信義區松隆路159巷1號,A000277,廖培雁,(02)27478711,3961,,連鎖型綠色商店
219,7-11松錦門市,104台北市中山區松江路305號.,A000586,廖培雁,(02)27478711,3961,,連鎖型綠色商店
220,7-11松饒門市,105台北市松山區慈祐里八德路4段767.769號.,A000248,廖培雁,(02)27478711,3961,,連鎖型綠色商店
221,7-11松鑫門市,104台北市中山區松江路208號,A000881,廖培雁,(02)27478711,3961,,連鎖型綠色商店
222,7-11松鑽門市,105台北市松山區八德路四段686號,A000814,廖培雁,(02)27478711,3961,,連鎖型綠色商店
223,7-11欣安和門市,106台北市大安區安和路一段47號,A000862,廖培雁,(02)27478711,3961,,連鎖型綠色商店
224,7-11欣旺門市,104台北市中山區北安路604.606號,A000416,廖培雁,(02)27478711,3961,,連鎖型綠色商店
225,7-11欣漢華門市,100台北市中正區中華路一段41號1樓,A000875,廖培雁,(02)27478711,3961,,連鎖型綠色商店
226,7-11欣福門市,114台北市內湖區民權東路6段120巷7弄8號,A000372,廖培雁,(02)27478711,3961,,連鎖型綠色商店
227,7-11直安門市,104台北市中山區北安路649號,A000227,廖培雁,(02)27478711,3961,,連鎖型綠色商店
228,7-11知心門市,112台北市北投區知行路201巷1號,A000328,廖培雁,(02)27478711,3961,,連鎖型綠色商店
229,7-11社中門市,111台北市士林區社中街311-313號,A000879,廖培雁,(02)27478711,3961,,連鎖型綠色商店
230,7-11社鑽門市,111台北市士林區中正路637號,A000424,廖培雁,(02)27478711,3961,,連鎖型綠色商店
231,7-11芝山門市,112台北市士林區福華路128巷2號,A000335,廖培雁,(02)27478711,3961,,連鎖型綠色商店
232,7-11芝玉門市,112台北市士林區忠義街121號,A000649,廖培雁,(02)27478711,3961,,連鎖型綠色商店
233,7-11芙蓉門市,106台北市大安區仁愛路三段94號,A000761,廖培雁,(02)27478711,3961,,連鎖型綠色商店
234,7-11花市門市,106台北市大安區建國南路一段274號,A000646,廖培雁,(02)27478711,3961,,連鎖型綠色商店
235,7-11虎林門市,110台北市信義區忠孝東路5段472號,A000292,廖培雁,(02)27478711,3961,,連鎖型綠色商店
236,7-11金山門市,100台北市中正區金山南路1段108號,A000368,廖培雁,(02)27478711,3961,,連鎖型綠色商店
237,7-11金和門市,112台北市北投區中和街318號,A000247,廖培雁,(02)27478711,3961,,連鎖型綠色商店
238,7-11金信門市,106台北市大安區金山南路2段18號1樓,A000833,廖培雁,(02)27478711,3961,,連鎖型綠色商店
239,7-11金宴門市,104台北市中山區建國北路二段151巷8號1樓,A000902,廖培雁,(02)27478711,3961,,連鎖型綠色商店
240,7-11金恩門市,116台北市文山區指南路二段149號,A000241,廖培雁,(02)27478711,3961,,連鎖型綠色商店
241,7-11金湖門市,114台北市內湖區文湖街83號1樓,A000260,廖培雁,(02)27478711,3961,,連鎖型綠色商店
242,7-11金華門市,106台北市大安區金華街140之1號,A000482,廖培雁,(02)27478711,3961,,連鎖型綠色商店
243,7-11金雲門市,114台北市內湖區星雲街136號,A000465,廖培雁,(02)27478711,3961,,連鎖型綠色商店
244,7-11金碧門市,114台北市內湖區金龍路224號,A000441,廖培雁,(02)27478711,3961,,連鎖型綠色商店
245,7-11金德門市,114台北市內湖區金龍路5號1F,A000641,廖培雁,(02)27478711,3961,,連鎖型綠色商店
246,7-11金龍門市,114台北市內湖區金龍路64號,A000376,廖培雁,(02)27478711,3961,,連鎖型綠色商店
247,7-11金聯發門市,114台北市內湖區內湖路三段141巷7號,A000299,廖培雁,(02)27478711,3961,,連鎖型綠色商店
248,7-11金鑽門市,104台北市中山區民權西路66號,A000180,廖培雁,(02)27478711,3961,,連鎖型綠色商店
249,7-11長中門市,104台北市中山區中山北路2段40-1號,A000323,廖培雁,(02)27478711,3961,,連鎖型綠色商店
250,7-11長北門市,104台北市中山區長春路11號,A000216,廖培雁,(02)27478711,3961,,連鎖型綠色商店
251,7-11長松門市,104台北市中山區松江路65號,A000341,廖培雁,(02)27478711,3961,,連鎖型綠色商店
252,7-11長星門市,106台北市大安區基隆路3段85號,A000727,廖培雁,(02)27478711,3961,,連鎖型綠色商店
253,7-11長津門市,104台北市中山區長安東路1段12號,A000551,廖培雁,(02)27478711,3961,,連鎖型綠色商店
254,7-11長峰門市,103台北市大同區長安西路45號之1,A000877,廖培雁,(02)27478711,3961,,連鎖型綠色商店
255,7-11長通門市,104台北市中山區長安東路二段101號,A000595,廖培雁,(02)27478711,3961,,連鎖型綠色商店
256,7-11長塑門市,105台北市松山區敦化北路199巷2弄1號,A000348,廖培雁,(02)27478711,3961,,連鎖型綠色商店
257,7-11長新門市,104台北市中山區長安東路1段73號,A000724,廖培雁,(02)27478711,3961,,連鎖型綠色商店
258,7-11長鴻門市,114台北市內湖區大湖山莊街219巷1號1樓,A000487,廖培雁,(02)27478711,3961,,連鎖型綠色商店
259,7-11雨聲門市,111台北市士林區雨聲街63號,A000431,廖培雁,(02)27478711,3961,,連鎖型綠色商店
260,7-11青島門市,100台北市中正區青島東路4號,A000249,廖培雁,(02)27478711,3961,,連鎖型綠色商店
261,7-11青園門市,108台北市萬華區青年路12號,A000559,廖培雁,(02)27478711,3961,,連鎖型綠色商店
262,7-11信中門市,106台北市大安區信義路三段101號,A000564,廖培雁,(02)27478711,3961,,連鎖型綠色商店
263,7-11信吉門市,110台北市信義區永吉路278巷58弄2號,A000669,廖培雁,(02)27478711,3961,,連鎖型綠色商店
264,7-11信安門市,106台北市大安區大安路一段218號,A000398,廖培雁,(02)27478711,3961,,連鎖型綠色商店
265,7-11信林門市,110台北市信義區虎林街222巷8號,A000792,廖培雁,(02)27478711,3961,,連鎖型綠色商店
266,7-11信義門市,106台北市大安區信義路4段265巷12弄1號,A000311,廖培雁,(02)27478711,3961,,連鎖型綠色商店
267,7-11信運門市,110台北市信義區松勤街100號1樓,A000837,廖培雁,(02)27478711,3961,,連鎖型綠色商店
268,7-11信嘉門市,110台北市信義區嘉興街181巷21號,A000671,廖培雁,(02)27478711,3961,,連鎖型綠色商店
269,7-11信德門市,110台北市信義區松德路200巷10號,A000765,廖培雁,(02)27478711,3961,,連鎖型綠色商店
270,7-11信興門市,106台北市大安區信義路四段32號,A000605,廖培雁,(02)27478711,3961,,連鎖型綠色商店
271,7-11信醫門市,110台北市信義區吳興街346.348號,A000680,廖培雁,(02)27478711,3961,,連鎖型綠色商店
272,7-11保聖門市,103台北市大同區酒泉街58.60號,A000278,廖培雁,(02)27478711,3961,,連鎖型綠色商店
273,7-11南西門市,103台北市大同區南京西路316號,A000540,廖培雁,(02)27478711,3961,,連鎖型綠色商店
274,7-11南京門市,105台北市松山區南京東路3段303巷5號,A000451,廖培雁,(02)27478711,3961,,連鎖型綠色商店
275,7-11南昌門市,100台北市中正區南昌路一段72號,A000373,廖培雁,(02)27478711,3961,,連鎖型綠色商店
276,7-11南海門市,100台北市中正區南海路50號,A000799,廖培雁,(02)27478711,3961,,連鎖型綠色商店
277,7-11南機場門市,108台北市萬華區中華路二段366號,A000425,廖培雁,(02)27478711,3961,,連鎖型綠色商店
278,7-11哈蜜門市,103台北市大同區重慶北路3段309號.,A000389,廖培雁,(02)27478711,3961,,連鎖型綠色商店
279,7-11威克門市,104台北市中山區復興北路90號,A000753,廖培雁,(02)27478711,3961,,連鎖型綠色商店
280,7-11威京門市,105台北市松山區八德路四段151號,A000779,廖培雁,(02)27478711,3961,,連鎖型綠色商店
281,7-11建安門市,106台北市大安區敦化南路一段187巷29號,A000517,廖培雁,(02)27478711,3961,,連鎖型綠色商店
282,7-11建忠門市,106台北市大安區忠孝東路三段249號,A000767,廖培雁,(02)27478711,3961,,連鎖型綠色商店
283,7-11建欣門市,104台北市中山區建國北路二段65號,A000201,廖培雁,(02)27478711,3961,,連鎖型綠色商店
284,7-11建南門市,106台北市大安區建國南路二段151巷6之8號,A000273,廖培雁,(02)27478711,3961,,連鎖型綠色商店
285,7-11建綸門市,106台北市大安區仁愛路4段151巷27號,A000722,廖培雁,(02)27478711,3961,,連鎖型綠色商店
286,7-11建錦門市,104台北市中山區錦州街308號,A000346,廖培雁,(02)27478711,3961,,連鎖型綠色商店
287,7-11建龍門市,104台北市中山區龍江路238號,A000821,廖培雁,(02)27478711,3961,,連鎖型綠色商店
288,7-11恆安門市,106台北市大安區永康街7-1號,A000191,廖培雁,(02)27478711,3961,,連鎖型綠色商店
289,7-11指南門市,116台北市文山區指南路一段26號,A000508,廖培雁,(02)27478711,3961,,連鎖型綠色商店
290,7-11政大門市,116台北市文山區指南路2段99.101號,A000207,廖培雁,(02)27478711,3961,,連鎖型綠色商店
291,7-11政揚門市,116台北市文山區指南路二段64號(商學大樓),A000718,廖培雁,(02)27478711,3961,,連鎖型綠色商店
292,7-11政戰門市,112台北市北投區中央北路二段15.17號,A000610,廖培雁,(02)27478711,3961,,連鎖型綠色商店
293,7-11春天門市,112台北市北投區泉源路12號,A000594,廖培雁,(02)27478711,3961,,連鎖型綠色商店
294,7-11春城門市,104台北市中山區長春路135.135之1號,A000309,廖培雁,(02)27478711,3961,,連鎖型綠色商店
295,7-11春森門市,104台北市中山區長春路67號,A000522,廖培雁,(02)27478711,3961,,連鎖型綠色商店
296,7-11春龍門市,104台北市中山區長春路257號,A000754,廖培雁,(02)27478711,3961,,連鎖型綠色商店
297,7-11星成門市,114台北市內湖區星雲街17號,A000893,廖培雁,(02)27478711,3961,,連鎖型綠色商店
298,7-11泉北門市,112台北市北投區溫泉路70號,A000657,廖培雁,(02)27478711,3961,,連鎖型綠色商店
299,7-11泉源門市,112台北市北投區泉源路30號地下一樓,A000284,廖培雁,(02)27478711,3961,,連鎖型綠色商店
300,7-11洲子門市,114台北市內湖區瑞光路517號1樓,A000861,廖培雁,(02)27478711,3961,,連鎖型綠色商店
301,7-11洲美門市,111台北市士林區延平北路六段505號,A000714,廖培雁,(02)27478711,3961,,連鎖型綠色商店
302,7-11牯嶺門市,106台北市中正區廈門街113巷17號,A000516,廖培雁,(02)27478711,3961,,連鎖型綠色商店
303,7-11研究門市,115台北市南港區研究院路2段14號,A000302,廖培雁,(02)27478711,3961,,連鎖型綠色商店
304,7-11科技站門市,106台北市大安區復興南路2段203號,A000749,廖培雁,(02)27478711,3961,,連鎖型綠色商店
305,7-11科建門市,106台北市大安區建國南路一段28.30號,A000338,廖培雁,(02)27478711,3961,,連鎖型綠色商店
306,7-11美麗華門市,104台北市中山區北安路839-1號,A000513,廖培雁,(02)27478711,3961,,連鎖型綠色商店
307,7-11致遠門市,112台北市北投區石牌路一段126號,A000223,廖培雁,(02)27478711,3961,,連鎖型綠色商店
308,7-11軍總門市,106台北市中正區汀州路三段153.155號,A000314,廖培雁,(02)27478711,3961,,連鎖型綠色商店
309,7-11迪化門市,103台北市大同區民生西路343.345號,A000445,廖培雁,(02)27478711,3961,,連鎖型綠色商店
310,7-11重南門市,100台北市中正區重慶南路1段75號,A000468,廖培雁,(02)27478711,3961,,連鎖型綠色商店
311,7-11革新門市,110台北市信義區永吉路32號,A000626,廖培雁,(02)27478711,3961,,連鎖型綠色商店
312,7-11風復門市,105台北市松山區復興南路1段43號,A000294,廖培雁,(02)27478711,3961,,連鎖型綠色商店
313,7-11首都門市,105台北市松山區南京東路4段51號之2,A000831,廖培雁,(02)27478711,3961,,連鎖型綠色商店
314,7-11香城門市,115台北市南港區南港路一段167號1樓,A000896,廖培雁,(02)27478711,3961,,連鎖型綠色商店
315,7-11原中門市,104台北市中山區中原街121號,A000377,廖培雁,(02)27478711,3961,,連鎖型綠色商店
316,7-11師大門市,106台北市大安區師大路87號,A000367,廖培雁,(02)27478711,3961,,連鎖型綠色商店
317,7-11悅來門市,114台北市內湖區五分街1號,A000463,廖培雁,(02)27478711,3961,,連鎖型綠色商店
318,7-11振華門市,112台北市北投區石牌路2段80.82號,A000393,廖培雁,(02)27478711,3961,,連鎖型綠色商店
319,7-11晉江門市,106台北市中正區和平西路一段26號,A000236,廖培雁,(02)27478711,3961,,連鎖型綠色商店
320,7-11晏揚門市,114台北市內湖區康寧路三段99巷14號,A000252,廖培雁,(02)27478711,3961,,連鎖型綠色商店
321,7-11桂明門市,108台北市萬華區桂林路55號,A000410,廖培雁,(02)27478711,3961,,連鎖型綠色商店
322,7-11桂林門市,108台北市萬華區桂林路160號,A000387,廖培雁,(02)27478711,3961,,連鎖型綠色商店
323,7-11泰利門市,106台北市大安區仁愛路四段266巷15弄22號,A000883,廖培雁,(02)27478711,3961,,連鎖型綠色商店
324,7-11留公門市,110台北市信義區福德街249號,A000304,廖培雁,(02)27478711,3961,,連鎖型綠色商店
325,7-11草山門市,111台北市士林區格致路28號,A000565,廖培雁,(02)27478711,3961,,連鎖型綠色商店
326,7-11酒泉門市,103台北市大同區酒泉街110號,A000638,廖培雁,(02)27478711,3961,,連鎖型綠色商店
327,7-11挹翠門市,110台北市信義區基隆路二段151號,A000306,廖培雁,(02)27478711,3961,,連鎖型綠色商店
328,7-11健一門市,105台北市松山區健康路10號,A000403,廖培雁,(02)27478711,3961,,連鎖型綠色商店
329,7-11曼哈頓門市,110台北市信義區松壽路12號之B1,A000887,廖培雁,(02)27478711,3961,,連鎖型綠色商店
330,7-11國旺門市,104台北市中山區南京東路一段132巷8號,A000491,廖培雁,(02)27478711,3961,,連鎖型綠色商店
331,7-11國貿門市,110台北市信義區基隆路一段333號B3,A000600,廖培雁,(02)27478711,3961,,連鎖型綠色商店
332,7-11國賓門市,104台北市中山區中山北路二段75-1號,A000472,廖培雁,(02)27478711,3961,,連鎖型綠色商店
333,7-11國學門市,104台北市中山區長春路182號,A000585,廖培雁,(02)27478711,3961,,連鎖型綠色商店
334,7-11國興門市,108台北市萬華區國興路104號,A000503,廖培雁,(02)27478711,3961,,連鎖型綠色商店
335,7-11國醫門市,114台北市內湖區成功路二段325號,A000251,廖培雁,(02)27478711,3961,,連鎖型綠色商店
336,7-11國雙門市,108台北市萬華區新忠里西藏路125巷17號,A000858,廖培雁,(02)27478711,3961,,連鎖型綠色商店
337,7-11基河門市,104台北市中山區敬業3路162巷212號,A000388,廖培雁,(02)27478711,3961,,連鎖型綠色商店
338,7-11婦聯門市,105台北市松山區健康路220號1樓,A000548,廖培雁,(02)27478711,3961,,連鎖型綠色商店
339,7-11崇光門市,106台北市大安區復興南路一段135巷5號,A000485,廖培雁,(02)27478711,3961,,連鎖型綠色商店
340,7-11崇德門市,110台北市信義區崇德街95號,A000878,廖培雁,(02)27478711,3961,,連鎖型綠色商店
341,7-11崑崙門市,104台北市中山區中山北路一段105巷13號,A000510,廖培雁,(02)27478711,3961,,連鎖型綠色商店
342,7-11康明門市,114台北市內湖區康寧路三段165巷23弄1號,A000728,廖培雁,(02)27478711,3961,,連鎖型綠色商店
343,7-11康喜門市,116台北市文山區興隆路三段42號,A000315,廖培雁,(02)27478711,3961,,連鎖型綠色商店
344,7-11康雲門市,114台北市內湖區康寧路一段160號,A000452,廖培雁,(02)27478711,3961,,連鎖型綠色商店
345,7-11康寧門市,114台北市內湖區康寧路三段26巷1號,A000203,廖培雁,(02)27478711,3961,,連鎖型綠色商店
346,7-11康醫門市,114台北市內湖區成功路5段420巷30號,A000285,廖培雁,(02)27478711,3961,,連鎖型綠色商店
347,7-11彩龍門市,114台北市內湖區行善路35號1F,A000255,廖培雁,(02)27478711,3961,,連鎖型綠色商店
348,7-11捷忠門市,110台北市信義區忠孝東路5段617號,A000764,廖培雁,(02)27478711,3961,,連鎖型綠色商店
349,7-11捷盟門市,108台北市萬華區漢中街51號,A000362,廖培雁,(02)27478711,3961,,連鎖型綠色商店
350,7-11捷戰門市,100台北市中正區忠孝西路一段50-1號(捷運地下街),A000577,廖培雁,(02)27478711,3961,,連鎖型綠色商店
351,7-11掬華門市,100台北市萬華區中華路2段407號,A000351,廖培雁,(02)27478711,3961,,連鎖型綠色商店
352,7-11教育大門市,100台北市中正區愛國西路1號教育大學內,A000715,廖培雁,(02)27478711,3961,,連鎖型綠色商店
353,7-11教育大學門市,106台北市大安區敦南街38號,A000603,廖培雁,(02)27478711,3961,,連鎖型綠色商店
354,7-11涼州門市,103台北市大同區延平北路二段260號之1.2,A000380,廖培雁,(02)27478711,3961,,連鎖型綠色商店
355,7-11添恩門市,116台北市文山區指南路3段8.10號,A000270,廖培雁,(02)27478711,3961,,連鎖型綠色商店
356,7-11清圳門市,114台北市內湖區東湖路113巷88號,A000891,廖培雁,(02)27478711,3961,,連鎖型綠色商店
357,7-11清愿門市,105台北市松山區八德路2段439號,A000392,廖培雁,(02)27478711,3961,,連鎖型綠色商店
358,7-11統全門市,106台北市中正區汀州路三段249號,A000354,廖培雁,(02)27478711,3961,,連鎖型綠色商店
359,7-11統威門市,105台北市松山區東興路13之1號,A000336,廖培雁,(02)27478711,3961,,連鎖型綠色商店
360,7-11統家門市,106台北市大安區忠孝東路4段216巷21號,A000538,廖培雁,(02)27478711,3961,,連鎖型綠色商店
361,7-11統勝門市,112台北市北投區自強街82號,A000356,廖培雁,(02)27478711,3961,,連鎖型綠色商店
362,7-11統誠門市,110台北市信義區松高路11號B2第57櫃,A000844,廖培雁,(02)27478711,3961,,連鎖型綠色商店
363,7-11統領門市,106台北市大安區忠孝東路4段205巷7弄1號,A000581,廖培雁,(02)27478711,3961,,連鎖型綠色商店
364,7-11統聯門市,100台北市中正區忠孝東路二段130-2.130-3,A000271,廖培雁,(02)27478711,3961,,連鎖型綠色商店
365,7-11莊福門市,104台北市中山區長春路168號,A000194,廖培雁,(02)27478711,3961,,連鎖型綠色商店
366,7-11通化門市,106台北市大安區通化街26之8號,A000770,廖培雁,(02)27478711,3961,,連鎖型綠色商店
367,7-11頂好門市,106台北市大安區仁愛路4段65號,A000796,廖培雁,(02)27478711,3961,,連鎖型綠色商店
368,7-11頂東門市,106台北市大安區大安路一段43號,A000437,廖培雁,(02)27478711,3961,,連鎖型綠色商店
369,7-11鹿鳴門市,106台北市大安區羅斯福路4段1號,A000434,廖培雁,(02)27478711,3961,,連鎖型綠色商店
370,7-11麥田門市,104台北市中山區晴光里中山北路3段47號,A000384,廖培雁,(02)27478711,3961,,連鎖型綠色商店
371,7-11凱立門市,112台北市士林區忠義街68號,A000838,廖培雁,(02)27478711,3961,,連鎖型綠色商店
372,7-11凱松門市,115台北市南港區八德路4段808-1.810號1樓.,A000532,廖培雁,(02)27478711,3961,,連鎖型綠色商店
373,7-11凱悅門市,110台北市信義區基隆路一段366號,A000822,廖培雁,(02)27478711,3961,,連鎖型綠色商店
374,7-11勝權門市,104台北市中山區民權東路二段26號,A000533,廖培雁,(02)27478711,3961,,連鎖型綠色商店
375,7-11博美門市,100台北市中正區博愛路98號,A000359,廖培雁,(02)27478711,3961,,連鎖型綠色商店
376,7-11博源門市,100台北市中正區思源街16號,A000849,廖培雁,(02)27478711,3961,,連鎖型綠色商店
377,7-11喜悅門市,106台北市大安區復興南路2段80號,A000827,廖培雁,(02)27478711,3961,,連鎖型綠色商店
378,7-11富帆門市,100台北市萬華區華中里萬大路464號一樓,A000672,廖培雁,(02)27478711,3961,,連鎖型綠色商店
379,7-11富邦門市,112台北市北投區實踐街22.24號,A000575,廖培雁,(02)27478711,3961,,連鎖型綠色商店
380,7-11富港門市,114台北市內湖區港富里港墘路15號1樓,A000652,廖培雁,(02)27478711,3961,,連鎖型綠色商店
381,7-11富陽門市,106台北市大安區和平東路3段310號,A000206,廖培雁,(02)27478711,3961,,連鎖型綠色商店
382,7-11復北門市,104台北市中山區復興北路164號,A000229,廖培雁,(02)27478711,3961,,連鎖型綠色商店
383,7-11復旦門市,105台北市松山區敦化南路1段5號,A000347,廖培雁,(02)27478711,3961,,連鎖型綠色商店
384,7-11復安門市,105台北市松山區復興北路231巷6號,A000460,廖培雁,(02)27478711,3961,,連鎖型綠色商店
385,7-11復昌門市,106台北市大安區通化里光復南路616號,A000486,廖培雁,(02)27478711,3961,,連鎖型綠色商店
386,7-11復春門市,105台北市松山區復興北路179號,A000624,廖培雁,(02)27478711,3961,,連鎖型綠色商店
387,7-11復維門市,106台北市大安區復興南路二段17號,A000343,廖培雁,(02)27478711,3961,,連鎖型綠色商店
388,7-11復錦門市,104台北市中山區復興北路352號,A000745,廖培雁,(02)27478711,3961,,連鎖型綠色商店
389,7-11惠安門市,110台北市信義區惠安里吳興街520號,A000592,廖培雁,(02)27478711,3961,,連鎖型綠色商店
390,7-11敦化門市,105台北市松山區敦化北路222巷50號,A000631,廖培雁,(02)27478711,3961,,連鎖型綠色商店
391,7-11敦北門市,105台北市松山區敦化北路143號,A000617,廖培雁,(02)27478711,3961,,連鎖型綠色商店
392,7-11敦安門市,106台北市大安區安和路一段86號,A000334,廖培雁,(02)27478711,3961,,連鎖型綠色商店
393,7-11敦信門市,106台北市大安區敦化南路1段329巷17號,A000366,廖培雁,(02)27478711,3961,,連鎖型綠色商店
394,7-11敦南門市,106台北市大安區敦化南路一段236巷13號,A000742,廖培雁,(02)27478711,3961,,連鎖型綠色商店
395,7-11敦厚門市,110台北市信義區永吉路30巷178弄1號,A000375,廖培雁,(02)27478711,3961,,連鎖型綠色商店
396,7-11敦頂門市,106台北市大安區忠孝東路4段101巷7號,A000184,廖培雁,(02)27478711,3961,,連鎖型綠色商店
397,7-11敦隆門市,106台北市大安區敦化南路2段200巷16號,A000739,廖培雁,(02)27478711,3961,,連鎖型綠色商店
398,7-11敦維門市,106台北市大安區四維路21號,A000421,廖培雁,(02)27478711,3961,,連鎖型綠色商店
399,7-11敦親門市,106台北市大安區辛亥路二段171巷8號,A000740,廖培雁,(02)27478711,3961,,連鎖型綠色商店
400,7-11晶華門市,104台北市中山區林森北路262號,A000225,廖培雁,(02)27478711,3961,,連鎖型綠色商店
401,7-11景中門市,116台北市文山區景文里景文街96.98號,A000265,廖培雁,(02)27478711,3961,,連鎖型綠色商店
402,7-11景高門市,116台北市文山區景華里景興路14號,A000845,廖培雁,(02)27478711,3961,,連鎖型綠色商店
403,7-11景捷門市,116台北市文山區景福街252號,A000873,廖培雁,(02)27478711,3961,,連鎖型綠色商店
404,7-11景華門市,116台北市文山區興東里景華街130號,A000820,廖培雁,(02)27478711,3961,,連鎖型綠色商店
405,7-11景興門市,116台北市文山區景興路113.115號.,A000768,廖培雁,(02)27478711,3961,,連鎖型綠色商店
406,7-11曾德門市,104台北市中山區錦州街21-2號,A000222,廖培雁,(02)27478711,3961,,連鎖型綠色商店
407,7-11朝福門市,105台北市松山區三民路115號,A000584,廖培雁,(02)27478711,3961,,連鎖型綠色商店
408,7-11森北門市,104台北市中山區林森北路110.112號,A000882,廖培雁,(02)27478711,3961,,連鎖型綠色商店
409,7-11港華門市,114台北市內湖區港華街53號,A000350,廖培雁,(02)27478711,3961,,連鎖型綠色商店
410,7-11港福門市,115台北市南港區興華路90號,A000293,廖培雁,(02)27478711,3961,,連鎖型綠色商店
411,7-11港德門市,115台北市南港區福德街373巷25號,A000751,廖培雁,(02)27478711,3961,,連鎖型綠色商店
412,7-11港興門市,115台北市南港區興華路119.121.123.125號,A000496,廖培雁,(02)27478711,3961,,連鎖型綠色商店
413,7-11港鑫門市,114台北市內湖區內湖路1段737巷35號,A000578,廖培雁,(02)27478711,3961,,連鎖型綠色商店
414,7-11湧久門市,103台北市大同區延平北路4段157.159號,A000523,廖培雁,(02)27478711,3961,,連鎖型綠色商店
415,7-11紫陽門市,114台北市內湖區紫陽里陽光街159號,A000785,廖培雁,(02)27478711,3961,,連鎖型綠色商店
416,7-11紫新門市,114台北市內湖區成功路三段201號1樓,A000640,廖培雁,(02)27478711,3961,,連鎖型綠色商店
417,7-11華山門市,100台北市中正區忠孝東路1段138號,A000221,廖培雁,(02)27478711,3961,,連鎖型綠色商店
418,7-11華江門市,108台北市萬華區華江里20鄰環河南路2段200號,A000181,廖培雁,(02)27478711,3961,,連鎖型綠色商店
419,7-11華技門市,115台北市南港區研究院路三段70號,A000307,廖培雁,(02)27478711,3961,,連鎖型綠色商店
420,7-11華岡門市,111台北市士林區光華路26巷7-1號,A000220,廖培雁,(02)27478711,3961,,連鎖型綠色商店
421,7-11華院門市,115台北市南港區研究院路三段234號,A000331,廖培雁,(02)27478711,3961,,連鎖型綠色商店
422,7-11華經門市,114台北市內湖區行忠路30號,A000534,廖培雁,(02)27478711,3961,,連鎖型綠色商店
423,7-11華電門市,106台北市大安區通化街177號,A000684,廖培雁,(02)27478711,3961,,連鎖型綠色商店
424,7-11華慶門市,100台北市中正區中華路一段59之16號,A000608,廖培雁,(02)27478711,3961,,連鎖型綠色商店
425,7-11華興門市,116台北市文山區木柵路一段168.170號,A000364,廖培雁,(02)27478711,3961,,連鎖型綠色商店
426,7-11華雙門市,108台北市萬華區環河南路二段252號,A000786,廖培雁,(02)27478711,3961,,連鎖型綠色商店
427,7-11華齡門市,111台北市士林區華齡街20號,A000312,廖培雁,(02)27478711,3961,,連鎖型綠色商店
428,7-11萊福門市,110台北市信義區林口街48號,A000217,廖培雁,(02)27478711,3961,,連鎖型綠色商店
429,7-11詠樂門市,103台北市大同區永樂里迪化街一段32巷2號,A000798,廖培雁,(02)27478711,3961,,連鎖型綠色商店
430,7-11開源門市,110台北市信義區松山路136.138號,A000342,廖培雁,(02)27478711,3961,,連鎖型綠色商店
431,7-11開寧門市,108台北市萬華區西寧南路16號,A000345,廖培雁,(02)27478711,3961,,連鎖型綠色商店
432,7-11開懷門市,100台北市中正區開封街一段25號,A000528,廖培雁,(02)27478711,3961,,連鎖型綠色商店
433,7-11隆昌門市,106台北市大安區基隆路二段142-2號,A000399,廖培雁,(02)27478711,3961,,連鎖型綠色商店
434,7-11雄強門市,115台北市南港區忠孝東路六段276號,A000226,廖培雁,(02)27478711,3961,,連鎖型綠色商店
435,7-11集鑫門市,111台北市士林區延平北路6段202.204號,A000720,廖培雁,(02)27478711,3961,,連鎖型綠色商店
436,7-11匯陽門市,114台北市內湖區陽光街383號,A000897,廖培雁,(02)27478711,3961,,連鎖型綠色商店
437,7-11園舺門市,108台北市萬華區西園路二段140巷52號,A000406,廖培雁,(02)27478711,3961,,連鎖型綠色商店
438,7-11圓武門市,104台北市中山區吉林路28號,A000428,廖培雁,(02)27478711,3961,,連鎖型綠色商店
439,7-11圓慶門市,103台北市大同區南京西路127號,A000824,廖培雁,(02)27478711,3961,,連鎖型綠色商店
440,7-11塔城門市,103台北市大同區長安西路342號,A000332,廖培雁,(02)27478711,3961,,連鎖型綠色商店
441,7-11塔優門市,105台北市松山區新東街30巷44號,A000439,廖培雁,(02)27478711,3961,,連鎖型綠色商店
442,7-11慈愛門市,115台北市南港區重陽路164號,A000193,廖培雁,(02)27478711,3961,,連鎖型綠色商店
443,7-11敬仁門市,110台北市信義區莊敬路470號,A000899,廖培雁,(02)27478711,3961,,連鎖型綠色商店
444,7-11敬群門市,104台北市中山區樂群2路142號,A000579,廖培雁,(02)27478711,3961,,連鎖型綠色商店
445,7-11新三連門市,110台北市信義區逸仙路42巷27號,A000885,廖培雁,(02)27478711,3961,,連鎖型綠色商店
446,7-11新士林門市,111台北市士林區大東路82號,A000554,廖培雁,(02)27478711,3961,,連鎖型綠色商店
447,7-11新大直門市,104台北市中山區北安路621巷48號,A000574,廖培雁,(02)27478711,3961,,連鎖型綠色商店
448,7-11新大學門市,111台北市士林區華岡路55號2樓,A000598,廖培雁,(02)27478711,3961,,連鎖型綠色商店
449,7-11新工農門市,110台北市信義區忠孝東路5段236巷6-3.8號1樓,A000898,廖培雁,(02)27478711,3961,,連鎖型綠色商店
450,7-11新天強門市,111台北市士林區克強路13之1號,A000361,廖培雁,(02)27478711,3961,,連鎖型綠色商店
451,7-11新文門市,112台北市士林區文昌路64號,A000553,廖培雁,(02)27478711,3961,,連鎖型綠色商店
452,7-11新安康門市,116台北市文山區木柵路二段88.90號1樓,A000866,廖培雁,(02)27478711,3961,,連鎖型綠色商店
453,7-11新西華門市,104台北市中山區民生東路3段31號,A000590,廖培雁,(02)27478711,3961,,連鎖型綠色商店
454,7-11新秀門市,116台北市文山區秀明路二段6號,A000426,廖培雁,(02)27478711,3961,,連鎖型綠色商店
455,7-11新忠誠門市,111台北市士林區忠誠路一段23號,A000461,廖培雁,(02)27478711,3961,,連鎖型綠色商店
456,7-11新承德門市,111台北市士林區承德路4段30號,A000806,廖培雁,(02)27478711,3961,,連鎖型綠色商店
457,7-11新東吳門市,111台北市士林區臨溪路70號,A000674,廖培雁,(02)27478711,3961,,連鎖型綠色商店
458,7-11新東帝門市,106台北市大安區敦化南路2段97號,A000519,廖培雁,(02)27478711,3961,,連鎖型綠色商店
459,7-11新東宮門市,110台北市信義區松山路455號,A000759,廖培雁,(02)27478711,3961,,連鎖型綠色商店
460,7-11新南門市,100台北市中正區新生南路1段130號,A000860,廖培雁,(02)27478711,3961,,連鎖型綠色商店
461,7-11新峨嵋門市,108台北市萬華區峨嵋街111之2號之3號,A000557,廖培雁,(02)27478711,3961,,連鎖型綠色商店
462,7-11新格蘭門市,100台北市中正區衡陽路27號,A000500,廖培雁,(02)27478711,3961,,連鎖型綠色商店
463,7-11新泰順門市,106台北市大安區泰順街13號,A000609,廖培雁,(02)27478711,3961,,連鎖型綠色商店
464,7-11新起門市,100台北市萬華區新起里長沙街二段104號,A000758,廖培雁,(02)27478711,3961,,連鎖型綠色商店
465,7-11新國聯門市,106台北市大安區光復南路180巷12號,A000623,廖培雁,(02)27478711,3961,,連鎖型綠色商店
466,7-11新紹南門市,100台北市中正區信義路一段13-1號,A000509,廖培雁,(02)27478711,3961,,連鎖型綠色商店
467,7-11新復勢門市,105台北市松山區八德路三段200.202號1樓,A000876,廖培雁,(02)27478711,3961,,連鎖型綠色商店
468,7-11新晴光門市,104台北市中山區農安街21號,A000450,廖培雁,(02)27478711,3961,,連鎖型綠色商店
469,7-11新景美門市,116台北市文山區木新路三段179.181號,A000894,廖培雁,(02)27478711,3961,,連鎖型綠色商店
470,7-11新雲門市,100台北市中正區三愛里連雲街81號,A000869,廖培雁,(02)27478711,3961,,連鎖型綠色商店
471,7-11新廈門門市,106台北市中正區廈門街42.46號,A000369,廖培雁,(02)27478711,3961,,連鎖型綠色商店
472,7-11新愛國門市,100台北市中正區延平南路177號,A000678,廖培雁,(02)27478711,3961,,連鎖型綠色商店
473,7-11新萬盛門市,116台北市文山區萬盛里羅斯福路5段59號,A000455,廖培雁,(02)27478711,3961,,連鎖型綠色商店
474,7-11新萬隆門市,116台北市文山區羅斯福路六段20.22號,A000850,廖培雁,(02)27478711,3961,,連鎖型綠色商店
475,7-11新寧南門市,108台北市萬華區西寧南路80號,A000573,廖培雁,(02)27478711,3961,,連鎖型綠色商店
476,7-11新福玉門市,115台北市南港區成福路145.147號,A000659,廖培雁,(02)27478711,3961,,連鎖型綠色商店
477,7-11新福林門市,112台北市士林區福林路191號,A000453,廖培雁,(02)27478711,3961,,連鎖型綠色商店
478,7-11新福慶門市,111台北市士林區基河路1號1樓(部份),A000653,廖培雁,(02)27478711,3961,,連鎖型綠色商店
479,7-11新艋舺門市,108台北市萬華區萬大路292號,A000809,廖培雁,(02)27478711,3961,,連鎖型綠色商店
480,7-11新豪美門市,112台北市北投區文林北路98.100號,A000466,廖培雁,(02)27478711,3961,,連鎖型綠色商店
481,7-11新劍潭門市,111台北市士林區福港街246號,A000456,廖培雁,(02)27478711,3961,,連鎖型綠色商店
482,7-11新慶陽門市,103台北市大同區重慶北路2段60號,A000675,廖培雁,(02)27478711,3961,,連鎖型綠色商店
483,7-11新潭美門市,114台北市內湖區新明路425.427號,A000489,廖培雁,(02)27478711,3961,,連鎖型綠色商店
484,7-11新錦祥門市,104台北市中山區錦西街16號,A000731,廖培雁,(02)27478711,3961,,連鎖型綠色商店
485,7-11新羅福門市,106台北市中正區羅斯福路3段82號,A000457,廖培雁,(02)27478711,3961,,連鎖型綠色商店
486,7-11新寶門市,104台北市中山區建國北路一段136號,A000254,廖培雁,(02)27478711,3961,,連鎖型綠色商店
487,7-11新寶清門市,105台北市松山區南京東路5段260號,A000511,廖培雁,(02)27478711,3961,,連鎖型綠色商店
488,7-11新饒河門市,105台北市松山區八德路四段687.687-1號1樓,A000818,廖培雁,(02)27478711,3961,,連鎖型綠色商店
489,7-11溫州門市,106台北市大安區羅斯福路三段267號,A000484,廖培雁,(02)27478711,3961,,連鎖型綠色商店
490,7-11溫東門市,106台北市大安區和平東路一段266號,A000239,廖培雁,(02)27478711,3961,,連鎖型綠色商店
491,7-11瑞升門市,106台北市大安區杭州南路二段91號,A000826,廖培雁,(02)27478711,3961,,連鎖型綠色商店
492,7-11瑞安門市,106台北市大安區瑞安街182號,A000381,廖培雁,(02)27478711,3961,,連鎖型綠色商店
493,7-11瑞江門市,114台北市內湖區瑞陽里江南街71巷16弄76號,A000490,廖培雁,(02)27478711,3961,,連鎖型綠色商店
494,7-11瑞泰門市,114台北市內湖區瑞光路356號,A000418,廖培雁,(02)27478711,3961,,連鎖型綠色商店
495,7-11瑞富門市,114台北市內湖區瑞光路188巷51號1樓,A000670,廖培雁,(02)27478711,3961,,連鎖型綠色商店
496,7-11瑞湖門市,114台北市內湖區江南街128號,A000832,廖培雁,(02)27478711,3961,,連鎖型綠色商店
497,7-11瑞寶門市,114台北市內湖區瑞光路583巷27號1樓,A000295,廖培雁,(02)27478711,3961,,連鎖型綠色商店
498,7-11瑞鑫門市,114台北市內湖區瑞光路580號,A000856,廖培雁,(02)27478711,3961,,連鎖型綠色商店
499,7-11萬大門市,108台北市萬華區萬大路275號,A000210,廖培雁,(02)27478711,3961,,連鎖型綠色商店
500,7-11萬光門市,100台北市中正區中華路二段157號,A000405,廖培雁,(02)27478711,3961,,連鎖型綠色商店
501,7-11萬和門市,108台北市萬華區萬大路184號,A000205,廖培雁,(02)27478711,3961,,連鎖型綠色商店
502,7-11萬忠門市,108台北市萬華區東園街28巷58號,A000476,廖培雁,(02)27478711,3961,,連鎖型綠色商店
503,7-11萬東門市,108台北市萬華區萬大路486巷59弄1號,A000629,廖培雁,(02)27478711,3961,,連鎖型綠色商店
504,7-11萬芳門市,116台北市文山區萬安街23.25號,A000242,廖培雁,(02)27478711,3961,,連鎖型綠色商店
505,7-11萬芳醫門市,116台北市文山區興隆路三段111號,A000352,廖培雁,(02)27478711,3961,,連鎖型綠色商店
506,7-11萬長門市,108台北市萬華區東園街172.174號,A000804,廖培雁,(02)27478711,3961,,連鎖型綠色商店
507,7-11萬美門市,116台北市文山區萬和街6號2樓之1,A000654,廖培雁,(02)27478711,3961,,連鎖型綠色商店
508,7-11萬翔門市,100台北市中正區公園路13號,A000282,廖培雁,(02)27478711,3961,,連鎖型綠色商店
509,7-11萬華門市,108台北市萬華區萬大路64號莒光路251號,A000726,廖培雁,(02)27478711,3961,,連鎖型綠色商店
510,7-11萬華站門市,108台北市萬華區康定路382號,A000317,廖培雁,(02)27478711,3961,,連鎖型綠色商店
511,7-11萬瑞門市,116台北市文山區羅斯福路6段29.31號,A000507,廖培雁,(02)27478711,3961,,連鎖型綠色商店
512,7-11萬運門市,108台北市萬華區西園路一段153號B1(捷運龍山寺站B1),A000526,廖培雁,(02)27478711,3961,,連鎖型綠色商店
513,7-11萬福門市,116台北市文山區萬年里羅斯福路5段170巷33及35號,A000721,廖培雁,(02)27478711,3961,,連鎖型綠色商店
514,7-11經貿門市,115台北市南港區三重路一段19號1樓,A000903,廖培雁,(02)27478711,3961,,連鎖型綠色商店
515,7-11義安門市,106台北市大安區信義路三段166號,A000385,廖培雁,(02)27478711,3961,,連鎖型綠色商店
516,7-11義村門市,106台北市大安區忠孝東路三段160號,A000635,廖培雁,(02)27478711,3961,,連鎖型綠色商店
517,7-11葫東門市,111台北市士林區延平北路五段222號,A000259,廖培雁,(02)27478711,3961,,連鎖型綠色商店
518,7-11試院門市,116台北市文山區木柵路1段139號.,A000884,廖培雁,(02)27478711,3961,,連鎖型綠色商店
519,7-11試院門市,116台北市文山區木柵路1段139號.,A000771,廖培雁,(02)27478711,3961,,連鎖型綠色商店
520,7-11誠義門市,111台北市士林區忠誠路一段126號,A000471,廖培雁,(02)27478711,3961,,連鎖型綠色商店
521,7-11農安門市,104台北市中山區農安街28-2號,A000355,廖培雁,(02)27478711,3961,,連鎖型綠色商店
522,7-11運通門市,100台北市中正區忠孝西路1段49號U1,A000488,廖培雁,(02)27478711,3961,,連鎖型綠色商店
523,7-11道生門市,110台北市信義區新仁里東興路57號,A000218,廖培雁,(02)27478711,3961,,連鎖型綠色商店
524,7-11達人門市,114台北市內湖區內湖路2段249.251號,A000524,廖培雁,(02)27478711,3961,,連鎖型綠色商店
525,7-11僑信門市,106台北市大安區信義路四段197號,A000571,廖培雁,(02)27478711,3961,,連鎖型綠色商店
526,7-11嘉馥門市,110台北市信義區信義路6段11號,A000889,廖培雁,(02)27478711,3961,,連鎖型綠色商店
527,7-11寧波門市,100台北市中正區寧波西街3號,A000537,廖培雁,(02)27478711,3961,,連鎖型綠色商店
528,7-11實踐大學門市,105台北市中山區大直街70號1樓,A000505,廖培雁,(02)27478711,3961,,連鎖型綠色商店
529,7-11榮金門市,104台北市中山區龍江路384巷1號,A000531,廖培雁,(02)27478711,3961,,連鎖型綠色商店
530,7-11榮星門市,104台北市中山區龍江路322號,A000560,廖培雁,(02)27478711,3961,,連鎖型綠色商店
531,7-11榮總門市,111台北市士林區石牌路2段301號,A000370,廖培雁,(02)27478711,3961,,連鎖型綠色商店
532,7-11榮鑫門市,104台北市中山區建國北路三段91號,A000478,廖培雁,(02)27478711,3961,,連鎖型綠色商店
533,7-11漢竹門市,100台北市中正區漢口街一段70號,A000409,廖培雁,(02)27478711,3961,,連鎖型綠色商店
534,7-11漢神門市,116台北市文山區景中街45號1樓,A000237,廖培雁,(02)27478711,3961,,連鎖型綠色商店
535,7-11漢陽門市,108台北市萬華區昆明街173號1F,A000264,廖培雁,(02)27478711,3961,,連鎖型綠色商店
536,7-11漢寧門市,108台北市萬華區西寧南路85號,A000414,廖培雁,(02)27478711,3961,,連鎖型綠色商店
537,7-11滬江門市,116台北市文山區羅斯福路六段308.310號,A000558,廖培雁,(02)27478711,3961,,連鎖型綠色商店
538,7-11碧綠門市,114台北市內湖區內湖路三段60巷1弄2-1號1F,A000363,廖培雁,(02)27478711,3961,,連鎖型綠色商店
539,7-11福中門市,110台北市信義區福德街189號,A000841,廖培雁,(02)27478711,3961,,連鎖型綠色商店
540,7-11福州門市,100台北市中正區南昌路1段135號,A000322,廖培雁,(02)27478711,3961,,連鎖型綠色商店
541,7-11福志門市,112台北市士林區雨農路25號,A000244,廖培雁,(02)27478711,3961,,連鎖型綠色商店
542,7-11福芝門市,112台北市士林區福國路94號,A000267,廖培雁,(02)27478711,3961,,連鎖型綠色商店
543,7-11福致門市,112台北市北投區致遠一路二段55號,A000329,廖培雁,(02)27478711,3961,,連鎖型綠色商店
544,7-11福氣門市,111台北市士林區延平北路6段148號,A000549,廖培雁,(02)27478711,3961,,連鎖型綠色商店
545,7-11福捷門市,111台北市士林區中正路235巷14號,A000521,廖培雁,(02)27478711,3961,,連鎖型綠色商店
546,7-11福通門市,111台北市士林區大南路396號,A000762,廖培雁,(02)27478711,3961,,連鎖型綠色商店
547,7-11福湖門市,114台北市內湖區內湖路一段411巷19弄1號,A000647,廖培雁,(02)27478711,3961,,連鎖型綠色商店
548,7-11福陽門市,111台北市士林區延平北路五段259號,A000281,廖培雁,(02)27478711,3961,,連鎖型綠色商店
549,7-11福順門市,111台北市士林區福順里重慶北路四段117號,A000215,廖培雁,(02)27478711,3961,,連鎖型綠色商店
550,7-11福溢門市,111台北市士林區德行西路96號,A000185,廖培雁,(02)27478711,3961,,連鎖型綠色商店
551,7-11福源門市,105台北市松山區撫遠街306號,A000186,廖培雁,(02)27478711,3961,,連鎖型綠色商店
552,7-11福榮門市,112台北市士林區中正路220.222號,A000607,廖培雁,(02)27478711,3961,,連鎖型綠色商店
553,7-11福鑫門市,112台北市士林區中正路324號,A000408,廖培雁,(02)27478711,3961,,連鎖型綠色商店
554,7-11福讚門市,111台北市士林區中正路227號,A000411,廖培雁,(02)27478711,3961,,連鎖型綠色商店
555,7-11聚鑫門市,111台北市士林區延平北路六段350號,A000886,廖培雁,(02)27478711,3961,,連鎖型綠色商店
556,7-11鳳翔門市,106台北市大安區忠孝東路4段216巷68號,A000901,廖培雁,(02)27478711,3961,,連鎖型綠色商店
557,7-11墘都門市,114台北市內湖區內湖路一段669號,A000843,廖培雁,(02)27478711,3961,,連鎖型綠色商店
558,7-11億翔門市,100台北市中正區忠孝西路1段32號,A000572,廖培雁,(02)27478711,3961,,連鎖型綠色商店
559,7-11劍潭站門市,111台北市士林區中山北路五段65號1樓,A000867,廖培雁,(02)27478711,3961,,連鎖型綠色商店
560,7-11廣明門市,108台北市萬華區福音里昆明街304號,A000480,廖培雁,(02)27478711,3961,,連鎖型綠色商店
561,7-11影城門市,105台北市松山區八德路四段245巷35號,A000211,廖培雁,(02)27478711,3961,,連鎖型綠色商店
562,7-11德天門市,111台北市士林區德行西路52號1樓,A000853,廖培雁,(02)27478711,3961,,連鎖型綠色商店
563,7-11德成門市,114台北市內湖區內湖路2段366號,A000183,廖培雁,(02)27478711,3961,,連鎖型綠色商店
564,7-11德行門市,112台北市士林區忠誠路二段5號,A000413,廖培雁,(02)27478711,3961,,連鎖型綠色商店
565,7-11德東門市,112台北市士林區德行東路282號,A000497,廖培雁,(02)27478711,3961,,連鎖型綠色商店
566,7-11德芝門市,112台北市士林區德行東路330號,A000419,廖培雁,(02)27478711,3961,,連鎖型綠色商店
567,7-11德致門市,112台北市北投區明德路33.35號,A000407,廖培雁,(02)27478711,3961,,連鎖型綠色商店
568,7-11德倫門市,103台北市大同區庫倫街48-4.5號,A000290,廖培雁,(02)27478711,3961,,連鎖型綠色商店
569,7-11德華門市,111台北市士林區文林路663號,A000633,廖培雁,(02)27478711,3961,,連鎖型綠色商店
570,7-11德福門市,114台北市內湖區成功路4段30巷27.29.31號,A000286,廖培雁,(02)27478711,3961,,連鎖型綠色商店
571,7-11德鄰門市,110台北市信義區安康里松德路129.131號,A000327,廖培雁,(02)27478711,3961,,連鎖型綠色商店
572,7-11德馨門市,114台北市內湖區洲子街46號,A000297,廖培雁,(02)27478711,3961,,連鎖型綠色商店
573,7-11慶吉門市,103台北市大同區蓬萊里重慶北路三段53-1號,A000794,廖培雁,(02)27478711,3961,,連鎖型綠色商店
574,7-11撫順門市,104台北市中山區中山北路三段23-6號,A000412,廖培雁,(02)27478711,3961,,連鎖型綠色商店
575,7-11樂安門市,106台北市大安區樂業街71.73號,A000679,廖培雁,(02)27478711,3961,,連鎖型綠色商店
576,7-11樂利門市,106台北市大安區樂利路74號,A000763,廖培雁,(02)27478711,3961,,連鎖型綠色商店
577,7-11樂和門市,106台北市大安區樂利路29.29-1號,A000475,廖培雁,(02)27478711,3961,,連鎖型綠色商店
578,7-11樂得門市,105台北市松山區復興北路35號,A000371,廖培雁,(02)27478711,3961,,連鎖型綠色商店
579,7-11樂隆門市,106台北市大安區虎嘯里樂業街43號,A000561,廖培雁,(02)27478711,3961,,連鎖型綠色商店
580,7-11潤泰門市,104台北市中山區八德路二段314號,A000199,廖培雁,(02)27478711,3961,,連鎖型綠色商店
581,7-11稻江門市,104台北市中山區新生北路3段35號,A000324,廖培雁,(02)27478711,3961,,連鎖型綠色商店
582,7-11稻埕門市,103台北市大同區南京西路436號1F,A000305,廖培雁,(02)27478711,3961,,連鎖型綠色商店
583,7-11鄭州門市,103台北市大同區鄭州路3-2號,A000188,廖培雁,(02)27478711,3961,,連鎖型綠色商店
584,7-11黎元門市,106台北市大安區臥龍街188巷1號,A000391,廖培雁,(02)27478711,3961,,連鎖型綠色商店
585,7-11憩賢門市,116台北市文山區指南路二段64號(憩賢樓A8櫃),A000719,廖培雁,(02)27478711,3961,,連鎖型綠色商店
586,7-11興北門市,116台北市文山區興隆路三段108號,A000757,廖培雁,(02)27478711,3961,,連鎖型綠色商店
587,7-11興岩門市,116台北市文山區興隆路2段244巷20號1樓,A000435,廖培雁,(02)27478711,3961,,連鎖型綠色商店
588,7-11興舍門市,106台北市大安區長興街50號,A000440,廖培雁,(02)27478711,3961,,連鎖型綠色商店
589,7-11興芳門市,116台北市文山區興光里興隆路3段173-175號,A000744,廖培雁,(02)27478711,3961,,連鎖型綠色商店
590,7-11興信鑫門市,100台北市中正區信陽街12.14號1樓,A000835,廖培雁,(02)27478711,3961,,連鎖型綠色商店
591,7-11興復門市,104台北市中山區興安街99號一樓,A000668,廖培雁,(02)27478711,3961,,連鎖型綠色商店
592,7-11興貿門市,110台北市信義區景新里莊敬路178巷2號,A000650,廖培雁,(02)27478711,3961,,連鎖型綠色商店
593,7-11興隆門市,116台北市文山區興隆路2段150號,A000872,廖培雁,(02)27478711,3961,,連鎖型綠色商店
594,7-11豫銘門市,106台北市大安區大安路2段102號,A000182,廖培雁,(02)27478711,3961,,連鎖型綠色商店
595,7-11豫鋒門市,111台北市士林區大南路322號,A000892,廖培雁,(02)27478711,3961,,連鎖型綠色商店
596,7-11錢京門市,105台北市松山區南京東路三段335巷5號之3.4.9.10.11.12,A000473,廖培雁,(02)27478711,3961,,連鎖型綠色商店
597,7-11錢忠門市,106台北市大安區忠孝東路四段26巷5號,A000433,廖培雁,(02)27478711,3961,,連鎖型綠色商店
598,7-11錦北門市,104台北市中山區錦州街8號,A000536,廖培雁,(02)27478711,3961,,連鎖型綠色商店
599,7-11錦合門市,104台北市中山區合江街117號,A000219,廖培雁,(02)27478711,3961,,連鎖型綠色商店
600,7-11錦龍門市,104台北市中山區龍江路281-1號,A000321,廖培雁,(02)27478711,3961,,連鎖型綠色商店
601,7-11靜中門市,103台北市大同區寧夏路71號,A000261,廖培雁,(02)27478711,3961,,連鎖型綠色商店
602,7-11靜安門市,106台北市大安區光復南路262號,A000422,廖培雁,(02)27478711,3961,,連鎖型綠色商店
603,7-11龍山門市,108台北市萬華區康定路229號,A000275,廖培雁,(02)27478711,3961,,連鎖型綠色商店
604,7-11龍延門市,106台北市大安區師大路59巷13號.,A000396,廖培雁,(02)27478711,3961,,連鎖型綠色商店
605,7-11龍門門市,106台北市大安區和平東路2段18號,A000301,廖培雁,(02)27478711,3961,,連鎖型綠色商店
606,7-11龍淵門市,106台北市大安區和平東路二段118巷33號,A000552,廖培雁,(02)27478711,3961,,連鎖型綠色商店
607,7-11龍普門市,106台北市大安區敦化南路一段233巷25號,A000547,廖培雁,(02)27478711,3961,,連鎖型綠色商店
608,7-11龍廣門市,108台北市萬華區廣州街148號,A000642,廖培雁,(02)27478711,3961,,連鎖型綠色商店
609,7-11擎天崗門市,112台北市北投區湖山路一段12號,A000664,廖培雁,(02)27478711,3961,,連鎖型綠色商店
610,7-11濟南門市,106台北市大安區濟南路3段7號,A000269,廖培雁,(02)27478711,3961,,連鎖型綠色商店
611,7-11濟新門市,100台北市中正區濟南路2段50號,A000756,廖培雁,(02)27478711,3961,,連鎖型綠色商店
612,7-11環湖門市,114台北市內湖區環山路一段110號,A000580,廖培雁,(02)27478711,3961,,連鎖型綠色商店
613,7-11篷萊門市,103台北市大同區寧夏路131-1號,A000634,廖培雁,(02)27478711,3961,,連鎖型綠色商店
614,7-11總站門市,110台北市信義區吳興街487號,A000397,廖培雁,(02)27478711,3961,,連鎖型綠色商店
615,7-11總部門市,110台北市信義區東興路65號,A000415,廖培雁,(02)27478711,3961,,連鎖型綠色商店
616,7-11聰明門市,105台北市松山區南京東路5段363號,A000310,廖培雁,(02)27478711,3961,,連鎖型綠色商店
617,7-11聯合門市,110台北市信義區忠孝東路四段559巷6號,A000801,廖培雁,(02)27478711,3961,,連鎖型綠色商店
618,7-11聯成門市,115台北市南港區聯成里昆陽街150-1.150-3號,A000515,廖培雁,(02)27478711,3961,,連鎖型綠色商店
619,7-11聯坊門市,115台北市南港區東新街118巷1號,A000810,廖培雁,(02)27478711,3961,,連鎖型綠色商店
620,7-11臨江門市,106台北市大安區安和路二段67號,A000644,廖培雁,(02)27478711,3961,,連鎖型綠色商店
621,7-11臨沂門市,100台北市中正區文祥里臨沂街74.76號,A000656,廖培雁,(02)27478711,3961,,連鎖型綠色商店
622,7-11薇閣門市,112台北市北投區中央北路一段108號,A000197,廖培雁,(02)27478711,3961,,連鎖型綠色商店
623,7-11豐安門市,106台北市大安區東豐街9號,A000562,廖培雁,(02)27478711,3961,,連鎖型綠色商店
624,7-11醫學門市,110台北市信義區吳興街257.259號,A000474,廖培雁,(02)27478711,3961,,連鎖型綠色商店
625,7-11雙全門市,112台北市北投區中庸里大業路715-717號,A000766,廖培雁,(02)27478711,3961,,連鎖型綠色商店
626,7-11雙連門市,103台北市大同區民生西路176號,A000803,廖培雁,(02)27478711,3961,,連鎖型綠色商店
627,7-11雙環門市,108台北市萬華區環河南路二段207號,A000213,廖培雁,(02)27478711,3961,,連鎖型綠色商店
628,7-11懷生門市,106台北市大安區忠孝東路3段248巷9號,A000365,廖培雁,(02)27478711,3961,,連鎖型綠色商店
629,7-11懷得門市,112台北市北投區懷德街85號1樓,A000730,廖培雁,(02)27478711,3961,,連鎖型綠色商店
630,7-11羅亭門市,100台北市中正區羅斯福路二段68號,A000395,廖培雁,(02)27478711,3961,,連鎖型綠色商店
631,7-11羅捷門市,116台北市文山區景行里羅斯福路6段391號,A000611,廖培雁,(02)27478711,3961,,連鎖型綠色商店
632,7-11羅斯福門市,116台北市文山區羅斯福路五段190-3號.,A000620,廖培雁,(02)27478711,3961,,連鎖型綠色商店
633,7-11藝文門市,116台北市文山區指南路二段64號藝文中心4樓,A000708,廖培雁,(02)27478711,3961,,連鎖型綠色商店
634,7-11關渡門市,112台北市北投區知行路282號,A000326,廖培雁,(02)27478711,3961,,連鎖型綠色商店
635,7-11鵬馳門市,115台北市南港區南港路三段49-1號,A000245,廖培雁,(02)27478711,3961,,連鎖型綠色商店
636,7-11麗安門市,114台北市內湖區內湖路一段435號,A000802,廖培雁,(02)27478711,3961,,連鎖型綠色商店
637,7-11寶昌門市,108台北市萬華區寶興街186號,A000530,廖培雁,(02)27478711,3961,,連鎖型綠色商店
638,7-11寶德門市,105台北市松山區八德路四段335號1F,A000817,廖培雁,(02)27478711,3961,,連鎖型綠色商店
639,7-11瓏山林門市,114台北市內湖區康樂街125巷2號,A000333,廖培雁,(02)27478711,3961,,連鎖型綠色商店
640,7-11瓏馬門市,114台北市內湖區康樂街213號,A000520,廖培雁,(02)27478711,3961,,連鎖型綠色商店
641,7-11耀港門市,115台北市南港區研究院路一段99號1樓之14,A000386,廖培雁,(02)27478711,3961,,連鎖型綠色商店
642,7-11警廣門市,100台北市中正區延平南路159號,A000390,廖培雁,(02)27478711,3961,,連鎖型綠色商店
643,7-11馨瑩門市,114台北市內湖區內湖路一段91巷2號,A000378,廖培雁,(02)27478711,3961,,連鎖型綠色商店
644,7-11鐏賢門市,112台北市北投區尊賢街247號,A000705,廖培雁,(02)27478711,3961,,連鎖型綠色商店
645,7-11蘭雅門市,111台北市士林區中山北路6段150號,A000243,廖培雁,(02)27478711,3961,,連鎖型綠色商店
646,7-11護專門市,112台北市北投區振興街31號,A000816,廖培雁,(02)27478711,3961,,連鎖型綠色商店
647,7-11權東門市,104台北市中山區民權東路3段73號,A000541,廖培雁,(02)27478711,3961,,連鎖型綠色商店
648,7-11權松門市,104台北市中山區松江路363號,A000621,廖培雁,(02)27478711,3961,,連鎖型綠色商店
649,7-11權站門市,104台北市中山區民權西路72號,A000587,廖培雁,(02)27478711,3961,,連鎖型綠色商店
650,7-11權鑫門市,103台北市大同區民權西路157之1號1樓,A000851,廖培雁,(02)27478711,3961,,連鎖型綠色商店
651,7-11歡唱門市,104台北市中山區林森北路310巷17號,A000246,廖培雁,(02)27478711,3961,,連鎖型綠色商店
652,7-11麟光門市,106台北市大安區臥龍街275號,A000382,廖培雁,(02)27478711,3961,,連鎖型綠色商店
653,7-11鑫大孝門市,100台北市中正區黎明里重慶南路一段1-1號一樓,A000904,廖培雁,(02)27478711,3961,,連鎖型綠色商店
654,7-11鑫公信門市,100台北市中正區信陽街2-1號,A000699,廖培雁,(02)27478711,3961,,連鎖型綠色商店
655,7-11鑫太原門市,103台北市大同區太原路40.42.44號,A000706,廖培雁,(02)27478711,3961,,連鎖型綠色商店
656,7-11鑫文德門市,114台北市內湖區文德路99號1樓,A000748,廖培雁,(02)27478711,3961,,連鎖型綠色商店
657,7-11鑫北科門市,106台北市大安區忠孝東路3段1號第六教學大樓B4,A000685,廖培雁,(02)27478711,3961,,連鎖型綠色商店
658,7-11鑫台北門市,100台北市中正區黎明里忠孝西路一段35號一樓,A000673,廖培雁,(02)27478711,3961,,連鎖型綠色商店
659,7-11鑫生門市,104台北市中山區南京東路二段23號,A000459,廖培雁,(02)27478711,3961,,連鎖型綠色商店
660,7-11鑫仰德門市,111台北市士林區仰德大道三段68.70號,A000870,廖培雁,(02)27478711,3961,,連鎖型綠色商店
661,7-11鑫吉門市,110台北市信義區虎林街85號,A000683,廖培雁,(02)27478711,3961,,連鎖型綠色商店
662,7-11鑫安江門市,104台北市中山區長安東路二段178.178-1號1樓,A000859,廖培雁,(02)27478711,3961,,連鎖型綠色商店
663,7-11鑫江南門市,114台北市內湖區文德路6號1樓,A000825,廖培雁,(02)27478711,3961,,連鎖型綠色商店
664,7-11鑫杭門市,100台北市中正區杭州南路1段23號,A000725,廖培雁,(02)27478711,3961,,連鎖型綠色商店
665,7-11鑫東一門市,104台北市中山區一江街11.13號,A000665,廖培雁,(02)27478711,3961,,連鎖型綠色商店
666,7-11鑫武昌門市,108台北市萬華區武昌街二段57號1樓,A000854,廖培雁,(02)27478711,3961,,連鎖型綠色商店
667,7-11鑫長安門市,104台北市中山區長安東路一段53巷1之3號,A000698,廖培雁,(02)27478711,3961,,連鎖型綠色商店
668,7-11鑫青天門市,108台北市萬華區青年路144號,A000848,廖培雁,(02)27478711,3961,,連鎖型綠色商店
669,7-11鑫泉州門市,100台北市中正區汀州路一段285號一樓,A000784,廖培雁,(02)27478711,3961,,連鎖型綠色商店
670,7-11鑫重寧門市,100台北市中正區寧波西街86號1樓,A000834,廖培雁,(02)27478711,3961,,連鎖型綠色商店
671,7-11鑫國語門市,100台北市中正區福州街11-3.11-4號,A000709,廖培雁,(02)27478711,3961,,連鎖型綠色商店
672,7-11鑫湖門市,114台北市內湖區內湖路二段103巷64號,A000464,廖培雁,(02)27478711,3961,,連鎖型綠色商店
673,7-11鑫華福門市,100台北市中正區懷寧街30.32號1樓,A000863,廖培雁,(02)27478711,3961,,連鎖型綠色商店
674,7-11鑫碁泰門市,114台北市內湖區康寧路三段63.65.67號,A000602,廖培雁,(02)27478711,3961,,連鎖型綠色商店
675,7-11鑫壽門市,105台北市松山區延壽街323號,A000591,廖培雁,(02)27478711,3961,,連鎖型綠色商店
676,7-11鑫寧門市,103台北市大同區民生西路214.216號1樓,A000829,廖培雁,(02)27478711,3961,,連鎖型綠色商店
677,7-11鑫德惠門市,104台北市中山區德惠街15號1樓,A000723,廖培雁,(02)27478711,3961,,連鎖型綠色商店
678,7-11鑫樂昇門市,108台北市萬華區武昌街二段114之3號,A000707,廖培雁,(02)27478711,3961,,連鎖型綠色商店
679,7-11鑫輝煌門市,114台北市內湖區東湖路119巷49弄2號1樓,A000852,廖培雁,(02)27478711,3961,,連鎖型綠色商店
680,7-11鑫衡陽門市,100台北市中正區衡陽路6號1樓,A000842,廖培雁,(02)27478711,3961,,連鎖型綠色商店
681,7-11鑫錦州門市,104台北市中山區錦州街263號,A000710,廖培雁,(02)27478711,3961,,連鎖型綠色商店
682,7-11鑫櫃門市,104台北市中山區松江路183.183-1號1樓,A000868,廖培雁,(02)27478711,3961,,連鎖型綠色商店
683,7-11鑫寶門市,108台北市萬華區寶興街41號1樓,A000830,廖培雁,(02)27478711,3961,,連鎖型綠色商店
684,7-11鑫鑫運門市,100台北市中正區忠孝西路一段49號B1,A000682,廖培雁,(02)27478711,3961,,連鎖型綠色商店
685,大同綜合訊電股份有限公司-大同3C_仁愛服務站,103台北市大同區重慶北路三段133號,A001455,林蔚山,,,930255170,連鎖型綠色商店
686,大同綜合訊電股份有限公司-大同3C_台北中山門市,104臺北市中山區台北市中山北路三段13號,A001458,陳澤義,(02)25911834,,,連鎖型綠色商店
687,大同綜合訊電股份有限公司-大同3C_台北中央北門市,112台北市北投區中央北路一段134號,A001456,陳澤義,(02)28913841,,,連鎖型綠色商店
688,大同綜合訊電股份有限公司-大同3C_台北內湖門市,114台北市內湖區內湖路二段259號,A001452,陳澤義,(02)27902584,,,連鎖型綠色商店
689,大同綜合訊電股份有限公司-大同3C_台北文林門市,111臺北市士林區文林路488號,A001466,陳澤義,(02)28313499,,,連鎖型綠色商店
690,大同綜合訊電股份有限公司-大同3C_台北木新門市,116台北市文山區木新路三段228號,A001474,陳澤義,(02)29394672,,,連鎖型綠色商店
691,大同綜合訊電股份有限公司-大同3C_台北民權門市,104台北市中山區民權東路三段65號,A001454,陳澤義,(02)25029959,,,連鎖型綠色商店
692,大同綜合訊電股份有限公司-大同3C_台北石牌門市,112臺北市北投區台北市石牌路一段144號,A001472,陳澤義,(02)28234977,,,連鎖型綠色商店
693,大同綜合訊電股份有限公司-大同3C_台北忠孝門市,台北市忠孝東路五段974號,A001457,沈柏延,(02)26539716,,,連鎖型綠色商店
694,大同綜合訊電股份有限公司-大同3C_台北社子門市,111台北市大同區延平北路五段130、132號,A001464,陳澤義,(02)28122520,,,連鎖型綠色商店
695,大同綜合訊電股份有限公司-大同3C_台北南京東門市,105台北市松山區南京東路五段267號,A001461,林蔚山,,,930255170,連鎖型綠色商店
696,大同綜合訊電股份有限公司-大同3C_台北重慶北門市,103台北市大同區重慶北路二段174-2、3號,A001459,陳澤義,(02)25534806,,,連鎖型綠色商店
697,大同綜合訊電股份有限公司-大同3C_台北莊敬門市,110台北市莊敬路386、388號,A001473,陳澤義,(02)27588973,,,連鎖型綠色商店
698,大同綜合訊電股份有限公司-大同3C_台北復北二門市,105台北市松山區南京東路三段225號,A001468,林蔚山,,,930255170,連鎖型綠色商店
699,大同綜合訊電股份有限公司-大同3C_台北復南門市,106台北市大安區復興南路ㄧ段154~162號,A001453,陳澤義,(02)27315405,,,連鎖型綠色商店
700,大同綜合訊電股份有限公司-大同3C_台北萬華門市,108臺北市萬華區康定路215號,A001460,陳澤義,(02)23088048,,,連鎖型綠色商店
701,大同綜合訊電股份有限公司-大同3C_民生東門市,105台北市松山區民生東路五段75號,A001469,林蔚山,,,930255170,連鎖型綠色商店
702,大潤發流通事業股份有限公司內湖分公司,114臺北市內湖區,A000048,陳道虎,(02)87925777,588,,連鎖型綠色商店
703,大潤發流通事業股份有限公司南湖分公司,114臺北市內湖區舊宗路一段188號,A000078,白強,(02)27905050,501,,連鎖型綠色商店
704,中華電信股份有限公司（股）台北營運處士林服務中心,111臺北市基河路10號,A001690,陳中光,(02)23445862,,,連鎖型綠色商店
705,中華電信股份有限公司台北營運處士林夜市服務中心,111臺北市士林區文林路158號,A001692,陳中光,(02)23445862,,,連鎖型綠色商店
706,中華電信股份有限公司台北營運處大安服務中心,106臺北市信義路四段89之1號,A001702,陳中光,(02)23445862,,,連鎖型綠色商店
707,中華電信股份有限公司台北營運處大直服務中心,104臺北市中山區北安路662號1樓,A001724,陳中光,(02)23445862,,,連鎖型綠色商店
708,中華電信股份有限公司台北營運處大稻埕服務中心,103臺北市大同區民生西路305號,A001728,胡學海,,,800080123,連鎖型綠色商店
709,中華電信股份有限公司台北營運處大龍峒服務中心,103臺北市承德路三段249號,A001711,陳中光,(02)23445862,,,連鎖型綠色商店
710,中華電信股份有限公司台北營運處五分埔服務中心,110臺北市信義區永吉路525號,A001695,陳中光,(02)23445862,,,連鎖型綠色商店
711,中華電信股份有限公司台北營運處內湖成功服務中心,114臺北市內湖區成功路三段135 號,A001684,陳中光,(02)23445862,,,連鎖型綠色商店
712,中華電信股份有限公司台北營運處木柵服務中心,116臺北市木柵路三段79號,A001680,陳中光,(02)23445862,,,連鎖型綠色商店
713,中華電信股份有限公司台北營運處北投中和服務中心,112臺北市北投區中和街260號,A001687,陳中光,(02)23445862,,,連鎖型綠色商店
714,中華電信股份有限公司台北營運處北投服務中心,112臺北市北投區光明路176號,A001688,陳中光,(02)23445862,,,連鎖型綠色商店
715,中華電信股份有限公司台北營運處台北101服務中心,110臺北市信義區信義路五段7號35樓C室,A001698,陳中光,(02)23445862,,,連鎖型綠色商店
716,中華電信股份有限公司台北營運處台北三創服務中心,100臺北市中正區市民大道三段2號,A001730,陳中光,(02)23445862,,,連鎖型綠色商店
717,中華電信股份有限公司台北營運處台北公園服務中心,100臺北市中正區公園路18號,A001716,陳中光,(02)23445862,,,連鎖型綠色商店
718,中華電信股份有限公司台北營運處台北公館服務中心,100臺北市中正區羅斯福路四段76號,A001712,陳中光,(02)23445862,,,連鎖型綠色商店
719,中華電信股份有限公司台北營運處台北木新服務中心,116臺北市文山區木新路三段200號,A001679,陳中光,(02)23445862,,,連鎖型綠色商店
720,中華電信股份有限公司台北營運處台北北區服務中心,104臺北市中山區松江里建國北路2段216號1樓,A001722,陳中光,(02)23445862,,,連鎖型綠色商店
721,中華電信股份有限公司台北營運處台北民生服務中心,105臺北市松山區民生東路五段206號,A001707,陳中光,(02)23445862,,,連鎖型綠色商店
722,中華電信股份有限公司台北營運處台北光復服務中心,110台北市信義區仁愛路四段420-1號,A001737,胡學海,,,800080123,連鎖型綠色商店
723,中華電信股份有限公司台北營運處台北忠孝服務中心,106臺北市大安區義村里忠孝東路3段214號1樓,A001726,陳中光,(02)23445862,,,連鎖型綠色商店
724,中華電信股份有限公司台北營運處台北東門服務中心,106臺北市大安區愛國東路35-1號,A001706,陳中光,(02)23445862,,,連鎖型綠色商店
725,中華電信股份有限公司台北營運處台北東區服務中心,110臺北市信義區松仁路130號,A001717,陳中光,(02)23445862,,,連鎖型綠色商店
726,中華電信股份有限公司台北營運處台北東湖服務中心,114臺北市內湖區東湖路33巷1號,A001682,陳中光,(02)23445862,,,連鎖型綠色商店
727,中華電信股份有限公司台北營運處台北松江服務中心,104臺北市中山區朱園里松江路67之1號1樓　,A001723,陳中光,(02)23445862,,,連鎖型綠色商店
728,中華電信股份有限公司台北營運處台北南區服務中心,100臺北市仁愛路一段42號,A001713,陳中光,(02)23445862,,,連鎖型綠色商店
729,中華電信股份有限公司台北營運處台北師大服務中心,106臺北市大安區和平東路1段182之2號,A001705,陳中光,(02)23445862,,,連鎖型綠色商店
730,中華電信股份有限公司台北營運處台北通化服務中心,106臺北市大安區通化街177號,A001703,陳中光,(02)23445862,,,連鎖型綠色商店
731,中華電信股份有限公司台北營運處台北博愛服務中心,100臺北市博愛路168號,A001715,陳中光,(02)23445862,,,連鎖型綠色商店
732,中華電信股份有限公司台北營運處台北敦北服務中心,105臺北市松山區精忠里民生東路4段69號1樓,A001718,陳中光,(02)23445862,,,連鎖型綠色商店
733,中華電信股份有限公司台北營運處石牌服務中心,112臺北市北投區石牌路一段73號,A001686,陳中光,(02)23445862,,,連鎖型綠色商店
734,中華電信股份有限公司台北營運處立法院服務中心,100臺北市濟南路一段1號2樓,A001714,陳中光,(02)23445862,,,連鎖型綠色商店
735,中華電信股份有限公司台北營運處西門町服務中心,108臺北市萬華區昆明街126號,A001701,陳中光,(02)23445862,,,連鎖型綠色商店
736,中華電信股份有限公司台北營運處松山機場服務中心,105臺北市松山區敦化北路340之9號,A001709,陳中光,(02)23445862,,,連鎖型綠色商店
737,中華電信股份有限公司台北營運處社子服務中心,111臺北市士林區延平北路五段211號,A001689,陳中光,(02)23445862,,,連鎖型綠色商店
738,中華電信股份有限公司台北營運處芝山服務中心,111臺北市士林區福國路95號2F,A001693,陳中光,(02)23445862,,,連鎖型綠色商店
739,中華電信股份有限公司台北營運處長春服務中心,104臺北市中山區中山里長春路27號,A001725,陳中光,(02)23445862,,,連鎖型綠色商店
740,中華電信股份有限公司台北營運處南京東服務中心,105臺北市松山區南京東路五段135號,A001708,陳中光,(02)23445862,,,連鎖型綠色商店
741,中華電信股份有限公司台北營運處南港服務中心,115臺北市南港路一段356號,A001681,陳中光,(02)23445862,,,連鎖型綠色商店
742,中華電信股份有限公司台北營運處南機場服務中心,108臺北市西藏路125巷20號,A001699,陳中光,(02)23445862,,,連鎖型綠色商店
743,中華電信股份有限公司台北營運處康寧服務中心,114臺北市內湖區康寧路三段75巷22號,A001683,陳中光,(02)23445862,,,連鎖型綠色商店
744,中華電信股份有限公司台北營運處頂好服務中心,106臺北市大安區光武里敦化南路1段158號1樓,A001727,陳中光,(02)23445862,,,連鎖型綠色商店
745,中華電信股份有限公司台北營運處敦南服務中心,106臺北市敦化南路二段162號,A001704,陳中光,(02)23445862,,,連鎖型綠色商店
746,中華電信股份有限公司台北營運處景文服務中心,116臺北市文山區景文街60號,A001678,陳中光,(02)23445862,,,連鎖型綠色商店
747,中華電信股份有限公司台北營運處景美服務中心,116臺北市羅斯福路六段159巷19號,A001677,陳中光,(02)23445862,,,連鎖型綠色商店
748,中華電信股份有限公司台北營運處陽明山服務中心,112臺北市北投區紗帽路139號,A001685,陳中光,(02)23445862,,,連鎖型綠色商店
749,中華電信股份有限公司台北營運處德行東服務中心,111臺北市士林區德行東路177號,A001694,陳中光,(02)23445862,,,連鎖型綠色商店
750,中華電信股份有限公司高雄營運處橋頭服務中心,103臺北市大同區延平北路三段68號,A001710,陳中光,(02)23445862,,,連鎖型綠色商店
751,中華電信股份有限司公司台北營運處內湖服務中心,114臺北市內湖區港墘里內湖路1段596號,A001721,陳中光,(02)23445862,,,連鎖型綠色商店
752,內德傢俱生活館,114台北市內湖區成功路三段152號1樓,A000099,葉靜慧,(02)87928698,,,連鎖型綠色商店
753,北都汽車股份有限公司-大安營業所,106台北市大安區和平東路2段128號,A001501,許志寬,(02)27367256,,,連鎖型綠色商店
754,北都汽車股份有限公司-內湖營業所,114台北市內湖區內湖路1段91巷34號,A001499,周欽賢,(02)27997840,,,連鎖型綠色商店
755,北都汽車股份有限公司-文山營業所,116台北市文山區羅斯福路6段88號1樓,A001500,周欽賢,(02)29339060,,,連鎖型綠色商店
756,北都汽車股份有限公司-南港營業所,115台北市南港區南港路2段312號2樓,A001502,周欽賢,(02)27837366,,,連鎖型綠色商店
757,北都汽車股份有限公司-敦化營業所,105台北市松山區八德路3段2號1樓,A001503,許志寬,(02)25796285,,,連鎖型綠色商店
758,北都汽車股份有限公司-雙園營業所,108台北市萬華區西園路2段159號161號　,A001504,許志寬,(02)23023132,,,連鎖型綠色商店
759,台象股份有限公司-象印SOGO天母據點,111臺北市士林區中山北路六段77號6樓,A001582,小田 正司,(02)25069009,217,,連鎖型綠色商店
760,台象股份有限公司-象印SOGO忠孝據點,106臺北市大安區忠孝東路四段45號?8F,A001570,小田正司,(02)25069009,217,,連鎖型綠色商店
761,台象股份有限公司-象印SOGO復興據點,106臺北市大安區忠孝東路三段300號8F,A001571,小田正司,(02)25069009,217,,連鎖型綠色商店
762,台象股份有限公司-象印大葉高島屋據點,111臺北市士林區忠誠路二段55號12F,A001564,小田正司,(02)25069009,217,,連鎖型綠色商店
763,台象股份有限公司-象印天母服務中心,111臺北市士林區克強路30號1樓,A001561,小田正司,(02)25069009,217,,連鎖型綠色商店
764,台象股份有限公司-象印長安服務中心,104臺北市中山區長安東路二段80號1樓,A001562,小田正司,(02)25069009,217,,連鎖型綠色商店
765,台象股份有限公司-象印南港服務中心,115臺北市南港區重陽路528號1樓,A001581,小田 正司,(02)25069009,217,,連鎖型綠色商店
766,台象股份有限公司-象印美麗華據點,104臺北市中山區敬業三路20號3F,A001568,小田正司,(02)25069009,217,,連鎖型綠色商店
767,台象股份有限公司-象印統一時代台北據點,110臺北市信義區忠孝東路5段8號6F,A001563,小田正司,(02)25069009,217,,連鎖型綠色商店
768,台象股份有限公司-象印新光信義A8據點,108臺北市萬華區松高路12號7F,A001567,小田正司,(02)25069009,217,,連鎖型綠色商店
769,台象股份有限公司-象印新光南西據點,104臺北市中山區臺北市中山區南京西路12號7F,A001565,小田正司,(02)25069009,217,,連鎖型綠色商店
770,台象股份有限公司-象印新光站前據點,100臺北市中正區忠孝西路一段66號10F,A001566,小田正司,(02)25069009,217,,連鎖型綠色商店
771,台象股份有限公司-象印遠東寶慶據點,100臺北市中正區寶慶路32號8F,A001569,小田正司,(02)25069009,217,,連鎖型綠色商店
772,台灣歐德系統傢俱健安店,105臺北市松山區,A000100,曾婉婷,(02)27423998,,,連鎖型綠色商店
773,全家便利商店股份有限公司１０１分公司,110臺北市信義區信義路五段７號３５樓,A000082,林秋薇,(02)25239588,6142,,連鎖型綠色商店
774,全家便利商店股份有限公司-一壽店,116臺北市文山區一壽街４４巷１號,A000954,林秋薇,(02)25239588,6142,,連鎖型綠色商店
775,全家便利商店股份有限公司-力晶店,105臺北市松山區南京東路三段２５８號,A001081,林秋薇,(02)25239588,6142,,連鎖型綠色商店
776,全家便利商店股份有限公司-三民店,114臺北市內湖區民權東路六段９０巷１號,A001209,林秋薇,(02)25239588,6142,,連鎖型綠色商店
777,全家便利商店股份有限公司-三興店,110臺北市信義區吳興街７號,A000783,林秋薇,(02)25239588,6142,,連鎖型綠色商店
778,全家便利商店股份有限公司-士林店,111臺北市士林區中山北路５段６９７號,A001193,林秋薇,(02)25239588,6142,,連鎖型綠色商店
779,全家便利商店股份有限公司-士誠店,111臺北市士林區士東路８６號,A001191,林秋薇,(02)25239588,6142,,連鎖型綠色商店
780,全家便利商店股份有限公司-大吉店,105臺北市松山區八德路四段２４５巷３２弄６７號,A001216,林秋薇,(02)25239588,6142,,連鎖型綠色商店
781,全家便利商店股份有限公司-大同店,112臺北市北投區大業路４５２巷３１號,A000946,林秋薇,(02)25239588,6142,,連鎖型綠色商店
782,全家便利商店股份有限公司-大安店,106臺北市大安區大安路一段２０號,A000990,林秋薇,(02)25239588,6142,,連鎖型綠色商店
783,全家便利商店股份有限公司-大孝店,100臺北市中正區愛國東路１１２號１樓．２樓,A001083,林秋薇,(02)25239588,6142,,連鎖型綠色商店
784,全家便利商店股份有限公司-大直店,104臺北市中山區大直街３３巷１號,A000930,林秋薇,(02)25239588,6142,,連鎖型綠色商店
785,全家便利商店股份有限公司-大南店,111臺北市士林區大南路５２號,A001182,林秋薇,(02)25239588,6142,,連鎖型綠色商店
786,全家便利商店股份有限公司-大理店,105臺北市松山區光復北路１１巷５０號１樓,A001028,林秋薇,(02)25239588,6142,,連鎖型綠色商店
787,全家便利商店股份有限公司-大盛店,105臺北市松山區南京東路五段６６巷２弄１之１號１樓,A001175,林秋薇,(02)25239588,6142,,連鎖型綠色商店
788,全家便利商店股份有限公司-大通店,104臺北市中山區伊通街３９號１樓,A000977,林秋薇,(02)25239588,6142,,連鎖型綠色商店
789,全家便利商店股份有限公司-大港店,111臺北市士林區前港街３９號,A000991,林秋薇,(02)25239588,6142,,連鎖型綠色商店
790,全家便利商店股份有限公司-大業店,112臺北市北投區大興街２２號,A000918,林秋薇,(02)25239588,6142,,連鎖型綠色商店
791,全家便利商店股份有限公司-大道店,110臺北市信義區大道路７９號１樓,A001221,林秋薇,(02)25239588,6142,,連鎖型綠色商店
792,全家便利商店股份有限公司-大龍店,103臺北市大同區大龍街１３３號１樓,A001027,林秋薇,(02)25239588,6142,,連鎖型綠色商店
793,全家便利商店股份有限公司-工業二店,115臺北市南港區園區街３號２樓之７,A000700,林秋薇,(02)25239588,6142,,連鎖型綠色商店
794,全家便利商店股份有限公司-工業三店,115臺北市南港區三重路６６之２號１樓,A001205,林秋薇,(02)25239588,6142,,連鎖型綠色商店
795,全家便利商店股份有限公司-工業店,115臺北市南港區三重路１９之４號,A001067,林秋薇,(02)25239588,6142,,連鎖型綠色商店
796,全家便利商店股份有限公司-中央店,105臺北市松山區民生東路四段９５號,A001085,林秋薇,(02)25239588,6142,,連鎖型綠色商店
797,全家便利商店股份有限公司-中永店,112臺北市北投區開明里中和街２５２號一樓,A001055,林秋薇,(02)25239588,6142,,連鎖型綠色商店
798,全家便利商店股份有限公司-中和店,112臺北市北投區中和街４９１號１Ｆ,A001020,林秋薇,(02)25239588,6142,,連鎖型綠色商店
799,全家便利商店股份有限公司-中崙店,105臺北市松山區八德路三段７４巷４３號,A000713,林秋薇,(02)25239588,6142,,連鎖型綠色商店
800,全家便利商店股份有限公司-中視店,115臺北市南港區興南街３９號１樓,A001087,林秋薇,(02)25239588,6142,,連鎖型綠色商店
801,全家便利商店股份有限公司-中賓店,104臺北市中山區中山里中山北路二段５９之３號１樓,A001061,林秋薇,(02)25239588,6142,,連鎖型綠色商店
802,全家便利商店股份有限公司-中興店,104臺北市中山區龍江路２０１號１Ｆ,A001185,林秋薇,(02)25239588,6142,,連鎖型綠色商店
803,全家便利商店股份有限公司-五常店,104臺北市中山區五常街５３巷２３號１號,A001045,林秋薇,(02)25239588,6142,,連鎖型綠色商店
804,全家便利商店股份有限公司-仁慈店,106臺北市大安區仁愛路四段４８巷６號,A001030,林秋薇,(02)25239588,6142,,連鎖型綠色商店
805,全家便利商店股份有限公司-內華店,114臺北市內湖區民權東路六段１６２號,A000957,林秋薇,(02)25239588,6142,,連鎖型綠色商店
806,全家便利商店股份有限公司-六張黎店,110臺北市信義區和平東路三段３８７號,A000694,林秋薇,(02)25239588,6142,,連鎖型綠色商店
807,全家便利商店股份有限公司-公園店,108臺北市萬華區青年路４８號,A001132,林秋薇,(02)25239588,6142,,連鎖型綠色商店
808,全家便利商店股份有限公司-公館店,100臺北市中正區汀州路三段２５１號,A001053,林秋薇,(02)25239588,6142,,連鎖型綠色商店
809,全家便利商店股份有限公司-天文店,111臺北市士林區美崙街１１８號,A001159,林秋薇,(02)25239588,6142,,連鎖型綠色商店
810,全家便利商店股份有限公司-天玉店,111臺北市士林區天玉街３８巷１１之３號１樓,A001157,林秋薇,(02)25239588,6142,,連鎖型綠色商店
811,全家便利商店股份有限公司-天成店,111臺北市士林區天福里天母東路３６號之５，之６,A000736,林秋薇,(02)25239588,6142,,連鎖型綠色商店
812,全家便利商店股份有限公司-天和店,111臺北市士林區天母東路８３號,A000994,林秋薇,(02)25239588,6142,,連鎖型綠色商店
813,全家便利商店股份有限公司-太原店,103臺北市大同區太原路８１號１樓,A001111,林秋薇,(02)25239588,6142,,連鎖型綠色商店
814,全家便利商店股份有限公司-文大店,111臺北市士林區華崗路５５號,A001100,林秋薇,(02)25239588,6142,,連鎖型綠色商店
815,全家便利商店股份有限公司-文化店,112臺北市北投區中央北路二段９７號１樓,A001196,林秋薇,(02)25239588,6142,,連鎖型綠色商店
816,全家便利商店股份有限公司-文盛店,100臺北市中正區汀州路三段１７３號,A001003,林秋薇,(02)25239588,6142,,連鎖型綠色商店
817,全家便利商店股份有限公司-文祥店,100臺北市中正區杭州南路一段１４７號,A001106,林秋薇,(02)25239588,6142,,連鎖型綠色商店
818,全家便利商店股份有限公司-文湖店,114臺北市內湖區文湖街５９號,A000931,林秋薇,(02)25239588,6142,,連鎖型綠色商店
819,全家便利商店股份有限公司-日津店,104臺北市中山區正義里天津街４７號１樓及地下室,A000976,林秋薇,(02)25239588,6142,,連鎖型綠色商店
820,全家便利商店股份有限公司-日祥店,108臺北市萬華區青年路１５４號、１６８巷２弄１４號１樓,A000738,林秋薇,(02)25239588,6142,,連鎖型綠色商店
821,全家便利商店股份有限公司-日新店,103臺北市大同區承德路二段３９＆４１號１樓,A000599,林秋薇,(02)25239588,6142,,連鎖型綠色商店
822,全家便利商店股份有限公司-木柵路店,116臺北市文山區木柵路三段１４８號１５０號,A001062,林秋薇,(02)25239588,6142,,連鎖型綠色商店
823,全家便利商店股份有限公司-木新店,116臺北市文山區木新路３段３３３．３３５號,A001231,林秋薇,(02)25239588,6142,,連鎖型綠色商店
824,全家便利商店股份有限公司-木興店,116臺北市文山區木柵路２段５２號,A001035,林秋薇,(02)25239588,6142,,連鎖型綠色商店
825,全家便利商店股份有限公司-水源店,100臺北市中正區汀州路三段２６１號,A001102,林秋薇,(02)25239588,6142,,連鎖型綠色商店
826,全家便利商店股份有限公司-仙岩店,116臺北市文山區仙岩路２號,A001215,林秋薇,(02)25239588,6142,,連鎖型綠色商店
827,全家便利商店股份有限公司-北大店,104臺北市中山區錦州街４２８號,A001000,林秋薇,(02)25239588,6142,,連鎖型綠色商店
828,全家便利商店股份有限公司-北投店,112臺北市北投區光明路２１８之１號,A001080,林秋薇,(02)25239588,6142,,連鎖型綠色商店
829,全家便利商店股份有限公司-北科大店,106臺北市大安區大安區忠孝東路三段１號,A000935,林秋薇,(02)25239588,6142,,連鎖型綠色商店
830,全家便利商店股份有限公司-北鄰店,104臺北市中山區北安路４５８巷４７弄１３號１樓,A000546,林秋薇,(02)25239588,6142,,連鎖型綠色商店
831,全家便利商店股份有限公司-北醫店,110臺北市信義區吳興街２６３號,A000955,林秋薇,(02)25239588,6142,,連鎖型綠色商店
832,全家便利商店股份有限公司-北權店,105臺北市松山區民權東路三段１０６巷１１號,A000988,林秋薇,(02)25239588,6142,,連鎖型綠色商店
833,全家便利商店股份有限公司-仟囍店,100臺北市中正區漢口街一段１５號,A000695,林秋薇,(02)25239588,6142,,連鎖型綠色商店
834,全家便利商店股份有限公司-古亭店,106臺北市大安區羅斯福路２段１０３號,A001005,林秋薇,(02)25239588,6142,,連鎖型綠色商店
835,全家便利商店股份有限公司-四維店,106臺北市大安區住安里四維路１５４巷１號一樓,A001078,林秋薇,(02)25239588,6142,,連鎖型綠色商店
836,全家便利商店股份有限公司-外貿店,110臺北市信義區信義路五段５號２樓,A001140,林秋薇,(02)25239588,6142,,連鎖型綠色商店
837,全家便利商店股份有限公司-市民店,104臺北市中山區中山北路一段５８號,A001194,林秋薇,(02)25239588,6142,,連鎖型綠色商店
838,全家便利商店股份有限公司-市府店,110臺北市信義區市府路１號地下二樓,A000996,林秋薇,(02)25239588,6142,,連鎖型綠色商店
839,全家便利商店股份有限公司-正義店,104臺北市中山區長安東路一段５５號,A000928,林秋薇,(02)25239588,6142,,連鎖型綠色商店
840,全家便利商店股份有限公司-民東店,105臺北市松山區新東街１１巷２８號,A000986,林秋薇,(02)25239588,6142,,連鎖型綠色商店
841,全家便利商店股份有限公司-民族店,104臺北市中山區民族東路４１０巷２３弄２４號,A000968,林秋薇,(02)25239588,6142,,連鎖型綠色商店
842,全家便利商店股份有限公司-民復店,105臺北市松山區民生東路四段８０巷３號１Ｆ,A001117,林秋薇,(02)25239588,6142,,連鎖型綠色商店
843,全家便利商店股份有限公司-永吉二店,110臺北市信義區永吉路２２３號,A000732,林秋薇,(02)25239588,6142,,連鎖型綠色商店
844,全家便利商店股份有限公司-永安店,104臺北市中山區北安路６３０巷７號１樓,A000974,林秋薇,(02)25239588,6142,,連鎖型綠色商店
845,全家便利商店股份有限公司-永孝店,110臺北市信義區松信路１４５號,A001043,林秋薇,(02)25239588,6142,,連鎖型綠色商店
846,全家便利商店股份有限公司-永林店,110臺北市信義區虎林街８２巷２３號,A001125,林秋薇,(02)25239588,6142,,連鎖型綠色商店
847,全家便利商店股份有限公司-永隆店,110臺北市信義區基隆路１段１４７巷７號,A001070,林秋薇,(02)25239588,6142,,連鎖型綠色商店
848,全家便利商店股份有限公司-永新店,111臺北市士林區社子街２７號,A001069,林秋薇,(02)25239588,6142,,連鎖型綠色商店
849,全家便利商店股份有限公司-永興店,112臺北市北投區中庸里永興路一段１號、３號一樓,A001188,林秋薇,(02)25239588,6142,,連鎖型綠色商店
850,全家便利商店股份有限公司-玉林店,104臺北市中山區民生東路一段２７巷１５號,A000975,林秋薇,(02)25239588,6142,,連鎖型綠色商店
851,全家便利商店股份有限公司-立農店,112臺北市北投區北投吉利街１１４號,A001011,林秋薇,(02)25239588,6142,,連鎖型綠色商店
852,全家便利商店股份有限公司-立賢店,112臺北市北投區立賢里承德路七段２９０號,A001082,林秋薇,(02)25239588,6142,,連鎖型綠色商店
853,全家便利商店股份有限公司-光明店,112臺北市北投區光明路２３號，２５號,A001136,林秋薇,(02)25239588,6142,,連鎖型綠色商店
854,全家便利商店股份有限公司-光復南路店,110臺北市信義區光復南路４４７之２號,A001184,林秋薇,(02)25239588,6142,,連鎖型綠色商店
855,全家便利商店股份有限公司-光華店,104臺北市中山區松江路２４之１號,A000969,林秋薇,(02)25239588,6142,,連鎖型綠色商店
856,全家便利商店股份有限公司-光新店,106臺北市大安區光復南路４１８號,A001051,林秋薇,(02)25239588,6142,,連鎖型綠色商店
857,全家便利商店股份有限公司-光輝店,104臺北市中山區晴光里德惠街３４之２號一樓,A001095,林秋薇,(02)25239588,6142,,連鎖型綠色商店
858,全家便利商店股份有限公司-再興店,116臺北市文山區興隆路３段２０７巷１１弄２號,A001022,林秋薇,(02)25239588,6142,,連鎖型綠色商店
859,全家便利商店股份有限公司-吉利店,108臺北市萬華區東園街１２號,A001021,林秋薇,(02)25239588,6142,,連鎖型綠色商店
860,全家便利商店股份有限公司-吉林店,104臺北市中山區吉林路３１４號,A001046,林秋薇,(02)25239588,6142,,連鎖型綠色商店
861,全家便利商店股份有限公司-吉原店,104臺北市中山區中原街２７號,A001206,林秋薇,(02)25239588,6142,,連鎖型綠色商店
862,全家便利商店股份有限公司-向陽店,115臺北市南港區東新里重陽路１６號一樓,A001018,林秋薇,(02)25239588,6142,,連鎖型綠色商店
863,全家便利商店股份有限公司-名門店,116臺北市文山區軍功路１０９號,A001189,林秋薇,(02)25239588,6142,,連鎖型綠色商店
864,全家便利商店股份有限公司-安居店,106臺北市大安區安居街７６號,A001145,林秋薇,(02)25239588,6142,,連鎖型綠色商店
865,全家便利商店股份有限公司-安興店,110臺北市信義區松仁路２３８號,A000555,林秋薇,(02)25239588,6142,,連鎖型綠色商店
866,全家便利商店股份有限公司-成功店,106臺北市大安區和平東路二段３１１巷３２號,A000987,林秋薇,(02)25239588,6142,,連鎖型綠色商店
867,全家便利商店股份有限公司-成都店,108臺北市萬華區昆明街１３４號；成都路８６號,A001029,林秋薇,(02)25239588,6142,,連鎖型綠色商店
868,全家便利商店股份有限公司-朱崙店,104臺北市中山區朱崙街６７號,A001210,林秋薇,(02)25239588,6142,,連鎖型綠色商店
869,全家便利商店股份有限公司-江寧店,104臺北市中山區民權東路三段６４號１樓,A001073,林秋薇,(02)25239588,6142,,連鎖型綠色商店
870,全家便利商店股份有限公司-自強店,112臺北市北投區自強街８８號,A001134,林秋薇,(02)25239588,6142,,連鎖型綠色商店
871,全家便利商店股份有限公司-至善店,111臺北市士林區臨溪里至善路二段２６８號一樓,A001141,林秋薇,(02)25239588,6142,,連鎖型綠色商店
872,全家便利商店股份有限公司-西站店,100臺北市中正區懷寧街７之１號,A001190,林秋薇,(02)25239588,6142,,連鎖型綠色商店
873,全家便利商店股份有限公司-宏大店,105臺北市松山區敦化北路１５５巷３號１樓,A001154,林秋薇,(02)25239588,6142,,連鎖型綠色商店
874,全家便利商店股份有限公司-宏啟店,100臺北市中正區忠孝西路一段９６號,A001138,林秋薇,(02)25239588,6142,,連鎖型綠色商店
875,全家便利商店股份有限公司-辛亥店,106臺北市大安區辛亥路二段１７１巷３號,A001120,林秋薇,(02)25239588,6142,,連鎖型綠色商店
876,全家便利商店股份有限公司-酉陽店,100臺北市中正區永綏街２０號,A000735,林秋薇,(02)25239588,6142,,連鎖型綠色商店
877,全家便利商店股份有限公司-京城店,105臺北市松山區八德路四段１０８號,A000545,林秋薇,(02)25239588,6142,,連鎖型綠色商店
878,全家便利商店股份有限公司-京貿店,104臺北市中山區南京東路三段６５號,A000947,林秋薇,(02)25239588,6142,,連鎖型綠色商店
879,全家便利商店股份有限公司-協和店,110臺北市信義區中坡南路３８號１Ｆ,A001077,林秋薇,(02)25239588,6142,,連鎖型綠色商店
880,全家便利商店股份有限公司-和西店,108臺北市萬華區愛鄉里和平西路三段２９０之５號、２９０,A001169,林秋薇,(02)25239588,6142,,連鎖型綠色商店
881,全家便利商店股份有限公司-和東店,106臺北市大安區和平東路二段１０２之３號１樓,A001039,林秋薇,(02)25239588,6142,,連鎖型綠色商店
882,全家便利商店股份有限公司-和復店,106臺北市大安區和平東路二段２６１號，２６３號,A000983,林秋薇,(02)25239588,6142,,連鎖型綠色商店
883,全家便利商店股份有限公司-和新店,106臺北市大安區和平東路二段２２號,A000922,林秋薇,(02)25239588,6142,,連鎖型綠色商店
884,全家便利商店股份有限公司-和碩店,112臺北市北投區立功街７６號Ｂ１,A001094,林秋薇,(02)25239588,6142,,連鎖型綠色商店
885,全家便利商店股份有限公司-和碩附店,112臺北市北投區立德路１５０號Ｂ１,A001198,林秋薇,(02)25239588,6142,,連鎖型綠色商店
886,全家便利商店股份有限公司-和鄰店,100臺北市中正區和平西路一段８２號１樓,A001048,林秋薇,(02)25239588,6142,,連鎖型綠色商店
887,全家便利商店股份有限公司-和聯店,112臺北市北投區承德路七段４００號２樓,A001074,林秋薇,(02)25239588,6142,,連鎖型綠色商店
888,全家便利商店股份有限公司-和豐店,111臺北市士林區福華里和豐街２號一樓,A000790,林秋薇,(02)25239588,6142,,連鎖型綠色商店
889,全家便利商店股份有限公司-奇岩店,112臺北市北投區公館路２５９號１Ｆ,A001173,林秋薇,(02)25239588,6142,,連鎖型綠色商店
890,全家便利商店股份有限公司-宜興店,104臺北市中山區林森北路３２７號,A001033,林秋薇,(02)25239588,6142,,連鎖型綠色商店
891,全家便利商店股份有限公司-延吉店,106臺北市大安區忠孝東路四段２１６巷３１號,A001014,林秋薇,(02)25239588,6142,,連鎖型綠色商店
892,全家便利商店股份有限公司-延安店,106臺北市大安區延吉街１５８號,A001212,林秋薇,(02)25239588,6142,,連鎖型綠色商店
893,全家便利商店股份有限公司-延孝店,106臺北市大安區延吉街１３５號之三，一樓,A001199,林秋薇,(02)25239588,6142,,連鎖型綠色商店
894,全家便利商店股份有限公司-忠林店,110臺北市信義區虎林街１６６號１樓及地下室,A000989,林秋薇,(02)25239588,6142,,連鎖型綠色商店
895,全家便利商店股份有限公司-忠信店,110臺北市信義區忠孝東路五段４２５號１樓及地下室,A001124,林秋薇,(02)25239588,6142,,連鎖型綠色商店
896,全家便利商店股份有限公司-忠愛店,106臺北市大安區仁愛路４段２７巷４３號,A001044,林秋薇,(02)25239588,6142,,連鎖型綠色商店
897,全家便利商店股份有限公司-忠誠店,111臺北市士林區中山北路六段２０號,A000791,林秋薇,(02)25239588,6142,,連鎖型綠色商店
898,全家便利商店股份有限公司-昌隆店,106臺北市大安區忠孝東路３段２１７巷２弄１號１樓,A001123,林秋薇,(02)25239588,6142,,連鎖型綠色商店
899,全家便利商店股份有限公司-昆明店,108臺北市萬華區昆明街１８６號１樓,A001058,林秋薇,(02)25239588,6142,,連鎖型綠色商店
900,全家便利商店股份有限公司-明水店,104臺北市中山區明水路５８１巷１１號１樓,A001050,林秋薇,(02)25239588,6142,,連鎖型綠色商店
901,全家便利商店股份有限公司-明真店,103臺北市大同區延平北路四段１９號,A001172,林秋薇,(02)25239588,6142,,連鎖型綠色商店
902,全家便利商店股份有限公司-明德店,112臺北市北投區石牌里明德路９３號,A001017,林秋薇,(02)25239588,6142,,連鎖型綠色商店
903,全家便利商店股份有限公司-明興店,116臺北市文山區木柵路２段１０９巷２５弄２號．２－１號,A001170,林秋薇,(02)25239588,6142,,連鎖型綠色商店
904,全家便利商店股份有限公司-明曜店,106臺北市大安區仁愛路四段１５１巷３４號．３６號,A001052,林秋薇,(02)25239588,6142,,連鎖型綠色商店
905,全家便利商店股份有限公司-東光店,105臺北市松山區南京東路五段１２３巷１之８號,A000905,林秋薇,(02)25239588,6142,,連鎖型綠色商店
906,全家便利商店股份有限公司-東安店,114臺北市內湖區安康路４８０號,A001116,林秋薇,(02)25239588,6142,,連鎖型綠色商店
907,全家便利商店股份有限公司-東門店,100臺北市中正區信義路１段１號（部份）,A000933,林秋薇,(02)25239588,6142,,連鎖型綠色商店
908,全家便利商店股份有限公司-東清店,105臺北市松山區南京東路五段２９１巷８－１號,A000911,林秋薇,(02)25239588,6142,,連鎖型綠色商店
909,全家便利商店股份有限公司-東華店,112臺北市北投區東華街二段８８號,A000919,林秋薇,(02)25239588,6142,,連鎖型綠色商店
910,全家便利商店股份有限公司-東陽店,112臺北市北投區西安街一段２８３號,A001002,林秋薇,(02)25239588,6142,,連鎖型綠色商店
911,全家便利商店股份有限公司-東園店,108臺北市萬華區東園街６９７１７１之１７３之１號,A001019,林秋薇,(02)25239588,6142,,連鎖型綠色商店
912,全家便利商店股份有限公司-東寶店,105臺北市松山區南京東路五段２９１巷１７之２號,A001036,林秋薇,(02)25239588,6142,,連鎖型綠色商店
913,全家便利商店股份有限公司-林森北路店,104臺北市中山區林森北路１１９巷４９，５１號,A001075,林秋薇,(02)25239588,6142,,連鎖型綠色商店
914,全家便利商店股份有限公司-林森南路店,100臺北市中正區林森南路５７．５９號,A001211,林秋薇,(02)25239588,6142,,連鎖型綠色商店
915,全家便利商店股份有限公司-松三店,110臺北市信義區林口街１１６號,A001001,林秋薇,(02)25239588,6142,,連鎖型綠色商店
916,全家便利商店股份有限公司-松仁店,110臺北市信義區信義路５段１５０巷２２１號,A000934,林秋薇,(02)25239588,6142,,連鎖型綠色商店
917,全家便利商店股份有限公司-松友店,110臺北市信義區信義路六段７８號,A001098,林秋薇,(02)25239588,6142,,連鎖型綠色商店
918,全家便利商店股份有限公司-松平店,104臺北市中山區四平街４７號,A000951,林秋薇,(02)25239588,6142,,連鎖型綠色商店
919,全家便利商店股份有限公司-松盛店,110臺北市信義區松山路１５３號,A001114,林秋薇,(02)25239588,6142,,連鎖型綠色商店
920,全家便利商店股份有限公司-松壽店,105臺北市松山區自強里延壽街３３０巷７弄２２號一樓,A001233,林秋薇,(02)25239588,6142,,連鎖型綠色商店
921,全家便利商店股份有限公司-松德店,110臺北市信義區松山路６２７號,A001156,林秋薇,(02)25239588,6142,,連鎖型綠色商店
922,全家便利商店股份有限公司-松興店,110臺北市信義區松山路１０７號,A000959,林秋薇,(02)25239588,6142,,連鎖型綠色商店
923,全家便利商店股份有限公司-松醫店,105臺北市松山區東光里健康路１５８號,A001135,林秋薇,(02)25239588,6142,,連鎖型綠色商店
924,全家便利商店股份有限公司-松權店,104臺北市中山區松江路３６２巷４１號１樓,A000937,林秋薇,(02)25239588,6142,,連鎖型綠色商店
925,全家便利商店股份有限公司-欣欣店,104臺北市中山區長春路１００號１樓,A000972,林秋薇,(02)25239588,6142,,連鎖型綠色商店
926,全家便利商店股份有限公司-武成店,108臺北市萬華區萬大路４８６巷３９號,A001223,林秋薇,(02)25239588,6142,,連鎖型綠色商店
927,全家便利商店股份有限公司-芝山店,111臺北市士林區德行東路２５０號１樓,A001038,林秋薇,(02)25239588,6142,,連鎖型綠色商店
928,全家便利商店股份有限公司-芝玉店,111臺北市士林區士東路２６６巷５弄１６號,A001037,林秋薇,(02)25239588,6142,,連鎖型綠色商店
929,全家便利商店股份有限公司-金石店,112臺北市北投區石牌路一段２００號,A000691,林秋薇,(02)25239588,6142,,連鎖型綠色商店
930,全家便利商店股份有限公司-金林店,104臺北市中山區林森北路１０９號１樓,A001229,林秋薇,(02)25239588,6142,,連鎖型綠色商店
931,全家便利商店股份有限公司-金湖店,114臺北市內湖區內湖路三段６０巷１０弄１號,A000967,林秋薇,(02)25239588,6142,,連鎖型綠色商店
932,全家便利商店股份有限公司-金磚店,104臺北市中山區雙城街１９巷２號,A001197,林秋薇,(02)25239588,6142,,連鎖型綠色商店
933,全家便利商店股份有限公司-長沙店,108臺北市萬華區長沙街二段５０號,A001059,林秋薇,(02)25239588,6142,,連鎖型綠色商店
934,全家便利商店股份有限公司-長林店,104臺北市中山區林森北路１０７巷５４號,A000920,林秋薇,(02)25239588,6142,,連鎖型綠色商店
935,全家便利商店股份有限公司-長城店,105臺北市松山區敦化北路１２０巷８０號,A001034,林秋薇,(02)25239588,6142,,連鎖型綠色商店
936,全家便利商店股份有限公司-長春店,104臺北市中山區長春路４８號,A001228,林秋薇,(02)25239588,6142,,連鎖型綠色商店
937,全家便利商店股份有限公司-長泰店,108臺北市萬華區壽德里長泰街２號２之１號一樓,A001049,林秋薇,(02)25239588,6142,,連鎖型綠色商店
938,全家便利商店股份有限公司-長通店,104臺北市中山區伊通街１０８號１樓,A000958,林秋薇,(02)25239588,6142,,連鎖型綠色商店
939,全家便利商店股份有限公司-長復店,105臺北市松山區長安東路二段２１９號,A000936,林秋薇,(02)25239588,6142,,連鎖型綠色商店
940,全家便利商店股份有限公司-信大店,105臺北市松山區八德路四段７５８號,A000932,林秋薇,(02)25239588,6142,,連鎖型綠色商店
941,全家便利商店股份有限公司-信德店,110臺北市信義區松德路２８９號,A000941,林秋薇,(02)25239588,6142,,連鎖型綠色商店
942,全家便利商店股份有限公司-保生店,103臺北市大同區重慶北路三段３３３號,A001093,林秋薇,(02)25239588,6142,,連鎖型綠色商店
943,全家便利商店股份有限公司-南陽店,100臺北市中正區信陽街１５號,A000915,林秋薇,(02)25239588,6142,,連鎖型綠色商店
944,全家便利商店股份有限公司-建南店,106臺北市大安區建國南路１段１５６，１５８號,A000660,林秋薇,(02)25239588,6142,,連鎖型綠色商店
945,全家便利商店股份有限公司-建國店,106臺北市大安區建國南路二段１５１巷３８號１樓,A001161,林秋薇,(02)25239588,6142,,連鎖型綠色商店
946,全家便利商店股份有限公司-建鑫店,110臺北市信義區松壽路２４號,A000999,林秋薇,(02)25239588,6142,,連鎖型綠色商店
947,全家便利商店股份有限公司-後港店,111臺北市士林區福港街２８號,A001162,林秋薇,(02)25239588,6142,,連鎖型綠色商店
948,全家便利商店股份有限公司-研究院店,115臺北市南港區研究院路２段７０巷１號,A000662,林秋薇,(02)25239588,6142,,連鎖型綠色商店
949,全家便利商店股份有限公司-美崙店,111臺北市士林區華榮街９７號,A001230,林秋薇,(02)25239588,6142,,連鎖型綠色商店
950,全家便利商店股份有限公司-美華店,104臺北市中山區北安路８１９之１號,A001180,林秋薇,(02)25239588,6142,,連鎖型綠色商店
951,全家便利商店股份有限公司-重陽店,115臺北市南港區重陽路１８３、１８５號１樓,A001101,林秋薇,(02)25239588,6142,,連鎖型綠色商店
952,全家便利商店股份有限公司-重慶北路店,103臺北市大同區重慶北路二段１１６號,A001177,林秋薇,(02)25239588,6142,,連鎖型綠色商店
953,全家便利商店股份有限公司-重慶店,100臺北市中正區重慶南路一段５８號,A000910,林秋薇,(02)25239588,6142,,連鎖型綠色商店
954,全家便利商店股份有限公司-師大店,106臺北市大安區師大路７９號,A001119,林秋薇,(02)25239588,6142,,連鎖型綠色商店
955,全家便利商店股份有限公司-師美店,116臺北市文山區汀州路４段７７號,A000939,林秋薇,(02)25239588,6142,,連鎖型綠色商店
956,全家便利商店股份有限公司-振華店,112臺北市北投區振華街２號,A001024,林秋薇,(02)25239588,6142,,連鎖型綠色商店
957,全家便利商店股份有限公司-時代店,114臺北市內湖區瑞光路４１３號．４１５號１樓,A000985,林秋薇,(02)25239588,6142,,連鎖型綠色商店
958,全家便利商店股份有限公司-格致店,111臺北市士林區陽明里格致路２２號１樓,A001071,林秋薇,(02)25239588,6142,,連鎖型綠色商店
959,全家便利商店股份有限公司-海華店,110臺北市信義區虎林街１３２巷８１號１樓,A000661,林秋薇,(02)25239588,6142,,連鎖型綠色商店
960,全家便利商店股份有限公司-郡王店,100臺北市中正區延平南路６８號,A000717,林秋薇,(02)25239588,6142,,連鎖型綠色商店
961,全家便利商店股份有限公司-馬偕店,104臺北市中山區民生西路２９號,A000927,林秋薇,(02)25239588,6142,,連鎖型綠色商店
962,全家便利商店股份有限公司-國泰店,106臺北市大安區仁愛路四段２６６巷１５弄１０號１樓,A000998,林秋薇,(02)25239588,6142,,連鎖型綠色商店
963,全家便利商店股份有限公司-國順店,103臺北市大同區延平北路三段１１８號１樓,A000913,林秋薇,(02)25239588,6142,,連鎖型綠色商店
964,全家便利商店股份有限公司-國興店,115臺北市南港區舊莊街一段３巷３弄２號,A000964,林秋薇,(02)25239588,6142,,連鎖型綠色商店
965,全家便利商店股份有限公司-崇合店,112臺北市北投區清江里三合街二段４８７號１樓,A001113,林秋薇,(02)25239588,6142,,連鎖型綠色商店
966,全家便利商店股份有限公司-崇德店,110臺北市信義區崇德街２９號,A001192,林秋薇,(02)25239588,6142,,連鎖型綠色商店
967,全家便利商店股份有限公司-常興店,105臺北市松山區五常街３６４號１樓,A001164,林秋薇,(02)25239588,6142,,連鎖型綠色商店
968,全家便利商店股份有限公司-康定店,108臺北市萬華區康定路７３號,A001122,林秋薇,(02)25239588,6142,,連鎖型綠色商店
969,全家便利商店股份有限公司-康福店,114臺北市內湖區康樂街８７號,A000912,林秋薇,(02)25239588,6142,,連鎖型綠色商店
970,全家便利商店股份有限公司-梅花鹿店,116臺北市文山區新光路二段３０號,A001086,林秋薇,(02)25239588,6142,,連鎖型綠色商店
971,全家便利商店股份有限公司-清江店,112臺北市北投區中央里清江路１號，中央南路一段６３號,A001143,林秋薇,(02)25239588,6142,,連鎖型綠色商店
972,全家便利商店股份有限公司-祥和店,110臺北市信義區信義路五段１５０巷４０１弄３１號,A001079,林秋薇,(02)25239588,6142,,連鎖型綠色商店
973,全家便利商店股份有限公司-莊研店,115臺北市南港區舊莊街１段１４７號,A000981,林秋薇,(02)25239588,6142,,連鎖型綠色商店
974,全家便利商店股份有限公司-莊敬店,110臺北市信義區莊敬路３７４號,A001126,林秋薇,(02)25239588,6142,,連鎖型綠色商店
975,全家便利商店股份有限公司-通和店,106臺北市大安區通安街７７號,A000945,林秋薇,(02)25239588,6142,,連鎖型綠色商店
976,全家便利商店股份有限公司-通河店,111臺北市士林區通河街１４５號,A001186,林秋薇,(02)25239588,6142,,連鎖型綠色商店
977,全家便利商店股份有限公司-博陽店,100臺北市中正區光復里衡陽路６９號一樓,A001174,林秋薇,(02)25239588,6142,,連鎖型綠色商店
978,全家便利商店股份有限公司-喬治店,106臺北市大安區基隆路二段１７２號,A001015,林秋薇,(02)25239588,6142,,連鎖型綠色商店
979,全家便利商店股份有限公司-富民店,108臺北市萬華區萬大路４９３巷４８弄２３－４號及Ｂ１,A000924,林秋薇,(02)25239588,6142,,連鎖型綠色商店
980,全家便利商店股份有限公司-富康店,115臺北市南港區富康街８６號１Ｆ,A001091,林秋薇,(02)25239588,6142,,連鎖型綠色商店
981,全家便利商店股份有限公司-富陽店,100臺北市中正區襄陽路７號１樓,A001090,林秋薇,(02)25239588,6142,,連鎖型綠色商店
982,全家便利商店股份有限公司-富臺店,110臺北市信義區虎林街１２０巷１４８號１樓,A001142,林秋薇,(02)25239588,6142,,連鎖型綠色商店
983,全家便利商店股份有限公司-富錦店,105臺北市松山區新益里富錦街５２９號一樓,A001144,林秋薇,(02)25239588,6142,,連鎖型綠色商店
984,全家便利商店股份有限公司-尊賢店,112臺北市北投區尊賢街２６０號１Ｆ,A001214,林秋薇,(02)25239588,6142,,連鎖型綠色商店
985,全家便利商店股份有限公司-復中店,112臺北市北投區中和街３２８號１樓,A000921,林秋薇,(02)25239588,6142,,連鎖型綠色商店
986,全家便利商店股份有限公司-復昌店,110臺北市信義區光復南路５０５號、５０７號及文昌街３２,A001158,林秋薇,(02)25239588,6142,,連鎖型綠色商店
987,全家便利商店股份有限公司-復林店,104臺北市中山區林森北路１４９－１．１４９－２號１樓,A001202,林秋薇,(02)25239588,6142,,連鎖型綠色商店
988,全家便利商店股份有限公司-復盛店,105臺北市松山區八德路四段４０號．４２號,A000982,林秋薇,(02)25239588,6142,,連鎖型綠色商店
989,全家便利商店股份有限公司-復榮店,104臺北市中山區復興北路５１４巷３６號１樓,A000962,林秋薇,(02)25239588,6142,,連鎖型綠色商店
990,全家便利商店股份有限公司-敦北店,105臺北市松山區敦化北路４巷１６號１樓,A001121,林秋薇,(02)25239588,6142,,連鎖型綠色商店
991,全家便利商店股份有限公司-敦安店,106臺北市大安區安和路一段１１２巷２７號,A000737,林秋薇,(02)25239588,6142,,連鎖型綠色商店
992,全家便利商店股份有限公司-敦南店,106臺北市大安區敦化南路二段９８號,A001056,林秋薇,(02)25239588,6142,,連鎖型綠色商店
993,全家便利商店股份有限公司-敦新店,106臺北市大安區敦安里仁愛路四段１１２巷５號一樓,A001127,林秋薇,(02)25239588,6142,,連鎖型綠色商店
994,全家便利商店股份有限公司-晶華店,104臺北市中山區林森北路３３４號,A001026,林秋薇,(02)25239588,6142,,連鎖型綠色商店
995,全家便利商店股份有限公司-景中店,116臺北市文山區景中街５號，七號一樓,A001104,林秋薇,(02)25239588,6142,,連鎖型綠色商店
996,全家便利商店股份有限公司-景文店,116臺北市文山區景文街８３號,A001217,林秋薇,(02)25239588,6142,,連鎖型綠色商店
997,全家便利商店股份有限公司-景行店,116臺北市文山區景興路２０２巷１４號,A000970,林秋薇,(02)25239588,6142,,連鎖型綠色商店
998,全家便利商店股份有限公司-景和店,116臺北市文山區羅斯福路六段２７４號,A001147,林秋薇,(02)25239588,6142,,連鎖型綠色商店
999,全家便利商店股份有限公司-景興店,116臺北市文山區興隆路一段２４９號１樓,A001163,林秋薇,(02)25239588,6142,,連鎖型綠色商店
1000,全家便利商店股份有限公司-港福店,115臺北市南港區福德街３７３巷６３號１樓,A001128,林秋薇,(02)25239588,6142,,連鎖型綠色商店
1001,全家便利商店股份有限公司-港墘店,114臺北市內湖區港墘路４４號,A001088,林秋薇,(02)25239588,6142,,連鎖型綠色商店
1002,全家便利商店股份有限公司-湖山店,114臺北市內湖區麗山街３４８巷１０弄２號,A001148,林秋薇,(02)25239588,6142,,連鎖型綠色商店
1003,全家便利商店股份有限公司-湖光店,114臺北市內湖區金湖路４９號１樓,A001149,林秋薇,(02)25239588,6142,,連鎖型綠色商店
1004,全家便利商店股份有限公司-湖安店,114臺北市內湖區內湖路一段２８５巷１９號１樓,A001213,林秋薇,(02)25239588,6142,,連鎖型綠色商店
1005,全家便利商店股份有限公司-湖運店,114臺北市內湖區洲子街１２號,A001099,林秋薇,(02)25239588,6142,,連鎖型綠色商店
1006,全家便利商店股份有限公司-紫陽店,114臺北市內湖區文德路２１２號,A000938,林秋薇,(02)25239588,6142,,連鎖型綠色商店
1007,全家便利商店股份有限公司-華林店,111臺北市士林區中正路２５３號１樓,A001227,林秋薇,(02)25239588,6142,,連鎖型綠色商店
1008,全家便利商店股份有限公司-華崗店,111臺北市士林區光華路２６巷３號－２,A000952,林秋薇,(02)25239588,6142,,連鎖型綠色商店
1009,全家便利商店股份有限公司-華視店,106臺北市大安區光復南路１１６巷２６號,A000944,林秋薇,(02)25239588,6142,,連鎖型綠色商店
1010,全家便利商店股份有限公司-華園店,108臺北市萬華區和平里西園路二段１４０巷３２號一樓,A001176,林秋薇,(02)25239588,6142,,連鎖型綠色商店
1011,全家便利商店股份有限公司-華碩店,112臺北市北投區立德路１５號,A001047,林秋薇,(02)25239588,6142,,連鎖型綠色商店
1012,全家便利商店股份有限公司-華德店,116臺北市文山區景華街７５號,A001207,林秋薇,(02)25239588,6142,,連鎖型綠色商店
1013,全家便利商店股份有限公司-貴陽店,108臺北市萬華區貴陽街二段１８２號，１８４號,A001108,林秋薇,(02)25239588,6142,,連鎖型綠色商店
1014,全家便利商店股份有限公司-開封店,100臺北市中正區開封街一段４１號１樓,A000984,林秋薇,(02)25239588,6142,,連鎖型綠色商店
1015,全家便利商店股份有限公司-開懷店,100臺北市中正區黎明里懷寧街１７號１樓,A000995,林秋薇,(02)25239588,6142,,連鎖型綠色商店
1016,全家便利商店股份有限公司-陽大店,臺北市立農街二段１５５號１樓,A001450,林秋薇,(02)25239588,6142,,連鎖型綠色商店
1017,全家便利商店股份有限公司-陽光店,114臺北市內湖區瑞光路２１０號,A000925,林秋薇,(02)25239588,6142,,連鎖型綠色商店
1018,全家便利商店股份有限公司-順輝店,116臺北市文山區光輝路７號,A000923,林秋薇,(02)25239588,6142,,連鎖型綠色商店
1019,全家便利商店股份有限公司-匯豐店,104臺北市中山區南京東路二段１１號,A001130,林秋薇,(02)25239588,6142,,連鎖型綠色商店
1020,全家便利商店股份有限公司-廈門店,100臺北市中正區廈門街５２號,A001007,林秋薇,(02)25239588,6142,,連鎖型綠色商店
1021,全家便利商店股份有限公司-微風店,105臺北市松山區市民大道四段５１號１樓,A000696,林秋薇,(02)25239588,6142,,連鎖型綠色商店
1022,全家便利商店股份有限公司-新中坡店,110臺北市信義區中坡南路２２９號,A001109,林秋薇,(02)25239588,6142,,連鎖型綠色商店
1023,全家便利商店股份有限公司-新內湖店,114臺北市內湖區成功路２段４２０號,A001129,林秋薇,(02)25239588,6142,,連鎖型綠色商店
1024,全家便利商店股份有限公司-新文華店,116台北市文山區景華街３巷２號１樓及Ｂ１,A001060,林秋薇,(02)25239588,6142,,連鎖型綠色商店
1025,全家便利商店股份有限公司-新生店,104臺北市中山區正義里新生北路一段１１２號,A000916,林秋薇,(02)25239588,6142,,連鎖型綠色商店
1026,全家便利商店股份有限公司-新生南路店,106臺北市大安區新生南路一段１６３號,A000469,林秋薇,(02)25239588,6142,,連鎖型綠色商店
1027,全家便利商店股份有限公司-新光店,104臺北市中山區南京西路１２巷１號１樓,A000948,林秋薇,(02)25239588,6142,,連鎖型綠色商店
1028,全家便利商店股份有限公司-新安店,106臺北市大安區瑞安街２７４號１樓,A000703,林秋薇,(02)25239588,6142,,連鎖型綠色商店
1029,全家便利商店股份有限公司-新成鑫店,115臺北市南港區玉成街１７６巷１號,A000997,林秋薇,(02)25239588,6142,,連鎖型綠色商店
1030,全家便利商店股份有限公司-新忠隆店,110臺北市信義區興雅里忠孝東路五段７１巷８號壹樓,A001225,林秋薇,(02)25239588,6142,,連鎖型綠色商店
1031,全家便利商店股份有限公司-新昌店,100臺北市中正區龍福里南昌路一段４９號一樓,A001150,林秋薇,(02)25239588,6142,,連鎖型綠色商店
1032,全家便利商店股份有限公司-新昆陽店,115臺北市南港區昆陽街１４５號,A001201,林秋薇,(02)25239588,6142,,連鎖型綠色商店
1033,全家便利商店股份有限公司-新東店,105臺北市松山區新東街１４號,A000692,林秋薇,(02)25239588,6142,,連鎖型綠色商店
1034,全家便利商店股份有限公司-新林森店,104台北市中山區林森北路６３０號１樓,A001010,林秋薇,(02)25239588,6142,,連鎖型綠色商店
1035,全家便利商店股份有限公司-新松林店,110臺北市信義區虎林街６１－４號,A000702,林秋薇,(02)25239588,6142,,連鎖型綠色商店
1036,全家便利商店股份有限公司-新松春店,110臺北市信義區松山路２８１號１樓,A001112,林秋薇,(02)25239588,6142,,連鎖型綠色商店
1037,全家便利商店股份有限公司-新知行店,112臺北市北投區關渡里知行路２３７號,A001032,林秋薇,(02)25239588,6142,,連鎖型綠色商店
1038,全家便利商店股份有限公司-新青年店,108臺北市萬華區青年路６號,A000906,林秋薇,(02)25239588,6142,,連鎖型綠色商店
1039,全家便利商店股份有限公司-新峨嵋店,108臺北市萬華區峨眉街８２號１樓,A000929,林秋薇,(02)25239588,6142,,連鎖型綠色商店
1040,全家便利商店股份有限公司-新泰店,104臺北市中山區聚盛里民生東路一段４１號一樓,A000734,林秋薇,(02)25239588,6142,,連鎖型綠色商店
1041,全家便利商店股份有限公司-新健康店,105臺北市松山區南京東路四段１３３巷９弄２號,A001016,林秋薇,(02)25239588,6142,,連鎖型綠色商店
1042,全家便利商店股份有限公司-新惠安店,100台北市中正區中華路二段３０７巷４６號,A001131,林秋薇,(02)25239588,6142,,連鎖型綠色商店
1043,全家便利商店股份有限公司-新湖店,114臺北市內湖區新湖二路２５０巷８號１樓,A001152,林秋薇,(02)25239588,6142,,連鎖型綠色商店
1044,全家便利商店股份有限公司-新貿店,110臺北市信義區信義路四段４０７號壹樓,A001137,林秋薇,(02)25239588,6142,,連鎖型綠色商店
1045,全家便利商店股份有限公司-新陽明店,111臺北市士林區中正路３２９號,A001179,林秋薇,(02)25239588,6142,,連鎖型綠色商店
1046,全家便利商店股份有限公司-新瑞店,114臺北市內湖區堤頂大道２段４０７巷２６號一樓,A001009,林秋薇,(02)25239588,6142,,連鎖型綠色商店
1047,全家便利商店股份有限公司-新農店,104臺北市中山區恆安里農安街２６之３號一樓,A000993,林秋薇,(02)25239588,6142,,連鎖型綠色商店
1048,全家便利商店股份有限公司-新壽店,105臺北市松山區龍田里延壽街４００號１樓,A001166,林秋薇,(02)25239588,6142,,連鎖型綠色商店
1049,全家便利商店股份有限公司-新實店,112臺北市北投區吉利里實踐街５１號１樓,A001054,林秋薇,(02)25239588,6142,,連鎖型綠色商店
1050,全家便利商店股份有限公司-新福興店,116臺北市文山區福興路６５號,A000782,林秋薇,(02)25239588,6142,,連鎖型綠色商店
1051,全家便利商店股份有限公司-新遠企店,106臺北市大安區敦化南路二段２６１號,A000992,林秋薇,(02)25239588,6142,,連鎖型綠色商店
1052,全家便利商店股份有限公司-新德城店,104台北市中山區德惠街１６－７號,A000956,林秋薇,(02)25239588,6142,,連鎖型綠色商店
1053,全家便利商店股份有限公司-新稻江店,104台北市中山區農安街８６號１樓,A001084,林秋薇,(02)25239588,6142,,連鎖型綠色商店
1054,全家便利商店股份有限公司-新橋店,103臺北市大同區延平北路三段２５之３號,A000961,林秋薇,(02)25239588,6142,,連鎖型綠色商店
1055,全家便利商店股份有限公司-新興義店,108臺北市萬華區和德里興義街４１號１樓,A001160,林秋薇,(02)25239588,6142,,連鎖型綠色商店
1056,全家便利商店股份有限公司-新龍口店,100台北市中正區汀州路一段２４４號,A001013,林秋薇,(02)25239588,6142,,連鎖型綠色商店
1057,全家便利商店股份有限公司-瑞光店,114臺北市內湖區瑞光路５１０號１樓,A001208,林秋薇,(02)25239588,6142,,連鎖型綠色商店
1058,全家便利商店股份有限公司-瑞和店,106臺北市大安區瑞安街１３５巷２８號１樓,A001012,林秋薇,(02)25239588,6142,,連鎖型綠色商店
1059,全家便利商店股份有限公司-瑞湖店,114臺北市內湖區港墘里瑞光路５１３巷３９號１樓,A001146,林秋薇,(02)25239588,6142,,連鎖型綠色商店
1060,全家便利商店股份有限公司-瑞陽店,114臺北市內湖區文德路９０巷４９號,A000556,林秋薇,(02)25239588,6142,,連鎖型綠色商店
1061,全家便利商店股份有限公司-萬全店,103臺北市大同區民生西路６３號,A001139,林秋薇,(02)25239588,6142,,連鎖型綠色商店
1062,全家便利商店股份有限公司-萬安店,116臺北市文山區萬安街１７號,A001155,林秋薇,(02)25239588,6142,,連鎖型綠色商店
1063,全家便利商店股份有限公司-萬年店,108臺北市萬華區西寧南路１５５號１樓,A000689,林秋薇,(02)25239588,6142,,連鎖型綠色商店
1064,全家便利商店股份有限公司-萬和店,116臺北市文山區羅斯福路五段２１８巷３８弄２號１樓,A001200,林秋薇,(02)25239588,6142,,連鎖型綠色商店
1065,全家便利商店股份有限公司-萬國店,108臺北市萬華區峨嵋街２１號１樓,A001103,林秋薇,(02)25239588,6142,,連鎖型綠色商店
1066,全家便利商店股份有限公司-萬隆店,116臺北市文山區萬祥里羅斯福路五段２６３號一樓,A001064,林秋薇,(02)25239588,6142,,連鎖型綠色商店
1067,全家便利商店股份有限公司-義興店,106臺北市大安區信義路４段１之１０．１之１１號,A000978,林秋薇,(02)25239588,6142,,連鎖型綠色商店
1068,全家便利商店股份有限公司-葫東店,111臺北市士林區葫東里重慶北路四段１８８號一樓,A000712,林秋薇,(02)25239588,6142,,連鎖型綠色商店
1069,全家便利商店股份有限公司-葫蘆店,111臺北市士林區延平北路五段２８３之１號,A000950,林秋薇,(02)25239588,6142,,連鎖型綠色商店
1070,全家便利商店股份有限公司-試院店,116臺北市文山區木柵路一段９１號９３號一樓,A001065,林秋薇,(02)25239588,6142,,連鎖型綠色商店
1071,全家便利商店股份有限公司-農安店,104臺北市中山區農安街２４９號,A001165,林秋薇,(02)25239588,6142,,連鎖型綠色商店
1072,全家便利商店股份有限公司-寧夏店,103臺北市大同區寧夏路２８，３０，２８—１，２８—２號,A000980,林秋薇,(02)25239588,6142,,連鎖型綠色商店
1073,全家便利商店股份有限公司-榮濱店,104臺北市中山區民族東路４１０巷２４號１樓,A001004,林秋薇,(02)25239588,6142,,連鎖型綠色商店
1074,全家便利商店股份有限公司-漢中店,108臺北市萬華區漢中街１３９號１樓,A000940,林秋薇,(02)25239588,6142,,連鎖型綠色商店
1075,全家便利商店股份有限公司-碧湖店,114臺北市內湖區內湖路一段５９３號一樓及地下室,A001072,林秋薇,(02)25239588,6142,,連鎖型綠色商店
1076,全家便利商店股份有限公司-福安店,103臺北市大同區長安西路５４號１樓,A000926,林秋薇,(02)25239588,6142,,連鎖型綠色商店
1077,全家便利商店股份有限公司-福林店,111臺北市士林區福林里中正路２３３號，２３３之１號,A001181,林秋薇,(02)25239588,6142,,連鎖型綠色商店
1078,全家便利商店股份有限公司-福泰店,104臺北市中山區民生東路一段３６號１樓,A000943,林秋薇,(02)25239588,6142,,連鎖型綠色商店
1079,全家便利商店股份有限公司-福康店,106臺北市大安區信義路２段１９８巷６號一樓及地下室,A000971,林秋薇,(02)25239588,6142,,連鎖型綠色商店
1080,全家便利商店股份有限公司-福港店,111臺北市士林區前港街１２６號,A000963,林秋薇,(02)25239588,6142,,連鎖型綠色商店
1081,全家便利商店股份有限公司-福澤店,103臺北市大同區民權西路１４６號,A001133,林秋薇,(02)25239588,6142,,連鎖型綠色商店
1082,全家便利商店股份有限公司-福嶺店,100臺北市中正區牯嶺街４３號１樓,A001110,林秋薇,(02)25239588,6142,,連鎖型綠色商店
1083,全家便利商店股份有限公司-精英店,114臺北市內湖區堤頂大道二段２４１號壹樓,A001105,林秋薇,(02)25239588,6142,,連鎖型綠色商店
1084,全家便利商店股份有限公司-綠堤店,108臺北市萬華區環河南路二段１７３號,A001006,林秋薇,(02)25239588,6142,,連鎖型綠色商店
1085,全家便利商店股份有限公司-聚葉店,104臺北市中山區中山北路二段１３７巷３４號１樓,A001167,林秋薇,(02)25239588,6142,,連鎖型綠色商店
1086,全家便利商店股份有限公司-臺二店,106臺北市大安區羅斯福路四段１號第一學生活動中心側邊,A001234,林秋薇,(02)25239588,6142,,連鎖型綠色商店
1087,全家便利商店股份有限公司-臺大二活店,106臺北市大安區羅斯福路四段８５號（第二學生活動中心）,A000960,林秋薇,(02)25239588,6142,,連鎖型綠色商店
1088,全家便利商店股份有限公司-臺科大店,106臺北市大安區基隆路４段４３號地下一樓（活動中心地下,A000542,林秋薇,(02)25239588,6142,,連鎖型綠色商店
1089,全家便利商店股份有限公司-臺師大店,106臺北市大安區師大路９號地下一樓（男一舍）,A001097,林秋薇,(02)25239588,6142,,連鎖型綠色商店
1090,全家便利商店股份有限公司-臺視店,105臺北市松山區八德路三段１２巷５弄２號,A001218,林秋薇,(02)25239588,6142,,連鎖型綠色商店
1091,全家便利商店股份有限公司-臺新店,106臺北市大安區新生南路三段８４之８號,A001195,林秋薇,(02)25239588,6142,,連鎖型綠色商店
1092,全家便利商店股份有限公司-臺醫店,100臺北市中正區中山南路７號１樓,A001226,林秋薇,(02)25239588,6142,,連鎖型綠色商店
1093,全家便利商店股份有限公司-齊東店,100臺北市中正區濟南路二段３號之７，一樓,A000907,林秋薇,(02)25239588,6142,,連鎖型綠色商店
1094,全家便利商店股份有限公司-德光店,105臺北市松山區八德路三段１０６巷６０號,A000917,林秋薇,(02)25239588,6142,,連鎖型綠色商店
1095,全家便利商店股份有限公司-德行店,111臺北市士林區德行東路１０９巷３號,A001041,林秋薇,(02)25239588,6142,,連鎖型綠色商店
1096,全家便利商店股份有限公司-德惠店,104臺北市中山區吉林路４４８號,A001153,林秋薇,(02)25239588,6142,,連鎖型綠色商店
1097,全家便利商店股份有限公司-慶城店,105臺北市松山區中正里慶城街８號,A001118,林秋薇,(02)25239588,6142,,連鎖型綠色商店
1098,全家便利商店股份有限公司-慶權店,103臺北市大同區重慶北路二段２６３號１樓,A001178,林秋薇,(02)25239588,6142,,連鎖型綠色商店
1099,全家便利商店股份有限公司-摩天店,100臺北市中正區許昌街２６號,A001151,林秋薇,(02)25239588,6142,,連鎖型綠色商店
1100,全家便利商店股份有限公司-撫順店,104臺北市中山區撫順街１２之２號１樓,A000777,林秋薇,(02)25239588,6142,,連鎖型綠色商店
1101,全家便利商店股份有限公司-撫遠店,105臺北市松山區新東街６０巷１７號,A001096,林秋薇,(02)25239588,6142,,連鎖型綠色商店
1102,全家便利商店股份有限公司-樂利店,106臺北市大安區通化街１６８號之２號,A001008,林秋薇,(02)25239588,6142,,連鎖型綠色商店
1103,全家便利商店股份有限公司-樂群店,104臺北市中山區樂群二路１８６號,A000693,林秋薇,(02)25239588,6142,,連鎖型綠色商店
1104,全家便利商店股份有限公司-興仁店,106臺北市大安區復興南路一段２１７號,A000543,林秋薇,(02)25239588,6142,,連鎖型綠色商店
1105,全家便利商店股份有限公司-興北店,105臺北市松山區民權東路三段１０３巷１５—１號,A001115,林秋薇,(02)25239588,6142,,連鎖型綠色商店
1106,全家便利商店股份有限公司-興安店,104臺北市中山區興安街５７號,A001107,林秋薇,(02)25239588,6142,,連鎖型綠色商店
1107,全家便利商店股份有限公司-興和店,106臺北市大安區復興南路二段１５３號,A000778,林秋薇,(02)25239588,6142,,連鎖型綠色商店
1108,全家便利商店股份有限公司-興忠店,106臺北市大安區復興南路一段２００號,A001168,林秋薇,(02)25239588,6142,,連鎖型綠色商店
1109,全家便利商店股份有限公司-興昌店,116臺北市文山區辛亥路４段１０１巷１號,A000697,林秋薇,(02)25239588,6142,,連鎖型綠色商店
1110,全家便利商店股份有限公司-興欣店,116臺北市文山區興隆路二段２０５號,A001183,林秋薇,(02)25239588,6142,,連鎖型綠色商店
1111,全家便利商店股份有限公司-興南店,106臺北市大安區復興南路二段８，１０號,A000544,林秋薇,(02)25239588,6142,,連鎖型綠色商店
1112,全家便利商店股份有限公司-興崙店,116臺北市文山區興隆路四段５０之１號,A001092,林秋薇,(02)25239588,6142,,連鎖型綠色商店
1113,全家便利商店股份有限公司-興盛店,114臺北市內湖區新明路１８２號,A001204,林秋薇,(02)25239588,6142,,連鎖型綠色商店
1114,全家便利商店股份有限公司-興華店,115臺北市南港區興華路８６號,A001171,林秋薇,(02)25239588,6142,,連鎖型綠色商店
1115,全家便利商店股份有限公司-興雅店,110臺北市信義區虎林街２２２巷７９號,A000690,林秋薇,(02)25239588,6142,,連鎖型綠色商店
1116,全家便利商店股份有限公司-興園店,116臺北市文山區興業里興隆路二段２２０巷３３號,A001222,林秋薇,(02)25239588,6142,,連鎖型綠色商店
1117,全家便利商店股份有限公司-興業店,116臺北市文山區興隆路二段２７９號,A000716,林秋薇,(02)25239588,6142,,連鎖型綠色商店
1118,全家便利商店股份有限公司-興德店,104臺北市中山區復興南路一段３８號,A001076,林秋薇,(02)25239588,6142,,連鎖型綠色商店
1119,全家便利商店股份有限公司-衡山店,104臺北市中山區通北街１１１號,A001203,林秋薇,(02)25239588,6142,,連鎖型綠色商店
1120,全家便利商店股份有限公司-錦江店,104臺北市中山區錦州街２１５號,A001042,林秋薇,(02)25239588,6142,,連鎖型綠色商店
1121,全家便利商店股份有限公司-錦西店,104臺北市中山區錦西街８號,A000966,林秋薇,(02)25239588,6142,,連鎖型綠色商店
1122,全家便利商店股份有限公司-錦原店,104臺北市中山區中原街１０１號１樓,A000965,林秋薇,(02)25239588,6142,,連鎖型綠色商店
1123,全家便利商店股份有限公司-靜心店,116臺北市文山區興隆路二段７３號,A000979,林秋薇,(02)25239588,6142,,連鎖型綠色商店
1124,全家便利商店股份有限公司-館中店,100臺北市中正區羅斯福路三段３１６巷８弄１號１樓,A001066,林秋薇,(02)25239588,6142,,連鎖型綠色商店
1125,全家便利商店股份有限公司-龍普店,106臺北市大安區忠孝東路４段１７０巷６弄２號,A000973,林秋薇,(02)25239588,6142,,連鎖型綠色商店
1126,全家便利商店股份有限公司-濱江店,104臺北市中山區建國北路三段１１１號１樓,A001025,林秋薇,(02)25239588,6142,,連鎖型綠色商店
1127,全家便利商店股份有限公司-環山店,114臺北市內湖區環山路一段５號,A001057,林秋薇,(02)25239588,6142,,連鎖型綠色商店
1128,全家便利商店股份有限公司-環南店,108臺北市萬華區環河南路二段２９８號,A001219,林秋薇,(02)25239588,6142,,連鎖型綠色商店
1129,全家便利商店股份有限公司-環德店,114臺北市內湖區港華里環山路二段５５號１樓,A001063,林秋薇,(02)25239588,6142,,連鎖型綠色商店
1130,全家便利商店股份有限公司-磺溪店,111臺北市士林區天母西路４０－１號,A000953,林秋薇,(02)25239588,6142,,連鎖型綠色商店
1131,全家便利商店股份有限公司-聯合店,110臺北市信義區忠孝東路四段５５３巷６弄１７號１樓,A001040,林秋薇,(02)25239588,6142,,連鎖型綠色商店
1132,全家便利商店股份有限公司-豐禾店,105臺北市松山區民生東路三段１３０巷５弄２號,A000909,林秋薇,(02)25239588,6142,,連鎖型綠色商店
1133,全家便利商店股份有限公司-豐華店,105臺北市松山區民生東路三段１１３巷６弄１號一樓,A000701,林秋薇,(02)25239588,6142,,連鎖型綠色商店
1134,全家便利商店股份有限公司-豐興店,105臺北市松山區民生東路三段１３０巷５弄２２號,A001089,林秋薇,(02)25239588,6142,,連鎖型綠色商店
1135,全家便利商店股份有限公司-雙城店,104臺北市中山區雙城街１２之１號,A000914,林秋薇,(02)25239588,6142,,連鎖型綠色商店
1136,全家便利商店股份有限公司-雙權店,104臺北市中山區雙城街１號１樓,A000942,林秋薇,(02)25239588,6142,,連鎖型綠色商店
1137,全家便利商店股份有限公司-懷生店,106臺北市大安區復興南路１段７０號,A000658,林秋薇,(02)25239588,6142,,連鎖型綠色商店
1138,全家便利商店股份有限公司-羅中店,106臺北市大安區羅斯福路二段１７號１Ｆ,A001224,林秋薇,(02)25239588,6142,,連鎖型綠色商店
1139,全家便利商店股份有限公司-麗山店,114臺北市內湖區內湖路一段７３７巷４９號,A001220,林秋薇,(02)25239588,6142,,連鎖型綠色商店
1140,全家便利商店股份有限公司-寶元店,108臺北市萬華區寶興街４０號,A000908,林秋薇,(02)25239588,6142,,連鎖型綠色商店
1141,全家便利商店股份有限公司-寶清店,105臺北市松山區八德路四段５９８號１樓,A001187,林秋薇,(02)25239588,6142,,連鎖型綠色商店
1142,全家便利商店股份有限公司-寶慶店,100臺北市中正區延平南路１１１號,A001068,林秋薇,(02)25239588,6142,,連鎖型綠色商店
1143,全家便利商店股份有限公司-寶興店,108臺北市萬華區寶興街７８號,A001023,林秋薇,(02)25239588,6142,,連鎖型綠色商店
1144,全家便利商店股份有限公司-蘭州店,103臺北市大同區大龍街２１７號１樓,A001232,林秋薇,(02)25239588,6142,,連鎖型綠色商店
1145,全家便利商店股份有限公司-蘭雅店,111臺北市士林區忠誠路二段５０巷１０號,A001031,林秋薇,(02)25239588,6142,,連鎖型綠色商店
1146,全家便利商店股份有限公司-鑫順店,116台北市文山區忠順街二段１６號,A000949,林秋薇,(02)25239588,6142,,連鎖型綠色商店
1147,全國電子股份有公司台北市第二十六分公司,105臺北市松山區民生東路五段72號,A000087,林篁修,(02)22989922,5302,,連鎖型綠色商店
1148,全國電子股份有公司台北市第三十七分公司全國電子台北木新門市,116臺北市文山區木新路三段180號1樓,A000090,林篁修,(02)22990328,,,連鎖型綠色商店
1149,全國電子股份有公司台北市第三十三分公司,103臺北市大同區酒泉街111號,A000086,林篁修,(02)22989922,5302,,連鎖型綠色商店
1150,全國電子股份有公司台北市第五十分公司,111台北市士林區延平北路五段250.252號,A000097,林瑞昌,(02)28105268,,,連鎖型綠色商店
1151,全國電子股份有公司台北市第四十七分公司,105臺北市松山區建國北路二段123號,A000089,林瑞昌,(02)22989922,5302,,連鎖型綠色商店
1152,全國電子股份有公司台北市第四十九分公司,105台北市松山區復興北路331號,A000096,林瑞昌,(02)87120318,,,連鎖型綠色商店
1153,全國電子股份有公司台北市第四十八分公司,100臺北市中正區新生南路一段102號,A000088,林瑞昌,(02)22989922,5302,,連鎖型綠色商店
1154,全國電子股份有限公司台北市第一分公司,112臺北市北投區中央北路1段138號,A000072,林篁修,(02)22989922,5302,,連鎖型綠色商店
1155,全國電子股份有限公司台北市第七分公司,115臺北市南港區忠孝東路5段984號,A000061,林篁修,(02)22989922,5302,,連鎖型綠色商店
1156,全國電子股份有限公司台北市第九分公司,114臺北市內湖區成功路4段155號,A000055,林瑞昌,(02)22989922,5302,,連鎖型綠色商店
1157,全國電子股份有限公司台北市第二十一分公司,108臺北市萬華區中華路二段436號,A000063,林篁修,(02)22989922,5302,,連鎖型綠色商店
1158,全國電子股份有限公司台北市第二十七分公司,100臺北市中正區南昌路2段206號,A000066,林篁修,(02)22989922,5302,,連鎖型綠色商店
1159,全國電子股份有限公司台北市第二十九分公司,112臺北市北投區泉源路12-1號,A000069,林篁修,(02)22989922,5302,,連鎖型綠色商店
1160,全國電子股份有限公司台北市第二十二分公司,103臺北市大同區重慶北路2段100-106號,A000064,林篁修,(02)22989922,5302,,連鎖型綠色商店
1161,全國電子股份有限公司台北市第二十八分公司,111臺北市士林區天母北路8號,A000071,林篁修,(02)22989922,5302,,連鎖型綠色商店
1162,全國電子股份有限公司台北市第二十三分公司,111臺北市士林區福佳里文林路448號,A000051,林篁修,(02)22989922,5302,,連鎖型綠色商店
1163,全國電子股份有限公司台北市第八分公司,116臺北市文山區興隆路2段333號,A000073,林篁修,(02)22989922,5302,,連鎖型綠色商店
1164,全國電子股份有限公司台北市第十八分公司,116臺北市文山區羅斯福路5段238號1-2樓,A000074,林瑞昌,(02)22989922,5302,,連鎖型綠色商店
1165,全國電子股份有限公司台北市第十三分公司,111臺北市士林區承德路4段128號,A000054,林篁修,(02)22989922,5302,,連鎖型綠色商店
1166,全國電子股份有限公司台北市第十五分公司,114臺北市內湖區東湖路84號,A000060,林篁修,(02)22989922,5302,,連鎖型綠色商店
1167,全國電子股份有限公司台北市第十分公司,105臺北市松山區八德路三段103號,A000059,林篁修,(02)22989922,5302,,連鎖型綠色商店
1168,全國電子股份有限公司台北市第三十一分公司,105臺北市松山區南京東路5段46號,A000067,林篁修,(02)22989922,5302,,連鎖型綠色商店
1169,全國電子股份有限公司台北市第三十九分公司,108臺北市萬華區西園路2段243號,A000077,林篁修,(02)22989922,5302,,連鎖型綠色商店
1170,全國電子股份有限公司台北市第三十二分公司,106臺北市大安區樂業街152號,A000068,林篁修,(02)22989922,5302,,連鎖型綠色商店
1171,全國電子股份有限公司台北市第三十八分公司,116臺北市文山區木柵路3段63、65號,A000076,林篁修,(02)22989922,5302,,連鎖型綠色商店
1172,全國電子股份有限公司台北市第三十六分公司,104臺北市中山區北安路577號,A000075,林篁修,(02)22989922,5302,,連鎖型綠色商店
1173,全國電子股份有限公司台北市第三十四分公司,108臺北市萬華區萬大路241號,A000058,林篁修,(02)22989922,5302,,連鎖型綠色商店
1174,全國電子股份有限公司台北市第五分公司,106臺北市大安區通化街26號,A000065,林篁修,(02)22989922,5302,,連鎖型綠色商店
1175,全國電子股份有限公司台北市第六分公司,112臺北市北投區石牌路1段79號,A000070,林篁修,(02)22989922,5302,,連鎖型綠色商店
1176,全國電子股份有限公司台北市第四十一分公司,114臺北市內湖區成功路三段158號,A000050,林篁修,(02)22989922,5302,,連鎖型綠色商店
1177,全國電子股份有限公司台北市第四十二分公司,111臺北市士林區德行東路226號,A000052,林瑞昌,(02)22989922,5302,,連鎖型綠色商店
1178,全國電子股份有限公司台北市第四十五分公司,116臺北市文山區景興路217號,A000056,林瑞昌,(02)22989922,5302,,連鎖型綠色商店
1179,全國電子股份有限公司台北市第四十六分公司,115臺北市南港區成福路4號,A000057,林瑞昌,(02)22989922,5302,,連鎖型綠色商店
1180,全國電子股份有限公司台北市第四十分公司,104臺北市中山區民權東路二段73號,A000079,林篁修,(02)22989922,5302,,連鎖型綠色商店
1181,全國電子股份有限公司台北市第四十四分公司,106臺北市大安區和平東路二段78號,A000053,林瑞昌,(02)22989922,5302,,連鎖型綠色商店
1182,全勝汽車股份有限公司,112台北市北投區大業路258號1樓,A001482,謝志騰,(02)25066898,,,連鎖型綠色商店
1183,全勝汽車股份有限公司松山分公司,105台北市松山區光復北路81號,A001477,謝志騰,(02)25066898,,,連鎖型綠色商店
1184,全勝汽車股份有限公司松江分公司,104台北市中山區濱江街211號,A001479,謝志騰,(02)25066898,,,連鎖型綠色商店
1185,固德汽車股份有限公司仁愛分公司,106台北市基隆路二段180號,A001476,江進福,(02)25066898,,,連鎖型綠色商店
1186,承德傢俱生活館,103臺北市大同區承德路3段3號,A000094,馬國慶,(02)26002108,,,連鎖型綠色商店
1187,美德傢俱有限公司,116臺北市文山區羅斯福路六段437號1樓,A000098,高朕慶,(02)86633268,,,連鎖型綠色商店
1188,家福股份有限公司三民分公司,105臺北市松山區三民路160號,A000015,王懷生,(02)27670702,880,,連鎖型綠色商店
1189,家福股份有限公司北投分公司,112臺北市北投區中和街366號,A000083,齊敏之,(02)28963000,885,,連鎖型綠色商店
1190,家福股份有限公司台北大直分公司,104臺北市中山區樂群三路218號2F,A000021,魏志忠,(02)85095577,880,,連鎖型綠色商店
1191,家福股份有限公司台北內湖分公司,114臺北市內湖區民善街88號,A000019,陳柔安,(02)87905000,872,,連鎖型綠色商店
1192,家福股份有限公司台北天母分公司,111臺北市士林區德行西路47號,A000016,黃翠華,(02)28338042,880,,連鎖型綠色商店
1193,家福股份有限公司台北東興分公司,110臺北市信義區東興路39、41、43、45地下一樓,A000020,王英傑,(02)87681111,880,,連鎖型綠色商店
1194,家福股份有限公司台北重慶分公司,103臺北市大同區重慶北路2段171號地下1F和2F,A000014,張瑛玿,(02)25537389,880,,連鎖型綠色商店
1195,家福股份有限公司南港分公司,115臺北市南港區南港路二段20巷5號B1-1,A000018,鄺鳳屏,(02)27882550,880,,連鎖型綠色商店
1196,家樂福臺北桂林分公司,108臺北市萬華區桂林路1號,A000017,吳珮瑜,(02)23889887,880,,連鎖型綠色商店
1197,振宇五金股份有限公司松山三民分公司,105臺北市松山區三民路108之8號,1,曾善,(02)87681536,,,連鎖型綠色商店
1198,特力屋(股)南港興華分公司,115臺北市南港區南港路二段20巷5號B1,A001734,江琦玉,(02)87916668,6554,,連鎖型綠色商店
1199,特力屋股份有限公司士林分公司,111 台北市士林區基河路258號,A000005,江琦玉,(02)28891000,666,,連鎖型綠色商店
1200,特力屋股份有限公司大同重慶北分公司,103臺北市大同區重慶北路二段69、69-1號,A001736,江琦玉,(02)87916668,6554,,連鎖型綠色商店
1201,特力屋股份有限公司大安安和分公司,106臺北市大安區安和路二段74巷3號,A001733,江琦玉,(02)87916668,6554,,連鎖型綠色商店
1202,特力屋股份有限公司內湖分公司,114臺北市內湖區新湖三路23號B1,A000004,江琦玉,(02)87918896,6666,,連鎖型綠色商店
1203,特力屋股份有限公司和樂內湖分公司,114臺北市內湖區新湖三路23號1樓,A001732,江琦玉,(02)87916668,6273,,連鎖型綠色商店
1204,國防部福利事業管利處信義福利站,100臺北市中正區信義路一段三號地下一樓,A000008,黃心瑀,(02)23418026,,,連鎖型綠色商店
1205,國防部福利事業管理處大安福利站,106臺北市大安區基隆路二段207號,A000009,彭兆珍,(02)27322110,,,連鎖型綠色商店
1206,國防部福利事業管理處中華福利站,100臺北市中正區貴陽街一段243之1號,A000013,皮力綺,(02)23610137,,,連鎖型綠色商店
1207,國防部福利事業管理處北投福利站,112臺北市北投區中央北路338號,A000010,高惠雅,(02)28913431,,,連鎖型綠色商店
1208,國防部福利事業管理處忠愛福利站,100臺北市中正區博愛路172號,A000007,林淑芬,(02)23143683,,,連鎖型綠色商店
1209,國防部福利事業管理處松山福利站,105臺北市松山區健康路131號,A000011,陳玉美,(02)27666169,,,連鎖型綠色商店
1210,國防部福事業管理處南機場福利站,108臺北市萬華區中華路2段416巷58號,A000012,簡玉佩,(02)23328310,,,連鎖型綠色商店
1211,國都豐田汽車天母營業所,111臺北市德行西路15號,A001507,平光敬和,(02)28335215,,,連鎖型綠色商店
1212,國都豐田汽車民生營業所,104臺北市民生東路三段3號,A001506,平光敬和,(02)25166877,,,連鎖型綠色商店
1213,國都豐田汽車南松江營業所,104臺北市松江路127號2F,A001505,平光敬和,(02)25176761,,,連鎖型綠色商店
1214,國都豐田汽車陽明營業所,112臺北市承德路7段260號,A001508,平光敬和,(02)28220322,,,連鎖型綠色商店
1215,國都豐田汽車濱江營業所,104臺北市中山區濱江街269號,A001497,劉清文,(02)25087691,,,連鎖型綠色商店
1216,頂好Wellcome（八德店）,106臺北市大安區八德路四段83號,A000140,賀偉民先生,(02)28839489,318,,連鎖型綠色商店
1217,頂好Wellcome（八德陽店）,106臺北市大安區八德路3段225號B1,A000138,賀偉民先生,(02)28839489,318,,連鎖型綠色商店
1218,頂好Wellcome（士東二店）,111臺北市士林區德行東路109巷104號1樓,A000126,賀偉民先生,(02)28839489,318,,連鎖型綠色商店
1219,頂好Wellcome（大直二店）,104臺北市中山區北安路554巷19號B1,A000175,賀偉民先生,(02)28839489,318,,連鎖型綠色商店
1220,頂好Wellcome（大直店）,104臺北市中山區北安路595巷11-13號,A000176,賀偉民先生,(02)28839489,318,,連鎖型綠色商店
1221,頂好Wellcome（大湖店）,114臺北市內湖區大湖山莊街148號,A000156,賀偉民先生,(02)28839489,318,,連鎖型綠色商店
1222,頂好Wellcome（中坡陽店）,115臺北市南港區忠孝東路5段970號B1,A000163,賀偉民先生,(02)28839489,318,,連鎖型綠色商店
1223,頂好Wellcome（中華店）,108臺北市萬華區中華路 2 段 600 號 之1,A000120,賀偉民先生,(02)28839489,318,,連鎖型綠色商店
1224,頂好Wellcome（中影店）,111臺北市士林區至善路2段51號,A000134,賀偉民先生,(02)28839489,318,,連鎖型綠色商店
1225,頂好Wellcome（仁愛店）,106臺北市大安區仁愛路4段50號之99~100號,A000109,賀偉民先生,(02)28839489,318,,連鎖型綠色商店
1226,頂好Wellcome（仁愛青店）,106臺北市大安區仁愛路四段408號B1,A000105,賀偉民先生,(02)28839489,318,,連鎖型綠色商店
1227,頂好Wellcome（內湖店）,114臺北市內湖區江南街65巷41號B1,A000160,賀偉民先生,(02)28839489,318,,連鎖型綠色商店
1228,頂好Wellcome（天母北店）,111臺北市士林區中山北路7段154巷6號1樓,A000128,賀偉民先生,(02)28839489,318,,連鎖型綠色商店
1229,頂好Wellcome（天母店）,111臺北市士林區天母西路 3 號 2 樓之 70,A000147,賀偉民先生,(02)28839489,318,,連鎖型綠色商店
1230,頂好Wellcome（孔廟店）,103臺北市大同區酒泉街 105 號,A000174,賀偉民先生,(02)28839489,318,,連鎖型綠色商店
1231,頂好Wellcome（木柵店）,116臺北市文山區木柵路 4 段 153 號,A000169,賀偉民先生,(02)28839489,318,,連鎖型綠色商店
1232,頂好Wellcome（木新店）,116臺北市文山區木新路 3 段 278 巷 9 號B1,A000171,賀偉民先生,(02)28839489,318,,連鎖型綠色商店
1233,頂好Wellcome（北投店）,112臺北市北投區光明路 220 號,A000153,賀偉民先生,(02)28839489,318,,連鎖型綠色商店
1234,頂好Wellcome（正義陽店）,106臺北市大安區忠孝東路3段218號B1,A000113,賀偉民先生,(02)28839489,318,,連鎖型綠色商店
1235,頂好Wellcome（民權店）,114臺北市內湖區民權東路6段296巷42之3號地下樓,A000106,賀偉民先生,(02)28839489,318,,連鎖型綠色商店
1236,頂好Wellcome（永安店）,116臺北市文山區木新路二段158-1號,A000168,賀偉民先生,(02)28839489,318,,連鎖型綠色商店
1237,頂好Wellcome（吉林二店）,100臺北市中正區台北市吉林路372.374號,A000129,賀偉民先生,(02)28839489,318,,連鎖型綠色商店
1238,頂好Wellcome（同安店）,100臺北市中正區同安街71號,A000127,賀偉民先生,(02)28839489,318,,連鎖型綠色商店
1239,頂好Wellcome（安和店）,106臺北市大安區安和路2段80-82號B1,A000111,賀偉民先生,(02)28839489,318,,連鎖型綠色商店
1240,頂好Wellcome（成功店）,106臺北市大安區四維路198巷35號1F,A000110,賀偉民先生,(02)28839489,318,,連鎖型綠色商店
1241,頂好Wellcome（成福店）,115臺北市南港區成福路183號1F,A000166,賀偉民先生,(02)28839489,318,,連鎖型綠色商店
1242,頂好Wellcome（吳興店）,110臺北市信義區松仁路271號B1,A000124,賀偉民先生,(02)28839489,318,,連鎖型綠色商店
1243,頂好Wellcome（辛亥店）,116臺北市文山區木柵路1段259號、259-1號,A000170,賀偉民先生,(02)28839489,318,,連鎖型綠色商店
1244,頂好Wellcome（和平店）,106臺北市大安區羅斯福路2段41-49號B1,A000117,賀偉民先生,(02)28839489,318,,連鎖型綠色商店
1245,頂好Wellcome（延平店）,103臺北市大同區延平北路 2 段 202 號 B1,A000154,賀偉民先生,(02)28839489,318,,連鎖型綠色商店
1246,頂好Wellcome（忠孝店）,106臺北市大安區忠孝東路四段71號B1,A000104,賀偉民先生,(02)28839489,318,,連鎖型綠色商店
1247,頂好Wellcome（明德店）,112臺北市北投區明德路161號B1,A000155,賀偉民先生,(02)28839489,318,,連鎖型綠色商店
1248,頂好Wellcome（東光店）,104臺北市中山區林森北路413號B1,A000136,賀偉民先生,(02)28839489,318,,連鎖型綠色商店
1249,頂好Wellcome（東明店）,115臺北市南港區東明街99號1樓,A000164,賀偉民先生,(02)28839489,318,,連鎖型綠色商店
1250,頂好Wellcome（東湖二店）,114臺北市內湖區東湖路1號,A000161,賀偉民先生,(02)28839489,318,,連鎖型綠色商店
1251,頂好Wellcome（東湖三店）,114臺北市內湖區康樂街150號1F,A000162,賀偉民先生,(02)28839489,318,,連鎖型綠色商店
1252,頂好Wellcome（東園店）,108臺北市萬華區萬大路 406 號 B1,A000122,賀偉民先生,(02)28839489,318,,連鎖型綠色商店
1253,頂好Wellcome（林森店）,104臺北市中山區林森北路247號B1,A000135,賀偉民先生,(02)28839489,318,,連鎖型綠色商店
1254,頂好Wellcome（松德店）,110臺北市信義區松德路99號B1,A000125,賀偉民先生,(02)28839489,318,,連鎖型綠色商店
1255,頂好Wellcome（社中店）,111臺北市士林區社中街222號1樓,A000146,賀偉民先生,(02)28839489,318,,連鎖型綠色商店
1256,頂好Wellcome（金龍店）,114臺北市內湖區金龍路215號1樓,A000157,賀偉民先生,(02)28839489,318,,連鎖型綠色商店
1257,頂好Wellcome（長安東店）,104臺北市中山區長安東路二段63.63-1.63-2號,A000131,賀偉民先生,(02)28839489,318,,連鎖型綠色商店
1258,頂好Wellcome（長沙店）,108臺北市萬華區長沙街2段93號B1,A000121,賀偉民先生,(02)28839489,318,,連鎖型綠色商店
1259,頂好Wellcome（長春店）,106臺北市大安區長春路343號1樓,A000142,賀偉民先生,(02)28839489,318,,連鎖型綠色商店
1260,頂好Wellcome（雨聲店）,"111臺北市士林區雨聲街52號,52-1號,50巷1號",A000130,賀偉民先生,(02)28839489,318,,連鎖型綠色商店
1261,頂好Wellcome（南京店）,106臺北市大安區南京東路5段198號B1,A000143,賀偉民先生,(02)28839489,318,,連鎖型綠色商店
1262,頂好Wellcome（南港店）,115臺北市南港區舊莊街1段196號1F,A000167,賀偉民先生,(02)28839489,318,,連鎖型綠色商店
1263,頂好Wellcome（後港店）,111臺北市士林區華齡街 175 號,A000149,賀偉民先生,(02)28839489,318,,連鎖型綠色商店
1264,頂好Wellcome（星雲店）,114臺北市內湖區星雲街152號B1,A000158,賀偉民先生,(02)28839489,318,,連鎖型綠色商店
1265,頂好Wellcome（美麗華店）,104臺北市中山區敬業三路20號B1F之1,A000137,賀偉民先生,(02)28839489,318,,連鎖型綠色商店
1266,頂好Wellcome（致遠店）,112臺北市北投區致遠一路二段19.21.23號,A000108,賀偉民先生,(02)28839489,318,,連鎖型綠色商店
1267,頂好Wellcome（重慶店）,103臺北市大同區重慶北路 1 段 73 號 B1,A000165,賀偉民先生,(02)28839489,318,,連鎖型綠色商店
1268,頂好Wellcome（師大店）,106臺北市大安區師大路129號1F,A000114,賀偉民先生,(02)28839489,318,,連鎖型綠色商店
1269,頂好Wellcome（清江店）,112臺北市北投區公館路 198 號,A000152,賀偉民先生,(02)28839489,318,,連鎖型綠色商店
1270,頂好Wellcome（莒光店）,100臺北市中正區西藏路 125 巷 13-15 號,A000116,賀偉民先生,(02)28839489,318,,連鎖型綠色商店
1271,頂好Wellcome（通化店）,106臺北市大安區延吉街250號B1,A000112,賀偉民先生,(02)28839489,318,,連鎖型綠色商店
1272,頂好Wellcome（通化陽店）,106臺北市大安區信義路4段296號B1,A000144,賀偉民先生,(02)28839489,318,,連鎖型綠色商店
1273,頂好Wellcome（通河店）,111臺北市士林區通河街153號.155號,A000133,賀偉民先生,(02)28839489,318,,連鎖型綠色商店
1274,頂好Wellcome（敦北陽店）,106臺北市大安區敦化北路199巷5號,A000139,賀偉民先生,(02)28839489,318,,連鎖型綠色商店
1275,頂好Wellcome（景美店）,116臺北市文山區萬慶街 27 號,A000173,賀偉民先生,(02)28839489,318,,連鎖型綠色商店
1276,頂好Wellcome（湖興店）,114臺北市內湖區成功路2段320巷19號,A000159,賀偉民先生,(02)28839489,318,,連鎖型綠色商店
1277,頂好Wellcome（陽明山店）,111臺北市士林區格致路7 號,A000148,賀偉民先生,(02)28839489,318,,連鎖型綠色商店
1278,頂好Wellcome（陽明店）,111臺北市士林區德行東路 230 號,A000150,賀偉民先生,(02)28839489,318,,連鎖型綠色商店
1279,頂好Wellcome（新生店）,106臺北市大安區新生南路3段2號B1,A000115,賀偉民先生,(02)28839489,318,,連鎖型綠色商店
1280,頂好Wellcome（萬和店）,116臺北市文山區萬和街6號2樓之2及2樓之3,A000107,賀偉民先生,(02)28839489,318,,連鎖型綠色商店
1281,頂好Wellcome（萬芳店）,116臺北市文山區萬利街路 30 巷 1 號,A000172,賀偉民先生,(02)28839489,318,,連鎖型綠色商店
1282,頂好Wellcome（萬華店）,108臺北市萬華區大理街114號1樓,A000119,賀偉民先生,(02)28839489,318,,連鎖型綠色商店
1283,頂好Wellcome（農安店）,104臺北市中山區農安街257號.259號,A000132,賀偉民先生,(02)28839489,318,,連鎖型綠色商店
1284,頂好Wellcome（稻香店）,112臺北市北投區稻香路81號1樓,A000151,賀偉民先生,(02)28839489,318,,連鎖型綠色商店
1285,頂好Wellcome（興安店）,104臺北市中山區興安街112號B1,A000177,賀偉民先生,(02)28839489,318,,連鎖型綠色商店
1286,頂好Wellcome（羅斯福店）,104臺北市中山區羅斯福路3段285號B1,A000145,賀偉民先生,(02)28839489,318,,連鎖型綠色商店
1287,頂好Wellcome（寶慶Gourmet店）,100臺北市中正區寶慶路32號B1,A000123,賀偉民先生,(02)28839489,318,,連鎖型綠色商店
1288,頂好Wellcome（寶興店）,108臺北市萬華區萬大路486巷48號1樓,A000118,賀偉民先生,(02)28839489,318,,連鎖型綠色商店
1289,博達汽車股份有限公司,114台北市內湖區港墘路219號,A001478,張麗玉,(02)25066898,,,連鎖型綠色商店
1290,博達汽車股份有限公司文山分公司,116台北市文山區羅斯福路5段90號,A001480,張麗玉,(02)25066898,,,連鎖型綠色商店
1291,棉花田士林士東門市,111台北市士林區士東路97號1樓,A001646,路孔明,(02)25791777,,,連鎖型綠色商店
1292,棉花田大直樂群門市,105臺北市松山區敦化南路一段3號11樓,A001645,路孔明,(02)25791777,,,連鎖型綠色商店
1293,棉花田中崙八德門市,105台北市八德路三段74巷8號1樓,A001648,路孔明,(02)25791777,,,連鎖型綠色商店
1294,棉花田木柵指南門市,105臺北市松山區敦化南路一段3號11樓,A001644,路孔明,(02)25791777,,,連鎖型綠色商店
1295,棉花田生機園地三民門市,105臺北市松山區三民路三民路109號1樓 ,A001587,路孔明,(02)25791777,218,,連鎖型綠色商店
1296,棉花田生機園地士林門市,111臺北市士林區華榮街1號,A001495,路孔明,(02)25791777,218,,連鎖型綠色商店
1297,棉花田生機園地中山門市,104臺北市中山區中山北路一段116號,A001513,路孔明,(02)25791777,218,,連鎖型綠色商店
1298,棉花田生機園地內湖門市,114臺北市內湖區成功路3段181號,A001489,路孔明,(02)25791777,218,,連鎖型綠色商店
1299,棉花田生機園地北投門市,112臺北市北投區中央南路1段39號,A001493,路孔明,(02)25791777,218,,連鎖型綠色商店
1300,棉花田生機園地民生門市,105臺北市松山區民生東路四段55巷30號1F,A001483,路孔明,(02)25791777,218,,連鎖型綠色商店
1301,棉花田生機園地永春門市,110臺北市信義區忠孝東路5段457號,A001490,路孔明,(02)25791777,218,,連鎖型綠色商店
1302,棉花田生機園地忠孝門市,106臺北市大安區忠孝東路4段299號,A001494,路孔明,(02)25791777,218,,連鎖型綠色商店
1303,棉花田生機園地忠孝復興門市,106臺北市大安區忠孝東路3段221-1號,A001486,路孔明,(02)25791777,218,,連鎖型綠色商店
1304,棉花田生機園地忠誠門市,111臺北市士林區忠誠路2段5號,A001511,路孔明,(02)25791777,218,,連鎖型綠色商店
1305,棉花田生機園地東湖門市,114臺北市內湖區東湖路126號,A001512,路孔明,(02)25791777,218,,連鎖型綠色商店
1306,棉花田生機園地股份有限公司,108臺北市萬華區青年路12號,A001585,路孔明,(02)25791777,,,連鎖型綠色商店
1307,棉花田生機園地股份有限公司大安門市,106臺北市大安區大安路一段182號,A001584,路孔明,(02)25797777,,,連鎖型綠色商店
1308,棉花田生機園地股份有限公司光復門市,106臺北市大安區光復南路390-2號,A001583,路孔明,(02)25791777,,,連鎖型綠色商店
1309,棉花田生機園地南京門市,105臺北市松山區南京東路5段137號,A001496,路孔明,(02)25791777,218,,連鎖型綠色商店
1310,棉花田生機園地南京龍江門市,104臺北市中山區南京東路3段82號,A001586,路孔明,(02)25791777,218,,連鎖型綠色商店
1311,棉花田生機園地後山埤門市,114臺北市內湖區忠孝東路六段六號,A001510,路孔明,(02)25791777,218,,連鎖型綠色商店
1312,棉花田生機園地重慶門市,100臺北市中正區重慶南路1段90號,A001590,路孔明,(02)25791777,,,連鎖型綠色商店
1313,棉花田生機園地莊敬門市,110臺北市信義區376號,A001593,路孔明,(02)25791777,,,連鎖型綠色商店
1314,棉花田生機園地博愛門市,100臺北市中正區博愛路89號,A001484,路孔明,(02)25791777,218,,連鎖型綠色商店
1315,棉花田生機園地景美門市,116臺北市文山區景文街117號,A001589,路孔明,(02)25791777,,,連鎖型綠色商店
1316,棉花田生機園地福州門市,100臺北市中正區福州街11-10號,A001487,路孔明,(02)25791777,218,,連鎖型綠色商店
1317,棉花田生機園地慶城門市,105臺北市松山區南京東路3段303巷24號,A001592,路孔明,(02)25791777,,,連鎖型綠色商店
1318,棉花田生機園地興隆門市,116臺北市文山區興隆路4段153號,A001588,路孔明,(02)25791777,,,連鎖型綠色商店
1319,棉花田生機園地錦州門市,104臺北市中山區錦州街417號,A001492,路孔明,(02)25791777,218,,連鎖型綠色商店
1320,棉花田生機園地羅斯福門市,106臺北市大安區羅斯福路3段273之1,A001488,路孔明,(02)25791777,218,,連鎖型綠色商店
1321,棉花田忠孝216門市,110台北市忠孝東路四段216巷33弄11號,A001647,路孔明,(02)25791777,,,連鎖型綠色商店
1322,棉花田建南門市,105臺北市松山區敦化南路一段3號11樓,A001643,路孔明,(02)25791777,,,連鎖型綠色商店
1323,棉花田基隆信二門市,105臺北市松山區敦化南路一段3號11樓,A001731,路孔明,(02)25791777,,,連鎖型綠色商店
1324,港德傢俱有限公司,115台北市南港區忠孝東路6段112號1F,A000103,張凱倫,(02)27887208,,,連鎖型綠色商店
1325,萊爾富國際股份有限公司-北市101店,110台北市信義區信義路5段20號,A001624,卓東平,(02)89785935,,,連鎖型綠色商店
1326,萊爾富國際股份有限公司-北市十信店,112台北市北投區北投路2段55號,A001635,卓東平,(02)28932370,,,連鎖型綠色商店
1327,萊爾富國際股份有限公司-北市三總店,114臺北市內湖區成功路二段325號B1(台北國防醫學中心),A001246,卓東平,(02)66068688,356,,連鎖型綠色商店
1328,萊爾富國際股份有限公司-北市士大店,111臺北市士林區大東路7號,A001383,卓東平,(02)66068688,356,,連鎖型綠色商店
1329,萊爾富國際股份有限公司-北市士東店,111臺北市士林區中山北路六段429號,A001427,卓東平,(02)66068688,356,,連鎖型綠色商店
1330,萊爾富國際股份有限公司-北市士海店,111臺北市士林區延平北路九段212號(海洋技術學院士林校區-學生宿舍及福利社),A001399,卓東平,(02)66068688,356,,連鎖型綠色商店
1331,萊爾富國際股份有限公司-北市士陽店,111臺北市士林區雨聲街105號(北市陽明醫院),A001398,卓東平,(02)66068688,356,,連鎖型綠色商店
1332,萊爾富國際股份有限公司-北市士銓店,111臺北市士林區中山北路七段186號,A001306,卓東平,(02)66068688,356,,連鎖型綠色商店
1333,萊爾富國際股份有限公司-北市士慶店,111臺北市士林區社正路75號,A001322,卓東平,(02)66068688,356,,連鎖型綠色商店
1334,萊爾富國際股份有限公司-北市士鑽店,111臺北市士林區基河路15號A1-01,A001376,卓東平,(02)66068688,356,,連鎖型綠色商店
1335,萊爾富國際股份有限公司-北市大同店,104臺北市中山區中山北路三段40號(大同大學經營大樓),A001410,卓東平,(02)66068688,356,,連鎖型綠色商店
1336,萊爾富國際股份有限公司-北市大業店,112臺北市北投區中和街41號,A001304,卓東平,(02)66068688,356,,連鎖型綠色商店
1337,萊爾富國際股份有限公司-北市山華店,104臺北市中山區長春路208號1樓,A001381,卓東平,(02)66068688,356,,連鎖型綠色商店
1338,萊爾富國際股份有限公司-北市山寧店,104臺北市中山區長安東路二段171-7號,A001371,卓東平,(02)66068688,356,,連鎖型綠色商店
1339,萊爾富國際股份有限公司-北市山榮店,104臺北市中山區長安東路二段118號1樓,A001311,卓東平,(02)66068688,356,,連鎖型綠色商店
1340,萊爾富國際股份有限公司-北市山德店,104臺北市中山區德惠街109號 1樓,A001262,卓東平,(02)66068688,356,,連鎖型綠色商店
1341,萊爾富國際股份有限公司-北市山擎店,104臺北市中山區天祥路70號一樓,A001370,卓東平,(02)66068688,356,,連鎖型綠色商店
1342,萊爾富國際股份有限公司-北市工農店,110臺北市信義區忠孝東路五段236巷16號,A001239,卓東平,(02)66068688,356,,連鎖型綠色商店
1343,萊爾富國際股份有限公司-北市中山三店,104臺北市中山區中山北路二段65巷13號,A001373,卓東平,(02)66068688,356,,連鎖型綠色商店
1344,萊爾富國際股份有限公司-北市中山店,104臺北市中山區中山北路二段137巷2號,A001392,卓東平,(02)66068688,356,,連鎖型綠色商店
1345,萊爾富國際股份有限公司-北市中原二店,104臺北市中山區中原街77號,A001439,卓東平,(02)66068688,356,,連鎖型綠色商店
1346,萊爾富國際股份有限公司-北市中國店,116臺北市文山區興隆路三段56號(中國科技大學),A001396,卓東平,(02)66068688,356,,連鎖型綠色商店
1347,萊爾富國際股份有限公司-北市內湖二店,114臺北市內湖區成功路二段318之1號,A001440,卓東平,(02)66068688,356,,連鎖型綠色商店
1348,萊爾富國際股份有限公司-北市天福店,111台北市士林區中山北路六段431之4號1樓,A001597,卓東平,(02)89781406,,,連鎖型綠色商店
1349,萊爾富國際股份有限公司-北市文辛店,116臺北市文山區辛亥路四段218.220號,A001422,卓東平,(02)66068688,356,,連鎖型綠色商店
1350,萊爾富國際股份有限公司-北市文武店,116臺北市文山區羅斯福路五段203號1樓,A001240,卓東平,(02)66068688,356,,連鎖型綠色商店
1351,萊爾富國際股份有限公司-北市文創店,105台北市中正區八德路一段34號,A001614,卓東平,(02)89786752,,,連鎖型綠色商店
1352,萊爾富國際股份有限公司-北市文福店,116臺北市文山區景福街230巷2號,A001316,卓東平,(02)66068688,356,,連鎖型綠色商店
1353,萊爾富國際股份有限公司-北市木新二店,116臺北市文山區木新路三段232巷6弄18號,A001406,卓東平,(02)66068688,356,,連鎖型綠色商店
1354,萊爾富國際股份有限公司-北市木新三店,116臺北市文山區木新路二段163號,A001413,卓東平,(02)66068688,356,,連鎖型綠色商店
1355,萊爾富國際股份有限公司-北市世新店,116臺北市文山區木柵路一段8號,A001245,卓東平,(02)66068688,356,,連鎖型綠色商店
1356,萊爾富國際股份有限公司-北市北天店,112臺北市北投區一德里中央北路四段8號1樓,A001273,卓東平,(02)66068688,356,,連鎖型綠色商店
1357,萊爾富國際股份有限公司-北市北功店,112臺北市北投區立德路60號,A001278,卓東平,(02)66068688,356,,連鎖型綠色商店
1358,萊爾富國際股份有限公司-北市北和店,112臺北市北投區中和里中和街402號1樓,A001442,卓東平,(02)66068688,356,,連鎖型綠色商店
1359,萊爾富國際股份有限公司-北市北武店,112臺北市北投區學園路2號（北台科學技術學院-飲和樓商場）,A001293,卓東平,(02)66068688,356,,連鎖型綠色商店
1360,萊爾富國際股份有限公司-北市北科大店,106臺北市大安區建國南路一段81號(台北科技大學),A001296,卓東平,(02)66068688,356,,連鎖型綠色商店
1361,萊爾富國際股份有限公司-北市北商店,100臺北市中正區濟南路一段321號五育樓B1（國立台北商業技術學院）,A001411,卓東平,(02)66068688,356,,連鎖型綠色商店
1362,萊爾富國際股份有限公司-北市北崗店,112臺北市北投區桃園里中央北路三段44.46號,A001340,卓東平,(02)66068688,356,,連鎖型綠色商店
1363,萊爾富國際股份有限公司-北市北清店,112台北市北投區清江路53及55號,A001641,卓東平,(02)89783776,,,連鎖型綠色商店
1364,萊爾富國際股份有限公司-北市北華店,112臺北市北投區石牌路二段201號,A001434,卓東平,(02)66068688,356,,連鎖型綠色商店
1365,萊爾富國際股份有限公司-北市北裕店,112臺北市北投區裕民六路120號,A001364,卓東平,(02)66068688,356,,連鎖型綠色商店
1366,萊爾富國際股份有限公司-北市北達店,112臺北市北投區清江路47.49號,A001250,卓東平,(02)66068688,356,,連鎖型綠色商店
1367,萊爾富國際股份有限公司-北市古亭店,100台北市中正區辛亥路一段17巷2號及19號,A001634,卓東平,(02)89787384,,,連鎖型綠色商店
1368,萊爾富國際股份有限公司-北市司法店,100臺北市中正區博愛路131號B1,A001241,卓東平,(02)66068688,356,,連鎖型綠色商店
1369,萊爾富國際股份有限公司-北市台大店,100台北市中正區常德街1號B1,A001610,卓東平,(02)23146218,,,連鎖型綠色商店
1370,萊爾富國際股份有限公司-北市台泥店,104臺北市中山區錦州街32號,A001297,卓東平,(02)66068688,356,,連鎖型綠色商店
1371,萊爾富國際股份有限公司-北市市政店,110台北市信義區市府路1號(市政大樓地下二樓),A001638,卓東平,(02)89783410,,,連鎖型綠色商店
1372,萊爾富國際股份有限公司-北市正台店,100臺北市中正區常德街1號(臺大醫院),A001360,卓東平,(02)66068688,356,,連鎖型綠色商店
1373,萊爾富國際股份有限公司-北市正光店,100臺北市中正區市民大道三段8號1樓(光華商場光華新天地),A001421,卓東平,(02)66068688,356,,連鎖型綠色商店
1374,萊爾富國際股份有限公司-北市正宏店,100臺北市中正區八德路一段46號,A001416,卓東平,(02)66068688,356,,連鎖型綠色商店
1375,萊爾富國際股份有限公司-北市正佳店,100臺北市中正區辛亥路一段39.41號1樓,A001334,卓東平,(02)66068688,356,,連鎖型綠色商店
1376,萊爾富國際股份有限公司-北市正忠店,100台北市中正區梅花里８鄰忠孝東路一段３５號一樓全部,A001623,卓東平,(02)89781634,,,連鎖型綠色商店
1377,萊爾富國際股份有限公司-北市正東店,100臺北市中正區紹興南街4-12號1樓,A001254,卓東平,(02)66068688,356,,連鎖型綠色商店
1378,萊爾富國際股份有限公司-北市正前店,100台北市中正區忠孝西路一段173號，台北西B站,A001598,卓東平,(02)23831025,,,連鎖型綠色商店
1379,萊爾富國際股份有限公司-北市正泉店,100臺北市中正區泉州街31.34號1樓,A001441,卓東平,(02)66068688,356,,連鎖型綠色商店
1380,萊爾富國際股份有限公司-北市正博店,100臺北市中正區博愛路9號,A001424,卓東平,(02)66068688,356,,連鎖型綠色商店
1381,萊爾富國際股份有限公司-北市正喜店,100臺北市中正區板溪里牯嶺街117號1樓,A001336,卓東平,(02)66068688,356,,連鎖型綠色商店
1382,萊爾富國際股份有限公司-北市正童店,100臺北市中正區中山南路8號(台大兒童綜合醫院)   ,A001405,卓東平,(02)66068688,356,,連鎖型綠色商店
1383,萊爾富國際股份有限公司-北市正裕店,100臺北市中正區忠孝西路50號1樓,A001397,卓東平,(02)66068688,356,,連鎖型綠色商店
1384,萊爾富國際股份有限公司-北市正德店,100臺北市中正區八德路一段82巷7號1樓,A001259,卓東平,(02)66068688,356,,連鎖型綠色商店
1385,萊爾富國際股份有限公司-北市正慶店,100臺北市中正區衡陽路103號,A001244,卓東平,(02)66068688,356,,連鎖型綠色商店
1386,萊爾富國際股份有限公司-北市正館店,100臺北市中正區館前路45號1樓,A001375,卓東平,(02)66068688,356,,連鎖型綠色商店
1387,萊爾富國際股份有限公司-北市正豐店,100臺北市中正區許昌街26-2號,A001385,卓東平,(02)66068688,356,,連鎖型綠色商店
1388,萊爾富國際股份有限公司-北市正醫店,100臺北市中正區中山南路7號B1(台大醫院),A001301,卓東平,(02)66068688,356,,連鎖型綠色商店
1389,萊爾富國際股份有限公司-北市正寶店,100台北市中正區寶慶路35號,A001616,卓東平,(02)23705368,,,連鎖型綠色商店
1390,萊爾富國際股份有限公司-北市正鑽店,100臺北市中正區館前路36號 ,A001393,卓東平,(02)66068688,356,,連鎖型綠色商店
1391,萊爾富國際股份有限公司-北市民生店,104臺北市中山區民生西路2號,A001366,卓東平,(02)66068688,356,,連鎖型綠色商店
1392,萊爾富國際股份有限公司-北市民東店,"114臺北市內湖區民權東路六段69,71,75號",A001324,卓東平,(02)66068688,356,,連鎖型綠色商店
1393,萊爾富國際股份有限公司-北市民權二店,105臺北市松山區民權東路五段32號,A001343,卓東平,(02)66068688,356,,連鎖型綠色商店
1394,萊爾富國際股份有限公司-北市民權三店,114臺北市內湖區民權東路六段90巷8號,A001272,卓東平,(02)66068688,356,,連鎖型綠色商店
1395,萊爾富國際股份有限公司-北市永捷店,104台北市中山區松江路27號,A001599,卓東平,(02)25048276,,,連鎖型綠色商店
1396,萊爾富國際股份有限公司-北市甘州店,103臺北市大同區歸綏街183號,A001288,卓東平,(02)66068688,356,,連鎖型綠色商店
1397,萊爾富國際股份有限公司-北市立農店,112台北市北投區義理街96號及立農街2段292號,A001617,卓東平,(02)89781336,,,連鎖型綠色商店
1398,萊爾富國際股份有限公司-北市同吉店,103臺北市大同區昌吉街63號,A001275,卓東平,(02)66068688,356,,連鎖型綠色商店
1399,萊爾富國際股份有限公司-北市同安店,103臺北市大同區重慶北路一段63號,A001277,卓東平,(02)66068688,356,,連鎖型綠色商店
1400,萊爾富國際股份有限公司-北市同京店,103臺北市大同區西寧北路35號,A001394,卓東平,(02)66068688,356,,連鎖型綠色商店
1401,萊爾富國際股份有限公司-北市同密店,103臺北市大同區重慶里哈密街59巷21號,A001354,卓東平,(02)66068688,356,,連鎖型綠色商店
1402,萊爾富國際股份有限公司-北市同捷店,103臺北市大同區長安西路52-1號B1,A001248,卓東平,(02)66068688,356,,連鎖型綠色商店
1403,萊爾富國際股份有限公司-北市同淵店,103臺北市大同區錦西街82號 1樓,A001388,卓東平,(02)66068688,356,,連鎖型綠色商店
1404,萊爾富國際股份有限公司-北市同達店,103臺北市大同區延平北路二段114.116.118號.民生西路335號,A001258,卓東平,(02)66068688,356,,連鎖型綠色商店
1405,萊爾富國際股份有限公司-北市同德店,103臺北市大同區承德路三段290號,A001280,卓東平,(02)66068688,356,,連鎖型綠色商店
1406,萊爾富國際股份有限公司-北市同慶店,103臺北市大同區重慶北路一段24號1樓,A001299,卓東平,(02)66068688,356,,連鎖型綠色商店
1407,萊爾富國際股份有限公司-北市同蝶店,103臺北市大同區南京西路30號,A001252,卓東平,(02)66068688,356,,連鎖型綠色商店
1408,萊爾富國際股份有限公司-北市如意店,"104臺北市中山區松江路28,30,30-1號",A001284,卓東平,(02)66068688,356,,連鎖型綠色商店
1409,萊爾富國際股份有限公司-北市安平店,110臺北市信義區仁愛路四段300巷15號1樓,A001298,卓東平,(02)66068688,356,,連鎖型綠色商店
1410,萊爾富國際股份有限公司-北市安平店,106台北市大安區仁愛路4段300巷15號,A001632,卓東平,(02)27015782,,,連鎖型綠色商店
1411,萊爾富國際股份有限公司-北市安弘店,106臺北市大安區安居街10號,A001412,卓東平,(02)66068688,356,,連鎖型綠色商店
1412,萊爾富國際股份有限公司-北市安孝店,106臺北市大安區忠孝東路三段287號,A001430,卓東平,(02)66068688,356,,連鎖型綠色商店
1413,萊爾富國際股份有限公司-北市安建店,106臺北市大安區建國南路一段337號1樓,A001363,卓東平,(02)66068688,356,,連鎖型綠色商店
1414,萊爾富國際股份有限公司-北市安盈店,106臺北市大安區和平東路一段129號 (台灣師範大學綜合大樓),A001281,卓東平,(02)66068688,356,,連鎖型綠色商店
1415,萊爾富國際股份有限公司-北市安泰店,114臺北市內湖區安泰街32號,A001428,卓東平,(02)66068688,356,,連鎖型綠色商店
1416,萊爾富國際股份有限公司-北市安國店,"106臺北市大安區光復南路290巷25號,25-1號",A001236,卓東平,(02)66068688,356,,連鎖型綠色商店
1417,萊爾富國際股份有限公司-北市安傑店,106臺北市大安區復興南路二段146-1號 ,A001387,卓東平,(02)66068688,356,,連鎖型綠色商店
1418,萊爾富國際股份有限公司-北市安復店,106臺北市大安區復興南路一段135巷21號1樓.B1,A001348,卓東平,(02)66068688,356,,連鎖型綠色商店
1419,萊爾富國際股份有限公司-北市安敦店,106臺北市大安區仁愛路四段112巷7號,A001253,卓東平,(02)66068688,356,,連鎖型綠色商店
1420,萊爾富國際股份有限公司-北市安皓店,106臺北市大安區忠孝東路四段181巷8號,A001437,卓東平,(02)66068688,356,,連鎖型綠色商店
1421,萊爾富國際股份有限公司-北市安華店,106臺北市大安區華聲里延吉街131巷43號1樓,A001346,卓東平,(02)66068688,356,,連鎖型綠色商店
1422,萊爾富國際股份有限公司-北市安震店,106臺北市大安區安東街50之2、50之3，50之4號,A001390,卓東平,(02)66068688,356,,連鎖型綠色商店
1423,萊爾富國際股份有限公司-北市安興店,106台北市大安區復興南路2段148號1樓全部,A001607,卓東平,(02)89783502,,,連鎖型綠色商店
1424,萊爾富國際股份有限公司-北市安龍店,106臺北市大安區臥龍街145之1號,A001342,卓東平,(02)66068688,356,,連鎖型綠色商店
1425,萊爾富國際股份有限公司-北市安聯店,"106臺北市大安區光復南路98之3號,98之5號",A001257,卓東平,(02)66068688,356,,連鎖型綠色商店
1426,萊爾富國際股份有限公司-北市安豐店,106臺北市大安區復興南路一段265號,A001331,卓東平,(02)66068688,356,,連鎖型綠色商店
1427,萊爾富國際股份有限公司-北市安醫店,106臺北市大安區仁愛路四段10號1樓(北市仁愛醫院),A001386,卓東平,(02)66068688,356,,連鎖型綠色商店
1428,萊爾富國際股份有限公司-北市安麗店,106臺北市大安區金山南路二段69.71號1樓,A001291,卓東平,(02)66068688,356,,連鎖型綠色商店
1429,萊爾富國際股份有限公司-北市安鑽店,106臺北市大安區敦化南路一段197號,A001266,卓東平,(02)66068688,356,,連鎖型綠色商店
1430,萊爾富國際股份有限公司-北市成康店,114臺北市內湖區成功路五段420巷7‧9號,A001313,卓東平,(02)66068688,356,,連鎖型綠色商店
1431,萊爾富國際股份有限公司-北市成康店,114台北市內湖區成功路五段420巷7‧9號,A001625,卓東平,(02)26342297,,,連鎖型綠色商店
1432,萊爾富國際股份有限公司-北市米蘭店,114台北市內湖區內湖路一段120巷16號一樓全部,A001612,卓東平,(02)26598412,,,連鎖型綠色商店
1433,萊爾富國際股份有限公司-北市衣蝶店,103臺北市大同區南京西路63號,A001302,卓東平,(02)66068688,356,,連鎖型綠色商店
1434,萊爾富國際股份有限公司-北市宏普店,114臺北市內湖區民權東路六段117號,A001260,卓東平,(02)66068688,356,,連鎖型綠色商店
1435,萊爾富國際股份有限公司-北市亞緹店,114台北市內湖區江南街111號,A001608,卓東平,(02)89783354,,,連鎖型綠色商店
1436,萊爾富國際股份有限公司-北市京承店,103台北市大同區市民大道一段209號,A001601,卓東平,(02)25526312,,,連鎖型綠色商店
1437,萊爾富國際股份有限公司-北市京站店,103臺北市大同區市民大道一段209號(國道客運京站購物廣場),A001276,卓東平,(02)66068688,356,,連鎖型綠色商店
1438,萊爾富國際股份有限公司-北市和平店,100臺北市中正區延平南路210號,A001292,卓東平,(02)66068688,356,,連鎖型綠色商店
1439,萊爾富國際股份有限公司-北市和信店,112臺北市北投區立德路125號(和信醫院),A001279,卓東平,(02)66068688,356,,連鎖型綠色商店
1440,萊爾富國際股份有限公司-北市奇岩店,112臺北市北投區中央南路二段5.7號,A001409,卓東平,(02)66068688,356,,連鎖型綠色商店
1441,萊爾富國際股份有限公司-北市居安店,106台北市大安區安居街15號,A001642,卓東平,(02)89786747,,,連鎖型綠色商店
1442,萊爾富國際股份有限公司-北市延平二店,111臺北市士林區延平北路五段138號,A001419,卓東平,(02)66068688,356,,連鎖型綠色商店
1443,萊爾富國際股份有限公司-北市延平店,103臺北市大同區延平北路二段255-1號,A001380,卓東平,(02)66068688,356,,連鎖型綠色商店
1444,萊爾富國際股份有限公司-北市延吉二店,106臺北市大安區延吉街130號,A001235,卓東平,(02)66068688,356,,連鎖型綠色商店
1445,萊爾富國際股份有限公司-北市延年店,103臺北市大同區延平北路三段40號一樓,A001432,卓東平,(02)66068688,356,,連鎖型綠色商店
1446,萊爾富國際股份有限公司-北市延壽店,105臺北市松山區延壽街81號,A001391,卓東平,(02)66068688,356,,連鎖型綠色商店
1447,萊爾富國際股份有限公司-北市承德店,111臺北市士林區承德路四段80巷59號,A001338,卓東平,(02)66068688,356,,連鎖型綠色商店
1448,萊爾富國際股份有限公司-北市昆陽店,115臺北市南港區昆陽街99號,A001382,卓東平,(02)66068688,356,,連鎖型綠色商店
1449,萊爾富國際股份有限公司-北市明水店,104臺北市中山區明水路397巷7弄32號,A001365,卓東平,(02)66068688,356,,連鎖型綠色商店
1450,萊爾富國際股份有限公司-北市明湖店,114臺北市內湖區民權東路六段296巷68號,A001242,卓東平,(02)66068688,356,,連鎖型綠色商店
1451,萊爾富國際股份有限公司-北市杭州店,106臺北市大安區杭州南路二段5號,A001308,卓東平,(02)66068688,356,,連鎖型綠色商店
1452,萊爾富國際股份有限公司-北市東方店,106臺北市大安區信義路四段186巷8號(東方高級工商職業學校),A001425,卓東平,(02)66068688,356,,連鎖型綠色商店
1453,萊爾富國際股份有限公司-北市林口店,110臺北市信義區林口街36號,A001337,卓東平,(02)66068688,356,,連鎖型綠色商店
1454,萊爾富國際股份有限公司-北市林森店,104臺北市中山區林森北路101號,A001443,卓東平,(02)66068688,356,,連鎖型綠色商店
1455,萊爾富國際股份有限公司-北市松永店,110臺北市信義區永吉路280號,A001329,卓東平,(02)66068688,356,,連鎖型綠色商店
1456,萊爾富國際股份有限公司-北市松育店,105臺北市松山區八德路三段119號,A001320,卓東平,(02)66068688,356,,連鎖型綠色商店
1457,萊爾富國際股份有限公司-北市松柏店,105臺北市松山區光復北路102號,A001407,卓東平,(02)66068688,356,,連鎖型綠色商店
1458,萊爾富國際股份有限公司-北市松站店,110臺北市信義區松山路11號(松山車站),A001356,卓東平,(02)66068688,356,,連鎖型綠色商店
1459,萊爾富國際股份有限公司-北市松康店,105臺北市松山區鵬程里健康路325巷12弄2號1樓,A001339,卓東平,(02)66068688,356,,連鎖型綠色商店
1460,萊爾富國際股份有限公司-北市松清店,105臺北市松山區南京東路五段250巷3-1號,A001327,卓東平,(02)66068688,356,,連鎖型綠色商店
1461,萊爾富國際股份有限公司-北市松華店,105臺北市松山區南京東路五段34號,A001418,卓東平,(02)66068688,356,,連鎖型綠色商店
1462,萊爾富國際股份有限公司-北市松運店,105臺北市松山區敦化北路338號(捷運松山機場),A001362,卓東平,(02)66068688,356,,連鎖型綠色商店
1463,萊爾富國際股份有限公司-北市松遠店,105臺北市松山區莊敬里撫遠街369巷36號,A001335,卓東平,(02)66068688,356,,連鎖型綠色商店
1464,萊爾富國際股份有限公司-北市社子店,111臺北市士林區社子街63巷2號,A001414,卓東平,(02)66068688,356,,連鎖型綠色商店
1465,萊爾富國際股份有限公司-北市社正店,111臺北市士林區社正路27號,A001435,卓東平,(02)66068688,356,,連鎖型綠色商店
1466,萊爾富國際股份有限公司-北市虎嘯店,106臺北市大安區敦化南路二段174號,A001426,卓東平,(02)66068688,356,,連鎖型綠色商店
1467,萊爾富國際股份有限公司-北市金湖店,114臺北市內湖區金湖路403號,A001345,卓東平,(02)66068688,356,,連鎖型綠色商店
1468,萊爾富國際股份有限公司-北市金碧店,114台北市內湖區金龍路64、66號壹樓全部,A001636,卓東平,(02)89782940,,,連鎖型綠色商店
1469,萊爾富國際股份有限公司-北市長松店,104台北市中山區松江路50號,A001611,卓東平,(02)89783405,,,連鎖型綠色商店
1470,萊爾富國際股份有限公司-北市信北店,110臺北市信義區中坡北路17.19號1樓,A001243,卓東平,(02)66068688,356,,連鎖型綠色商店
1471,萊爾富國際股份有限公司-北市信吉店,110臺北市信義區永吉路125號,A001310,卓東平,(02)66068688,356,,連鎖型綠色商店
1472,萊爾富國際股份有限公司-北市信東店,110臺北市信義區忠孝東路五段63號1樓,A001237,卓東平,(02)66068688,356,,連鎖型綠色商店
1473,萊爾富國際股份有限公司-北市信長店,110臺北市信義區莊敬路290號,A001400,卓東平,(02)66068688,356,,連鎖型綠色商店
1474,萊爾富國際股份有限公司-北市信彩店,110臺北市信義區基隆路一段350之41.43號,A001270,卓東平,(02)66068688,356,,連鎖型綠色商店
1475,萊爾富國際股份有限公司-北市信誠店,110臺北市信義區松山路537號及541巷1號,A001359,卓東平,(02)66068688,356,,連鎖型綠色商店
1476,萊爾富國際股份有限公司-北市信德店,110臺北市信義區虎林街164巷60弄2號,A001238,卓東平,(02)66068688,356,,連鎖型綠色商店
1477,萊爾富國際股份有限公司-北市南海店,"100臺北市中正區南海路12,14號",A001355,卓東平,(02)66068688,356,,連鎖型綠色商店
1478,萊爾富國際股份有限公司-北市南港二店,115臺北市南港區忠孝東路七段639號,A001317,卓東平,(02)66068688,356,,連鎖型綠色商店
1479,萊爾富國際股份有限公司-北市南港三店,115臺北市南港區忠孝東路六段252號,A001261,卓東平,(02)66068688,356,,連鎖型綠色商店
1480,萊爾富國際股份有限公司-北市哈密店,103臺北市大同區重慶北路三段278號之2,A001321,卓東平,(02)66068688,356,,連鎖型綠色商店
1481,萊爾富國際股份有限公司-北市指南店,116臺北市文山區指南路二段32號,A001286,卓東平,(02)66068688,356,,連鎖型綠色商店
1482,萊爾富國際股份有限公司-北市政商店,116台北市文山區指南路二段64號(商學院),A001628,卓東平,,,0,連鎖型綠色商店
1483,萊爾富國際股份有限公司-北市政學店,116台北市文山區指南路二段64號,A001604,卓東平,(02)89782091,,,連鎖型綠色商店
1484,萊爾富國際股份有限公司-北市政戰店,112臺北市北投區中央北路二段70號(政治作戰學校),A001264,卓東平,(02)66068688,356,,連鎖型綠色商店
1485,萊爾富國際股份有限公司-北市秋葉原店,100台北市中正區八德路一段８２巷１０號,A001639,卓東平,(02)89783142,,,連鎖型綠色商店
1486,萊爾富國際股份有限公司-北市迪化店,103臺北市大同區迪化街一段50號,A001347,卓東平,(02)66068688,356,,連鎖型綠色商店
1487,萊爾富國際股份有限公司-北市家聲店,105臺北市松山區寧安街12號(育達商職家聲樓B1),A001289,卓東平,(02)66068688,356,,連鎖型綠色商店
1488,萊爾富國際股份有限公司-北市師範店,106臺北市大安區和平東路一段162號(台灣師範大學校本部),A001247,卓東平,(02)66068688,356,,連鎖型綠色商店
1489,萊爾富國際股份有限公司-北市師鑽店,116臺北市文山區汀州路四段88號（師範大學汀州分部）,A001267,卓東平,(02)66068688,356,,連鎖型綠色商店
1490,萊爾富國際股份有限公司-北市班客店,108台北市萬華區廣州街247號,A001622,卓東平,(02)89787245,,,連鎖型綠色商店
1491,萊爾富國際股份有限公司-北市紗帽店,112台北市北投區行義路142-1及142-3號B1,A001637,卓東平,(02)89782704,,,連鎖型綠色商店
1492,萊爾富國際股份有限公司-北市馬偕店,104臺北市中山區民生西路3巷2號,A001444,卓東平,(02)66068688,356,,連鎖型綠色商店
1493,萊爾富國際股份有限公司-北市浣熊店,116臺北市文山區新光路二段30號(木柵動物園浣熊館販賣部),A001314,卓東平,(02)66068688,356,,連鎖型綠色商店
1494,萊爾富國際股份有限公司-北市國光店,100臺北市中正區忠孝西路一段173號(國光客運東站),A001265,卓東平,(02)66068688,356,,連鎖型綠色商店
1495,萊爾富國際股份有限公司-北市國防店,114台北市內湖區民權東路六段１６１號,A001621,卓東平,(02)89781053,,,連鎖型綠色商店
1496,萊爾富國際股份有限公司-北市國貿店,110臺北市信義區松壽路6號(世貿三館1樓展場),A001446,卓東平,(02)66068688,356,,連鎖型綠色商店
1497,萊爾富國際股份有限公司-北市國圖店,100臺北市中正區中山南路20號,A001431,卓東平,(02)66068688,356,,連鎖型綠色商店
1498,萊爾富國際股份有限公司-北市國醫店,114臺北市內湖區民權東路六段123巷32號,A001351,卓東平,(02)66068688,356,,連鎖型綠色商店
1499,萊爾富國際股份有限公司-北市基湖店,114臺北市內湖區基湖路25號,A001249,卓東平,(02)66068688,356,,連鎖型綠色商店
1500,萊爾富國際股份有限公司-北市康湖店,114臺北市內湖區安康路142號,A001377,卓東平,(02)66068688,356,,連鎖型綠色商店
1501,萊爾富國際股份有限公司-北市康寧店,114臺北市內湖區康寧路三段155號,A001379,卓東平,(02)66068688,356,,連鎖型綠色商店
1502,萊爾富國際股份有限公司-北市康樂二店,114臺北市內湖區康樂街92號,A001255,卓東平,(02)66068688,356,,連鎖型綠色商店
1503,萊爾富國際股份有限公司-北市惇敘店,112臺北市北投區泉源路221號(台北私立惇敘工商),A001429,卓東平,(02)66068688,356,,連鎖型綠色商店
1504,萊爾富國際股份有限公司-北市梧州店,108臺北市萬華區梧州街29號,A001303,卓東平,(02)66068688,356,,連鎖型綠色商店
1505,萊爾富國際股份有限公司-北市紹北店,100臺北市中正區紹興北街33號,A001372,卓東平,(02)66068688,356,,連鎖型綠色商店
1506,萊爾富國際股份有限公司-北市麥帥店,114臺北市內湖區行善路33號,A001323,卓東平,(02)66068688,356,,連鎖型綠色商店
1507,萊爾富國際股份有限公司-北市凱撒店,100台北市中正區南陽街1號,A001594,卓東平,(02)89783144,,,連鎖型綠色商店
1508,萊爾富國際股份有限公司-北市堯湖店,114臺北市內湖區港墘里江南街30號1樓,A001251,卓東平,(02)66068688,356,,連鎖型綠色商店
1509,萊爾富國際股份有限公司-北市敦化店,105臺北市松山區八德路三段12巷51弄2號,A001349,卓東平,(02)66068688,356,,連鎖型綠色商店
1510,萊爾富國際股份有限公司-北市景福店,116臺北市文山區景福街58號,A001395,卓東平,(02)66068688,356,,連鎖型綠色商店
1511,萊爾富國際股份有限公司-北市港北店,115臺北市南港區合成里中坡北路50巷1號1樓,A001415,卓東平,(02)66068688,356,,連鎖型綠色商店
1512,萊爾富國際股份有限公司-北市港玉店,116台北市南港區南港路三段8、10號一樓全部,A001615,卓東平,(02)89785453,,,連鎖型綠色商店
1513,萊爾富國際股份有限公司-北市港成店,115臺北市南港區玉成街27之1號,A001433,卓東平,(02)66068688,356,,連鎖型綠色商店
1514,萊爾富國際股份有限公司-北市港宏店,115臺北市南港區研究院路二段110號,A001332,卓東平,(02)66068688,356,,連鎖型綠色商店
1515,萊爾富國際股份有限公司-北市港東店,115臺北市南港區南港路三段2號,A001368,卓東平,(02)66068688,356,,連鎖型綠色商店
1516,萊爾富國際股份有限公司-北市港南店,115臺北市南港區舊莊街一段212巷2號,A001384,卓東平,(02)66068688,356,,連鎖型綠色商店
1517,萊爾富國際股份有限公司-北市港捷店,115臺北市南港區經貿二路1號(南港展覽館),A001417,卓東平,(02)66068688,356,,連鎖型綠色商店
1518,萊爾富國際股份有限公司-北市港華店,115臺北市南港區玉成街52巷2弄1號1樓,A001333,卓東平,(02)66068688,356,,連鎖型綠色商店
1519,萊爾富國際股份有限公司-北市港運店,115台北市南港區玉成街52巷2弄3號1樓全部、5號1樓,A001619,卓東平,(02)89783865,,,連鎖型綠色商店
1520,萊爾富國際股份有限公司-北市港漢店,115臺北市南港區東明里南港路二段4號,A001295,卓東平,(02)66068688,356,,連鎖型綠色商店
1521,萊爾富國際股份有限公司-北市港醫店,115臺北市南港區同德路87號(忠孝醫院),A001374,卓東平,(02)66068688,356,,連鎖型綠色商店
1522,萊爾富國際股份有限公司-北市港鑫店,115台北市南港區南港路一段313號地下二樓商場,A001596,卓東平,(02)27883443,,,連鎖型綠色商店
1523,萊爾富國際股份有限公司-北市湖元店,114台北市內湖區新湖三路36號1樓,A001595,卓東平,(02)89787470,,,連鎖型綠色商店
1524,萊爾富國際股份有限公司-北市湖月店,114台北市內湖區大湖山莊街179號1樓,A001629,卓東平,(02)89786741,,,連鎖型綠色商店
1525,萊爾富國際股份有限公司-北市湖玉店,114台北市內湖區陽光街298號一樓部份,A001603,卓東平,(02)26586383,,,連鎖型綠色商店
1526,萊爾富國際股份有限公司-北市湖光店,114臺北市內湖區瑞光路188巷60號,A001341,卓東平,(02)66068688,356,,連鎖型綠色商店
1527,萊爾富國際股份有限公司-北市湖志店,114臺北市內湖區內湖路一段120巷13號,A001256,卓東平,(02)66068688,356,,連鎖型綠色商店
1528,萊爾富國際股份有限公司-北市湖宗店,114台北市內湖區新湖二路160.162號一樓全部,A001613,卓東平,(02)27963773,,,連鎖型綠色商店
1529,萊爾富國際股份有限公司-北市湖泰店,114台北市內湖區安泰街26.28號一樓全部,A001605,卓東平,(02)26326581,,,連鎖型綠色商店
1530,萊爾富國際股份有限公司-北市湖康店,114台北市內湖區文湖街21巷26、28號1樓及地下1樓全部(不含停車位),A001631,卓東平,(02)89783044,,,連鎖型綠色商店
1531,萊爾富國際股份有限公司-北市湖森店,114臺北市內湖區湖元里瑞光路66巷33號,A001367,卓東平,(02)66068688,356,,連鎖型綠色商店
1532,萊爾富國際股份有限公司-北市湖運店,114臺北市內湖區成功路四段186號(捷運內湖線內湖站),A001318,卓東平,(02)66068688,356,,連鎖型綠色商店
1533,萊爾富國際股份有限公司-北市湖寧店,114臺北市內湖區康寧路三段75巷137號第二教學大樓B1(康寧醫護暨管理專科學校),A001271,卓東平,(02)66068688,356,,連鎖型綠色商店
1534,萊爾富國際股份有限公司-北市湖潤店,114臺北市內湖區舊宗路一段188號(內湖大潤發二館),A001423,卓東平,(02)66068688,356,,連鎖型綠色商店
1535,萊爾富國際股份有限公司-北市湖鑫店,114台北市內湖區金湖路358、358-1號,A001626,卓東平,(02)26346037,,,連鎖型綠色商店
1536,萊爾富國際股份有限公司-北市湖鑽店,114臺北市內湖區瑞光路502號,A001328,卓東平,(02)66068688,356,,連鎖型綠色商店
1537,萊爾富國際股份有限公司-北市華納店,110臺北市信義區松壽路16號1樓,A001369,卓東平,(02)66068688,356,,連鎖型綠色商店
1538,萊爾富國際股份有限公司-北市華德店,108台北市萬華區德昌街241、243、245號,A001602,卓東平,(02)89782941,,,連鎖型綠色商店
1539,萊爾富國際股份有限公司-北市開利店,"111臺北市士林區社子街142,144號",A001445,卓東平,(02)66068688,356,,連鎖型綠色商店
1540,萊爾富國際股份有限公司-北市陽光店,114臺北市內湖區陽光街347號,A001403,卓東平,(02)66068688,356,,連鎖型綠色商店
1541,萊爾富國際股份有限公司-北市圓捷店,103臺北市大同區酒泉街15號,A001344,卓東平,(02)66068688,356,,連鎖型綠色商店
1542,萊爾富國際股份有限公司-北市新明店,114台北市內湖區新明路241、241-1號,A001630,卓東平,(02)89786745,,,連鎖型綠色商店
1543,萊爾富國際股份有限公司-北市新喜店,104臺北市中山區德惠街167巷2號,A001330,卓東平,(02)66068688,356,,連鎖型綠色商店
1544,萊爾富國際股份有限公司-北市新瑞店,114台北市內湖區瑞光路513巷36號一樓全部,A001627,卓東平,(02)26585946,,,連鎖型綠色商店
1545,萊爾富國際股份有限公司-北市新樸實店,105台北市松山區寧安街12號(育達高職樸實樓一樓107教室),A001609,卓東平,,,0,連鎖型綠色商店
1546,萊爾富國際股份有限公司-北市溫泉店,112臺北市北投區行義路154巷2號B1 ,A001282,卓東平,(02)66068688,356,,連鎖型綠色商店
1547,萊爾富國際股份有限公司-北市獅子林店,108臺北市萬華區西寧南路36之69號,A001358,卓東平,(02)66068688,356,,連鎖型綠色商店
1548,萊爾富國際股份有限公司-北市萬和店,108臺北市萬華區全德里民和街9號1樓,A001404,卓東平,(02)66068688,356,,連鎖型綠色商店
1549,萊爾富國際股份有限公司-北市萬都店,108臺北市萬華區成都路29.31號,A001408,卓東平,(02)66068688,356,,連鎖型綠色商店
1550,萊爾富國際股份有限公司-北市萬園店,108臺北市萬華區西園路一段170號1樓,A001268,卓東平,(02)66068688,356,,連鎖型綠色商店
1551,萊爾富國際股份有限公司-北市萬寧店,108台北市萬華區長沙街二段50號,A001620,卓東平,(02)89783407,,,連鎖型綠色商店
1552,萊爾富國際股份有限公司-北市萬興店,116臺北市文山區興隆路三段58號,A001389,卓東平,(02)66068688,356,,連鎖型綠色商店
1553,萊爾富國際股份有限公司-北市萬寶店,108臺北市萬華區西園路二段146號1樓,A001436,卓東平,(02)66068688,356,,連鎖型綠色商店
1554,萊爾富國際股份有限公司-北市萬鑫店,108台北市萬華區西園路二段134、136、138號,A001600,卓東平,(02)23083401,,,連鎖型綠色商店
1555,萊爾富國際股份有限公司-北市試院店,116臺北市文山區試院路104號,A001300,卓東平,(02)66068688,356,,連鎖型綠色商店
1556,萊爾富國際股份有限公司-北市農安店,104臺北市中山區農安街160號,A001350,卓東平,(02)66068688,356,,連鎖型綠色商店
1557,萊爾富國際股份有限公司-北市旗艦店,105臺北市松山區八德路三段32號,A001357,卓東平,(02)66068688,356,,連鎖型綠色商店
1558,萊爾富國際股份有限公司-北市榮輝店,104臺北市中山區民權東路三段7號1樓,A001326,卓東平,(02)66068688,356,,連鎖型綠色商店
1559,萊爾富國際股份有限公司-北市福德店,110臺北市信義區福德街266號,A001315,卓東平,(02)66068688,356,,連鎖型綠色商店
1560,萊爾富國際股份有限公司-北市艋舺店,108臺北市萬華區雙園街69號,A001269,卓東平,(02)66068688,356,,連鎖型綠色商店
1561,萊爾富國際股份有限公司-北市銘傳店,111臺北市士林區中山北路五段250號(銘傳大學),A001263,卓東平,(02)66068688,356,,連鎖型綠色商店
1562,萊爾富國際股份有限公司-北市德昌二店,108臺北市萬華區西園路二段281巷31號,A001305,卓東平,(02)66068688,356,,連鎖型綠色商店
1563,萊爾富國際股份有限公司-北市德湖店,114臺北市內湖區文湖街21巷16號1樓.地下室,A001307,卓東平,(02)66068688,356,,連鎖型綠色商店
1564,萊爾富國際股份有限公司-北市慶泰店,104臺北市中山區松江路186號之1,A001285,卓東平,(02)66068688,356,,連鎖型綠色商店
1565,萊爾富國際股份有限公司-北市樸實店,105臺北市松山區寧安街12號(育達商職樸實樓一樓),A001325,卓東平,(02)66068688,356,,連鎖型綠色商店
1566,萊爾富國際股份有限公司-北市興湖店,114臺北市內湖區東湖路121號,A001309,卓東平,(02)66068688,356,,連鎖型綠色商店
1567,萊爾富國際股份有限公司-北市興隆店,116臺北市文山區興隆路二段203巷16號,A001401,卓東平,(02)66068688,356,,連鎖型綠色商店
1568,萊爾富國際股份有限公司-北市貓空店,116台北市文山區指南路三段38巷35號,A001633,卓東平,(02)22346497,,,連鎖型綠色商店
1569,萊爾富國際股份有限公司-北市遼寧店,104臺北市中山區南京東路三段195號,A001290,卓東平,(02)66068688,356,,連鎖型綠色商店
1570,萊爾富國際股份有限公司-北市錦江店,104臺北市中山區錦州街276號,A001283,卓東平,(02)66068688,356,,連鎖型綠色商店
1571,萊爾富國際股份有限公司-北市靜修店,103臺北市大同區民生西路231號,A001312,卓東平,(02)66068688,356,,連鎖型綠色商店
1572,萊爾富國際股份有限公司-北市臨江店,106臺北市大安區臨江街40巷2號,A001287,卓東平,(02)66068688,356,,連鎖型綠色商店
1573,萊爾富國際股份有限公司-北市雙連店,104臺北市中山區民生西路62號,A001274,卓東平,(02)66068688,356,,連鎖型綠色商店
1574,萊爾富國際股份有限公司-北市雙蝶店,103臺北市大同區南京西路64巷9弄2號,A001353,卓東平,(02)66068688,356,,連鎖型綠色商店
1575,萊爾富國際股份有限公司-北市懷德店,112臺北市北投區懷德街5號,A001447,卓東平,(02)66068688,356,,連鎖型綠色商店
1576,萊爾富國際股份有限公司-北市羅斯福店,106臺北市大安區羅斯福路二段75之1號,A001352,卓東平,(02)66068688,356,,連鎖型綠色商店
1577,萊爾富國際股份有限公司-北市藝文店,116台北市文山區指南路二段64號四樓,A001606,卓東平,(02)89781640,,,連鎖型綠色商店
1578,萊爾富國際股份有限公司-北市關渡店,112臺北市北投區知行路314號,A001438,卓東平,(02)66068688,356,,連鎖型綠色商店
1579,萊爾富國際股份有限公司-北市麗湖店,114臺北市內湖區內湖路一段409之1號,A001319,卓東平,(02)66068688,356,,連鎖型綠色商店
1580,萊爾富國際股份有限公司-北市寶德店,105臺北市松山區南京東路5段61.63號,A001402,卓東平,(02)66068688,356,,連鎖型綠色商店
1581,萊爾富國際股份有限公司-北市蘋果店,114臺北市內湖區行愛路141巷39號B1,A001378,卓東平,(02)66068688,356,,連鎖型綠色商店
1582,萊爾富國際股份有限公司-北市饒河店,105臺北市松山區饒河街35號,A001420,卓東平,(02)66068688,356,,連鎖型綠色商店
1583,萊爾富國際股份有限公司-北市權湖店,114臺北市內湖區民權東路六段58號,A001361,卓東平,(02)66068688,356,,連鎖型綠色商店
1584,萊爾富國際股份有限公司-北市鑫林森店,104台北市中山區林森北路101號,A001618,卓東平,(02)89787591,,,連鎖型綠色商店
1585,萊爾富國際股份有限公司-北市鑫梧店,108臺北市萬華區梧州街55號,A001294,卓東平,(02)66068688,356,,連鎖型綠色商店
1586,萊爾富國際股份有限公司-北市鑫湖店,114台北市內湖區基湖路35巷11號一樓全部,A001640,卓東平,(02)87518529,,,連鎖型綠色商店
1587,義德傢俱股份有限公司,111臺北市士林區中山北路五段505巷2號,A000101,陳國偉,(02)28831108,,,連鎖型綠色商店
1588,遠百企業股份有限公司大直分公司,104臺北市中山區敬業三路123號,A000001,劉政國,(02)77015168,,,連鎖型綠色商店
1589,遠百企業股份有限公司忠孝分公司,110臺北市信義區忠孝東路五段297號,A000002,楊忠誠,(02)25289388,501,,連鎖型綠色商店
1590,遠百企業股份有限公司景美分公司,116臺北市文山區景中街30巷12號,A000003,林新聰,(02)29332088,,,連鎖型綠色商店
1591,潤泰創新國際股份有限公司中崙分公司,104臺北市中山區八德路二段306號地下2樓之3、地下3樓,A000022,高介文,(02)27790006,501,,連鎖型綠色商店
1592,燦坤實業股份有限公司八德分公司,100台北市中正區八德路一段102號,A001536,閻俊傑,(02)27953988,10802,,連鎖型綠色商店
1593,燦坤實業股份有限公司士林旗艦分公司,111台北市士林區中正路115號,A001538,閻俊傑,(02)27953988,10802,,連鎖型綠色商店
1594,燦坤實業股份有限公司大安分公司,106台北市大安區信義路三段153號,A001544,閻俊傑,(02)27953988,10802,,連鎖型綠色商店
1595,燦坤實業股份有限公司大直分公司,104台北市中山區北安路633號1F、B1,A001558,閻俊傑,(02)27953988,10802,,連鎖型綠色商店
1596,燦坤實業股份有限公司內湖旗艦分公司,114台北市內湖區堤頂大道一段331號,A001522,閻俊傑,(02)27953988,10802,,連鎖型綠色商店
1597,燦坤實業股份有限公司天母分公司,111台北市士林區天母北路３０號,A001532,閻俊傑,(02)27953988,10802,,連鎖型綠色商店
1598,燦坤實業股份有限公司天母蘭雅分公司,111台北市士林區中山北路六段238號1-2F,A001518,閻俊傑,(02)27953988,10802,,連鎖型綠色商店
1599,燦坤實業股份有限公司文德分公司,114台北市內湖區文德路212號,A001546,閻俊傑,(02)27953988,10802,,連鎖型綠色商店
1600,燦坤實業股份有限公司木新分公司,116台北市文山區木新路3段212號,A001525,閻俊傑,(02)27953988,10802,,連鎖型綠色商店
1601,燦坤實業股份有限公司北投旗艦分公司,112台北市北投區北投路2段13號B1,A001533,閻俊傑,(02)27953988,10802,,連鎖型綠色商店
1602,燦坤實業股份有限公司台北西湖分公司,114台北市內湖區內湖路一段323巷11號1F.B1,A001545,閻俊傑,(02)27953988,10802,,連鎖型綠色商店
1603,燦坤實業股份有限公司民族西分公司,103台北市大同區民族西路136號1至3樓及138號2、3樓,A001557,閻俊傑,(02)27953988,10802,,連鎖型綠色商店
1604,燦坤實業股份有限公司永春分公司,110台北市信義區大道路16號、16號地下1樓,A001514,閻俊傑,(02)27953988,10802,,連鎖型綠色商店
1605,燦坤實業股份有限公司石牌分公司,112台北市北投區石牌路二段99巷1號,A001551,閻俊傑,(02)27953988,10802,,連鎖型綠色商店
1606,燦坤實業股份有限公司吉祥分公司,105台北市松山區南京東路五段40號2F,A001531,閻俊傑,(02)27953988,10802,,連鎖型綠色商店
1607,燦坤實業股份有限公司西藏分公司,108台北市萬華區西藏路217與219號B1-1F,A001555,閻俊傑,(02)27953988,10802,,連鎖型綠色商店
1608,燦坤實業股份有限公司和平旗艦分公司,100台北市中正區和平西路一段13號,A001540,閻俊傑,(02)27953988,10802,,連鎖型綠色商店
1609,燦坤實業股份有限公司延吉分公司,105台北市松山區延吉街30巷11號及9號地下1樓,A001539,閻俊傑,(02)27953988,10802,,連鎖型綠色商店
1610,燦坤實業股份有限公司忠孝分公司,106台北市大安區忠孝東路四段212號B1,A001526,閻俊傑,(02)27953988,10802,,連鎖型綠色商店
1611,燦坤實業股份有限公司忠孝永春分公司,110台北市信義區忠孝東路五段297-1號1 2F,A001523,閻俊傑,(02)27953988,10802,,連鎖型綠色商店
1612,燦坤實業股份有限公司忠孝復興分公司,106台北市大安區復興南路1段206號1-2F,A001556,閻俊傑,(02)27953988,10802,,連鎖型綠色商店
1613,燦坤實業股份有限公司昆明分公司,108台北市萬華區昆明街120號及122號1-2F,A001524,閻俊傑,(02)27953988,10802,,連鎖型綠色商店
1614,燦坤實業股份有限公司東門分公司,100台北市中正區金山南路一段155號B1,A001528,閻俊傑,(02)27953988,10802,,連鎖型綠色商店
1615,燦坤實業股份有限公司東湖分公司,114台北市內湖區康寧路三段74號1樓,A001550,閻俊傑,(02)27953988,10802,,連鎖型綠色商店
1616,燦坤實業股份有限公司社子分公司,111台北市士林區延平北路5段282號B1.1F,A001548,閻俊傑,(02)27953988,10802,,連鎖型綠色商店
1617,燦坤實業股份有限公司信義分公司,110臺北市信義區信義路4段375號,A000026,閻俊傑,(02)27953988,10802,,連鎖型綠色商店
1618,燦坤實業股份有限公司南京分公司,104台北市中山區南京東路三段9號,A001559,閻俊傑,(02)27953988,10802,,連鎖型綠色商店
1619,燦坤實業股份有限公司南京旗艦分公司,104台北市中山區南京東路二段6號,A001527,閻俊傑,(02)27953988,10802,,連鎖型綠色商店
1620,燦坤實業股份有限公司南港興中分公司,115台北市南港區興中路56巷11號及13號地下1樓,A001541,閻俊傑,(02)27953988,10802,,連鎖型綠色商店
1621,燦坤實業股份有限公司政大營業所,116台北市文山區指南路2段53號1-2F 51號2F,A001530,閻俊傑,(02)27953988,10802,,連鎖型綠色商店
1622,燦坤實業股份有限公司美麗華營業所,104台北市中山區樂群三路289號,A001560,閻俊傑,(02)27953988,10802,,連鎖型綠色商店
1623,燦坤實業股份有限公司站前分公司,100台北市中正區館前路4-6號,A001554,閻俊傑,(02)27953988,10802,,連鎖型綠色商店
1624,燦坤實業股份有限公司通化分公司,106台北市大安區通化街198號1F,A001549,閻俊傑,(02)27953988,10802,,連鎖型綠色商店
1625,燦坤實業股份有限公司富陽分公司,110台北市信義區和平東路3段333號B1,A001535,閻俊傑,(02)27953988,10802,,連鎖型綠色商店
1626,燦坤實業股份有限公司復北分公司,105台北市松山區復興北路325號,A001515,閻俊傑,(02)27953988,10802,,連鎖型綠色商店
1627,燦坤實業股份有限公司景美分公司,116台北市文山區景興路200號1樓,A001534,閻俊傑,(02)27953988,10802,,連鎖型綠色商店
1628,燦坤實業股份有限公司新北投分公司,112台北市北投區中和街14號1樓,A001529,閻俊傑,(02)27953988,10802,,連鎖型綠色商店
1629,燦坤實業股份有限公司新民生分公司,105台北市松山區民生東路五段119-2號1樓、B1,A001537,閻俊傑,(02)27953988,10802,,連鎖型綠色商店
1630,燦坤實業股份有限公司新京華分公司,105台北市松山區八德店四段171號1f.169-171號b1,A001517,閻俊傑,(02)27953988,10802,,連鎖型綠色商店
1631,燦坤實業股份有限公司新松山分公司,105台北市松山區八德路四段650號1樓,A001521,閻俊傑,(02)27953988,10802,,連鎖型綠色商店
1632,燦坤實業股份有限公司萬大分公司,108台北市萬華區萬大路331號1F,A001552,閻俊傑,(02)27953988,10802,,連鎖型綠色商店
1633,燦坤實業股份有限公司農安分公司,104台北市中山區農安街19號2樓,A001543,閻俊傑,(02)27953988,10802,,連鎖型綠色商店
1634,燦坤實業股份有限公司寧夏分公司,103台北市大同區民生西路204號1-3樓,A001542,閻俊傑,(02)27953988,10802,,連鎖型綠色商店
1635,燦坤實業股份有限公司劍潭分公司,111台北市士林區承德路4段83-1號及83-2號1-2F,A001547,閻俊傑,(02)27953988,10802,,連鎖型綠色商店
1636,燦坤實業股份有限公司德行分公司,111台北市士林區德行東路223號B1-1F,A001519,閻俊傑,(02)27953988,10802,,連鎖型綠色商店
1637,燦坤實業股份有限公司樂業分公司,106台北市大安區樂業街127號B1.1F,A001553,閻俊傑,(02)27953988,10802,,連鎖型綠色商店
1638,燦坤實業股份有限公司興隆分公司,116台北市文山區興隆路二段252號B1,A001520,閻俊傑,(02)27953988,10802,,連鎖型綠色商店
1639,燦坤實業股份有限公司錦西分公司,104台北市中山區錦西街14-1號B1.1F,A001516,閻俊傑,(02)27953988,10802,,連鎖型綠色商店
1640,鴻源汽車股份有限公司大安分公司,106台北市新生南路1段141-8號,A001481,林智源,(02)25066898,,,連鎖型綠色商店
